generation,solution_id,fft_size,s0_mult,s0_add,s1_mult,s1_add,s2_mult,s2_add,s3_mult,s3_add,s4_mult,s4_add,s5_mult,s5_add,s6_mult,s6_add,s7_mult,s7_add,s8_mult,s8_add,s9_mult,s9_add,energy_nJ_perFFT,dyn_power_mW,static_power_mW,power_mW,area_um2,sqnr_dB,norm_latency,crit_delay_ns,slack_ns,meets_timing,avg_exec_cycles,tot_sim_cycles,fp4_mult_pct,fp8_mult_pct,fp4_add_pct,fp8_add_pct
1,0,1024,0,0,0,0,0,0,0,0,0,0,0,0,0,0,0,0,0,0,0,0,344.7265,6.550000,0.055000,6.610000,523502.5101,26.3400,2.3083,13.850,-3.1400,0,5263,102960,100.0,0.0,100.0,0.0
1,1,1024,1,1,1,1,1,1,1,1,1,1,1,1,1,1,1,1,1,1,1,1,351.1474,6.672000,0.055400,6.730000,523502.5101,35.5900,1.7050,10.230,0.3500,1,5263,102960,0.0,100.0,0.0,100.0
1,2,1024,1,1,1,1,1,1,1,1,1,1,0,0,0,0,0,0,0,0,0,0,419.4611,7.970000,0.055400,8.020000,523502.5101,17.6600,1.7083,10.250,0.3200,1,5263,102960,50.0,50.0,50.0,50.0
1,3,1024,0,0,0,0,0,0,0,0,0,0,1,1,1,1,1,1,1,1,1,1,405.2510,7.700000,0.055400,7.750000,523502.5101,13.4900,1.7717,10.630,0.0300,1,5263,102960,50.0,50.0,50.0,50.0
1,4,1024,1,0,1,0,1,0,1,0,1,0,1,0,1,0,1,0,1,0,1,0,358.0945,6.804000,0.055200,6.860000,523502.5101,26.7900,1.7733,10.640,0.0900,1,5263,102960,0.0,100.0,100.0,0.0
1,5,1024,0,1,0,1,0,1,0,1,0,1,0,1,0,1,0,1,0,1,0,1,341.0424,6.480000,0.055100,6.540000,523502.5101,9.6800,1.9567,11.740,-1.0500,0,5263,102960,100.0,0.0,0.0,100.0
1,6,1024,0,0,0,0,1,0,1,0,0,0,0,0,0,0,0,0,0,0,1,0,383.1464,7.280000,0.055200,7.340000,523502.5101,26.4400,1.7650,10.590,0.0900,1,5263,102960,70.0,30.0,100.0,0.0
1,7,1024,1,1,1,0,1,1,0,0,1,1,1,1,1,1,1,1,1,1,1,1,421.5663,8.010000,0.055400,8.070000,523502.5101,16.1300,1.7733,10.640,0.0100,1,5263,102960,10.0,90.0,20.0,80.0
1,8,1024,1,1,1,1,0,0,0,0,0,0,0,0,0,0,0,0,0,0,0,0,420.5137,7.990000,0.055400,8.050000,523502.5101,15.6800,1.7650,10.590,0.0900,1,5263,102960,80.0,20.0,80.0,20.0
1,9,1024,0,0,0,1,0,0,0,1,1,1,1,0,1,1,0,1,0,0,0,0,439.4605,8.350000,0.055400,8.410000,523502.5101,7.4300,1.7800,10.680,0.0100,1,5263,102960,70.0,30.0,50.0,50.0
1,10,1024,1,1,1,0,1,0,0,0,1,1,1,0,0,1,0,1,1,1,0,1,408.9351,7.770000,0.055400,7.820000,523502.5101,2.9300,1.7767,10.660,0.0200,1,5263,102960,40.0,60.0,40.0,60.0
1,11,1024,0,0,1,1,1,1,0,0,1,0,0,0,0,0,1,0,1,1,1,1,432.0923,8.210000,0.055400,8.270000,523502.5101,10.2200,1.7683,10.610,0.0500,1,5263,102960,40.0,60.0,60.0,40.0
1,12,1024,0,0,1,1,0,1,1,0,1,0,1,0,0,1,0,0,1,0,0,1,1000000000.0000,7.940000,0.055400,8.000000,523502.5101,-100.0000,1.7750,10.650,0.0100,1,-1,-1,50.0,50.0,60.0,40.0
1,13,1024,1,0,0,1,1,0,0,0,0,0,1,0,0,0,1,0,1,1,0,0,415.2507,7.890000,0.055400,7.940000,523502.5101,26.4200,1.7717,10.630,0.0200,1,5263,102960,50.0,50.0,80.0,20.0
1,14,1024,1,1,1,1,1,0,0,0,0,1,0,0,0,0,0,0,0,0,0,1,418.9348,7.960000,0.055400,8.010000,523502.5101,2.3700,1.7733,10.640,0.0100,1,5263,102960,70.0,30.0,60.0,40.0
1,15,1024,0,0,1,1,0,0,1,0,1,1,0,0,0,1,1,1,1,1,0,0,415.2507,7.890000,0.055400,7.940000,523502.5101,26.7000,1.7750,10.650,0.0200,1,5263,102960,50.0,50.0,50.0,50.0
1,16,1024,0,1,1,0,0,0,0,1,0,1,0,1,1,0,0,1,0,0,0,0,420.5137,7.990000,0.055400,8.050000,523502.5101,1.1300,1.7733,10.640,0.0200,1,5263,102960,80.0,20.0,50.0,50.0
1,17,1024,0,0,1,1,1,0,1,0,0,1,0,1,1,1,1,1,1,0,0,1,421.0400,8.000000,0.055400,8.050000,523502.5101,10.1600,1.7733,10.640,0.0000,1,5263,102960,40.0,60.0,40.0,60.0
1,18,1024,0,0,0,1,0,0,1,0,0,0,0,0,0,0,1,0,0,0,0,1,415.2507,7.890000,0.055400,7.950000,523502.5101,9.8600,1.7717,10.630,0.0200,1,5263,102960,80.0,20.0,80.0,20.0
1,19,1024,1,1,0,1,0,1,1,0,1,1,1,0,0,1,0,0,0,1,0,1,421.0400,8.000000,0.055400,8.050000,523502.5101,2.4200,1.7750,10.650,0.0100,1,5263,102960,60.0,40.0,30.0,70.0
1,20,1024,0,0,1,1,0,1,1,0,1,0,0,1,0,0,0,1,1,0,1,0,1000000000.0000,7.960000,0.055400,8.010000,523502.5101,-100.0000,1.7633,10.580,0.1000,1,-1,-1,50.0,50.0,60.0,40.0
1,21,1024,1,1,1,0,0,1,1,0,0,1,0,1,0,1,1,0,0,0,0,0,1000000000.0000,8.100000,0.055400,8.160000,523502.5101,-100.0000,1.7733,10.640,0.0100,1,-1,-1,60.0,40.0,50.0,50.0
1,22,1024,1,0,1,0,0,1,1,0,1,0,0,0,1,1,0,0,0,0,1,0,1000000000.0000,8.000000,0.055400,8.050000,523502.5101,-100.0000,1.7783,10.670,0.0000,1,-1,-1,40.0,60.0,80.0,20.0
1,23,1024,0,1,1,0,1,0,0,1,0,1,0,0,1,1,1,0,0,0,0,1,1000000000.0000,7.840000,0.055400,7.900000,523502.5101,-100.0000,1.7717,10.630,0.0300,1,-1,-1,60.0,40.0,50.0,50.0
1,24,1024,1,1,0,1,1,1,1,0,0,1,0,1,0,0,1,1,1,1,0,1,1000000000.0000,8.180000,0.055400,8.240000,523502.5101,-100.0000,1.7717,10.630,0.0200,1,-1,-1,50.0,50.0,20.0,80.0
1,25,1024,0,1,0,1,0,0,1,1,0,1,1,0,1,1,1,1,1,1,0,0,1000000000.0000,8.110000,0.055400,8.160000,523502.5101,-100.0000,1.7733,10.640,0.0200,1,-1,-1,50.0,50.0,30.0,70.0
1,26,1024,1,1,0,1,1,0,1,1,0,1,1,1,1,1,0,1,0,0,1,1,416.3033,7.910000,0.055400,7.970000,523502.5101,2.4100,1.7767,10.660,0.0200,1,5263,102960,40.0,60.0,20.0,80.0
1,27,1024,0,0,1,0,0,0,0,0,0,1,0,1,1,0,1,1,1,0,0,0,409.4614,7.780000,0.055400,7.830000,523502.5101,6.3100,1.7667,10.600,0.0900,1,5263,102960,60.0,40.0,70.0,30.0
1,28,1024,0,1,0,0,1,0,0,0,1,0,1,1,1,1,1,0,1,1,1,0,421.5663,8.010000,0.055400,8.060000,523502.5101,14.4100,1.7783,10.670,0.0100,1,5263,102960,30.0,70.0,60.0,40.0
1,29,1024,1,1,0,1,1,0,1,0,1,1,1,0,0,0,0,1,0,0,0,1,431.0397,8.190000,0.055400,8.240000,523502.5101,2.3800,1.7667,10.600,0.0800,1,5263,102960,50.0,50.0,50.0,50.0
1,30,1024,1,1,1,1,0,0,1,1,0,1,1,0,1,1,1,1,0,1,0,1,427.8819,8.130000,0.055400,8.190000,523502.5101,2.6900,1.7767,10.660,0.0100,1,5263,102960,40.0,60.0,20.0,80.0
1,31,1024,1,1,0,1,1,1,0,1,0,0,1,0,0,1,0,1,0,0,1,1,416.3033,7.910000,0.055400,7.960000,523502.5101,2.3800,1.7867,10.720,0.0000,1,5263,102960,60.0,40.0,30.0,70.0
1,32,1024,1,0,1,1,1,1,1,1,1,0,1,0,0,1,0,0,0,0,0,0,449.9865,8.550000,0.055400,8.610000,523502.5101,26.4100,1.7650,10.590,0.0900,1,5263,102960,40.0,60.0,60.0,40.0
1,33,1024,0,0,0,0,1,0,0,1,1,1,0,0,0,1,0,0,1,1,1,0,415.2507,7.890000,0.055400,7.940000,523502.5101,26.4900,1.7417,10.450,0.2000,1,5263,102960,60.0,40.0,60.0,40.0
1,34,1024,0,0,0,1,0,0,1,1,1,0,1,0,1,1,0,1,1,1,0,1,1000000000.0000,7.980000,0.055400,8.030000,523502.5101,-100.0000,1.7683,10.610,0.0600,1,-1,-1,50.0,50.0,40.0,60.0
1,35,1024,0,1,1,1,1,1,1,0,0,1,1,0,1,1,1,0,1,1,0,1,1000000000.0000,8.180000,0.055400,8.240000,523502.5101,-100.0000,1.7733,10.640,0.0200,1,-1,-1,30.0,70.0,30.0,70.0
1,36,1024,0,1,1,1,1,1,0,0,0,0,1,1,0,1,1,1,0,0,1,0,1000000000.0000,8.030000,0.055400,8.080000,523502.5101,-100.0000,1.7683,10.610,0.0600,1,-1,-1,50.0,50.0,40.0,60.0
1,37,1024,1,0,1,1,1,1,1,1,1,1,1,1,1,0,0,0,1,0,0,0,1000000000.0000,6.849000,0.055400,6.900000,523502.5101,-100.0000,1.7750,10.650,0.0100,1,-1,-1,20.0,80.0,50.0,50.0
1,38,1024,0,1,1,1,0,0,1,0,1,0,1,0,0,1,0,0,1,0,1,0,1000000000.0000,8.100000,0.055400,8.150000,523502.5101,-100.0000,1.7800,10.680,0.0000,1,-1,-1,40.0,60.0,70.0,30.0
1,39,1024,0,1,1,1,1,1,0,0,1,1,0,0,1,1,0,0,0,0,1,0,407.8825,7.750000,0.055400,7.800000,523502.5101,12.2900,1.7617,10.570,0.0900,1,5263,102960,50.0,50.0,50.0,50.0
1,40,1024,0,0,1,0,1,1,1,1,1,1,0,0,0,0,1,0,0,0,0,0,422.6189,8.030000,0.055400,8.080000,523502.5101,26.3100,1.7700,10.620,0.1100,1,5263,102960,50.0,50.0,70.0,30.0
1,41,1024,0,0,1,1,1,1,0,0,1,1,1,0,0,1,0,1,0,0,0,1,346.0949,6.576000,0.055400,6.630000,523502.5101,9.9200,1.7750,10.650,0.0100,1,5263,102960,60.0,40.0,40.0,60.0
1,42,1024,0,0,0,0,1,1,1,0,1,1,1,1,1,1,0,0,1,1,1,0,426.3030,8.100000,0.055400,8.150000,523502.5101,26.9700,1.7817,10.690,-0.0100,0,5263,102960,30.0,70.0,50.0,50.0
1,43,1024,0,0,0,1,0,0,1,1,1,0,1,1,0,1,1,1,1,1,0,0,425.2504,8.080000,0.055400,8.130000,523502.5101,6.5800,1.7800,10.680,0.0000,1,5263,102960,50.0,50.0,40.0,60.0
1,44,1024,1,1,1,1,1,0,1,0,1,1,1,0,1,0,1,1,0,0,1,1,415.2507,7.890000,0.055400,7.950000,523502.5101,2.4800,1.7767,10.660,-0.0200,0,5263,102960,10.0,90.0,50.0,50.0
1,45,1024,1,0,0,1,0,1,1,1,0,0,0,0,1,0,1,0,0,0,1,0,359.9366,6.839000,0.055400,6.900000,523502.5101,26.5000,1.7750,10.650,0.0200,1,5263,102960,50.0,50.0,70.0,30.0
1,46,1024,0,1,1,1,1,1,1,0,1,0,1,0,0,0,1,1,1,1,0,1,414.7244,7.880000,0.055400,7.940000,523502.5101,2.8200,1.7700,10.620,0.0100,1,5263,102960,30.0,70.0,40.0,60.0
1,47,1024,1,1,0,1,1,1,1,1,1,1,0,0,1,0,1,0,1,1,1,1,406.3036,7.720000,0.055400,7.780000,523502.5101,2.7600,1.7750,10.650,0.0100,1,5263,102960,20.0,80.0,30.0,70.0
1,48,1024,0,1,0,0,1,0,1,0,1,0,0,1,0,0,1,1,1,1,0,1,1000000000.0000,7.990000,0.055400,8.040000,523502.5101,-100.0000,1.7717,10.630,0.0200,1,-1,-1,50.0,50.0,50.0,50.0
1,49,1024,1,1,1,0,0,0,1,0,0,1,0,0,1,0,1,0,0,1,0,1,1000000000.0000,7.110000,0.055400,7.170000,523502.5101,-100.0000,1.7800,10.680,0.0100,1,-1,-1,50.0,50.0,60.0,40.0
1,50,1024,1,1,1,0,0,1,0,0,0,0,1,0,1,0,0,1,1,1,1,0,1000000000.0000,8.130000,0.055400,8.190000,523502.5101,-100.0000,1.7783,10.670,0.0100,1,-1,-1,40.0,60.0,60.0,40.0
1,51,1024,1,1,0,0,1,1,1,1,1,1,1,0,1,1,0,0,1,1,1,1,1000000000.0000,7.990000,0.055400,8.040000,523502.5101,-100.0000,1.7750,10.650,0.0100,1,-1,-1,20.0,80.0,30.0,70.0
1,52,1024,0,1,1,0,0,1,1,0,1,0,0,1,0,0,0,1,1,0,1,0,1000000000.0000,8.150000,0.055400,8.210000,523502.5101,-100.0000,1.7717,10.630,0.0200,1,-1,-1,50.0,50.0,60.0,40.0
1,53,1024,0,1,1,1,0,0,0,1,1,0,1,1,1,1,0,1,0,0,0,1,1000000000.0000,7.960000,0.055400,8.010000,523502.5101,-100.0000,1.7800,10.680,0.0000,1,-1,-1,60.0,40.0,30.0,70.0
1,54,1024,1,0,1,0,1,0,1,1,1,1,1,0,0,1,0,1,0,0,1,1,1000000000.0000,8.080000,0.055400,8.140000,523502.5101,-100.0000,1.7767,10.660,0.0100,1,-1,-1,30.0,70.0,50.0,50.0
1,55,1024,1,0,0,0,0,1,1,0,0,0,0,1,1,1,1,0,1,0,1,1,1000000000.0000,7.980000,0.055400,8.030000,523502.5101,-100.0000,1.7617,10.570,0.0500,1,-1,-1,40.0,60.0,60.0,40.0
1,56,1024,1,0,1,0,1,1,0,1,0,1,1,0,1,1,0,0,1,0,0,0,1000000000.0000,8.000000,0.055400,8.050000,523502.5101,-100.0000,1.7767,10.660,0.0300,1,-1,-1,40.0,60.0,60.0,40.0
1,57,1024,0,1,0,0,0,0,0,0,0,1,0,0,1,0,0,1,0,0,0,0,1000000000.0000,8.050000,0.055400,8.100000,523502.5101,-100.0000,1.7667,10.600,0.0700,1,-1,-1,90.0,10.0,70.0,30.0
1,58,1024,0,1,0,1,0,0,1,0,0,1,0,0,1,1,1,0,1,0,0,1,1000000000.0000,8.160000,0.055400,8.210000,523502.5101,-100.0000,1.7850,10.710,0.0000,1,-1,-1,60.0,40.0,50.0,50.0
1,59,1024,1,0,0,1,1,1,0,1,1,0,0,1,0,0,0,1,1,1,1,1,1000000000.0000,8.300000,0.055400,8.360000,523502.5101,-100.0000,1.7750,10.650,0.0400,1,-1,-1,50.0,50.0,30.0,70.0
1,60,1024,1,0,0,0,1,1,0,1,1,1,1,1,0,1,1,1,1,1,0,1,1000000000.0000,8.030000,0.055400,8.080000,523502.5101,-100.0000,1.7700,10.620,0.0100,1,-1,-1,40.0,60.0,20.0,80.0
1,61,1024,0,0,0,0,1,0,1,0,0,1,0,1,1,1,0,1,1,1,0,0,1000000000.0000,8.060000,0.055400,8.120000,523502.5101,-100.0000,1.7700,10.620,0.0400,1,-1,-1,60.0,40.0,50.0,50.0
1,62,1024,0,1,0,0,1,1,0,1,0,1,0,1,0,0,1,1,1,1,0,0,1000000000.0000,7.830000,0.055400,7.890000,523502.5101,-100.0000,1.7417,10.450,0.2000,1,-1,-1,70.0,30.0,30.0,70.0
1,63,1024,0,1,0,0,0,0,0,1,1,1,1,0,1,1,1,0,0,0,0,0,1000000000.0000,8.200000,0.055400,8.250000,523502.5101,-100.0000,1.7700,10.620,0.0800,1,-1,-1,60.0,40.0,60.0,40.0
1,64,1024,0,1,1,1,1,1,1,1,0,0,1,1,0,1,1,1,0,0,1,0,1000000000.0000,8.220000,0.055400,8.280000,523502.5101,-100.0000,1.7733,10.640,0.0800,1,-1,-1,40.0,60.0,30.0,70.0
1,65,1024,0,0,1,0,0,1,1,1,0,0,1,1,0,0,1,0,1,0,1,0,406.8299,7.730000,0.055400,7.780000,523502.5101,26.6700,1.7783,10.670,0.0100,1,5263,102960,40.0,60.0,70.0,30.0
1,66,1024,1,0,1,0,1,1,1,1,1,0,1,0,1,0,1,1,0,1,0,0,410.5140,7.800000,0.055400,7.860000,523502.5101,16.7200,1.7300,10.380,0.2400,1,5263,102960,20.0,80.0,60.0,40.0
1,67,1024,1,1,0,1,1,1,0,1,0,0,0,0,1,1,0,0,0,0,1,0,428.4082,8.140000,0.055400,8.200000,523502.5101,3.1100,1.7767,10.660,0.0200,1,5263,102960,60.0,40.0,50.0,50.0
1,68,1024,0,0,0,0,1,1,1,1,1,0,1,0,1,1,1,1,0,1,0,1,417.3559,7.930000,0.055400,7.980000,523502.5101,10.4800,1.7767,10.660,0.0100,1,5263,102960,40.0,60.0,40.0,60.0
1,69,1024,1,1,0,0,1,1,0,0,1,1,0,1,0,1,1,0,0,1,0,1,419.9874,7.980000,0.055400,8.040000,523502.5101,2.2800,1.7717,10.630,0.0000,1,5263,102960,60.0,40.0,30.0,70.0
1,70,1024,0,0,0,0,1,1,0,1,1,1,1,1,1,0,1,0,1,0,1,1,359.1998,6.825000,0.055400,6.880000,523502.5101,9.8700,1.7733,10.640,0.0200,1,5263,102960,30.0,70.0,50.0,50.0
1,71,1024,1,0,1,0,0,1,1,1,0,0,1,1,1,0,0,1,1,0,1,1,369.4626,7.020000,0.055400,7.080000,523502.5101,9.9200,1.7767,10.660,0.0100,1,5263,102960,30.0,70.0,50.0,50.0
1,72,1024,0,0,1,1,0,0,0,0,0,1,0,0,1,0,1,0,0,0,0,1,436.3027,8.290000,0.055400,8.340000,523502.5101,9.8200,1.7683,10.610,0.0400,1,5263,102960,70.0,30.0,70.0,30.0
1,73,1024,0,1,1,0,1,1,1,0,0,1,1,0,1,1,1,1,1,1,0,0,439.9868,8.360000,0.055400,8.410000,523502.5101,14.6900,1.7567,10.540,0.1500,1,5263,102960,30.0,70.0,40.0,60.0
1,74,1024,0,1,0,1,1,0,0,1,0,0,1,1,0,1,0,0,1,1,0,1,1000000000.0000,8.020000,0.055400,8.070000,523502.5101,-100.0000,1.7800,10.680,0.0100,1,-1,-1,70.0,30.0,30.0,70.0
1,75,1024,0,1,1,0,1,0,1,0,0,1,0,1,0,0,0,1,1,0,1,1,1000000000.0000,7.930000,0.055400,7.990000,523502.5101,-100.0000,1.7633,10.580,0.1000,1,-1,-1,50.0,50.0,50.0,50.0
1,76,1024,0,0,0,1,0,0,1,0,1,0,1,0,0,0,1,1,0,0,1,0,1000000000.0000,7.940000,0.055400,8.000000,523502.5101,-100.0000,1.7683,10.610,0.0700,1,-1,-1,50.0,50.0,80.0,20.0
1,77,1024,0,0,1,1,0,1,0,1,0,0,1,0,0,1,1,0,1,1,1,0,1000000000.0000,8.100000,0.055400,8.160000,523502.5101,-100.0000,1.7600,10.560,0.1100,1,-1,-1,50.0,50.0,50.0,50.0
1,78,1024,1,0,1,0,0,1,0,0,1,1,0,1,1,0,0,0,1,0,1,0,1000000000.0000,7.900000,0.055400,7.950000,523502.5101,-100.0000,1.7767,10.660,0.0300,1,-1,-1,40.0,60.0,70.0,30.0
1,79,1024,0,0,0,1,1,1,1,1,0,0,1,1,0,1,1,0,1,1,1,1,409.4614,7.780000,0.055400,7.830000,523502.5101,10.1500,1.7717,10.630,0.0100,1,5263,102960,40.0,60.0,30.0,70.0
1,80,1024,1,1,0,1,1,1,1,0,1,0,1,0,1,1,0,0,1,1,1,1,418.9348,7.960000,0.055400,8.020000,523502.5101,2.8500,1.7700,10.620,0.0100,1,5263,102960,20.0,80.0,40.0,60.0
1,81,1024,1,0,1,1,1,0,1,1,1,0,0,1,1,0,0,0,1,0,0,0,361.0418,6.860000,0.055400,6.910000,523502.5101,26.5300,1.7767,10.660,0.0400,1,5263,102960,30.0,70.0,70.0,30.0
1,82,1024,0,1,1,1,0,0,1,1,1,1,0,0,1,1,1,1,0,0,0,0,424.1978,8.060000,0.055400,8.120000,523502.5101,14.3400,1.8167,10.900,-0.2500,0,5263,102960,50.0,50.0,40.0,60.0
1,83,1024,1,1,0,1,1,1,0,1,1,0,0,0,0,1,0,1,0,1,1,0,422.6189,8.030000,0.055400,8.080000,523502.5101,1.8200,1.7750,10.650,0.0200,1,5263,102960,60.0,40.0,30.0,70.0
1,84,1024,1,1,0,0,1,0,0,0,0,0,1,0,1,1,1,0,0,0,1,1,411.5666,7.820000,0.055400,7.880000,523502.5101,2.4000,1.8183,10.910,-0.2400,0,5263,102960,40.0,60.0,70.0,30.0
1,85,1024,1,1,1,0,0,1,0,1,1,1,0,0,0,1,0,0,0,1,0,0,422.0926,8.020000,0.055400,8.070000,523502.5101,2.2600,1.7617,10.570,0.1000,1,5263,102960,70.0,30.0,40.0,60.0
1,86,1024,1,0,1,1,0,1,0,1,0,1,0,0,0,0,1,0,0,0,0,1,442.6183,8.410000,0.055400,8.470000,523502.5101,9.8000,1.7733,10.640,0.0200,1,5263,102960,70.0,30.0,50.0,50.0
1,87,1024,0,1,0,1,1,1,1,0,1,1,1,0,0,0,1,1,1,1,0,1,408.4088,7.760000,0.055400,7.810000,523502.5101,2.7500,1.7733,10.640,0.0200,1,5263,102960,40.0,60.0,30.0,70.0
1,88,1024,0,1,1,1,1,0,1,0,1,0,1,0,1,1,0,0,0,0,1,1,1000000000.0000,8.040000,0.055400,8.090000,523502.5101,-100.0000,1.7750,10.650,0.0000,1,-1,-1,30.0,70.0,60.0,40.0
1,89,1024,1,0,0,1,1,0,0,1,1,1,1,1,0,0,1,1,0,0,1,0,1000000000.0000,8.030000,0.055400,8.080000,523502.5101,-100.0000,1.7733,10.640,0.0100,1,-1,-1,40.0,60.0,50.0,50.0
1,90,1024,0,1,1,1,1,0,0,1,0,1,1,1,1,0,1,0,0,1,1,0,1000000000.0000,7.940000,0.055400,8.000000,523502.5101,-100.0000,1.7783,10.670,0.0000,1,-1,-1,40.0,60.0,40.0,60.0
1,91,1024,1,1,1,0,0,0,1,1,1,1,0,0,1,0,0,0,0,1,1,1,1000000000.0000,7.960000,0.055400,8.010000,523502.5101,-100.0000,1.7717,10.630,0.0200,1,-1,-1,40.0,60.0,50.0,50.0
1,92,1024,0,0,1,1,0,1,1,1,1,1,1,0,1,1,0,1,1,0,1,1,1000000000.0000,8.250000,0.055400,8.310000,523502.5101,-100.0000,1.7700,10.620,0.0400,1,-1,-1,30.0,70.0,30.0,70.0
1,93,1024,0,0,1,0,1,0,0,0,0,0,0,1,1,1,0,1,0,1,1,0,1000000000.0000,8.010000,0.055400,8.070000,523502.5101,-100.0000,1.7617,10.570,0.1000,1,-1,-1,60.0,40.0,60.0,40.0
1,94,1024,0,0,1,1,1,1,0,1,1,1,1,1,0,0,1,1,0,1,1,0,1000000000.0000,8.080000,0.055400,8.140000,523502.5101,-100.0000,1.7767,10.660,0.0200,1,-1,-1,40.0,60.0,30.0,70.0
1,95,1024,1,1,1,1,1,1,0,1,1,1,0,1,0,1,0,1,1,1,1,0,402.0932,7.640000,0.055400,7.690000,523502.5101,2.3800,1.7750,10.650,0.0600,1,5263,102960,40.0,60.0,10.0,90.0
1,96,1024,0,1,1,0,0,0,0,0,0,0,0,0,1,1,1,0,0,0,0,1,1000000000.0000,7.890000,0.055400,7.950000,523502.5101,-100.0000,1.7783,10.670,0.0100,1,-1,-1,70.0,30.0,70.0,30.0
1,97,1024,1,1,0,1,1,1,0,0,0,0,0,1,0,0,1,1,0,1,0,0,419.9874,7.980000,0.055400,8.040000,523502.5101,5.0400,1.7400,10.440,0.2200,1,5263,102960,70.0,30.0,40.0,60.0
1,98,1024,1,0,1,1,1,1,0,1,1,0,0,1,0,1,1,0,0,1,1,0,419.4611,7.970000,0.055400,8.030000,523502.5101,5.3600,1.7750,10.650,0.0000,1,5263,102960,40.0,60.0,40.0,60.0
2,0,1024,0,0,0,1,1,1,1,1,0,0,1,1,0,0,1,0,1,1,1,1,426.8293,8.110000,0.055400,8.160000,523502.5101,10.2100,1.7783,10.670,0.0000,1,5263,102960,40.0,60.0,40.0,60.0
2,1,1024,1,1,1,0,1,0,0,0,1,1,1,0,1,0,0,1,1,1,0,1,420.5137,7.990000,0.055400,8.040000,523502.5101,2.7400,1.7767,10.660,0.0000,1,5263,102960,30.0,70.0,50.0,50.0
2,2,1024,1,0,1,0,0,0,1,1,0,0,1,1,1,0,0,1,1,0,1,1,434.7238,8.260000,0.055400,8.320000,523502.5101,9.9200,1.7733,10.640,0.0300,1,5263,102960,30.0,70.0,60.0,40.0
2,3,1024,0,0,0,0,0,0,0,0,0,0,1,1,1,0,1,1,1,1,1,1,411.5666,7.820000,0.055400,7.870000,523502.5101,10.7400,1.7733,10.640,0.0200,1,5263,102960,50.0,50.0,60.0,40.0
2,4,1024,0,1,0,0,1,1,0,1,1,1,0,1,0,0,1,1,1,1,0,0,433.6712,8.240000,0.055400,8.300000,523502.5101,1.7700,1.7750,10.650,0.0100,1,5263,102960,60.0,40.0,30.0,70.0
2,5,1024,0,0,0,1,0,1,1,0,1,1,1,0,0,1,0,0,0,1,0,1,432.6186,8.220000,0.055400,8.270000,523502.5101,10.0200,1.7717,10.630,0.0200,1,5263,102960,70.0,30.0,40.0,60.0
2,6,1024,0,1,0,1,1,0,0,1,0,0,1,1,0,1,1,1,1,1,0,1,413.6718,7.860000,0.055400,7.920000,523502.5101,2.9100,1.7750,10.650,0.0400,1,5263,102960,60.0,40.0,20.0,80.0
2,7,1024,0,1,0,1,1,1,1,0,1,1,1,0,1,1,1,1,1,1,0,1,413.6718,7.860000,0.055400,7.920000,523502.5101,3.2900,1.7683,10.610,0.0200,1,5263,102960,30.0,70.0,20.0,80.0
2,8,1024,0,0,0,0,1,1,1,0,0,1,1,1,1,1,0,0,1,1,1,0,427.8819,8.130000,0.055400,8.180000,523502.5101,26.8100,1.7817,10.690,0.0000,1,5263,102960,40.0,60.0,50.0,50.0
2,9,1024,1,0,0,1,1,0,0,1,0,0,1,0,0,0,1,0,1,1,0,0,428.9345,8.150000,0.055400,8.200000,523502.5101,26.3800,1.7767,10.660,0.0100,1,5263,102960,50.0,50.0,70.0,30.0
2,10,1024,1,0,1,1,0,0,1,1,1,0,0,1,1,0,0,0,1,0,0,0,424.1978,8.060000,0.055400,8.110000,523502.5101,26.5300,1.7750,10.650,0.0100,1,5263,102960,40.0,60.0,70.0,30.0
2,11,1024,0,1,1,1,0,0,1,1,1,1,0,0,1,1,0,1,0,0,0,0,419.9874,7.980000,0.055400,8.030000,523502.5101,2.8100,1.7733,10.640,0.0000,1,5263,102960,60.0,40.0,40.0,60.0
2,12,1024,1,0,1,0,0,1,0,0,1,1,0,1,1,0,0,0,1,0,0,1,1000000000.0000,8.030000,0.055400,8.090000,523502.5101,-100.0000,1.7783,10.670,-0.0100,0,-1,-1,50.0,50.0,60.0,40.0
2,13,1024,1,0,1,0,1,1,1,1,1,0,1,0,1,0,1,1,0,0,0,0,1000000000.0000,7.970000,0.055400,8.020000,523502.5101,-100.0000,1.7783,10.670,0.0100,1,-1,-1,20.0,80.0,70.0,30.0
2,14,1024,1,1,1,1,0,1,1,0,0,1,0,1,0,1,1,0,0,0,0,0,408.9351,7.770000,0.055400,7.820000,523502.5101,2.5300,1.7750,10.650,0.0200,1,5263,102960,60.0,40.0,40.0,60.0
2,15,1024,0,0,0,0,1,1,0,1,1,1,1,1,1,0,1,0,0,0,1,1,422.0926,8.020000,0.055400,8.070000,523502.5101,9.8600,1.7717,10.630,0.0100,1,5263,102960,40.0,60.0,50.0,50.0
2,16,1024,0,0,0,1,0,0,0,0,0,0,1,1,1,1,1,1,1,1,1,1,412.6192,7.840000,0.055400,7.900000,523502.5101,13.4900,1.7783,10.670,0.0400,1,5263,102960,50.0,50.0,40.0,60.0
2,17,1024,1,0,1,0,0,1,1,1,0,0,1,1,1,0,0,1,0,0,1,1,421.5663,8.010000,0.055400,8.070000,523502.5101,9.9200,1.7633,10.580,0.0900,1,5263,102960,40.0,60.0,50.0,50.0
2,18,1024,0,1,0,1,1,1,1,0,1,1,1,0,0,0,1,1,1,0,0,1,423.6715,8.050000,0.055400,8.110000,523502.5101,2.3600,1.7750,10.650,0.0000,1,5263,102960,40.0,60.0,40.0,60.0
2,19,1024,0,0,1,1,1,1,0,0,1,0,0,1,0,0,1,0,1,1,1,1,423.6715,8.050000,0.055400,8.100000,523502.5101,10.2000,1.7783,10.670,0.0000,1,5263,102960,40.0,60.0,50.0,50.0
2,20,1024,0,0,0,0,1,1,1,0,1,1,1,1,1,1,1,1,1,1,1,0,415.7770,7.900000,0.055400,7.960000,523502.5101,27.8000,1.7483,10.490,0.1700,1,5263,102960,20.0,80.0,40.0,60.0
2,21,1024,1,1,0,1,0,0,1,1,1,0,1,0,1,1,0,1,1,1,0,1,1000000000.0000,7.990000,0.055400,8.040000,523502.5101,-100.0000,1.7783,10.670,0.0100,1,-1,-1,40.0,60.0,30.0,70.0
2,22,1024,0,1,0,1,1,0,0,1,0,0,1,1,0,1,0,0,1,0,0,1,1000000000.0000,6.849000,0.055400,6.900000,523502.5101,-100.0000,1.7850,10.710,0.0200,1,-1,-1,70.0,30.0,40.0,60.0
2,23,1024,0,0,0,1,0,0,1,0,0,0,0,0,0,0,1,0,0,0,0,0,1000000000.0000,7.830000,0.055400,7.880000,523502.5101,-100.0000,1.7717,10.630,0.0200,1,-1,-1,80.0,20.0,90.0,10.0
2,24,1024,1,0,1,0,1,0,1,0,1,0,1,0,1,0,0,1,1,0,1,0,1000000000.0000,7.410000,0.055400,7.470000,523502.5101,-100.0000,1.7767,10.660,0.0000,1,-1,-1,10.0,90.0,90.0,10.0
2,25,1024,1,1,0,1,1,1,0,1,1,0,0,0,0,1,1,1,0,1,1,0,1000000000.0000,7.620000,0.055400,7.670000,523502.5101,-100.0000,1.7750,10.650,0.0000,1,-1,-1,50.0,50.0,30.0,70.0
2,26,1024,0,0,1,1,1,1,1,1,1,0,1,0,0,1,0,0,0,0,0,0,1000000000.0000,8.200000,0.055400,8.260000,523502.5101,-100.0000,1.7650,10.590,0.0700,1,-1,-1,50.0,50.0,60.0,40.0
2,27,1024,1,1,1,1,1,1,1,1,1,1,1,1,1,1,1,1,1,1,0,0,389.9883,7.410000,0.055400,7.470000,523502.5101,20.0400,1.7767,10.660,0.0000,1,5263,102960,10.0,90.0,10.0,90.0
2,28,1024,0,1,0,1,0,0,1,1,0,1,1,0,0,1,1,1,1,1,0,0,429.9871,8.170000,0.055400,8.220000,523502.5101,2.1100,1.7700,10.620,0.0400,1,5263,102960,60.0,40.0,30.0,70.0
2,29,1024,0,1,0,1,0,0,1,0,1,0,1,0,0,1,0,0,1,0,1,0,426.3030,8.100000,0.055400,8.150000,523502.5101,14.0100,1.7767,10.660,0.0100,1,5263,102960,50.0,50.0,70.0,30.0
2,30,1024,1,1,1,1,1,1,1,1,1,1,0,0,0,0,1,0,0,0,0,0,416.3033,7.910000,0.055400,7.960000,523502.5101,17.9500,1.7283,10.370,0.1900,1,5263,102960,40.0,60.0,50.0,50.0
2,31,1024,0,0,1,1,1,1,0,0,1,0,0,0,0,1,1,0,1,1,1,1,423.6715,8.050000,0.055400,8.110000,523502.5101,10.2200,1.7767,10.660,0.0200,1,5263,102960,40.0,60.0,50.0,50.0
2,32,1024,1,0,1,0,1,0,1,0,1,0,1,0,0,1,1,0,1,0,1,0,389.4620,7.400000,0.055400,7.450000,523502.5101,26.6500,1.7817,10.690,0.0300,1,5263,102960,10.0,90.0,90.0,10.0
2,33,1024,0,1,1,0,0,1,0,0,0,0,0,0,1,1,1,0,0,0,0,1,420.5137,7.990000,0.055400,8.040000,523502.5101,2.2500,1.7733,10.640,0.0000,1,5263,102960,70.0,30.0,60.0,40.0
2,34,1024,0,0,0,0,1,1,0,1,1,1,1,1,1,1,1,0,1,0,1,1,427.3556,8.120000,0.055400,8.170000,523502.5101,9.9400,1.7733,10.640,0.0100,1,5263,102960,30.0,70.0,40.0,60.0
2,35,1024,1,1,1,1,1,1,1,1,0,1,1,1,1,1,1,1,1,1,1,1,1000000000.0000,6.990000,0.055400,7.040000,523502.5101,-100.0000,1.6933,10.160,0.4100,1,-1,-1,10.0,90.0,0.0,100.0
2,36,1024,1,1,0,0,1,0,1,0,0,0,0,0,0,0,0,0,0,0,1,0,418.9348,7.960000,0.055400,8.010000,523502.5101,15.8300,1.7633,10.580,0.0400,1,5263,102960,60.0,40.0,90.0,10.0
2,37,1024,0,0,0,0,1,1,1,1,1,0,1,0,1,1,0,0,0,1,0,1,1000000000.0000,8.040000,0.055400,8.090000,523502.5101,-100.0000,1.7767,10.660,0.0000,1,-1,-1,50.0,50.0,50.0,50.0
2,38,1024,0,0,0,1,0,0,0,1,1,1,1,0,0,0,0,1,0,0,0,0,1000000000.0000,1000.000000,0.000000,1000.000000,523502.5101,-100.0000,1.7700,10.620,0.0000,1,-1,-1,80.0,20.0,60.0,40.0
2,39,1024,0,1,1,0,1,1,1,0,1,1,1,0,1,1,1,1,1,1,0,0,1000000000.0000,8.120000,0.055400,8.180000,523502.5101,-100.0000,1.7700,10.620,0.0700,1,-1,-1,20.0,80.0,40.0,60.0
2,40,1024,1,1,1,1,1,0,1,0,1,1,1,1,1,0,1,1,0,0,1,1,1000000000.0000,8.260000,0.055400,8.310000,523502.5101,-100.0000,1.7733,10.640,0.0100,1,-1,-1,10.0,90.0,40.0,60.0
2,41,1024,0,1,0,1,0,1,0,0,0,1,0,1,0,1,0,1,0,1,0,1,426.8293,8.110000,0.055100,8.160000,523502.5101,2.3100,1.8717,11.230,-0.5300,0,5263,102960,100.0,0.0,10.0,90.0
2,42,1024,0,0,0,1,1,0,1,1,1,0,1,0,1,1,0,1,1,1,0,1,428.4082,8.140000,0.055400,8.190000,523502.5101,10.5600,1.7733,10.640,0.0300,1,5263,102960,40.0,60.0,40.0,60.0
2,43,1024,0,0,0,0,1,0,1,0,0,1,0,1,1,1,1,1,1,1,0,0,404.7247,7.690000,0.055400,7.740000,523502.5101,6.5500,1.7767,10.660,0.0100,1,5263,102960,50.0,50.0,50.0,50.0
2,44,1024,1,1,0,1,1,0,1,0,1,1,1,0,0,0,0,1,0,0,1,0,444.7235,8.450000,0.055400,8.510000,523502.5101,16.0000,1.7800,10.680,0.0200,1,5263,102960,40.0,60.0,60.0,40.0
2,45,1024,1,0,1,1,1,1,1,1,1,0,1,0,0,1,0,0,0,1,0,0,460.5125,8.750000,0.055400,8.810000,523502.5101,26.3100,1.7800,10.680,0.0100,1,5263,102960,40.0,60.0,50.0,50.0
2,46,1024,1,1,1,0,0,0,0,0,0,0,0,0,0,0,0,0,0,0,0,0,434.7238,8.260000,0.055400,8.310000,523502.5101,15.1200,1.7767,10.660,0.0100,1,5263,102960,80.0,20.0,90.0,10.0
2,47,1024,1,1,0,1,1,1,0,1,0,0,0,0,1,1,0,0,1,0,1,0,426.8293,8.110000,0.055400,8.170000,523502.5101,3.3400,1.7733,10.640,0.0300,1,5263,102960,50.0,50.0,50.0,50.0
2,48,1024,1,1,0,0,1,1,1,0,1,0,1,0,1,1,0,0,1,1,1,1,423.6715,8.050000,0.055400,8.110000,523502.5101,2.7700,1.7750,10.650,0.0100,1,5263,102960,20.0,80.0,50.0,50.0
2,49,1024,0,1,0,0,0,0,0,1,1,1,1,0,1,1,1,0,1,0,0,0,1000000000.0000,8.250000,0.055400,8.300000,523502.5101,-100.0000,1.7417,10.450,0.2200,1,-1,-1,50.0,50.0,60.0,40.0
2,50,1024,1,0,1,1,1,0,1,1,1,0,0,1,1,0,0,0,1,1,0,0,1000000000.0000,8.070000,0.055400,8.130000,523502.5101,-100.0000,1.7733,10.640,0.0200,1,-1,-1,30.0,70.0,60.0,40.0
2,51,1024,1,0,1,1,1,1,0,1,1,0,0,0,0,1,1,0,0,1,1,0,1000000000.0000,7.990000,0.055400,8.050000,523502.5101,-100.0000,1.7733,10.640,0.0200,1,-1,-1,40.0,60.0,50.0,50.0
2,52,1024,0,0,1,1,1,1,0,1,1,1,1,1,0,0,0,0,0,1,1,0,1000000000.0000,8.080000,0.055400,8.140000,523502.5101,-100.0000,1.7717,10.630,0.0500,1,-1,-1,50.0,50.0,40.0,60.0
2,53,1024,0,0,1,1,0,0,0,0,0,0,0,0,0,0,0,0,0,0,0,0,413.6718,7.860000,0.055400,7.910000,523502.5101,26.3400,1.7750,10.650,0.0100,1,5263,102960,90.0,10.0,90.0,10.0
2,54,1024,0,0,1,1,0,1,1,1,1,1,1,0,1,1,0,1,1,1,1,1,432.6186,8.220000,0.055400,8.270000,523502.5101,11.2900,1.7767,10.660,0.0100,1,5263,102960,30.0,70.0,20.0,80.0
2,55,1024,0,0,1,0,0,0,0,0,0,1,0,1,1,0,1,1,1,0,0,1,411.0403,7.810000,0.055400,7.870000,523502.5101,9.9200,1.7817,10.690,0.0100,1,5263,102960,60.0,40.0,60.0,40.0
2,56,1024,0,0,0,1,0,0,0,1,1,1,1,0,1,1,1,0,0,0,0,0,407.3562,7.740000,0.055400,7.790000,523502.5101,26.5900,1.7783,10.670,0.0100,1,5263,102960,60.0,40.0,60.0,40.0
2,57,1024,1,0,1,1,1,0,1,1,1,1,1,0,0,1,0,1,0,0,1,1,430.5134,8.180000,0.055400,8.240000,523502.5101,9.9800,1.7850,10.710,0.0100,1,5263,102960,30.0,70.0,40.0,60.0
2,58,1024,1,0,1,0,0,1,1,1,0,0,1,1,0,0,1,0,1,0,1,0,419.4611,7.970000,0.055400,8.020000,523502.5101,26.6700,1.7633,10.580,0.0800,1,5263,102960,30.0,70.0,70.0,30.0
2,59,1024,0,0,1,1,0,0,1,0,1,1,0,0,0,1,1,1,1,1,1,1,427.3556,8.120000,0.055400,8.170000,523502.5101,11.4500,1.7683,10.610,0.0300,1,5263,102960,40.0,60.0,40.0,60.0
2,60,1024,1,1,1,0,1,0,0,0,1,1,1,0,1,1,0,1,1,1,0,1,424.1978,8.060000,0.055400,8.110000,523502.5101,3.0700,1.7733,10.640,0.0300,1,5263,102960,30.0,70.0,40.0,60.0
2,61,1024,1,0,1,1,0,1,1,1,0,0,0,0,1,0,1,0,0,0,1,0,421.5663,8.010000,0.055400,8.060000,523502.5101,26.5000,1.7767,10.660,0.0100,1,5263,102960,40.0,60.0,70.0,30.0
2,62,1024,0,1,0,0,1,0,0,0,1,0,1,1,1,1,0,0,1,1,1,0,356.6209,6.776000,0.055400,6.830000,523502.5101,14.1900,1.7467,10.480,0.1700,1,5263,102960,40.0,60.0,60.0,40.0
2,63,1024,1,0,1,1,1,0,1,0,1,0,1,0,1,0,1,0,1,0,1,0,1000000000.0000,6.694000,0.055400,6.750000,523502.5101,-100.0000,1.7650,10.590,0.0900,1,-1,-1,0.0,100.0,90.0,10.0
2,64,1024,0,0,1,1,1,0,0,0,0,1,0,1,1,1,1,1,1,0,0,1,1000000000.0000,8.000000,0.055400,8.060000,523502.5101,-100.0000,1.7800,10.680,-0.0100,0,-1,-1,50.0,50.0,40.0,60.0
2,65,1024,0,0,0,0,1,0,0,1,0,0,0,0,0,0,0,0,0,0,1,0,1000000000.0000,7.810000,0.055400,7.860000,523502.5101,-100.0000,1.7767,10.660,0.0100,1,-1,-1,80.0,20.0,90.0,10.0
2,66,1024,0,0,1,0,0,1,1,1,1,1,1,1,0,0,1,0,1,0,1,0,1000000000.0000,8.170000,0.055400,8.220000,523502.5101,-100.0000,1.7583,10.550,0.1100,1,-1,-1,30.0,70.0,60.0,40.0
2,67,1024,1,1,0,1,1,1,1,0,0,1,0,1,0,0,1,1,0,1,0,1,428.9345,8.150000,0.055400,8.200000,523502.5101,2.4400,1.7700,10.620,0.0100,1,5263,102960,60.0,40.0,20.0,80.0
2,68,1024,0,0,0,0,1,1,1,0,1,1,1,1,1,1,1,0,1,1,1,0,411.0403,7.810000,0.055400,7.860000,523502.5101,27.1300,1.7767,10.660,0.0000,1,5263,102960,20.0,80.0,50.0,50.0
2,69,1024,1,1,1,1,1,0,0,0,0,1,0,0,0,0,1,0,0,0,0,1,436.3027,8.290000,0.055400,8.340000,523502.5101,2.3300,1.7750,10.650,0.0400,1,5263,102960,60.0,40.0,60.0,40.0
2,70,1024,1,1,1,0,0,0,1,1,1,1,0,0,0,0,0,0,0,1,1,1,437.3553,8.310000,0.055400,8.360000,523502.5101,2.6700,1.7733,10.640,0.0300,1,5263,102960,50.0,50.0,50.0,50.0
2,71,1024,0,0,0,1,1,1,0,1,0,0,0,0,1,1,0,0,0,0,1,0,417.3559,7.930000,0.055400,7.980000,523502.5101,5.8500,1.7683,10.610,0.0300,1,5263,102960,70.0,30.0,60.0,40.0
2,72,1024,0,0,0,0,1,1,1,1,1,0,1,0,1,1,1,1,0,1,1,0,419.9874,7.980000,0.055400,8.040000,523502.5101,16.9700,1.7750,10.650,0.0000,1,5263,102960,30.0,70.0,50.0,50.0
2,73,1024,0,1,0,0,0,0,0,1,0,1,0,0,1,0,0,1,0,0,0,0,416.8296,7.920000,0.055400,7.970000,523502.5101,1.6700,1.7817,10.690,0.0100,1,5263,102960,90.0,10.0,60.0,40.0
2,74,1024,1,1,1,0,1,0,1,0,1,1,1,0,1,0,1,1,0,0,1,1,431.0397,8.190000,0.055400,8.250000,523502.5101,2.4200,1.7817,10.690,0.0500,1,5263,102960,10.0,90.0,60.0,40.0
2,75,1024,1,0,0,0,1,1,0,1,1,0,0,1,0,0,0,1,1,1,1,1,445.2498,8.460000,0.055400,8.510000,523502.5101,10.5200,1.7650,10.590,0.0400,1,5263,102960,50.0,50.0,40.0,60.0
2,76,1024,0,0,1,0,0,0,1,0,0,1,0,1,1,0,1,1,1,0,0,0,1000000000.0000,7.830000,0.055400,7.890000,523502.5101,-100.0000,1.7750,10.650,0.0100,1,-1,-1,50.0,50.0,70.0,30.0
2,77,1024,1,1,1,1,1,1,1,0,1,1,0,1,0,1,0,1,1,1,1,0,1000000000.0000,7.890000,0.055400,7.950000,523502.5101,-100.0000,1.7717,10.630,0.0400,1,-1,-1,30.0,70.0,20.0,80.0
2,78,1024,1,1,1,1,1,1,1,1,0,0,1,1,1,1,1,1,1,1,1,1,1000000000.0000,7.770000,0.055400,7.830000,523502.5101,-100.0000,1.7750,10.650,0.0000,1,-1,-1,10.0,90.0,10.0,90.0
2,79,1024,1,0,1,0,1,1,1,1,1,0,1,0,1,0,1,1,1,1,0,0,1000000000.0000,7.910000,0.055400,7.960000,523502.5101,-100.0000,1.7750,10.650,0.0100,1,-1,-1,10.0,90.0,60.0,40.0
2,80,1024,0,0,1,1,0,0,0,0,0,1,0,0,1,0,0,0,0,0,0,1,1000000000.0000,8.030000,0.055400,8.080000,523502.5101,-100.0000,1.7750,10.650,0.0100,1,-1,-1,80.0,20.0,70.0,30.0
2,81,1024,0,0,0,1,0,0,1,0,0,0,0,0,0,0,0,0,0,0,0,1,1000000000.0000,7.840000,0.055400,7.900000,523502.5101,-100.0000,1.7750,10.650,0.0000,1,-1,-1,90.0,10.0,80.0,20.0
2,82,1024,1,0,0,1,1,0,0,0,0,0,1,0,1,0,1,0,0,0,0,0,1000000000.0000,7.910000,0.055400,7.970000,523502.5101,-100.0000,1.7683,10.610,0.0200,1,-1,-1,50.0,50.0,90.0,10.0
2,83,1024,1,1,0,1,0,0,0,1,1,1,1,0,1,1,0,1,0,0,0,0,1000000000.0000,8.030000,0.055400,8.080000,523502.5101,-100.0000,1.7733,10.640,0.0200,1,-1,-1,60.0,40.0,40.0,60.0
2,84,1024,0,1,1,1,1,1,1,1,0,0,1,1,0,1,1,1,0,0,0,1,416.3033,7.910000,0.055400,7.970000,523502.5101,2.2300,1.7700,10.620,0.0100,1,5263,102960,50.0,50.0,20.0,80.0
2,85,1024,1,0,0,1,1,0,0,1,1,1,1,1,1,1,1,1,0,0,1,0,426.8293,8.110000,0.055400,8.160000,523502.5101,26.9700,1.7750,10.650,0.0200,1,5263,102960,30.0,70.0,40.0,60.0
2,86,1024,0,0,0,0,1,0,0,0,1,1,0,0,0,1,0,0,1,1,1,0,416.8296,7.920000,0.055400,7.980000,523502.5101,26.5500,1.7717,10.630,0.0500,1,5263,102960,60.0,40.0,70.0,30.0
2,87,1024,1,0,1,0,1,1,1,0,1,0,0,0,1,1,0,0,0,0,1,0,414.1981,7.870000,0.055400,7.930000,523502.5101,26.5900,1.7750,10.650,0.0200,1,5263,102960,30.0,70.0,80.0,20.0
2,88,1024,1,1,0,1,1,1,0,1,0,0,0,0,1,1,0,0,0,0,0,0,418.4085,7.950000,0.055400,8.010000,523502.5101,2.8800,1.7667,10.600,0.0700,1,5263,102960,70.0,30.0,50.0,50.0
2,89,1024,1,1,1,0,0,1,0,1,1,1,1,1,0,1,0,0,0,1,0,0,409.4614,7.780000,0.055400,7.840000,523502.5101,2.2500,1.7767,10.660,0.0100,1,5263,102960,60.0,40.0,30.0,70.0
2,90,1024,1,1,0,1,0,1,1,0,1,1,1,0,0,0,0,0,0,1,0,1,1000000000.0000,7.900000,0.055400,7.950000,523502.5101,-100.0000,1.7783,10.670,0.0000,1,-1,-1,60.0,40.0,40.0,60.0
2,91,1024,1,1,1,1,1,1,0,0,1,1,0,1,0,1,0,1,1,1,1,0,1000000000.0000,7.850000,0.055400,7.900000,523502.5101,-100.0000,1.7700,10.620,0.0800,1,-1,-1,40.0,60.0,20.0,80.0
2,92,1024,1,1,0,1,0,1,0,1,0,0,1,0,0,1,0,1,0,0,1,1,1000000000.0000,7.850000,0.055400,7.900000,523502.5101,-100.0000,1.7733,10.640,0.0300,1,-1,-1,70.0,30.0,30.0,70.0
2,93,1024,0,1,1,0,1,1,1,0,0,1,1,0,1,1,1,1,1,1,1,0,1000000000.0000,8.090000,0.055400,8.140000,523502.5101,-100.0000,1.7733,10.640,0.0300,1,-1,-1,20.0,80.0,40.0,60.0
2,94,1024,0,1,0,0,1,0,0,0,1,0,0,0,1,1,1,0,1,1,1,0,1000000000.0000,7.780000,0.055400,7.830000,523502.5101,-100.0000,1.7767,10.660,0.0100,1,-1,-1,40.0,60.0,70.0,30.0
2,95,1024,1,1,0,1,0,0,0,0,0,0,0,1,0,1,1,1,0,1,0,0,1000000000.0000,7.800000,0.055400,7.860000,523502.5101,-100.0000,1.7733,10.640,0.0200,1,-1,-1,80.0,20.0,40.0,60.0
2,96,1024,1,1,1,1,1,0,0,1,0,1,0,0,0,0,0,0,0,0,0,1,1000000000.0000,8.100000,0.055400,8.160000,523502.5101,-100.0000,1.7717,10.630,0.0300,1,-1,-1,70.0,30.0,50.0,50.0
2,97,1024,1,1,0,0,1,1,0,0,0,0,0,1,0,0,1,1,0,1,0,0,1000000000.0000,8.220000,0.055400,8.280000,523502.5101,-100.0000,1.7717,10.630,0.0200,1,-1,-1,70.0,30.0,50.0,50.0
2,98,1024,0,0,0,1,0,0,0,0,0,0,0,0,0,0,0,0,0,0,0,0,1000000000.0000,8.290000,0.055100,8.350000,523502.5101,-100.0000,2.3650,14.190,-3.5400,0,-1,-1,100.0,0.0,90.0,10.0
2,99,1024,1,0,1,0,0,1,0,1,0,1,0,0,0,0,1,0,0,0,0,1,1000000000.0000,8.100000,0.055400,8.160000,523502.5101,-100.0000,1.7733,10.640,0.0100,1,-1,-1,70.0,30.0,60.0,40.0
3,0,1024,0,0,0,0,1,1,0,1,1,1,1,0,1,1,1,0,1,0,1,1,414.1981,7.870000,0.055400,7.920000,523502.5101,9.9200,1.7700,10.620,0.0000,1,5263,102960,30.0,70.0,50.0,50.0
3,1,1024,0,0,1,0,1,1,0,0,1,1,0,0,0,0,1,0,0,0,0,0,408.4088,7.760000,0.055400,7.810000,523502.5101,26.3600,1.7783,10.670,0.0100,1,5263,102960,60.0,40.0,80.0,20.0
3,2,1024,0,0,0,1,0,0,1,0,0,0,0,0,1,1,1,0,0,0,0,0,422.0926,8.020000,0.055400,8.070000,523502.5101,26.4900,1.7733,10.640,0.0200,1,5263,102960,70.0,30.0,80.0,20.0
3,3,1024,0,1,1,0,1,1,1,0,0,1,1,0,0,1,1,1,1,1,0,0,422.0926,8.020000,0.055400,8.070000,523502.5101,14.2600,1.7783,10.670,0.0100,1,5263,102960,40.0,60.0,40.0,60.0
3,4,1024,1,1,1,1,1,1,1,1,1,1,0,0,0,0,1,0,1,1,0,0,415.7770,7.900000,0.055400,7.960000,523502.5101,18.1000,1.7600,10.560,0.1000,1,5263,102960,30.0,70.0,40.0,60.0
3,5,1024,1,0,0,1,1,1,0,1,0,0,1,0,0,0,1,0,1,1,0,0,416.8296,7.920000,0.055400,7.980000,523502.5101,6.0100,1.7483,10.490,0.1800,1,5263,102960,50.0,50.0,60.0,40.0
3,6,1024,0,1,1,1,0,0,1,1,1,1,0,0,0,0,1,1,0,0,0,0,423.1452,8.040000,0.055400,8.090000,523502.5101,14.1000,1.7717,10.630,0.0300,1,5263,102960,60.0,40.0,50.0,50.0
3,7,1024,0,0,1,1,1,1,1,0,0,1,1,1,1,1,0,0,1,1,1,0,428.9345,8.150000,0.055400,8.210000,523502.5101,26.8100,1.7650,10.590,0.0900,1,5263,102960,30.0,70.0,40.0,60.0
3,8,1024,0,0,0,0,0,0,0,0,0,0,1,1,1,0,0,1,1,1,1,1,396.8302,7.540000,0.055400,7.600000,523502.5101,10.5700,1.7683,10.610,0.0700,1,5263,102960,60.0,40.0,60.0,40.0
3,9,1024,1,0,1,0,1,0,1,0,1,0,0,0,1,0,1,0,1,0,1,0,391.5672,7.440000,0.055200,7.500000,523502.5101,26.8200,1.7833,10.700,0.0400,1,5263,102960,10.0,90.0,100.0,0.0
3,10,1024,1,0,1,1,1,1,1,1,1,0,1,0,1,1,0,0,0,1,0,0,425.7767,8.090000,0.055400,8.150000,523502.5101,26.5200,1.7767,10.660,0.0200,1,5263,102960,30.0,70.0,50.0,50.0
3,11,1024,1,0,0,1,1,0,0,0,0,0,1,0,0,0,1,0,1,1,1,0,414.7244,7.880000,0.055400,7.930000,523502.5101,26.5300,1.7550,10.530,0.1400,1,5263,102960,40.0,60.0,80.0,20.0
3,12,1024,0,0,0,0,1,1,1,1,0,0,1,1,0,0,1,0,1,1,1,1,1000000000.0000,8.180000,0.055400,8.240000,523502.5101,-100.0000,1.7767,10.660,0.0100,1,-1,-1,40.0,60.0,50.0,50.0
3,13,1024,0,0,0,0,1,0,1,0,1,1,0,1,1,1,1,1,1,1,0,0,415.2507,7.890000,0.055400,7.950000,523502.5101,6.6400,1.7767,10.660,0.0100,1,5263,102960,40.0,60.0,50.0,50.0
3,14,1024,1,1,0,0,1,0,1,0,1,1,1,0,0,0,0,1,0,0,1,0,421.5663,8.010000,0.055400,8.070000,523502.5101,16.0800,1.7817,10.690,0.0200,1,5263,102960,40.0,60.0,70.0,30.0
3,15,1024,1,1,0,0,1,1,1,0,1,1,1,0,1,1,0,0,1,1,1,1,446.3024,8.480000,0.055400,8.540000,523502.5101,2.8000,1.7783,10.670,0.0000,1,5263,102960,20.0,80.0,40.0,60.0
3,16,1024,0,0,1,1,1,1,1,1,1,1,0,0,0,0,1,0,0,0,0,0,418.9348,7.960000,0.055400,8.010000,523502.5101,26.3100,1.7700,10.620,0.0500,1,5263,102960,50.0,50.0,60.0,40.0
3,17,1024,1,0,1,0,0,1,1,1,0,0,1,1,1,0,1,1,1,0,1,1,413.6718,7.860000,0.055400,7.910000,523502.5101,10.0000,1.7667,10.600,0.0500,1,5263,102960,20.0,80.0,50.0,50.0
3,18,1024,0,0,1,0,0,1,1,1,0,0,1,1,0,0,1,0,0,1,1,0,410.5140,7.800000,0.055400,7.860000,523502.5101,26.5300,1.7683,10.610,0.0500,1,5263,102960,50.0,50.0,60.0,40.0
3,19,1024,1,0,1,1,1,1,1,1,1,1,0,0,0,0,1,0,0,0,0,0,424.7241,8.070000,0.055400,8.130000,523502.5101,26.3100,1.7750,10.650,0.0000,1,5263,102960,40.0,60.0,60.0,40.0
3,20,1024,1,1,0,0,1,0,1,0,0,0,0,0,0,0,1,1,1,0,1,0,432.6186,8.220000,0.055400,8.270000,523502.5101,16.1900,1.7467,10.480,0.1900,1,5263,102960,40.0,60.0,80.0,20.0
3,21,1024,0,0,0,0,0,0,0,0,0,0,1,1,1,0,1,1,1,1,1,0,403.6721,7.670000,0.055400,7.730000,523502.5101,26.8800,1.7800,10.680,0.0200,1,5263,102960,50.0,50.0,70.0,30.0
3,23,1024,1,0,1,1,0,0,0,1,0,1,0,0,0,0,1,0,0,0,0,1,1000000000.0000,7.960000,0.055400,8.010000,523502.5101,-100.0000,1.7783,10.670,0.0000,1,-1,-1,70.0,30.0,60.0,40.0
3,24,1024,0,0,1,1,1,0,0,0,1,0,0,0,0,1,1,0,1,1,1,1,1000000000.0000,7.940000,0.055400,7.990000,523502.5101,-100.0000,1.7683,10.610,0.0500,1,-1,-1,40.0,60.0,60.0,40.0
3,25,1024,0,0,0,0,1,0,0,0,0,0,1,1,1,1,1,1,1,1,1,1,1000000000.0000,8.020000,0.055400,8.080000,523502.5101,-100.0000,1.7833,10.700,-0.0400,0,-1,-1,40.0,60.0,50.0,50.0
3,26,1024,1,0,0,1,1,0,0,1,1,1,1,0,0,0,1,0,1,1,0,0,428.9345,8.150000,0.055400,8.200000,523502.5101,26.5100,1.7733,10.640,0.0300,1,5263,102960,40.0,60.0,60.0,40.0
3,27,1024,0,0,0,0,1,1,1,1,1,1,1,1,1,1,1,0,1,1,1,0,419.9874,7.980000,0.055400,8.030000,523502.5101,27.4400,1.7433,10.460,0.2500,1,5263,102960,20.0,80.0,40.0,60.0
3,28,1024,0,0,0,1,0,1,1,0,1,1,1,1,0,1,0,0,0,1,0,1,422.6189,8.030000,0.055400,8.080000,523502.5101,9.9900,1.7767,10.660,0.0000,1,5263,102960,70.0,30.0,30.0,70.0
3,29,1024,1,1,1,1,0,0,1,1,0,0,0,0,0,0,0,0,0,0,0,0,420.5137,7.990000,0.055400,8.050000,523502.5101,15.7700,1.7783,10.670,0.0100,1,5263,102960,70.0,30.0,70.0,30.0
3,30,1024,1,1,1,1,1,1,1,1,1,1,1,1,1,1,1,1,1,1,0,1,372.0941,7.070000,0.055400,7.120000,523502.5101,11.7700,1.6933,10.160,0.4000,1,5263,102960,10.0,90.0,0.0,100.0
3,31,1024,0,0,0,0,1,0,0,0,1,1,0,0,1,1,0,0,1,1,1,0,425.2504,8.080000,0.055400,8.130000,523502.5101,26.6700,1.7750,10.650,0.0400,1,5263,102960,50.0,50.0,70.0,30.0
3,32,1024,0,0,0,1,0,0,0,0,0,0,1,1,1,1,1,1,0,0,1,1,413.1455,7.850000,0.055400,7.910000,523502.5101,10.1500,1.7767,10.660,0.0200,1,5263,102960,60.0,40.0,50.0,50.0
3,33,1024,1,1,0,1,1,0,0,1,0,0,0,0,1,1,0,0,1,0,1,0,424.1978,8.060000,0.055400,8.110000,523502.5101,15.6600,1.7667,10.600,0.0500,1,5263,102960,50.0,50.0,60.0,40.0
3,34,1024,0,0,0,0,1,0,1,0,0,0,0,0,1,1,0,0,0,0,1,0,392.0935,7.450000,0.055400,7.510000,523502.5101,26.5100,1.7733,10.640,0.0500,1,5263,102960,60.0,40.0,90.0,10.0
3,35,1024,1,0,0,0,1,1,1,1,1,0,1,0,0,1,0,0,0,0,0,0,409.9877,7.790000,0.055400,7.850000,523502.5101,26.4100,1.7783,10.670,0.0000,1,5263,102960,50.0,50.0,70.0,30.0
3,36,1024,0,0,1,1,1,1,0,0,1,1,1,0,1,0,0,1,0,0,0,1,1000000000.0000,8.050000,0.055400,8.100000,523502.5101,-100.0000,1.7517,10.510,0.1500,1,-1,-1,50.0,50.0,50.0,50.0
3,37,1024,1,0,0,0,1,1,0,1,1,0,0,1,0,0,1,1,1,1,1,1,1000000000.0000,8.270000,0.055400,8.330000,523502.5101,-100.0000,1.7733,10.640,0.0000,1,-1,-1,40.0,60.0,40.0,60.0
3,38,1024,1,0,0,1,0,1,1,1,1,1,1,0,1,0,1,0,0,0,1,0,417.3559,7.930000,0.055400,7.980000,523502.5101,26.9900,1.7783,10.670,0.0200,1,5263,102960,30.0,70.0,60.0,40.0
3,39,1024,0,0,0,0,1,1,1,0,1,1,1,1,0,1,1,1,1,1,1,0,424.7241,8.070000,0.055400,8.130000,523502.5101,7.0200,1.7633,10.580,0.0600,1,5263,102960,30.0,70.0,40.0,60.0
3,40,1024,1,0,1,1,0,1,1,1,0,0,0,0,1,0,1,0,0,0,0,0,423.6715,8.050000,0.055400,8.110000,523502.5101,26.4000,1.7783,10.670,0.0200,1,5263,102960,50.0,50.0,70.0,30.0
3,41,1024,0,0,0,1,1,1,0,1,1,1,1,1,1,0,1,0,1,0,1,1,418.4085,7.950000,0.055400,8.010000,523502.5101,9.8700,1.7633,10.580,0.0800,1,5263,102960,30.0,70.0,40.0,60.0
3,42,1024,1,0,0,1,1,0,0,1,0,1,1,1,1,1,1,1,0,0,1,0,436.3027,8.290000,0.055400,8.350000,523502.5101,5.9400,1.7717,10.630,0.0400,1,5263,102960,40.0,60.0,40.0,60.0
3,43,1024,1,1,1,1,1,1,1,1,1,0,0,0,0,0,0,0,0,0,0,0,426.3030,8.100000,0.055400,8.150000,523502.5101,18.3300,1.7733,10.640,0.0000,1,5263,102960,50.0,50.0,60.0,40.0
3,44,1024,1,1,0,0,0,0,0,0,0,0,0,0,0,0,0,0,0,0,0,0,423.1452,8.040000,0.055400,8.090000,523502.5101,15.6000,1.7733,10.640,0.0200,1,5263,102960,90.0,10.0,90.0,10.0
3,45,1024,1,1,1,0,1,1,1,1,1,1,1,1,1,1,1,1,1,1,0,0,413.1455,7.850000,0.055400,7.900000,523502.5101,17.3700,1.7667,10.600,0.0800,1,5263,102960,10.0,90.0,20.0,80.0
3,46,1024,0,1,0,1,1,0,0,1,0,0,1,1,0,1,0,1,1,1,0,1,411.0403,7.810000,0.055400,7.870000,523502.5101,2.6000,1.7700,10.620,0.0600,1,5263,102960,70.0,30.0,20.0,80.0
3,47,1024,0,0,0,0,1,1,1,1,1,0,1,0,1,1,1,1,1,0,0,1,1000000000.0000,7.870000,0.055400,7.930000,523502.5101,-100.0000,1.7700,10.620,0.0100,1,-1,-1,30.0,70.0,50.0,50.0
3,48,1024,1,1,0,1,1,0,0,0,0,0,1,0,0,0,1,0,1,1,0,0,1000000000.0000,8.170000,0.055400,8.220000,523502.5101,-100.0000,1.7683,10.610,0.0400,1,-1,-1,50.0,50.0,70.0,30.0
3,49,1024,0,0,1,0,0,0,0,0,0,1,0,1,1,0,1,1,0,0,0,1,1000000000.0000,7.930000,0.055400,7.990000,523502.5101,-100.0000,1.7750,10.650,0.0200,1,-1,-1,70.0,30.0,60.0,40.0
3,50,1024,1,0,1,0,0,1,1,1,0,0,1,1,0,0,1,0,1,0,1,1,1000000000.0000,7.890000,0.055400,7.950000,523502.5101,-100.0000,1.7767,10.660,0.0000,1,-1,-1,30.0,70.0,60.0,40.0
3,51,1024,0,0,1,1,0,1,1,0,1,1,1,0,0,1,0,0,0,1,0,1,434.7238,8.260000,0.055400,8.320000,523502.5101,10.0200,1.7783,10.670,0.0000,1,5263,102960,60.0,40.0,40.0,60.0
3,52,1024,0,0,1,1,0,1,1,0,1,1,0,0,0,1,1,1,1,1,1,1,436.8290,8.300000,0.055400,8.360000,523502.5101,11.3900,1.7817,10.690,0.0000,1,5263,102960,40.0,60.0,30.0,70.0
3,53,1024,0,0,0,0,1,1,0,0,1,1,0,0,0,1,0,0,1,1,1,0,421.5663,8.010000,0.055400,8.070000,523502.5101,26.5100,1.7733,10.640,0.0400,1,5263,102960,60.0,40.0,60.0,40.0
3,54,1024,1,0,0,1,1,0,0,1,0,0,1,1,1,1,1,1,0,0,1,0,417.8822,7.940000,0.055400,8.000000,523502.5101,26.6800,1.7750,10.650,0.0100,1,5263,102960,40.0,60.0,50.0,50.0
3,55,1024,1,0,0,1,0,1,1,0,0,0,0,0,1,0,1,0,0,0,1,0,439.9868,8.360000,0.055400,8.420000,523502.5101,26.5700,1.7767,10.660,0.0300,1,5263,102960,50.0,50.0,80.0,20.0
3,56,1024,0,0,0,0,1,1,0,1,1,1,1,1,1,1,1,1,1,0,1,1,435.7764,8.280000,0.055400,8.340000,523502.5101,10.3600,1.7783,10.670,0.0100,1,5263,102960,30.0,70.0,30.0,70.0
3,57,1024,1,1,0,0,1,0,1,0,0,0,0,0,1,1,0,0,0,0,1,0,424.7241,8.070000,0.055400,8.130000,523502.5101,15.9600,1.7700,10.620,0.0400,1,5263,102960,50.0,50.0,80.0,20.0
3,58,1024,0,0,0,1,1,1,0,1,1,1,1,0,1,1,1,0,0,0,0,0,447.8813,8.510000,0.055400,8.570000,523502.5101,6.2600,1.7717,10.630,0.0200,1,5263,102960,50.0,50.0,50.0,50.0
3,59,1024,0,0,0,0,1,0,0,1,1,1,0,0,1,0,0,0,1,1,1,0,400.5143,7.610000,0.055400,7.670000,523502.5101,26.6500,1.7583,10.550,0.1200,1,5263,102960,50.0,50.0,70.0,30.0
3,60,1024,0,0,1,1,0,0,0,1,1,1,0,0,0,1,1,1,1,1,1,1,419.4611,7.970000,0.055400,8.030000,523502.5101,11.4000,1.7700,10.620,0.0000,1,5263,102960,50.0,50.0,30.0,70.0
3,61,1024,0,0,0,0,1,0,0,0,1,1,0,0,0,1,0,0,1,0,1,0,1000000000.0000,6.893000,0.055400,6.940000,523502.5101,-100.0000,1.7767,10.660,0.0200,1,-1,-1,60.0,40.0,80.0,20.0
3,62,1024,1,0,0,0,1,1,0,1,1,0,0,1,0,0,1,0,1,1,1,1,1000000000.0000,8.060000,0.055400,8.120000,523502.5101,-100.0000,1.7750,10.650,0.0300,1,-1,-1,40.0,60.0,50.0,50.0
3,63,1024,1,0,1,1,1,0,1,1,1,1,1,1,0,1,0,1,0,0,1,1,1000000000.0000,8.350000,0.055400,8.400000,523502.5101,-100.0000,1.7750,10.650,0.0000,1,-1,-1,30.0,70.0,30.0,70.0
3,64,1024,1,0,0,1,1,0,0,1,0,0,1,0,0,0,1,0,1,1,1,0,438.4079,8.330000,0.055400,8.380000,523502.5101,26.5000,1.7667,10.600,0.0700,1,5263,102960,40.0,60.0,70.0,30.0
3,65,1024,1,0,0,0,0,1,1,1,0,0,0,0,1,0,1,0,0,0,1,0,409.4614,7.780000,0.055400,7.840000,523502.5101,26.5000,1.7750,10.650,0.0000,1,5263,102960,50.0,50.0,80.0,20.0
3,66,1024,0,0,1,1,1,0,1,0,1,0,0,1,1,1,1,1,1,0,0,1,429.4608,8.160000,0.055400,8.210000,523502.5101,10.1900,1.7783,10.670,0.0000,1,5263,102960,30.0,70.0,50.0,50.0
3,67,1024,0,0,0,1,0,0,0,0,0,0,1,1,1,1,1,0,1,1,1,1,408.9351,7.770000,0.055400,7.830000,523502.5101,10.2500,1.7750,10.650,0.0000,1,5263,102960,50.0,50.0,50.0,50.0
3,68,1024,1,1,1,1,1,1,1,1,1,1,1,1,0,0,1,1,1,1,0,0,424.1978,8.060000,0.055400,8.110000,523502.5101,19.0400,1.7567,10.540,0.1200,1,5263,102960,20.0,80.0,20.0,80.0
3,69,1024,1,0,1,1,0,0,1,1,1,0,1,0,0,1,0,0,0,0,0,0,424.7241,8.070000,0.055400,8.120000,523502.5101,26.3800,1.7733,10.640,0.0400,1,5263,102960,50.0,50.0,70.0,30.0
3,70,1024,0,1,1,1,1,1,0,0,1,1,0,0,1,1,1,1,0,0,1,0,414.1981,7.870000,0.055400,7.930000,523502.5101,12.6200,1.7533,10.520,0.1500,1,5263,102960,40.0,60.0,40.0,60.0
3,71,1024,1,0,1,0,0,0,1,1,0,0,1,1,0,1,0,1,1,0,1,1,410.5140,7.800000,0.055400,7.860000,523502.5101,9.9400,1.7750,10.650,0.0100,1,5263,102960,40.0,60.0,50.0,50.0
3,72,1024,0,1,0,1,0,1,1,0,0,1,0,1,0,1,0,1,0,1,0,1,1000000000.0000,7.550000,0.055400,7.610000,523502.5101,-100.0000,1.7733,10.640,0.0100,1,-1,-1,90.0,10.0,10.0,90.0
3,73,1024,1,0,1,1,0,0,1,1,1,0,0,1,1,0,0,0,1,1,0,0,1000000000.0000,8.180000,0.055400,8.230000,523502.5101,-100.0000,1.7683,10.610,0.0600,1,-1,-1,40.0,60.0,60.0,40.0
3,74,1024,0,0,0,0,0,0,1,1,0,0,1,1,1,1,1,1,1,1,1,1,1000000000.0000,1000.000000,0.000000,1000.000000,523502.5101,-100.0000,1.7683,10.610,0.0100,1,-1,-1,40.0,60.0,40.0,60.0
3,75,1024,0,0,1,1,0,0,0,0,0,1,0,0,1,0,0,1,0,0,0,1,1000000000.0000,7.970000,0.055400,8.020000,523502.5101,-100.0000,1.7817,10.690,0.0000,1,-1,-1,80.0,20.0,60.0,40.0
3,76,1024,0,1,0,0,1,0,0,0,1,0,1,0,1,1,1,0,1,1,1,0,1000000000.0000,6.811000,0.055400,6.860000,523502.5101,-100.0000,1.7533,10.520,0.1400,1,-1,-1,30.0,70.0,70.0,30.0
3,77,1024,1,0,0,1,1,0,0,1,1,1,1,1,1,1,1,1,0,0,0,0,1000000000.0000,7.950000,0.055400,8.010000,523502.5101,-100.0000,1.7750,10.650,0.0300,1,-1,-1,40.0,60.0,40.0,60.0
3,78,1024,0,0,0,1,1,1,1,1,1,0,1,0,1,1,1,1,0,1,1,0,1000000000.0000,7.960000,0.055400,8.010000,523502.5101,-100.0000,1.7733,10.640,0.0200,1,-1,-1,30.0,70.0,40.0,60.0
3,79,1024,1,0,1,0,1,1,1,0,0,1,0,0,1,1,0,0,0,0,1,0,1000000000.0000,7.990000,0.055400,8.050000,523502.5101,-100.0000,1.7733,10.640,0.0200,1,-1,-1,40.0,60.0,70.0,30.0
3,80,1024,0,0,0,0,0,0,0,0,0,0,1,0,1,1,1,1,1,1,1,1,1000000000.0000,7.810000,0.055400,7.860000,523502.5101,-100.0000,1.7733,10.640,0.0400,1,-1,-1,50.0,50.0,60.0,40.0
3,81,1024,1,1,1,0,1,1,1,0,0,1,1,0,1,1,1,1,1,1,0,0,1000000000.0000,8.210000,0.055400,8.260000,523502.5101,-100.0000,1.7767,10.660,0.0100,1,-1,-1,20.0,80.0,40.0,60.0
3,82,1024,0,0,1,1,0,0,1,0,1,1,0,0,0,1,1,0,1,1,0,0,1000000000.0000,8.100000,0.055400,8.160000,523502.5101,-100.0000,1.7717,10.630,0.0300,1,-1,-1,50.0,50.0,60.0,40.0
3,83,1024,1,0,1,1,1,0,1,1,1,0,0,1,0,1,0,0,1,0,0,0,1000000000.0000,8.710000,0.055400,8.760000,523502.5101,-100.0000,1.7733,10.640,0.0000,1,-1,-1,40.0,60.0,60.0,40.0
3,84,1024,0,0,1,0,0,1,1,0,0,0,1,1,0,0,1,0,1,0,1,0,1000000000.0000,8.040000,0.055400,8.090000,523502.5101,-100.0000,1.7683,10.610,0.0500,1,-1,-1,40.0,60.0,80.0,20.0
3,85,1024,1,1,1,1,1,1,0,0,1,1,0,0,1,1,0,0,0,0,1,0,1000000000.0000,8.030000,0.055400,8.090000,523502.5101,-100.0000,1.7800,10.680,0.0000,1,-1,-1,40.0,60.0,50.0,50.0
3,86,1024,0,1,0,0,1,0,0,0,1,0,0,1,1,1,0,0,1,1,1,0,1000000000.0000,8.080000,0.055400,8.130000,523502.5101,-100.0000,1.7750,10.650,0.0100,1,-1,-1,50.0,50.0,60.0,40.0
3,87,1024,1,1,0,1,0,0,0,0,0,0,0,0,0,0,0,0,0,0,0,0,1000000000.0000,8.130000,0.055400,8.190000,523502.5101,-100.0000,1.7433,10.460,0.1900,1,-1,-1,90.0,10.0,80.0,20.0
3,88,1024,1,0,1,1,1,1,1,1,1,0,1,1,0,1,0,0,0,0,0,0,1000000000.0000,8.260000,0.055400,8.310000,523502.5101,-100.0000,1.7767,10.660,0.0100,1,-1,-1,40.0,60.0,50.0,50.0
3,89,1024,0,1,1,1,1,1,1,1,1,1,0,0,0,0,0,0,0,0,0,0,1000000000.0000,7.710000,0.055400,7.760000,523502.5101,-100.0000,1.7617,10.570,0.1000,1,-1,-1,60.0,40.0,50.0,50.0
3,90,1024,0,0,1,1,0,0,0,0,0,1,0,0,1,0,1,1,0,0,0,1,1000000000.0000,7.860000,0.055400,7.920000,523502.5101,-100.0000,1.7717,10.630,0.0300,1,-1,-1,70.0,30.0,60.0,40.0
3,91,1024,0,0,1,1,0,0,1,0,1,1,0,0,1,0,1,1,1,1,1,1,1000000000.0000,7.910000,0.055400,7.960000,523502.5101,-100.0000,1.7800,10.680,0.0000,1,-1,-1,30.0,70.0,50.0,50.0
3,92,1024,0,0,0,0,1,1,1,1,1,1,1,1,1,1,1,1,1,1,1,0,1000000000.0000,8.040000,0.055400,8.090000,523502.5101,-100.0000,1.7700,10.620,0.0300,1,-1,-1,20.0,80.0,30.0,70.0
3,93,1024,0,1,1,1,0,0,0,0,0,0,0,0,0,0,0,0,0,0,0,0,1000000000.0000,8.080000,0.055400,8.140000,523502.5101,-100.0000,1.7767,10.660,0.0000,1,-1,-1,90.0,10.0,80.0,20.0
3,94,1024,0,0,1,1,1,1,0,0,1,0,1,1,0,0,1,0,1,1,1,1,411.5666,7.820000,0.055400,7.880000,523502.5101,10.2200,1.7683,10.610,0.0700,1,5263,102960,30.0,70.0,50.0,50.0
3,95,1024,1,0,1,0,0,1,1,1,0,0,0,0,1,0,1,0,0,0,1,0,408.4088,7.760000,0.055400,7.820000,523502.5101,26.5000,1.7767,10.660,0.0200,1,5263,102960,40.0,60.0,80.0,20.0
3,96,1024,0,0,0,1,0,1,1,0,0,0,1,0,0,1,0,0,0,1,0,1,439.9868,8.360000,0.055400,8.410000,523502.5101,9.9800,1.7767,10.660,0.0000,1,5263,102960,80.0,20.0,50.0,50.0
3,97,1024,0,0,0,0,1,0,1,0,0,0,0,0,0,1,0,0,0,0,1,0,392.0935,7.450000,0.055400,7.500000,523502.5101,26.3400,1.7750,10.650,0.0400,1,5263,102960,70.0,30.0,90.0,10.0
3,99,1024,0,0,0,0,1,1,1,0,0,0,1,1,1,1,1,1,1,1,1,0,420.5137,7.990000,0.055400,8.050000,523502.5101,27.3200,1.7767,10.660,0.0100,1,5263,102960,30.0,70.0,50.0,50.0
4,0,1024,0,0,1,1,1,0,1,1,1,0,0,1,1,0,0,0,1,0,0,0,431.0397,8.190000,0.055400,8.250000,523502.5101,26.5300,1.7767,10.660,0.0300,1,5263,102960,40.0,60.0,70.0,30.0
4,1,1024,1,1,0,0,1,1,1,1,1,1,1,1,1,1,1,1,1,1,1,1,429.4608,8.160000,0.055400,8.210000,523502.5101,16.0300,1.7767,10.660,0.0100,1,5263,102960,10.0,90.0,10.0,90.0
4,2,1024,0,0,1,1,0,0,0,0,0,0,1,1,0,0,0,0,0,0,0,0,403.6721,7.670000,0.055400,7.730000,523502.5101,26.3900,1.7767,10.660,0.0100,1,5263,102960,80.0,20.0,80.0,20.0
4,3,1024,0,0,0,0,0,0,0,0,0,0,1,1,0,1,0,1,1,1,1,1,414.1981,7.870000,0.055400,7.930000,523502.5101,10.9000,1.7733,10.640,0.0200,1,5263,102960,70.0,30.0,50.0,50.0
4,4,1024,1,1,1,1,1,1,1,1,1,1,0,0,0,0,1,0,1,1,1,1,405.7773,7.710000,0.055400,7.760000,523502.5101,3.0500,1.7767,10.660,0.0200,1,5263,102960,20.0,80.0,30.0,70.0
4,5,1024,0,0,0,0,1,1,1,0,0,1,1,1,1,1,1,0,1,1,1,0,424.7241,8.070000,0.055400,8.120000,523502.5101,27.0200,1.7800,10.680,-0.0100,0,5263,102960,30.0,70.0,50.0,50.0
4,6,1024,0,1,1,1,1,1,1,1,1,1,0,0,0,0,1,0,0,0,0,0,416.8296,7.920000,0.055400,7.970000,523502.5101,3.1300,1.7383,10.430,0.2500,1,5263,102960,50.0,50.0,50.0,50.0
4,7,1024,1,0,0,1,1,0,0,0,0,0,1,0,0,0,1,1,1,1,1,0,431.5660,8.200000,0.055400,8.260000,523502.5101,26.7200,1.7733,10.640,0.0300,1,5263,102960,40.0,60.0,70.0,30.0
4,8,1024,0,1,1,0,0,1,1,0,0,1,1,0,0,1,1,1,1,1,0,0,418.9348,7.960000,0.055400,8.020000,523502.5101,14.2500,1.7750,10.650,0.0100,1,5263,102960,50.0,50.0,40.0,60.0
4,9,1024,0,0,0,1,0,1,1,1,0,0,0,0,1,0,1,0,0,0,1,0,425.2504,8.080000,0.055400,8.130000,523502.5101,26.5000,1.7750,10.650,0.0100,1,5263,102960,60.0,40.0,70.0,30.0
4,10,1024,1,0,1,0,1,1,1,0,1,0,0,0,1,0,1,0,1,0,1,0,409.9877,7.790000,0.055400,7.840000,523502.5101,26.8000,1.7550,10.530,0.1400,1,5263,102960,10.0,90.0,90.0,10.0
4,11,1024,0,0,0,0,1,0,0,1,0,0,0,0,1,0,0,0,1,1,1,0,422.6189,8.030000,0.055400,8.080000,523502.5101,26.4700,1.7817,10.690,0.0100,1,5263,102960,60.0,40.0,80.0,20.0
4,12,1024,0,0,0,0,1,0,1,0,0,0,1,1,1,1,0,0,0,0,1,0,369.4626,7.020000,0.055400,7.080000,523502.5101,26.6300,1.7683,10.610,0.0500,1,5263,102960,50.0,50.0,80.0,20.0
4,13,1024,1,1,0,0,1,1,1,0,1,1,1,0,0,0,0,1,0,0,1,0,427.8819,8.130000,0.055400,8.190000,523502.5101,15.8100,1.7783,10.670,0.0100,1,5263,102960,40.0,60.0,60.0,40.0
4,14,1024,1,1,1,1,1,1,1,1,1,0,1,1,1,1,1,1,1,1,0,1,404.1984,7.680000,0.055400,7.740000,523502.5101,4.6600,1.7783,10.670,0.0300,1,5263,102960,10.0,90.0,10.0,90.0
4,15,1024,1,0,1,1,1,1,1,0,1,0,1,0,1,1,0,0,0,1,0,0,432.6186,8.220000,0.055400,8.280000,523502.5101,26.5500,1.7767,10.660,0.0100,1,5263,102960,30.0,70.0,60.0,40.0
4,16,1024,1,1,1,1,1,1,1,1,1,1,1,0,0,0,1,1,1,1,0,0,410.5140,7.800000,0.055400,7.860000,523502.5101,19.4100,1.7750,10.650,0.0200,1,5263,102960,20.0,80.0,30.0,70.0
4,17,1024,1,0,0,0,0,1,1,0,0,0,0,0,1,0,1,1,0,0,1,0,411.5666,7.820000,0.055400,7.870000,523502.5101,26.6300,1.7817,10.690,0.0000,1,5263,102960,50.0,50.0,80.0,20.0
4,18,1024,1,1,1,0,1,1,0,0,1,1,1,1,0,1,1,1,1,1,1,1,428.4082,8.140000,0.055400,8.200000,523502.5101,4.7200,1.7783,10.670,0.0000,1,5263,102960,20.0,80.0,20.0,80.0
4,19,1024,1,1,1,0,1,1,1,1,1,1,1,1,1,1,1,0,1,1,1,0,414.7244,7.880000,0.055400,7.930000,523502.5101,17.1600,1.7733,10.640,0.0100,1,5263,102960,0.0,100.0,30.0,70.0
4,20,1024,0,0,0,0,0,0,0,0,0,0,0,0,1,0,0,1,1,1,1,1,1000000000.0000,7.510000,0.055400,7.570000,523502.5101,-100.0000,1.7683,10.610,0.0700,1,-1,-1,70.0,30.0,70.0,30.0
4,21,1024,0,0,0,1,1,1,0,0,0,0,1,1,1,1,1,1,0,0,1,1,1000000000.0000,7.930000,0.055400,7.980000,523502.5101,-100.0000,1.7700,10.620,0.0600,1,-1,-1,50.0,50.0,40.0,60.0
4,22,1024,0,0,1,1,0,0,1,1,1,1,0,0,0,0,1,0,0,0,0,0,1000000000.0000,7.940000,0.055400,7.990000,523502.5101,-100.0000,1.7567,10.540,0.1100,1,-1,-1,60.0,40.0,70.0,30.0
4,23,1024,0,0,0,1,0,0,0,0,0,0,1,1,1,1,1,1,1,1,0,0,1000000000.0000,7.790000,0.055400,7.840000,523502.5101,-100.0000,1.7550,10.530,0.1500,1,-1,-1,60.0,40.0,50.0,50.0
4,24,1024,0,0,0,1,1,0,1,1,0,0,1,1,0,1,1,0,1,1,1,1,1000000000.0000,8.020000,0.055400,8.080000,523502.5101,-100.0000,1.7783,10.670,0.0000,1,-1,-1,40.0,60.0,40.0,60.0
4,25,1024,0,0,0,0,1,1,0,1,1,1,0,0,1,0,0,0,1,1,1,0,415.2507,7.890000,0.055400,7.940000,523502.5101,6.2400,1.7733,10.640,0.0300,1,5263,102960,50.0,50.0,60.0,40.0
4,26,1024,0,0,1,1,1,0,0,0,1,0,0,1,0,0,1,0,1,1,1,1,424.1978,8.060000,0.055400,8.110000,523502.5101,10.2100,1.7650,10.590,0.0800,1,5263,102960,40.0,60.0,60.0,40.0
4,27,1024,0,0,1,1,0,0,1,0,1,1,0,0,0,1,1,1,1,1,1,0,422.0926,8.020000,0.055400,8.070000,523502.5101,26.8500,1.7833,10.700,0.0200,1,5263,102960,40.0,60.0,50.0,50.0
4,28,1024,1,0,0,0,1,0,0,1,1,1,0,0,0,1,0,0,1,1,1,0,413.6718,7.860000,0.055400,7.920000,523502.5101,26.4900,1.7733,10.640,0.0000,1,5263,102960,50.0,50.0,60.0,40.0
4,29,1024,1,1,1,1,1,0,1,0,0,0,0,0,0,0,1,1,1,0,1,0,432.0923,8.210000,0.055400,8.270000,523502.5101,16.6300,1.7750,10.650,0.0200,1,5263,102960,30.0,70.0,70.0,30.0
4,30,1024,0,0,0,0,0,0,0,0,0,0,0,0,1,1,1,1,1,1,1,1,412.6192,7.840000,0.055400,7.900000,523502.5101,12.3300,1.7717,10.630,0.0200,1,5263,102960,60.0,40.0,60.0,40.0
4,31,1024,1,0,1,1,1,1,1,1,1,0,1,0,1,0,0,0,0,0,0,0,425.7767,8.090000,0.055400,8.150000,523502.5101,26.5000,1.7700,10.620,0.0300,1,5263,102960,30.0,70.0,70.0,30.0
4,32,1024,0,0,0,1,0,0,0,0,0,0,1,1,1,1,1,0,1,1,0,0,427.8819,8.130000,0.055400,8.180000,523502.5101,26.6100,1.7567,10.540,0.0800,1,5263,102960,60.0,40.0,60.0,40.0
4,33,1024,0,0,1,0,1,1,0,0,1,1,0,0,0,0,0,0,0,0,0,0,1000000000.0000,7.900000,0.055400,7.950000,523502.5101,-100.0000,1.7583,10.550,0.0900,1,-1,-1,70.0,30.0,80.0,20.0
4,34,1024,1,1,1,0,0,0,1,0,0,1,1,0,1,1,1,1,1,1,0,0,1000000000.0000,8.210000,0.055400,8.260000,523502.5101,-100.0000,1.7733,10.640,0.0000,1,-1,-1,30.0,70.0,50.0,50.0
4,35,1024,1,1,1,1,1,1,1,1,1,1,1,1,1,1,1,0,1,1,0,0,1000000000.0000,7.840000,0.055400,7.900000,523502.5101,-100.0000,1.7617,10.570,0.0700,1,-1,-1,10.0,90.0,20.0,80.0
4,36,1024,0,0,0,1,1,1,1,0,1,1,1,0,0,1,0,0,0,1,0,1,1000000000.0000,8.100000,0.055400,8.160000,523502.5101,-100.0000,1.7733,10.640,0.0200,1,-1,-1,60.0,40.0,40.0,60.0
4,37,1024,1,0,0,1,0,0,0,0,0,0,1,1,1,1,1,1,1,1,1,1,1000000000.0000,8.080000,0.055400,8.130000,523502.5101,-100.0000,1.7767,10.660,0.0000,1,-1,-1,40.0,60.0,40.0,60.0
4,38,1024,1,1,1,1,1,0,1,1,1,1,0,0,0,0,0,0,0,0,0,0,1000000000.0000,8.440000,0.055400,8.500000,523502.5101,-100.0000,1.7767,10.660,0.0200,1,-1,-1,50.0,50.0,60.0,40.0
4,39,1024,0,0,0,0,1,0,1,0,1,1,0,0,0,0,0,0,0,0,1,0,408.4088,7.760000,0.055400,7.820000,523502.5101,26.5600,1.7633,10.580,0.0700,1,5263,102960,60.0,40.0,90.0,10.0
4,40,1024,1,0,0,1,1,0,0,1,1,1,0,0,1,1,1,1,0,0,1,0,425.2504,8.080000,0.055400,8.130000,523502.5101,26.7500,1.7700,10.620,0.0400,1,5263,102960,40.0,60.0,50.0,50.0
4,41,1024,0,0,0,0,1,0,1,1,1,1,1,1,1,1,1,0,1,1,1,0,397.3565,7.550000,0.055400,7.610000,523502.5101,27.1800,1.7633,10.580,0.0900,1,5263,102960,20.0,80.0,50.0,50.0
4,42,1024,1,0,0,0,1,1,1,1,1,1,1,0,0,1,0,0,0,0,0,0,425.2504,8.080000,0.055400,8.130000,523502.5101,26.5000,1.7800,10.680,0.0000,1,5263,102960,50.0,50.0,60.0,40.0
4,43,1024,1,1,1,1,0,0,1,1,0,0,0,0,1,1,0,0,0,0,0,0,421.0400,8.000000,0.055400,8.050000,523502.5101,15.8600,1.7717,10.630,0.0400,1,5263,102960,60.0,40.0,60.0,40.0
4,44,1024,1,1,0,0,1,0,1,1,0,0,0,0,0,0,1,1,1,0,1,0,415.2507,7.890000,0.055400,7.940000,523502.5101,16.0900,1.7750,10.650,0.0000,1,5263,102960,40.0,60.0,70.0,30.0
4,45,1024,1,0,0,1,1,0,0,1,0,0,1,1,0,0,1,0,1,1,0,0,1000000000.0000,8.170000,0.055400,8.220000,523502.5101,-100.0000,1.7700,10.620,0.0300,1,-1,-1,50.0,50.0,60.0,40.0
4,46,1024,1,0,1,0,1,0,1,0,1,0,1,0,1,1,1,0,1,0,1,0,1000000000.0000,7.370000,0.055400,7.430000,523502.5101,-100.0000,1.7800,10.680,0.0400,1,-1,-1,0.0,100.0,90.0,10.0
4,47,1024,1,0,0,0,1,0,1,0,1,0,1,0,1,0,1,0,1,0,1,0,1000000000.0000,6.980000,0.055200,7.030000,523502.5101,-100.0000,1.7800,10.680,0.0000,1,-1,-1,10.0,90.0,100.0,0.0
4,48,1024,1,1,1,1,1,1,1,1,1,1,1,1,0,0,0,0,0,0,0,0,1000000000.0000,7.420000,0.055400,7.470000,523502.5101,-100.0000,1.7750,10.650,0.0400,1,-1,-1,40.0,60.0,40.0,60.0
4,49,1024,0,0,0,0,0,0,1,0,0,1,1,1,1,1,0,0,1,1,1,0,1000000000.0000,7.860000,0.055400,7.910000,523502.5101,-100.0000,1.7450,10.470,0.1700,1,-1,-1,50.0,50.0,60.0,40.0
4,51,1024,1,0,0,0,1,1,1,1,1,0,1,0,0,1,0,0,0,0,1,1,1000000000.0000,7.970000,0.055400,8.030000,523502.5101,-100.0000,1.7750,10.650,0.0200,1,-1,-1,40.0,60.0,60.0,40.0
4,52,1024,1,1,0,0,1,1,1,0,0,0,0,0,0,1,0,0,0,0,1,0,426.3030,8.100000,0.055400,8.150000,523502.5101,15.3300,1.7533,10.520,0.1300,1,5263,102960,60.0,40.0,70.0,30.0
4,53,1024,0,0,0,0,1,1,1,0,1,1,0,0,1,1,1,1,1,1,1,0,424.1978,8.060000,0.055400,8.110000,523502.5101,27.3200,1.7733,10.640,0.0100,1,5263,102960,30.0,70.0,50.0,50.0
4,54,1024,0,0,0,0,1,0,1,0,0,0,1,1,1,1,1,1,1,1,1,0,407.3562,7.740000,0.055400,7.800000,523502.5101,27.3500,1.7800,10.680,0.0000,1,5263,102960,30.0,70.0,60.0,40.0
4,55,1024,0,0,0,0,1,1,0,0,1,1,0,0,1,1,0,0,1,1,1,0,394.1987,7.490000,0.055400,7.550000,523502.5101,26.6400,1.7733,10.640,0.0200,1,5263,102960,50.0,50.0,60.0,40.0
4,56,1024,0,0,1,1,1,0,1,0,0,0,0,0,0,1,0,0,0,0,1,0,407.8825,7.750000,0.055400,7.800000,523502.5101,26.3400,1.7767,10.660,0.0200,1,5263,102960,60.0,40.0,80.0,20.0
4,57,1024,0,0,1,0,0,0,0,0,0,0,1,1,1,1,1,1,1,1,1,1,416.3033,7.910000,0.055400,7.970000,523502.5101,13.4900,1.7750,10.650,0.0000,1,5263,102960,40.0,60.0,50.0,50.0
4,58,1024,0,0,0,1,0,0,0,0,1,0,1,1,1,1,1,1,0,0,1,1,413.1455,7.850000,0.055400,7.900000,523502.5101,10.1700,1.7767,10.660,0.0000,1,5263,102960,50.0,50.0,50.0,50.0
4,59,1024,1,1,1,0,1,1,1,1,1,1,0,0,1,1,1,1,1,1,0,0,444.1972,8.440000,0.055400,8.500000,523502.5101,16.1600,1.7750,10.650,0.0300,1,5263,102960,20.0,80.0,30.0,70.0
4,60,1024,1,1,1,1,1,1,1,1,1,1,1,1,1,1,1,1,0,1,0,1,367.8837,6.990000,0.055400,7.050000,523502.5101,10.1100,1.7050,10.230,0.3400,1,5263,102960,20.0,80.0,0.0,100.0
4,61,1024,1,1,0,0,1,0,1,0,1,1,1,0,1,0,0,1,0,0,1,0,446.8287,8.490000,0.055400,8.540000,523502.5101,16.1900,1.7733,10.640,0.0000,1,5263,102960,30.0,70.0,70.0,30.0
4,62,1024,0,0,0,0,1,1,0,0,1,0,0,0,0,1,1,0,1,1,1,1,1000000000.0000,8.270000,0.055400,8.320000,523502.5101,-100.0000,1.7783,10.670,0.0100,1,-1,-1,50.0,50.0,60.0,40.0
4,63,1024,0,0,0,1,0,1,1,1,0,0,1,1,0,0,1,0,0,1,1,0,1000000000.0000,7.850000,0.055400,7.900000,523502.5101,-100.0000,1.7733,10.640,0.0100,1,-1,-1,60.0,40.0,50.0,50.0
4,64,1024,1,1,0,0,1,1,1,1,1,1,1,1,1,1,1,0,1,1,1,0,1000000000.0000,8.060000,0.055400,8.110000,523502.5101,-100.0000,1.7733,10.640,0.0100,1,-1,-1,10.0,90.0,30.0,70.0
4,65,1024,0,1,0,0,1,0,0,0,0,0,1,1,1,1,1,0,1,1,1,0,1000000000.0000,8.040000,0.055400,8.090000,523502.5101,-100.0000,1.7100,10.260,0.3000,1,-1,-1,40.0,60.0,60.0,40.0
4,66,1024,0,0,1,1,0,0,0,1,1,1,1,1,0,1,1,1,1,1,1,1,1000000000.0000,8.070000,0.055400,8.120000,523502.5101,-100.0000,1.7750,10.650,0.0100,1,-1,-1,40.0,60.0,20.0,80.0
4,68,1024,0,0,0,0,0,0,0,0,0,0,1,1,0,0,0,1,1,1,1,1,1000000000.0000,7.690000,0.055400,7.750000,523502.5101,-100.0000,1.7733,10.640,0.0300,1,-1,-1,70.0,30.0,60.0,40.0
4,69,1024,0,0,1,1,1,1,1,1,1,1,1,1,1,1,1,0,1,1,1,0,1000000000.0000,8.280000,0.055400,8.340000,523502.5101,-100.0000,1.7550,10.530,0.1500,1,-1,-1,10.0,90.0,30.0,70.0
4,70,1024,0,0,0,0,1,1,1,0,1,1,1,0,1,1,1,1,1,1,1,0,1000000000.0000,8.030000,0.055400,8.090000,523502.5101,-100.0000,1.7750,10.650,0.0100,1,-1,-1,20.0,80.0,50.0,50.0
4,71,1024,1,0,1,1,1,1,1,1,1,1,1,1,1,1,1,1,1,1,1,1,1000000000.0000,8.700000,0.055400,8.750000,523502.5101,-100.0000,1.7717,10.630,0.0300,1,-1,-1,0.0,100.0,10.0,90.0
4,72,1024,0,0,1,1,0,0,0,1,0,0,0,0,0,1,1,1,1,1,1,1,1000000000.0000,7.900000,0.055400,7.960000,523502.5101,-100.0000,1.7817,10.690,0.0200,1,-1,-1,60.0,40.0,40.0,60.0
4,73,1024,0,0,1,1,1,1,1,0,0,0,0,0,0,1,0,0,0,0,1,0,1000000000.0000,8.060000,0.055400,8.110000,523502.5101,-100.0000,1.7800,10.680,0.0100,1,-1,-1,60.0,40.0,70.0,30.0
4,74,1024,1,1,1,1,1,1,1,1,1,1,0,0,0,1,0,0,0,0,0,0,1000000000.0000,7.600000,0.055400,7.660000,523502.5101,-100.0000,1.7783,10.670,0.0000,1,-1,-1,50.0,50.0,40.0,60.0
4,75,1024,1,1,1,0,1,1,1,1,1,1,1,1,1,1,1,1,0,1,0,0,1000000000.0000,8.130000,0.055400,8.180000,523502.5101,-100.0000,1.7750,10.650,0.0100,1,-1,-1,20.0,80.0,20.0,80.0
4,76,1024,1,0,1,0,1,0,1,1,1,0,1,0,1,0,1,0,1,0,1,0,1000000000.0000,7.750000,0.055400,7.800000,523502.5101,-100.0000,1.7667,10.600,0.1000,1,-1,-1,0.0,100.0,90.0,10.0
4,77,1024,0,0,1,0,1,1,1,1,1,0,1,0,1,1,1,1,0,1,0,1,1000000000.0000,7.980000,0.055400,8.030000,523502.5101,-100.0000,1.7750,10.650,0.0200,1,-1,-1,30.0,70.0,40.0,60.0
4,78,1024,0,0,0,0,1,0,0,0,1,0,1,1,1,1,1,0,1,1,1,0,1000000000.0000,7.930000,0.055400,7.980000,523502.5101,-100.0000,1.7667,10.600,-0.1100,0,-1,-1,30.0,70.0,70.0,30.0
4,79,1024,0,0,1,0,1,1,1,0,1,1,0,0,0,0,0,0,0,0,0,0,1000000000.0000,7.800000,0.055400,7.860000,523502.5101,-100.0000,1.7800,10.680,-0.0200,0,-1,-1,60.0,40.0,80.0,20.0
4,80,1024,1,0,0,0,0,0,1,1,1,0,1,0,0,1,0,0,0,0,0,0,401.5669,7.630000,0.055400,7.680000,523502.5101,26.3800,1.7733,10.640,0.0400,1,5263,102960,60.0,40.0,80.0,20.0
4,82,1024,1,1,1,0,1,1,1,0,1,0,0,0,1,1,0,0,0,0,1,0,416.8296,7.920000,0.055400,7.980000,523502.5101,15.5700,1.7733,10.640,0.0200,1,5263,102960,30.0,70.0,70.0,30.0
4,83,1024,1,1,1,1,1,0,1,1,1,1,1,1,1,1,1,1,1,1,0,1,411.5666,7.820000,0.055400,7.870000,523502.5101,3.7600,1.7750,10.650,0.0000,1,5263,102960,10.0,90.0,10.0,90.0
4,84,1024,0,0,0,0,1,1,0,0,1,1,0,0,0,0,0,0,1,1,1,0,412.0929,7.830000,0.055400,7.890000,523502.5101,26.5700,1.7767,10.660,0.0000,1,5263,102960,60.0,40.0,70.0,30.0
4,85,1024,1,1,1,1,1,1,1,0,1,1,1,1,1,1,1,1,1,1,0,0,416.8296,7.920000,0.055400,7.980000,523502.5101,18.7000,1.7733,10.640,0.0300,1,5263,102960,10.0,90.0,20.0,80.0
4,86,1024,0,1,0,0,1,1,1,0,0,1,1,0,0,1,1,1,1,1,0,0,444.7235,8.450000,0.055400,8.500000,523502.5101,14.0300,1.7600,10.560,0.1400,1,5263,102960,50.0,50.0,40.0,60.0
4,87,1024,0,1,0,1,0,0,0,1,1,1,1,0,1,1,1,0,0,0,0,0,409.4614,7.780000,0.055400,7.830000,523502.5101,14.0800,1.7733,10.640,0.0200,1,5263,102960,60.0,40.0,50.0,50.0
4,88,1024,1,0,1,0,1,0,1,1,1,0,0,0,1,0,1,0,1,0,1,0,402.6195,7.650000,0.055400,7.700000,523502.5101,26.8500,1.7733,10.640,0.0100,1,5263,102960,10.0,90.0,90.0,10.0
4,89,1024,1,1,1,1,1,1,1,1,1,1,1,1,0,0,1,1,1,1,1,1,1000000000.0000,7.600000,0.055400,7.660000,523502.5101,-100.0000,1.7583,10.550,0.1100,1,-1,-1,10.0,90.0,10.0,90.0
4,90,1024,0,1,1,1,0,0,1,1,1,1,0,0,0,0,1,1,1,1,0,0,1000000000.0000,8.080000,0.055400,8.130000,523502.5101,-100.0000,1.7417,10.450,0.2000,1,-1,-1,50.0,50.0,40.0,60.0
4,91,1024,0,1,1,0,1,1,1,0,0,1,1,0,1,0,1,1,1,1,0,0,1000000000.0000,8.060000,0.055400,8.120000,523502.5101,-100.0000,1.7733,10.640,0.0300,1,-1,-1,30.0,70.0,50.0,50.0
4,92,1024,1,0,1,0,0,1,1,1,0,0,1,1,1,1,1,0,1,0,1,1,1000000000.0000,8.170000,0.055400,8.230000,523502.5101,-100.0000,1.7717,10.630,0.0000,1,-1,-1,20.0,80.0,50.0,50.0
4,93,1024,0,0,1,1,0,0,0,1,1,1,0,0,0,1,1,1,0,0,1,1,1000000000.0000,8.080000,0.055400,8.140000,523502.5101,-100.0000,1.7783,10.670,0.0100,1,-1,-1,60.0,40.0,40.0,60.0
4,94,1024,1,0,0,1,0,1,1,1,0,0,0,0,0,1,1,0,0,0,1,0,1000000000.0000,8.170000,0.055400,8.220000,523502.5101,-100.0000,1.7667,10.600,0.0700,1,-1,-1,60.0,40.0,60.0,40.0
4,95,1024,1,0,1,1,1,1,1,1,1,0,0,0,0,1,0,0,0,0,0,0,423.6715,8.050000,0.055400,8.110000,523502.5101,26.2400,1.7733,10.640,0.0600,1,5263,102960,50.0,50.0,60.0,40.0
4,96,1024,0,0,1,1,1,0,1,0,1,1,0,0,0,1,1,1,1,1,0,0,435.2501,8.270000,0.055400,8.330000,523502.5101,26.7000,1.7733,10.640,0.0300,1,5263,102960,40.0,60.0,50.0,50.0
4,97,1024,0,1,1,1,1,1,1,1,1,1,0,0,1,1,0,0,0,0,1,0,410.5140,7.800000,0.055400,7.860000,523502.5101,3.3300,1.7750,10.650,0.0100,1,5263,102960,40.0,60.0,40.0,60.0
4,98,1024,1,0,0,1,0,0,0,1,0,0,1,0,0,0,1,0,1,1,0,0,426.8293,8.110000,0.055400,8.170000,523502.5101,26.3800,1.7783,10.670,0.0100,1,5263,102960,60.0,40.0,70.0,30.0
4,99,1024,1,1,1,1,1,1,0,0,1,1,0,0,0,0,1,0,0,0,0,0,419.9874,7.980000,0.055400,8.040000,523502.5101,16.2700,1.7750,10.650,0.0100,1,5263,102960,50.0,50.0,60.0,40.0
5,0,1024,0,0,0,0,0,0,0,0,0,0,1,1,1,1,1,1,1,1,1,0,430.5134,8.180000,0.055400,8.240000,523502.5101,27.1700,1.7650,10.590,0.0700,1,5263,102960,50.0,50.0,60.0,40.0
5,1,1024,1,0,1,0,0,0,1,0,1,0,1,0,1,0,1,0,1,0,1,0,361.6207,6.871000,0.055200,6.930000,523502.5101,26.7900,1.7717,10.630,0.0200,1,5263,102960,10.0,90.0,100.0,0.0
5,2,1024,1,1,1,1,0,0,0,0,0,0,1,0,0,0,0,0,0,0,0,0,425.2504,8.080000,0.055400,8.140000,523502.5101,15.8000,1.7617,10.570,0.1300,1,5263,102960,70.0,30.0,80.0,20.0
5,3,1024,0,0,0,0,0,0,0,0,0,0,0,0,1,1,1,1,1,1,0,0,424.1978,8.060000,0.055400,8.120000,523502.5101,26.8100,1.7767,10.660,0.0100,1,5263,102960,70.0,30.0,70.0,30.0
5,4,1024,0,0,1,1,0,0,0,1,1,1,0,0,0,1,0,0,1,1,1,1,420.5137,7.990000,0.055400,8.050000,523502.5101,10.2900,1.7767,10.660,0.0200,1,5263,102960,60.0,40.0,40.0,60.0
5,5,1024,1,1,0,1,1,1,1,0,1,1,1,1,1,1,1,1,1,1,0,0,409.4614,7.780000,0.055400,7.840000,523502.5101,16.3100,1.7733,10.640,0.0200,1,5263,102960,20.0,80.0,20.0,80.0
5,6,1024,0,1,0,1,0,0,0,1,1,1,1,1,1,1,1,0,0,0,0,0,409.4614,7.780000,0.055400,7.830000,523502.5101,14.2800,1.7617,10.570,0.1100,1,5263,102960,60.0,40.0,40.0,60.0
5,7,1024,1,0,0,1,1,0,0,0,0,0,1,1,0,0,1,1,1,1,1,0,425.2504,8.080000,0.055400,8.130000,523502.5101,26.8000,1.7617,10.570,0.1000,1,5263,102960,40.0,60.0,60.0,40.0
5,8,1024,1,0,1,0,0,1,1,1,0,0,1,1,0,0,1,0,1,1,1,0,430.5134,8.180000,0.055400,8.230000,523502.5101,26.6200,1.7783,10.670,0.0100,1,5263,102960,30.0,70.0,60.0,40.0
5,9,1024,1,0,1,0,1,1,1,0,1,0,1,1,1,0,1,0,1,0,1,0,422.0926,8.020000,0.055400,8.080000,523502.5101,26.9400,1.7767,10.660,0.0000,1,5263,102960,0.0,100.0,80.0,20.0
5,10,1024,1,1,1,0,1,0,1,1,1,1,1,1,1,1,1,0,1,1,1,0,416.8296,7.920000,0.055400,7.970000,523502.5101,16.7900,1.7817,10.690,0.0300,1,5263,102960,0.0,100.0,40.0,60.0
5,11,1024,1,1,1,1,0,0,1,1,1,1,1,1,1,1,0,0,0,1,0,1,421.5663,8.010000,0.055400,8.070000,523502.5101,2.4600,1.7717,10.630,0.0600,1,5263,102960,40.0,60.0,20.0,80.0
5,12,1024,0,0,0,0,0,0,0,1,1,1,0,0,1,0,0,0,1,1,1,0,1000000000.0000,6.710000,0.055400,6.770000,523502.5101,-100.0000,1.7567,10.540,0.1100,1,-1,-1,60.0,40.0,70.0,30.0
5,13,1024,1,0,1,1,0,1,1,1,0,0,0,0,1,0,1,0,1,1,1,0,437.3553,8.310000,0.055400,8.370000,523502.5101,26.6300,1.7733,10.640,0.0100,1,5263,102960,30.0,70.0,60.0,40.0
5,14,1024,0,0,0,0,1,0,1,1,1,1,1,1,1,1,1,0,1,1,0,0,410.5140,7.800000,0.055400,7.850000,523502.5101,27.0200,1.7767,10.660,0.0100,1,5263,102960,30.0,70.0,50.0,50.0
5,15,1024,1,1,1,1,1,1,0,0,1,1,1,1,1,1,1,1,1,1,0,1,402.0932,7.640000,0.055400,7.700000,523502.5101,4.1600,1.7733,10.640,0.0100,1,5263,102960,20.0,80.0,10.0,90.0
5,16,1024,1,1,1,1,1,1,1,1,0,0,1,1,0,0,1,1,1,1,0,0,402.6195,7.650000,0.055400,7.700000,523502.5101,17.9600,1.7683,10.610,-0.0900,0,5263,102960,30.0,70.0,30.0,70.0
5,17,1024,0,0,0,0,1,1,1,0,0,1,1,1,1,1,0,0,1,1,0,0,419.9874,7.980000,0.055400,8.030000,523502.5101,26.6600,1.7783,10.670,0.0100,1,5263,102960,50.0,50.0,50.0,50.0
5,18,1024,1,0,0,1,0,1,1,0,0,0,0,0,1,0,1,0,0,0,0,0,416.8296,7.920000,0.055400,7.980000,523502.5101,26.4600,1.7767,10.660,0.0200,1,5263,102960,60.0,40.0,80.0,20.0
5,19,1024,0,0,0,1,1,1,1,1,0,0,1,1,0,1,1,1,1,1,1,1,418.9348,7.960000,0.055400,8.020000,523502.5101,11.9000,1.7717,10.630,0.0100,1,5263,102960,40.0,60.0,20.0,80.0
5,20,1024,1,0,1,1,1,0,1,1,1,0,0,0,1,0,1,0,1,0,1,0,416.8296,7.920000,0.055400,7.980000,523502.5101,26.8500,1.7800,10.680,0.0100,1,5263,102960,10.0,90.0,80.0,20.0
5,21,1024,1,0,1,1,1,0,1,1,0,0,1,1,0,0,1,0,1,0,1,0,1000000000.0000,7.950000,0.055400,8.010000,523502.5101,-100.0000,1.7717,10.630,0.0500,1,-1,-1,20.0,80.0,70.0,30.0
5,22,1024,0,0,0,0,1,0,1,0,0,0,1,0,1,1,0,0,0,0,1,0,1000000000.0000,7.560000,0.055400,7.620000,523502.5101,-100.0000,1.7717,10.630,0.0200,1,-1,-1,50.0,50.0,90.0,10.0
5,23,1024,0,0,0,1,0,0,0,0,1,1,1,1,1,1,1,1,0,0,1,1,1000000000.0000,7.810000,0.055400,7.860000,523502.5101,-100.0000,1.8150,10.890,-0.2500,0,-1,-1,50.0,50.0,40.0,60.0
5,24,1024,0,0,0,0,1,0,1,0,0,0,1,1,1,0,0,0,0,0,1,0,1000000000.0000,7.170000,0.055400,7.230000,523502.5101,-100.0000,1.7350,10.410,0.2200,1,-1,-1,50.0,50.0,90.0,10.0
5,25,1024,0,0,0,0,1,0,0,0,0,0,1,1,1,0,1,1,1,1,1,1,1000000000.0000,1000.000000,0.000000,1000.000000,523502.5101,-100.0000,1.7750,10.650,0.0200,1,-1,-1,40.0,60.0,60.0,40.0
5,26,1024,1,1,1,1,1,1,1,1,1,1,0,0,0,0,1,1,1,1,0,0,1000000000.0000,7.840000,0.055400,7.900000,523502.5101,-100.0000,1.7767,10.660,0.0100,1,-1,-1,30.0,70.0,30.0,70.0
5,27,1024,0,1,0,0,1,1,1,0,0,1,1,0,0,1,1,1,1,1,1,1,429.4608,8.160000,0.055400,8.220000,523502.5101,3.7800,1.7717,10.630,0.0300,1,5263,102960,40.0,60.0,30.0,70.0
5,28,1024,0,0,0,0,1,0,0,1,1,1,0,0,1,0,1,0,1,1,1,0,415.7770,7.900000,0.055400,7.950000,523502.5101,26.7900,1.7383,10.430,0.2100,1,5263,102960,40.0,60.0,70.0,30.0
5,29,1024,1,0,1,1,0,1,1,1,1,1,1,0,1,0,1,0,0,0,1,0,358.7261,6.816000,0.055400,6.870000,523502.5101,26.9900,1.7767,10.660,0.0100,1,5263,102960,20.0,80.0,60.0,40.0
5,30,1024,0,0,0,0,1,1,1,1,1,1,1,0,1,1,1,0,1,1,1,0,420.5137,7.990000,0.055400,8.050000,523502.5101,27.1500,1.7600,10.560,0.1100,1,5263,102960,20.0,80.0,50.0,50.0
5,31,1024,1,0,0,1,1,0,0,0,0,0,1,0,0,0,1,0,1,0,1,0,413.6718,7.860000,0.055400,7.920000,523502.5101,26.5800,1.7717,10.630,0.0300,1,5263,102960,40.0,60.0,90.0,10.0
5,32,1024,0,0,1,1,0,0,1,0,1,1,0,0,1,0,1,1,1,1,1,0,417.3559,7.930000,0.055400,7.980000,523502.5101,27.0400,1.7500,10.500,0.1800,1,5263,102960,30.0,70.0,60.0,40.0
5,34,1024,0,1,0,0,1,1,0,0,1,0,1,1,1,1,0,0,1,1,1,0,433.1449,8.230000,0.055400,8.290000,523502.5101,14.1200,1.7700,10.620,0.0000,1,5263,102960,40.0,60.0,50.0,50.0
5,35,1024,1,1,1,1,0,0,0,0,0,0,0,0,0,0,1,1,0,0,0,0,416.3033,7.910000,0.055400,7.960000,523502.5101,15.8300,1.7767,10.660,0.0200,1,5263,102960,70.0,30.0,70.0,30.0
5,36,1024,0,0,0,1,1,0,0,0,0,0,1,1,1,1,1,0,1,1,0,0,428.9345,8.150000,0.055400,8.200000,523502.5101,26.6100,1.7750,10.650,0.0000,1,5263,102960,50.0,50.0,60.0,40.0
5,37,1024,0,0,0,0,1,0,0,1,1,1,0,0,0,1,0,0,0,0,1,1,402.6195,7.650000,0.055400,7.700000,523502.5101,9.9900,1.7767,10.660,0.0000,1,5263,102960,70.0,30.0,60.0,40.0
5,38,1024,1,1,1,0,1,1,1,1,1,1,1,1,1,1,1,1,1,1,1,0,1000000000.0000,7.880000,0.055400,7.930000,523502.5101,-100.0000,1.7667,10.600,0.0800,1,-1,-1,0.0,100.0,20.0,80.0
5,39,1024,0,1,1,1,1,1,1,1,1,1,0,0,1,1,1,1,0,0,1,0,1000000000.0000,7.770000,0.055400,7.820000,523502.5101,-100.0000,1.7783,10.670,0.0100,1,-1,-1,30.0,70.0,30.0,70.0
5,40,1024,1,0,0,1,1,0,0,1,1,1,1,0,0,0,1,0,1,1,1,0,430.5134,8.180000,0.055400,8.230000,523502.5101,26.6500,1.7667,10.600,0.0700,1,5263,102960,30.0,70.0,60.0,40.0
5,41,1024,1,1,1,1,1,1,1,1,1,1,0,0,0,0,1,0,0,0,1,0,401.0406,7.620000,0.055400,7.680000,523502.5101,18.0500,1.7467,10.480,0.1700,1,5263,102960,30.0,70.0,50.0,50.0
5,42,1024,1,1,1,1,1,1,1,1,1,1,1,0,0,0,1,0,1,1,0,0,359.3576,6.828000,0.055400,6.880000,523502.5101,19.1600,1.7717,10.630,0.0400,1,5263,102960,20.0,80.0,40.0,60.0
5,43,1024,1,0,1,0,1,0,1,1,1,0,0,1,1,0,0,0,1,0,0,0,416.8296,7.920000,0.055400,7.980000,523502.5101,26.5300,1.7583,10.550,0.1200,1,5263,102960,30.0,70.0,80.0,20.0
5,44,1024,1,0,1,0,1,1,1,1,1,0,1,1,1,0,1,1,0,1,0,0,399.9880,7.600000,0.055400,7.650000,523502.5101,16.8000,1.7433,10.460,0.2200,1,5263,102960,20.0,80.0,50.0,50.0
5,45,1024,1,0,0,1,0,1,1,1,1,0,1,0,1,0,1,0,0,0,1,0,423.6715,8.050000,0.055400,8.110000,523502.5101,26.7300,1.7683,10.610,0.0500,1,5263,102960,30.0,70.0,70.0,30.0
5,46,1024,1,0,1,0,1,1,1,1,1,0,1,0,0,1,1,1,0,1,0,0,427.3556,8.120000,0.055400,8.180000,523502.5101,16.5500,1.7750,10.650,0.0000,1,5263,102960,30.0,70.0,50.0,50.0
5,47,1024,0,0,1,1,1,1,0,0,1,1,1,1,0,0,1,0,1,1,1,1,426.8293,8.110000,0.055400,8.170000,523502.5101,10.2500,1.7750,10.650,0.0000,1,5263,102960,30.0,70.0,40.0,60.0
5,48,1024,0,0,0,0,0,0,0,0,0,0,1,1,1,0,1,1,1,1,0,0,404.1984,7.680000,0.055400,7.740000,523502.5101,26.7500,1.7800,10.680,0.0200,1,5263,102960,60.0,40.0,70.0,30.0
5,49,1024,0,0,0,1,1,0,1,0,0,0,0,0,0,0,0,0,0,0,1,0,1000000000.0000,7.970000,0.055400,8.030000,523502.5101,-100.0000,1.7817,10.690,0.0300,1,-1,-1,70.0,30.0,90.0,10.0
5,50,1024,0,0,0,1,0,0,0,0,1,0,1,1,1,1,1,1,1,1,1,1,1000000000.0000,1000.000000,0.000000,1000.000000,523502.5101,-100.0000,1.7783,10.670,0.0000,1,-1,-1,40.0,60.0,40.0,60.0
5,51,1024,0,0,0,0,0,0,0,0,0,0,1,1,0,0,1,1,1,1,1,1,1000000000.0000,7.550000,0.055400,7.610000,523502.5101,-100.0000,1.7600,10.560,0.1300,1,-1,-1,60.0,40.0,60.0,40.0
5,52,1024,0,0,0,0,1,1,1,0,1,1,0,0,1,1,0,0,1,1,1,0,1000000000.0000,7.800000,0.055400,7.850000,523502.5101,-100.0000,1.7767,10.660,0.0000,1,-1,-1,40.0,60.0,60.0,40.0
5,53,1024,1,1,0,0,1,1,1,0,1,1,0,0,0,1,0,0,0,0,1,0,1000000000.0000,1000.000000,0.000000,1000.000000,523502.5101,-100.0000,1.7700,10.620,0.0400,1,-1,-1,50.0,50.0,60.0,40.0
5,54,1024,0,0,0,0,1,0,0,1,1,1,0,0,0,1,0,0,1,1,0,0,1000000000.0000,7.980000,0.055400,8.040000,523502.5101,-100.0000,1.7750,10.650,0.0100,1,-1,-1,70.0,30.0,60.0,40.0
5,55,1024,1,0,0,1,1,0,0,0,0,0,1,0,1,0,1,0,1,1,0,0,415.7770,7.900000,0.055400,7.950000,523502.5101,26.4600,1.7717,10.630,0.0300,1,5263,102960,40.0,60.0,80.0,20.0
5,56,1024,0,0,0,1,0,1,1,1,1,1,1,0,1,0,1,0,0,0,1,0,408.9351,7.770000,0.055400,7.820000,523502.5101,26.9900,1.7783,10.670,0.0000,1,5263,102960,40.0,60.0,60.0,40.0
5,57,1024,1,0,1,0,1,0,1,1,0,0,0,0,1,0,1,0,1,0,1,0,401.5669,7.630000,0.055400,7.680000,523502.5101,26.5900,1.7767,10.660,0.0200,1,5263,102960,20.0,80.0,90.0,10.0
5,58,1024,0,0,1,1,0,0,1,0,1,0,0,0,0,1,1,1,1,1,1,0,413.6718,7.860000,0.055400,7.910000,523502.5101,26.7700,1.7633,10.580,0.0900,1,5263,102960,40.0,60.0,60.0,40.0
5,59,1024,1,1,1,1,0,0,0,0,0,0,0,0,0,0,1,0,0,0,0,0,423.1452,8.040000,0.055400,8.090000,523502.5101,15.7500,1.7800,10.680,0.0000,1,5263,102960,70.0,30.0,80.0,20.0
5,60,1024,1,0,0,0,1,0,0,1,0,0,1,0,0,0,1,0,1,1,1,0,411.5666,7.820000,0.055400,7.880000,523502.5101,26.5000,1.7783,10.670,0.0100,1,5263,102960,40.0,60.0,80.0,20.0
5,61,1024,0,0,0,0,1,0,1,1,1,0,1,1,1,1,1,0,1,1,1,0,400.5143,7.610000,0.055400,7.660000,523502.5101,26.8000,1.7783,10.670,0.0000,1,5263,102960,20.0,80.0,60.0,40.0
5,63,1024,1,0,0,0,0,0,1,1,1,0,1,0,0,1,0,0,0,0,1,1,399.4617,7.590000,0.055400,7.640000,523502.5101,10.0000,1.7683,10.610,0.0300,1,5263,102960,50.0,50.0,70.0,30.0
5,64,1024,1,1,1,1,1,1,1,1,1,1,1,1,1,1,1,1,1,1,1,0,385.2516,7.320000,0.055400,7.370000,523502.5101,21.3700,1.7767,10.660,0.0000,1,5263,102960,0.0,100.0,10.0,90.0
5,65,1024,0,0,0,0,0,0,0,0,0,0,1,1,1,1,1,0,1,1,0,0,1000000000.0000,6.811000,0.055400,6.860000,523502.5101,-100.0000,1.7733,10.640,0.0200,1,-1,-1,60.0,40.0,70.0,30.0
5,66,1024,0,0,0,0,1,1,1,0,1,1,1,1,1,1,1,1,0,0,1,0,1000000000.0000,8.410000,0.055400,8.470000,523502.5101,-100.0000,1.7617,10.570,0.0900,1,-1,-1,30.0,70.0,50.0,50.0
5,67,1024,1,1,0,0,1,0,1,0,0,0,0,0,1,1,1,1,1,0,1,0,1000000000.0000,7.890000,0.055400,7.940000,523502.5101,-100.0000,1.7700,10.620,0.0000,1,-1,-1,30.0,70.0,70.0,30.0
5,68,1024,1,1,1,1,1,1,1,1,1,0,1,0,0,1,1,1,0,0,0,0,418.9348,7.960000,0.055400,8.010000,523502.5101,18.7900,1.7733,10.640,0.0000,1,5263,102960,30.0,70.0,40.0,60.0
5,69,1024,0,0,0,0,1,1,1,0,0,1,1,1,1,1,1,1,1,1,1,0,416.8296,7.920000,0.055400,7.970000,523502.5101,27.4900,1.7483,10.490,0.1900,1,5263,102960,30.0,70.0,40.0,60.0
5,70,1024,1,1,1,0,1,1,1,1,0,0,1,1,1,1,1,1,1,1,0,0,431.5660,8.200000,0.055400,8.260000,523502.5101,16.1800,1.7767,10.660,0.0200,1,5263,102960,20.0,80.0,30.0,70.0
5,72,1024,1,0,0,1,0,1,1,1,0,0,0,0,0,0,1,0,0,0,1,0,353.9894,6.726000,0.055400,6.780000,523502.5101,26.3700,1.7750,10.650,0.0300,1,5263,102960,60.0,40.0,70.0,30.0
5,73,1024,1,0,0,0,1,0,0,1,1,1,0,0,1,0,0,0,1,1,1,0,418.4085,7.950000,0.055400,8.010000,523502.5101,26.6500,1.7683,10.610,0.0700,1,5263,102960,40.0,60.0,70.0,30.0
5,74,1024,0,0,1,1,0,0,0,0,1,0,1,1,0,0,0,0,0,0,0,0,407.3562,7.740000,0.055400,7.800000,523502.5101,26.4000,1.7717,10.630,0.0400,1,5263,102960,70.0,30.0,80.0,20.0
5,75,1024,0,1,0,0,1,0,0,0,1,1,1,1,1,1,0,0,1,1,1,0,422.0926,8.020000,0.055400,8.070000,523502.5101,14.3900,1.7767,10.660,0.0400,1,5263,102960,40.0,60.0,50.0,50.0
5,76,1024,0,0,0,1,0,0,0,1,1,1,1,0,1,1,0,0,0,0,0,0,421.0400,8.000000,0.055400,8.060000,523502.5101,26.4500,1.7750,10.650,0.0000,1,5263,102960,70.0,30.0,60.0,40.0
5,77,1024,0,0,0,1,1,0,1,0,0,0,1,1,1,1,1,1,1,1,1,0,445.7761,8.470000,0.055400,8.520000,523502.5101,27.3500,1.7533,10.520,0.0400,1,5263,102960,30.0,70.0,50.0,50.0
5,78,1024,1,0,1,1,1,1,0,1,1,0,1,0,0,1,0,0,0,0,0,0,428.9345,8.150000,0.055400,8.210000,523502.5101,5.7900,1.7700,10.620,0.0500,1,5263,102960,50.0,50.0,60.0,40.0
5,79,1024,1,0,1,0,1,0,1,0,0,0,1,0,1,0,1,0,1,0,1,0,1000000000.0000,6.706000,0.055200,6.760000,523502.5101,-100.0000,1.7783,10.670,0.0000,1,-1,-1,10.0,90.0,100.0,0.0
5,80,1024,1,0,1,0,1,0,1,0,1,0,0,0,1,1,1,0,1,0,1,0,1000000000.0000,7.640000,0.055400,7.700000,523502.5101,-100.0000,1.7750,10.650,0.0200,1,-1,-1,10.0,90.0,90.0,10.0
5,81,1024,1,0,0,1,1,0,0,1,1,1,0,0,1,1,1,0,0,0,1,0,1000000000.0000,7.900000,0.055400,7.960000,523502.5101,-100.0000,1.7767,10.660,0.0000,1,-1,-1,40.0,60.0,60.0,40.0
5,82,1024,0,1,0,0,1,0,0,0,1,0,1,1,1,1,0,0,0,0,1,0,416.8296,7.920000,0.055400,7.980000,523502.5101,14.0600,1.7767,10.660,0.0100,1,5263,102960,50.0,50.0,70.0,30.0
5,83,1024,1,1,1,1,1,1,1,1,1,1,0,0,1,1,1,1,1,1,0,1,410.5140,7.800000,0.055400,7.860000,523502.5101,4.2200,1.7717,10.630,0.0200,1,5263,102960,20.0,80.0,10.0,90.0
5,84,1024,1,0,0,1,1,0,1,1,1,1,1,0,0,0,1,0,1,1,0,0,432.0923,8.210000,0.055400,8.260000,523502.5101,26.6200,1.7550,10.530,0.1100,1,5263,102960,30.0,70.0,60.0,40.0
5,85,1024,0,0,0,0,0,0,0,0,1,0,1,1,1,0,0,1,1,1,1,1,413.6718,7.860000,0.055400,7.920000,523502.5101,10.6000,1.7733,10.640,0.0000,1,5263,102960,50.0,50.0,60.0,40.0
5,86,1024,0,0,0,0,1,0,1,1,1,1,1,1,1,0,1,0,1,1,1,0,425.2504,8.080000,0.055400,8.140000,523502.5101,27.2200,1.7750,10.650,0.0400,1,5263,102960,20.0,80.0,60.0,40.0
5,87,1024,1,1,1,1,1,1,1,1,1,1,0,0,0,0,1,1,0,0,0,0,406.8299,7.730000,0.055400,7.790000,523502.5101,17.9400,1.7767,10.660,0.0100,1,5263,102960,40.0,60.0,40.0,60.0
5,88,1024,0,0,0,0,1,0,1,0,0,0,0,0,0,1,0,0,1,1,1,0,393.1461,7.470000,0.055400,7.530000,523502.5101,26.4800,1.7717,10.630,0.0200,1,5263,102960,60.0,40.0,80.0,20.0
5,90,1024,0,0,1,1,1,1,1,1,1,1,1,1,1,1,1,1,1,1,1,1,435.7764,8.280000,0.055400,8.330000,523502.5101,22.8500,1.7433,10.460,0.2000,1,5263,102960,10.0,90.0,10.0,90.0
5,91,1024,0,0,0,0,1,1,1,1,1,1,0,0,0,0,0,0,1,1,1,0,416.8296,7.920000,0.055400,7.970000,523502.5101,26.5100,1.7900,10.740,-0.0700,0,5263,102960,50.0,50.0,60.0,40.0
5,92,1024,1,1,0,0,0,0,0,0,0,0,1,1,1,0,1,1,1,1,1,1,421.5663,8.010000,0.055400,8.070000,523502.5101,3.3100,1.7767,10.660,0.0000,1,5263,102960,40.0,60.0,50.0,50.0
5,93,1024,1,0,0,0,1,1,0,0,1,0,1,0,0,1,0,0,0,0,0,0,1000000000.0000,7.920000,0.055400,7.970000,523502.5101,-100.0000,1.7783,10.670,0.0000,1,-1,-1,60.0,40.0,80.0,20.0
5,94,1024,0,1,0,1,0,0,0,1,1,1,1,0,1,1,1,0,1,1,0,0,1000000000.0000,8.230000,0.055400,8.280000,523502.5101,-100.0000,1.7767,10.660,0.0100,1,-1,-1,50.0,50.0,40.0,60.0
5,95,1024,1,1,1,1,1,0,1,1,1,1,1,1,1,1,1,1,1,1,0,0,1000000000.0000,7.900000,0.055400,7.960000,523502.5101,-100.0000,1.7683,10.610,0.0700,1,-1,-1,10.0,90.0,20.0,80.0
5,96,1024,0,0,1,1,1,1,0,0,1,0,1,1,0,0,1,0,0,0,1,1,1000000000.0000,7.800000,0.055400,7.860000,523502.5101,-100.0000,1.7700,10.620,0.0300,1,-1,-1,40.0,60.0,60.0,40.0
5,97,1024,0,1,0,1,0,0,0,1,1,1,1,0,1,1,1,0,0,0,1,0,1000000000.0000,7.830000,0.055400,7.890000,523502.5101,-100.0000,1.7750,10.650,0.0200,1,-1,-1,50.0,50.0,50.0,50.0
5,98,1024,0,0,0,0,1,1,1,1,1,1,1,1,1,1,1,0,1,1,0,0,430.5134,8.180000,0.055400,8.240000,523502.5101,27.2800,1.7750,10.650,0.0200,1,5263,102960,30.0,70.0,40.0,60.0
5,99,1024,1,0,0,1,1,1,1,1,0,0,0,0,1,0,1,0,0,0,1,0,431.0397,8.190000,0.055400,8.240000,523502.5101,26.4300,1.7633,10.580,0.1100,1,5263,102960,40.0,60.0,70.0,30.0
6,0,1024,1,0,1,0,1,0,1,1,1,0,0,1,1,0,0,0,1,0,1,0,418.9348,7.960000,0.055400,8.010000,523502.5101,26.6200,1.7717,10.630,0.0500,1,5263,102960,20.0,80.0,80.0,20.0
6,2,1024,0,0,0,0,1,0,1,0,0,0,1,1,1,1,1,0,0,0,1,0,401.5669,7.630000,0.055400,7.690000,523502.5101,26.7900,1.7800,10.680,0.0400,1,5263,102960,40.0,60.0,80.0,20.0
6,3,1024,0,0,0,0,0,0,1,0,1,1,1,1,1,1,1,1,1,1,1,0,421.5663,8.010000,0.055400,8.060000,523502.5101,27.8200,1.7617,10.570,0.1100,1,5263,102960,30.0,70.0,50.0,50.0
6,4,1024,0,0,1,0,1,1,1,1,1,1,1,1,1,1,1,1,1,1,0,0,422.6189,8.030000,0.055400,8.090000,523502.5101,27.7300,1.7617,10.570,0.1000,1,5263,102960,20.0,80.0,30.0,70.0
6,5,1024,1,1,0,0,1,1,1,1,1,1,1,0,0,0,1,0,1,1,0,0,422.6189,8.030000,0.055400,8.090000,523502.5101,16.1300,1.7750,10.650,0.0100,1,5263,102960,30.0,70.0,50.0,50.0
6,6,1024,0,0,0,0,1,1,1,1,1,1,1,1,0,0,1,1,1,1,0,0,346.5159,6.584000,0.055400,6.630000,523502.5101,26.9800,1.7717,10.630,0.0400,1,5263,102960,40.0,60.0,40.0,60.0
6,7,1024,1,0,0,0,1,0,0,0,1,0,1,1,1,1,0,0,1,1,1,0,417.8822,7.940000,0.055400,7.990000,523502.5101,26.7100,1.7433,10.460,0.2100,1,5263,102960,30.0,70.0,70.0,30.0
6,8,1024,1,0,0,0,1,0,0,1,1,1,1,1,0,1,0,0,1,1,1,0,412.6192,7.840000,0.055400,7.900000,523502.5101,6.7200,1.7767,10.660,0.0200,1,5263,102960,40.0,60.0,50.0,50.0
6,9,1024,0,0,0,0,1,0,1,0,0,0,1,1,1,1,1,1,0,0,1,0,415.2507,7.890000,0.055400,7.940000,523502.5101,26.8800,1.7783,10.670,0.0100,1,5263,102960,40.0,60.0,70.0,30.0
6,10,1024,0,1,1,1,1,1,0,0,1,1,0,0,1,1,0,0,0,0,0,0,440.5131,8.370000,0.055400,8.420000,523502.5101,12.1400,1.7683,10.610,0.0600,1,5263,102960,60.0,40.0,50.0,50.0
6,12,1024,1,0,0,1,0,1,1,1,1,0,1,0,1,0,1,0,1,1,1,0,434.1975,8.250000,0.055400,8.300000,523502.5101,26.8900,1.7867,10.720,0.0200,1,5263,102960,20.0,80.0,60.0,40.0
6,13,1024,1,1,0,1,1,1,1,0,1,1,0,0,1,1,1,1,1,1,0,0,412.0929,7.830000,0.055400,7.880000,523502.5101,15.5700,1.7783,10.670,0.0200,1,5263,102960,30.0,70.0,30.0,70.0
6,14,1024,0,0,0,0,1,0,0,0,0,0,1,1,1,1,1,1,1,1,1,0,1000000000.0000,7.930000,0.055400,7.990000,523502.5101,-100.0000,1.7733,10.640,0.0200,1,-1,-1,40.0,60.0,60.0,40.0
6,15,1024,1,1,1,1,1,1,1,0,0,0,1,0,0,0,1,0,1,1,0,0,1000000000.0000,7.950000,0.055400,8.000000,523502.5101,-100.0000,1.8083,10.850,-0.1900,0,-1,-1,30.0,70.0,60.0,40.0
6,16,1024,1,1,1,1,1,1,1,1,1,1,0,0,1,0,0,0,0,0,0,0,416.8296,7.920000,0.055400,7.980000,523502.5101,17.8400,1.7733,10.640,0.0400,1,5263,102960,40.0,60.0,50.0,50.0
6,17,1024,0,0,1,1,0,0,1,1,1,1,0,0,1,0,1,1,1,1,1,0,414.7244,7.880000,0.055400,7.930000,523502.5101,26.9800,1.7800,10.680,0.0000,1,5263,102960,30.0,70.0,50.0,50.0
6,18,1024,0,0,0,0,1,0,1,1,1,1,1,0,1,1,1,0,1,1,1,0,363.3049,6.903000,0.055400,6.960000,523502.5101,26.8800,1.7717,10.630,0.0300,1,5263,102960,20.0,80.0,60.0,40.0
6,19,1024,1,0,0,0,0,0,0,0,0,0,1,1,1,1,1,1,1,1,1,1,405.7773,7.710000,0.055400,7.760000,523502.5101,13.4900,1.7750,10.650,0.0000,1,5263,102960,40.0,60.0,50.0,50.0
6,20,1024,0,0,1,1,1,0,1,1,1,1,1,1,1,1,1,1,1,1,1,1,352.6736,6.701000,0.055400,6.760000,523502.5101,22.0600,1.7733,10.640,0.0000,1,5263,102960,10.0,90.0,20.0,80.0
6,21,1024,0,0,1,1,1,1,1,1,1,1,1,1,1,1,1,1,1,1,0,1,424.1978,8.060000,0.055400,8.120000,523502.5101,11.0500,1.7717,10.630,0.0300,1,5263,102960,20.0,80.0,10.0,90.0
6,22,1024,0,0,0,0,1,0,1,0,1,1,0,0,0,1,0,0,0,0,1,0,409.4614,7.780000,0.055400,7.830000,523502.5101,26.4900,1.7683,10.610,0.0500,1,5263,102960,60.0,40.0,80.0,20.0
6,23,1024,1,0,1,1,1,1,1,1,1,1,1,1,1,1,1,1,1,1,1,0,426.8293,8.110000,0.055400,8.170000,523502.5101,28.1300,1.7483,10.490,0.1700,1,5263,102960,0.0,100.0,20.0,80.0
6,24,1024,0,1,0,1,1,0,0,0,1,0,1,1,1,1,0,0,1,1,1,0,1000000000.0000,8.140000,0.055400,8.200000,523502.5101,-100.0000,1.7750,10.650,0.0100,1,-1,-1,40.0,60.0,50.0,50.0
6,25,1024,0,0,0,0,1,0,1,0,1,1,0,0,1,1,0,0,0,0,1,0,1000000000.0000,7.800000,0.055400,7.850000,523502.5101,-100.0000,1.7600,10.560,0.1200,1,-1,-1,50.0,50.0,80.0,20.0
6,26,1024,1,1,0,0,1,1,1,0,0,0,0,0,0,0,1,1,1,0,1,0,1000000000.0000,7.780000,0.055400,7.840000,523502.5101,-100.0000,1.7817,10.690,0.0300,1,-1,-1,40.0,60.0,70.0,30.0
6,27,1024,1,0,0,0,0,0,0,0,0,0,0,0,1,1,1,1,1,1,1,1,1000000000.0000,7.790000,0.055400,7.840000,523502.5101,-100.0000,1.7567,10.540,0.0200,1,-1,-1,50.0,50.0,60.0,40.0
6,28,1024,0,0,1,1,0,0,0,0,0,0,1,1,1,0,1,1,1,1,0,0,1000000000.0000,8.080000,0.055400,8.130000,523502.5101,-100.0000,1.7783,10.670,0.0000,1,-1,-1,50.0,50.0,60.0,40.0
6,29,1024,0,0,0,0,0,0,1,1,1,1,1,1,1,1,1,0,1,1,1,0,1000000000.0000,7.930000,0.055400,7.980000,523502.5101,-100.0000,1.7750,10.650,0.0600,1,-1,-1,30.0,70.0,50.0,50.0
6,30,1024,1,0,1,0,1,1,1,0,1,0,0,0,1,0,1,0,1,0,0,0,1000000000.0000,7.780000,0.055400,7.840000,523502.5101,-100.0000,1.7117,10.270,0.2900,1,-1,-1,20.0,80.0,90.0,10.0
6,31,1024,0,0,0,0,1,0,1,0,0,0,0,0,0,1,1,1,1,1,1,0,408.9351,7.770000,0.055400,7.830000,523502.5101,26.7200,1.7733,10.640,0.0200,1,5263,102960,50.0,50.0,70.0,30.0
6,32,1024,1,0,1,0,1,0,1,0,1,0,0,0,1,0,0,0,1,0,1,0,363.0944,6.899000,0.055200,6.960000,523502.5101,26.6700,1.7733,10.640,0.0300,1,5263,102960,20.0,80.0,100.0,0.0
6,33,1024,0,0,1,1,1,1,0,0,0,0,1,1,0,0,0,0,0,0,0,0,416.3033,7.910000,0.055400,7.970000,523502.5101,26.3300,1.7567,10.540,0.0300,1,5263,102960,70.0,30.0,70.0,30.0
6,34,1024,1,1,0,1,0,0,0,1,1,1,1,0,1,1,1,0,0,0,0,0,385.7779,7.330000,0.055400,7.390000,523502.5101,16.0100,1.7750,10.650,0.0300,1,5263,102960,50.0,50.0,50.0,50.0
6,35,1024,0,0,0,0,1,1,0,1,1,1,0,0,1,0,1,0,1,1,1,0,426.3030,8.100000,0.055400,8.160000,523502.5101,6.4000,1.7750,10.650,0.0400,1,5263,102960,40.0,60.0,60.0,40.0
6,36,1024,0,0,1,1,0,0,0,0,0,0,1,1,1,1,1,1,1,1,1,1,421.5663,8.010000,0.055400,8.060000,523502.5101,13.4900,1.7717,10.630,0.0500,1,5263,102960,40.0,60.0,40.0,60.0
6,37,1024,1,1,1,1,1,1,1,1,1,1,0,0,1,1,0,0,0,0,0,0,1000000000.0000,7.850000,0.055400,7.900000,523502.5101,-100.0000,1.7750,10.650,0.0100,1,-1,-1,40.0,60.0,40.0,60.0
6,38,1024,0,1,1,0,0,0,1,0,1,0,1,0,1,0,1,0,1,0,1,0,1000000000.0000,8.070000,0.055400,8.130000,523502.5101,-100.0000,1.7750,10.650,0.0200,1,-1,-1,20.0,80.0,90.0,10.0
6,39,1024,0,0,0,1,0,0,0,0,0,0,0,0,1,1,1,0,1,1,1,1,1000000000.0000,7.830000,0.055400,7.880000,523502.5101,-100.0000,1.7767,10.660,0.0000,1,-1,-1,60.0,40.0,60.0,40.0
6,40,1024,0,1,1,1,1,1,0,0,1,1,0,0,1,1,1,1,1,1,1,0,1000000000.0000,7.920000,0.055400,7.980000,523502.5101,-100.0000,1.7767,10.660,0.0200,1,-1,-1,30.0,70.0,30.0,70.0
6,41,1024,1,1,1,1,1,1,1,1,0,0,1,1,1,1,1,1,1,1,0,0,1000000000.0000,7.860000,0.055400,7.910000,523502.5101,-100.0000,1.7750,10.650,0.0200,1,-1,-1,20.0,80.0,20.0,80.0
6,42,1024,1,0,0,1,1,0,1,1,1,1,1,0,0,0,1,0,0,0,0,0,1000000000.0000,8.210000,0.055400,8.260000,523502.5101,-100.0000,1.7817,10.690,0.0000,1,-1,-1,40.0,60.0,70.0,30.0
6,43,1024,1,0,0,0,1,0,0,1,1,1,1,1,1,0,0,0,1,1,1,0,1000000000.0000,1000.000000,0.000000,1000.000000,523502.5101,-100.0000,1.7783,10.670,0.0000,1,-1,-1,30.0,70.0,60.0,40.0
6,45,1024,0,0,0,0,1,0,1,1,0,0,0,0,0,0,0,0,0,0,1,0,404.7247,7.690000,0.055400,7.750000,523502.5101,26.3200,1.7717,10.630,0.0200,1,5263,102960,70.0,30.0,90.0,10.0
6,47,1024,1,0,1,1,1,1,1,1,1,0,0,1,1,0,0,0,1,0,0,0,408.9351,7.770000,0.055400,7.820000,523502.5101,26.5300,1.7767,10.660,0.0100,1,5263,102960,30.0,70.0,60.0,40.0
6,48,1024,0,0,1,0,1,1,1,1,1,0,1,1,1,0,1,1,0,1,0,0,418.4085,7.950000,0.055400,8.010000,523502.5101,16.8000,1.7167,10.300,0.3500,1,5263,102960,30.0,70.0,50.0,50.0
6,49,1024,1,0,1,0,1,1,1,0,1,0,1,0,0,1,1,0,1,0,1,0,422.6189,8.030000,0.055400,8.080000,523502.5101,26.7400,1.7767,10.660,0.0100,1,5263,102960,10.0,90.0,80.0,20.0
6,50,1024,1,1,0,1,0,0,0,0,0,0,1,1,1,1,1,0,1,1,0,0,430.5134,8.180000,0.055400,8.230000,523502.5101,16.0700,1.7783,10.670,0.0000,1,5263,102960,50.0,50.0,50.0,50.0
6,51,1024,0,0,0,0,1,0,1,1,0,0,1,1,1,1,1,0,1,1,1,0,407.8825,7.750000,0.055400,7.810000,523502.5101,26.6900,1.7783,10.670,0.0200,1,5263,102960,30.0,70.0,60.0,40.0
6,52,1024,1,1,0,0,0,1,1,0,0,0,0,0,1,0,1,1,0,0,1,0,423.6715,8.050000,0.055400,8.110000,523502.5101,15.6600,1.7800,10.680,0.0200,1,5263,102960,50.0,50.0,70.0,30.0
6,53,1024,1,0,0,0,0,1,1,1,0,0,0,0,0,0,1,0,0,0,1,0,412.0929,7.830000,0.055400,7.890000,523502.5101,26.3700,1.7767,10.660,0.0000,1,5263,102960,60.0,40.0,80.0,20.0
6,54,1024,0,1,1,1,1,1,0,0,0,0,0,0,1,1,0,0,0,0,1,0,428.4082,8.140000,0.055400,8.190000,523502.5101,12.0300,1.7683,10.610,0.0000,1,5263,102960,60.0,40.0,60.0,40.0
6,55,1024,1,1,1,1,1,0,1,1,1,1,1,1,1,1,1,1,1,1,1,1,1000000000.0000,7.900000,0.055400,7.960000,523502.5101,-100.0000,1.7750,10.650,0.0100,1,-1,-1,0.0,100.0,10.0,90.0
6,56,1024,0,0,1,0,1,0,1,0,1,0,0,0,1,0,1,0,1,0,1,0,1000000000.0000,1000.000000,0.000000,1000.000000,523502.5101,-100.0000,1.7867,10.720,0.0000,1,-1,-1,20.0,80.0,100.0,0.0
6,57,1024,0,0,1,1,1,1,1,0,1,0,0,0,0,1,1,1,1,1,1,0,1000000000.0000,1000.000000,0.000000,1000.000000,523502.5101,-100.0000,1.7750,10.650,0.0200,1,-1,-1,30.0,70.0,50.0,50.0
6,58,1024,0,0,0,0,1,0,1,0,0,0,1,1,0,0,0,0,0,0,1,0,396.8302,7.540000,0.055400,7.590000,523502.5101,26.5500,1.7700,10.620,0.0900,1,5263,102960,60.0,40.0,90.0,10.0
6,59,1024,1,0,1,0,0,1,1,1,0,0,1,1,0,0,1,1,1,0,1,0,492.0905,9.350000,0.055400,9.410000,523502.5101,26.7200,1.7700,10.620,0.0500,1,5263,102960,30.0,70.0,60.0,40.0
6,60,1024,1,0,0,0,0,1,1,0,0,0,0,0,1,0,1,0,0,0,1,0,410.5140,7.800000,0.055400,7.860000,523502.5101,26.5700,1.7567,10.540,0.1100,1,5263,102960,50.0,50.0,90.0,10.0
6,61,1024,1,1,0,0,1,1,1,0,0,0,1,1,1,1,1,1,1,1,1,0,423.1452,8.040000,0.055400,8.100000,523502.5101,16.5500,1.7767,10.660,0.0100,1,5263,102960,20.0,80.0,40.0,60.0
6,62,1024,0,0,0,0,1,1,1,1,1,1,1,1,1,1,1,0,0,0,0,0,433.1449,8.230000,0.055400,8.290000,523502.5101,27.1000,1.7733,10.640,0.0300,1,5263,102960,40.0,60.0,50.0,50.0
6,63,1024,0,0,0,0,0,0,1,0,1,0,0,0,0,1,1,1,1,1,1,0,412.0929,7.830000,0.055400,7.880000,523502.5101,26.7700,1.7783,10.670,0.0400,1,5263,102960,50.0,50.0,70.0,30.0
6,64,1024,0,1,0,1,0,0,0,1,1,1,1,1,1,1,1,0,1,0,0,0,402.6195,7.650000,0.055400,7.710000,523502.5101,14.5200,1.7817,10.690,0.0100,1,5263,102960,50.0,50.0,40.0,60.0
6,65,1024,0,0,0,0,1,0,1,1,1,1,1,1,1,1,0,0,1,1,0,0,410.5140,7.800000,0.055400,7.850000,523502.5101,26.7600,1.7717,10.630,0.0100,1,5263,102960,40.0,60.0,50.0,50.0
6,67,1024,0,0,0,0,1,0,1,0,0,0,0,0,0,1,0,0,1,1,0,0,401.0406,7.620000,0.055400,7.680000,523502.5101,26.3400,1.7833,10.700,0.0000,1,5263,102960,70.0,30.0,80.0,20.0
6,68,1024,1,1,0,0,1,0,1,0,0,0,0,0,0,0,0,0,1,0,1,0,419.9874,7.980000,0.055400,8.030000,523502.5101,15.9900,1.8083,10.850,-0.1800,0,5263,102960,50.0,50.0,90.0,10.0
6,69,1024,1,1,1,1,1,1,1,1,1,1,1,1,1,1,1,0,1,1,1,1,1000000000.0000,7.240000,0.055400,7.300000,523502.5101,-100.0000,1.7750,10.650,0.0200,1,-1,-1,0.0,100.0,10.0,90.0
6,70,1024,1,0,1,0,1,1,1,0,1,0,0,0,1,0,1,1,1,0,1,0,1000000000.0000,7.880000,0.055400,7.930000,523502.5101,-100.0000,1.7733,10.640,0.0500,1,-1,-1,10.0,90.0,80.0,20.0
6,71,1024,0,0,1,1,1,1,1,1,1,1,1,1,1,1,1,1,0,1,0,1,1000000000.0000,7.860000,0.055400,7.920000,523502.5101,-100.0000,1.7683,10.610,0.0700,1,-1,-1,30.0,70.0,10.0,90.0
6,72,1024,0,0,0,1,0,0,0,1,1,1,1,0,1,1,1,0,1,1,0,0,423.6715,8.050000,0.055400,8.110000,523502.5101,26.6200,1.7600,10.560,0.1000,1,5263,102960,50.0,50.0,50.0,50.0
6,73,1024,0,0,1,1,0,0,0,0,0,0,0,0,1,1,1,1,1,1,1,1,413.1455,7.850000,0.055400,7.900000,523502.5101,12.3300,1.7650,10.590,-0.1500,0,5263,102960,50.0,50.0,50.0,50.0
6,74,1024,1,0,1,0,1,1,1,0,1,0,1,1,1,0,1,0,0,0,1,0,410.5140,7.800000,0.055400,7.850000,523502.5101,26.8300,1.7700,10.620,0.1000,1,5263,102960,10.0,90.0,80.0,20.0
6,75,1024,0,0,0,0,1,0,1,0,1,1,0,0,0,0,1,0,0,0,1,0,397.3565,7.550000,0.055400,7.610000,523502.5101,26.5500,1.7483,10.490,0.1700,1,5263,102960,50.0,50.0,90.0,10.0
6,76,1024,1,0,0,1,1,0,1,0,0,0,1,1,1,1,1,1,1,1,1,0,426.3030,8.100000,0.055400,8.150000,523502.5101,27.3500,1.7800,10.680,0.0000,1,5263,102960,20.0,80.0,50.0,50.0
6,77,1024,1,1,1,1,1,1,1,1,1,1,1,1,1,1,0,0,1,1,0,0,409.9877,7.790000,0.055400,7.850000,523502.5101,19.0800,1.7750,10.650,0.0100,1,5263,102960,20.0,80.0,20.0,80.0
6,79,1024,1,0,0,0,0,0,1,1,0,0,1,0,0,1,0,0,0,0,0,0,415.7770,7.900000,0.055400,7.960000,523502.5101,26.2400,1.7767,10.660,0.0200,1,5263,102960,70.0,30.0,80.0,20.0
6,81,1024,0,0,0,0,1,1,1,0,0,0,0,0,1,1,0,0,0,0,1,0,405.2510,7.700000,0.055400,7.760000,523502.5101,26.5000,1.7717,10.630,0.0300,1,5263,102960,60.0,40.0,80.0,20.0
6,83,1024,0,0,1,1,0,0,1,0,0,1,1,1,1,1,0,0,1,1,1,0,1000000000.0000,7.940000,0.055400,8.000000,523502.5101,-100.0000,1.7783,10.670,0.0200,1,-1,-1,40.0,60.0,50.0,50.0
6,84,1024,1,0,0,1,1,0,1,1,1,1,1,0,0,0,1,0,1,1,1,1,1000000000.0000,8.180000,0.055400,8.230000,523502.5101,-100.0000,1.7700,10.620,0.0400,1,-1,-1,20.0,80.0,50.0,50.0
6,85,1024,1,0,1,0,1,0,1,0,1,0,0,0,1,0,1,0,1,1,1,0,1000000000.0000,7.630000,0.055400,7.690000,523502.5101,-100.0000,1.7767,10.660,0.0100,1,-1,-1,10.0,90.0,90.0,10.0
6,86,1024,1,1,0,0,1,0,1,0,1,0,0,0,0,0,0,0,0,0,1,0,1000000000.0000,8.000000,0.055400,8.050000,523502.5101,-100.0000,1.7717,10.630,0.0200,1,-1,-1,50.0,50.0,90.0,10.0
6,88,1024,1,1,1,1,1,0,1,1,1,1,1,1,1,1,1,1,1,1,1,0,426.3030,8.100000,0.055400,8.150000,523502.5101,18.6900,1.7783,10.670,0.0100,1,5263,102960,0.0,100.0,20.0,80.0
6,89,1024,0,0,0,0,1,0,0,1,1,1,1,1,1,0,1,0,1,1,1,0,417.3559,7.930000,0.055400,7.990000,523502.5101,26.9600,1.7700,10.620,0.0400,1,5263,102960,30.0,70.0,60.0,40.0
6,90,1024,0,0,0,1,0,0,0,0,0,0,1,1,1,1,0,0,1,1,1,1,413.1455,7.850000,0.055400,7.900000,523502.5101,10.2500,1.7733,10.640,0.0200,1,5263,102960,60.0,40.0,50.0,50.0
6,91,1024,0,0,0,0,1,0,1,0,1,1,1,1,1,1,0,0,0,0,1,0,414.1981,7.870000,0.055400,7.920000,523502.5101,26.8800,1.7700,10.620,0.0500,1,5263,102960,40.0,60.0,70.0,30.0
6,92,1024,0,0,0,0,1,1,1,0,0,1,1,1,1,1,1,1,0,0,1,0,422.6189,8.030000,0.055400,8.090000,523502.5101,27.0000,1.7767,10.660,0.0100,1,5263,102960,40.0,60.0,50.0,50.0
6,93,1024,1,1,1,1,1,1,1,1,1,1,0,0,0,0,0,0,1,1,0,0,431.0397,8.190000,0.055400,8.240000,523502.5101,17.7600,1.7767,10.660,0.0100,1,5263,102960,40.0,60.0,40.0,60.0
6,94,1024,0,1,0,1,0,0,0,1,0,0,1,1,1,1,1,0,0,0,0,0,452.6180,8.600000,0.055400,8.650000,523502.5101,13.8900,1.7750,10.650,0.0200,1,5263,102960,70.0,30.0,50.0,50.0
6,95,1024,0,0,1,1,0,0,0,0,0,0,1,0,0,0,0,0,0,0,0,0,416.8296,7.920000,0.055400,7.970000,523502.5101,26.3700,1.7767,10.660,0.0100,1,5263,102960,80.0,20.0,90.0,10.0
6,96,1024,0,0,0,0,0,0,0,0,0,0,1,1,1,0,1,1,0,0,0,0,395.7776,7.520000,0.055400,7.580000,523502.5101,26.6100,1.7733,10.640,0.0200,1,5263,102960,70.0,30.0,80.0,20.0
6,97,1024,0,0,1,1,1,1,0,1,1,1,1,1,1,1,1,1,1,1,1,1,1000000000.0000,8.120000,0.055400,8.170000,523502.5101,-100.0000,1.7800,10.680,0.0200,1,-1,-1,20.0,80.0,10.0,90.0
6,98,1024,1,0,1,0,1,0,1,0,1,0,1,1,1,0,1,0,1,0,1,0,1000000000.0000,7.280000,0.055400,7.330000,523502.5101,-100.0000,1.7767,10.660,0.0100,1,-1,-1,0.0,100.0,90.0,10.0
6,99,1024,0,0,0,1,0,0,1,1,1,1,1,0,1,1,1,0,0,0,0,0,1000000000.0000,7.920000,0.055400,7.980000,523502.5101,-100.0000,1.7617,10.570,0.1100,1,-1,-1,50.0,50.0,60.0,40.0
7,0,1024,0,0,0,0,1,0,1,1,1,1,1,1,1,1,1,0,1,0,1,0,414.1981,7.870000,0.055400,7.930000,523502.5101,27.2000,1.7633,10.580,0.0800,1,5263,102960,20.0,80.0,60.0,40.0
7,1,1024,0,0,0,0,0,0,0,0,0,0,1,1,1,0,0,1,0,1,1,1,413.1455,7.850000,0.055400,7.900000,523502.5101,10.3200,1.7733,10.640,0.0400,1,5263,102960,70.0,30.0,60.0,40.0
7,2,1024,0,0,1,1,0,0,1,0,0,0,0,0,0,1,1,1,1,1,1,0,419.4611,7.970000,0.055400,8.030000,523502.5101,26.7200,1.7767,10.660,0.0200,1,5263,102960,50.0,50.0,60.0,40.0
7,3,1024,1,1,1,1,0,0,1,1,1,1,1,1,1,1,1,1,1,1,0,0,414.7244,7.880000,0.055400,7.940000,523502.5101,17.6700,1.7783,10.670,0.0200,1,5263,102960,20.0,80.0,20.0,80.0
7,4,1024,0,0,0,0,0,0,1,0,1,1,1,1,1,0,1,1,1,1,1,0,408.4088,7.760000,0.055400,7.820000,523502.5101,27.3500,1.7733,10.640,0.0300,1,5263,102960,30.0,70.0,60.0,40.0
7,5,1024,0,0,1,1,1,0,1,0,0,0,0,0,0,0,0,0,0,0,1,0,412.6192,7.840000,0.055400,7.900000,523502.5101,26.4400,1.7817,10.690,0.0000,1,5263,102960,60.0,40.0,90.0,10.0
7,6,1024,1,0,0,1,0,1,1,1,0,0,1,0,0,0,1,0,0,0,1,0,417.8822,7.940000,0.055400,7.990000,523502.5101,26.4900,1.7667,10.600,0.0700,1,5263,102960,50.0,50.0,70.0,30.0
7,7,1024,1,1,1,1,0,1,1,1,1,1,1,1,1,1,1,1,1,1,1,0,422.0926,8.020000,0.055400,8.070000,523502.5101,6.6500,1.7700,10.620,0.0700,1,5263,102960,10.0,90.0,10.0,90.0
7,8,1024,0,0,0,0,1,1,1,0,1,1,1,1,1,1,1,1,0,1,1,0,408.9351,7.770000,0.055400,7.830000,523502.5101,17.2800,1.7433,10.460,0.2300,1,5263,102960,30.0,70.0,40.0,60.0
7,9,1024,0,0,0,0,1,0,1,0,0,0,1,1,1,1,1,0,1,1,1,0,412.0929,7.830000,0.055400,7.890000,523502.5101,26.8600,1.7683,10.610,0.0600,1,5263,102960,30.0,70.0,70.0,30.0
7,10,1024,0,0,1,1,1,0,1,1,1,0,1,1,1,1,1,0,1,1,1,0,418.4085,7.950000,0.055400,8.010000,523502.5101,26.8000,1.7800,10.680,0.0100,1,5263,102960,10.0,90.0,50.0,50.0
7,11,1024,1,0,0,1,1,0,1,1,0,0,1,1,1,1,1,1,1,1,1,0,418.9348,7.960000,0.055400,8.020000,523502.5101,27.1400,1.7750,10.650,0.0200,1,5263,102960,20.0,80.0,40.0,60.0
7,13,1024,1,1,1,1,1,1,1,0,1,1,1,1,1,1,1,1,1,1,1,1,383.6727,7.290000,0.055400,7.350000,523502.5101,19.8400,1.7767,10.660,0.0000,1,5263,102960,0.0,100.0,10.0,90.0
7,15,1024,1,1,0,0,1,0,1,1,1,1,1,0,1,1,1,0,1,1,1,0,421.0400,8.000000,0.055400,8.060000,523502.5101,16.5700,1.7750,10.650,0.0100,1,5263,102960,10.0,90.0,50.0,50.0
7,16,1024,1,0,1,0,1,0,1,1,1,0,1,1,1,0,0,0,1,0,0,0,415.2507,7.890000,0.055400,7.950000,523502.5101,26.7400,1.7683,10.610,0.0700,1,5263,102960,20.0,80.0,80.0,20.0
7,17,1024,1,1,0,1,0,0,0,1,1,1,1,0,1,1,1,0,0,0,1,0,425.2504,8.080000,0.055400,8.130000,523502.5101,16.2000,1.7717,10.630,0.0000,1,5263,102960,40.0,60.0,50.0,50.0
7,18,1024,1,0,1,1,1,1,1,1,1,1,1,1,0,0,1,1,1,1,0,0,425.2504,8.080000,0.055400,8.130000,523502.5101,26.9800,1.7850,10.710,-0.0400,0,5263,102960,20.0,80.0,30.0,70.0
7,19,1024,0,0,1,0,1,1,1,1,1,1,1,1,1,1,1,1,1,1,1,1,427.3556,8.120000,0.055400,8.170000,523502.5101,22.8500,1.7783,10.670,0.0000,1,5263,102960,10.0,90.0,20.0,80.0
7,20,1024,0,0,1,0,0,1,1,1,0,0,1,1,0,0,1,0,1,1,1,0,413.6718,7.860000,0.055400,7.920000,523502.5101,26.6200,1.7717,10.630,0.0300,1,5263,102960,40.0,60.0,60.0,40.0
7,21,1024,1,0,0,0,1,0,1,1,0,0,0,0,0,0,0,0,0,0,1,0,416.3033,7.910000,0.055400,7.970000,523502.5101,26.3200,1.7667,10.600,0.0700,1,5263,102960,60.0,40.0,90.0,10.0
7,22,1024,0,0,0,1,0,0,0,0,0,0,1,1,1,0,0,1,1,1,1,1,411.5666,7.820000,0.055400,7.880000,523502.5101,10.5700,1.7767,10.660,0.0100,1,5263,102960,60.0,40.0,50.0,50.0
7,23,1024,0,0,0,0,1,1,1,1,1,1,1,1,1,1,1,0,0,0,0,1,1000000000.0000,8.070000,0.055400,8.120000,523502.5101,-100.0000,1.7767,10.660,0.0000,1,-1,-1,40.0,60.0,40.0,60.0
7,24,1024,1,0,1,0,1,1,1,1,1,0,0,0,1,0,1,0,1,0,1,0,1000000000.0000,7.630000,0.055400,7.690000,523502.5101,-100.0000,1.7800,10.680,0.0100,1,-1,-1,10.0,90.0,80.0,20.0
7,25,1024,0,0,0,0,0,0,1,1,0,0,1,1,1,1,1,1,1,1,1,0,1000000000.0000,7.960000,0.055400,8.020000,523502.5101,-100.0000,1.7750,10.650,0.0200,1,-1,-1,40.0,60.0,50.0,50.0
7,26,1024,1,0,0,1,0,1,1,1,0,0,0,0,1,1,1,0,0,0,1,0,1000000000.0000,8.020000,0.055400,8.070000,523502.5101,-100.0000,1.7000,10.200,0.4800,1,-1,-1,50.0,50.0,60.0,40.0
7,27,1024,1,0,0,0,0,0,1,0,1,0,1,0,1,0,1,0,1,0,1,0,1000000000.0000,7.080000,0.055200,7.130000,523502.5101,-100.0000,1.7783,10.670,0.0600,1,-1,-1,20.0,80.0,100.0,0.0
7,29,1024,1,1,1,1,1,1,1,1,1,1,1,1,0,0,1,0,1,1,0,0,1000000000.0000,8.300000,0.055400,8.360000,523502.5101,-100.0000,1.7767,10.660,0.0100,1,-1,-1,20.0,80.0,30.0,70.0
7,30,1024,1,0,0,0,1,0,1,1,1,0,0,1,1,0,0,0,1,0,0,0,406.3036,7.720000,0.055400,7.780000,523502.5101,26.5300,1.7367,10.420,0.2500,1,5263,102960,40.0,60.0,80.0,20.0
7,31,1024,0,0,0,0,1,0,1,0,1,0,0,0,0,1,0,0,0,0,1,0,399.9880,7.600000,0.055400,7.660000,523502.5101,26.4200,1.7717,10.630,0.0400,1,5263,102960,60.0,40.0,90.0,10.0
7,32,1024,1,0,1,0,1,0,1,1,1,0,0,0,1,0,1,0,1,1,1,0,422.6189,8.030000,0.055400,8.090000,523502.5101,26.8100,1.7767,10.660,0.0300,1,5263,102960,10.0,90.0,80.0,20.0
7,34,1024,0,0,0,0,1,1,1,0,0,0,0,0,0,1,0,0,0,0,1,0,365.2522,6.940000,0.055400,7.000000,523502.5101,26.3100,1.7767,10.660,0.0200,1,5263,102960,70.0,30.0,80.0,20.0
7,35,1024,0,0,0,0,1,0,1,0,1,0,0,0,0,1,0,0,1,1,1,0,411.5666,7.820000,0.055400,7.880000,523502.5101,26.5500,1.7717,10.630,0.0300,1,5263,102960,50.0,50.0,80.0,20.0
7,36,1024,0,0,0,0,1,1,0,0,0,0,1,1,1,0,1,1,1,1,0,0,410.5140,7.800000,0.055400,7.850000,523502.5101,26.7100,1.7583,10.550,0.1100,1,5263,102960,50.0,50.0,60.0,40.0
7,37,1024,1,1,0,0,1,1,1,1,1,1,1,1,0,0,1,1,1,1,0,0,421.5663,8.010000,0.055400,8.060000,523502.5101,16.3700,1.7667,10.600,0.0800,1,5263,102960,30.0,70.0,30.0,70.0
7,38,1024,1,0,1,0,1,0,1,0,1,0,0,0,0,1,1,0,1,0,1,0,412.0929,7.830000,0.055400,7.880000,523502.5101,26.6200,1.7750,10.650,0.0000,1,5263,102960,20.0,80.0,90.0,10.0
7,40,1024,0,0,0,0,0,0,0,0,0,0,1,1,1,1,1,1,0,0,1,0,1000000000.0000,7.690000,0.055400,7.740000,523502.5101,-100.0000,1.7733,10.640,0.0200,1,-1,-1,60.0,40.0,70.0,30.0
7,42,1024,0,0,0,0,1,1,1,0,1,1,1,1,1,1,1,0,1,1,0,0,1000000000.0000,8.000000,0.055400,8.060000,523502.5101,-100.0000,1.7650,10.590,0.0700,1,-1,-1,30.0,70.0,50.0,50.0
7,43,1024,0,0,0,0,1,0,1,0,0,0,0,0,1,1,1,1,1,1,1,0,1000000000.0000,7.940000,0.055400,8.000000,523502.5101,-100.0000,1.7733,10.640,0.0200,1,-1,-1,40.0,60.0,70.0,30.0
7,44,1024,0,0,0,0,1,0,1,1,0,0,1,1,1,1,0,0,0,0,1,0,409.4614,7.780000,0.055400,7.830000,523502.5101,26.4900,1.7783,10.670,0.0100,1,5263,102960,50.0,50.0,70.0,30.0
7,45,1024,1,1,1,0,1,1,1,1,1,1,1,1,1,1,1,0,1,1,0,0,425.7767,8.090000,0.055400,8.140000,523502.5101,16.8700,1.7733,10.640,0.0200,1,5263,102960,10.0,90.0,30.0,70.0
7,47,1024,1,0,0,0,1,0,0,0,1,0,0,1,1,1,0,0,1,1,1,0,424.7241,8.070000,0.055400,8.120000,523502.5101,26.5500,1.7767,10.660,0.0000,1,5263,102960,40.0,60.0,70.0,30.0
7,48,1024,0,1,0,0,1,0,0,0,1,0,1,1,1,1,0,0,1,1,0,0,421.0400,8.000000,0.055400,8.060000,523502.5101,13.9900,1.7733,10.640,0.0200,1,5263,102960,50.0,50.0,60.0,40.0
7,49,1024,1,1,1,0,1,0,1,0,1,0,1,0,1,0,1,0,1,0,1,0,381.5675,7.250000,0.055400,7.310000,523502.5101,16.1800,1.7650,10.590,0.0700,1,5263,102960,0.0,100.0,90.0,10.0
7,50,1024,0,0,1,1,1,1,1,1,1,0,1,1,1,0,1,1,0,1,0,0,421.5663,8.010000,0.055400,8.060000,523502.5101,16.8000,1.7767,10.660,0.0100,1,5263,102960,30.0,70.0,40.0,60.0
7,51,1024,0,0,0,0,1,0,1,1,1,1,1,0,1,1,1,0,1,0,1,0,418.4085,7.950000,0.055400,8.010000,523502.5101,26.8800,1.7533,10.520,0.1800,1,5263,102960,20.0,80.0,70.0,30.0
7,52,1024,0,0,1,0,1,0,1,0,1,0,0,0,1,0,0,0,1,0,1,0,369.4626,7.020000,0.055200,7.070000,523502.5101,26.6700,1.7867,10.720,0.0200,1,5263,102960,30.0,70.0,100.0,0.0
7,53,1024,1,0,0,0,1,0,0,0,0,0,1,0,0,0,1,0,1,1,1,0,414.1981,7.870000,0.055400,7.930000,523502.5101,26.5300,1.7533,10.520,0.0400,1,5263,102960,40.0,60.0,90.0,10.0
7,54,1024,1,0,1,0,1,1,1,0,1,0,1,1,1,0,1,1,0,1,0,0,1000000000.0000,7.880000,0.055400,7.930000,523502.5101,-100.0000,1.7183,10.310,0.2600,1,-1,-1,20.0,80.0,60.0,40.0
7,55,1024,1,1,1,1,1,1,0,0,1,1,0,0,0,0,1,0,1,1,0,0,1000000000.0000,8.250000,0.055400,8.300000,523502.5101,-100.0000,1.7750,10.650,0.0300,1,-1,-1,40.0,60.0,50.0,50.0
7,56,1024,1,0,0,1,1,0,1,0,0,0,1,1,1,0,1,1,1,1,1,0,1000000000.0000,1000.000000,0.000000,1000.000000,523502.5101,-100.0000,1.7517,10.510,0.1800,1,-1,-1,20.0,80.0,60.0,40.0
7,57,1024,1,1,1,0,1,0,1,0,0,0,0,0,0,0,1,1,1,0,1,0,1000000000.0000,8.040000,0.055400,8.100000,523502.5101,-100.0000,1.7783,10.670,0.0400,1,-1,-1,30.0,70.0,80.0,20.0
7,58,1024,0,0,0,0,1,0,1,1,1,1,1,1,0,0,1,1,1,1,0,0,1000000000.0000,7.900000,0.055400,7.960000,523502.5101,-100.0000,1.7733,10.640,0.0000,1,-1,-1,40.0,60.0,50.0,50.0
7,59,1024,0,0,1,1,1,0,1,1,1,1,1,0,1,1,1,1,1,1,1,1,421.5663,8.010000,0.055400,8.060000,523502.5101,12.5800,1.7717,10.630,0.0200,1,5263,102960,10.0,90.0,30.0,70.0
7,60,1024,0,0,1,0,0,0,0,0,0,0,1,1,1,0,1,1,1,1,0,0,411.5666,7.820000,0.055400,7.870000,523502.5101,26.7500,1.7583,10.550,0.1100,1,5263,102960,50.0,50.0,70.0,30.0
7,61,1024,0,0,1,1,1,1,0,0,0,0,1,1,0,0,1,0,1,1,1,1,413.1455,7.850000,0.055400,7.910000,523502.5101,10.2000,1.7800,10.680,0.0100,1,5263,102960,40.0,60.0,50.0,50.0
7,62,1024,1,0,0,1,1,1,1,0,1,0,0,0,1,0,1,0,1,0,1,0,422.0926,8.020000,0.055400,8.070000,523502.5101,26.8000,1.7767,10.660,0.0100,1,5263,102960,20.0,80.0,80.0,20.0
7,63,1024,0,0,0,0,0,0,0,0,0,0,1,1,1,0,1,1,0,0,1,0,395.7776,7.520000,0.055400,7.570000,523502.5101,26.7000,1.7750,10.650,0.0200,1,5263,102960,60.0,40.0,80.0,20.0
7,64,1024,1,0,0,0,1,1,1,1,1,1,1,1,0,0,1,1,1,1,0,0,424.1978,8.060000,0.055400,8.120000,523502.5101,26.9800,1.7350,10.410,0.2400,1,5263,102960,30.0,70.0,40.0,60.0
7,65,1024,0,0,1,0,1,1,1,1,1,0,1,1,1,0,1,1,0,0,0,0,426.8293,8.110000,0.055400,8.170000,523502.5101,26.7900,1.7800,10.680,0.0100,1,5263,102960,30.0,70.0,60.0,40.0
7,66,1024,0,1,0,1,0,0,0,1,1,1,1,1,1,1,1,0,1,1,0,0,415.7770,7.900000,0.055400,7.960000,523502.5101,14.4100,1.7767,10.660,0.0000,1,5263,102960,50.0,50.0,30.0,70.0
7,67,1024,1,1,1,1,1,1,0,0,1,1,1,1,1,1,1,1,0,1,0,1,428.9345,8.150000,0.055400,8.200000,523502.5101,3.3000,1.7833,10.700,-0.0400,0,5263,102960,30.0,70.0,10.0,90.0
7,68,1024,1,0,0,0,1,0,0,0,1,0,1,1,1,1,0,0,1,1,1,1,414.1981,7.870000,0.055400,7.920000,523502.5101,10.2800,1.7750,10.650,0.0000,1,5263,102960,30.0,70.0,60.0,40.0
7,69,1024,0,1,1,0,1,1,1,1,1,1,1,1,1,1,1,1,1,1,0,0,1000000000.0000,8.230000,0.055400,8.290000,523502.5101,-100.0000,1.7767,10.660,0.0000,1,-1,-1,20.0,80.0,20.0,80.0
7,71,1024,0,0,0,0,1,0,0,0,0,0,1,1,1,0,1,1,1,1,0,0,1000000000.0000,8.030000,0.055400,8.090000,523502.5101,-100.0000,1.7683,10.610,0.0800,1,-1,-1,50.0,50.0,70.0,30.0
7,74,1024,0,0,0,0,1,0,1,0,0,0,0,0,1,1,0,0,0,1,1,0,1000000000.0000,7.560000,0.055400,7.610000,523502.5101,-100.0000,1.7617,10.570,0.1000,1,-1,-1,60.0,40.0,80.0,20.0
7,75,1024,1,1,1,1,1,1,1,1,1,1,1,1,1,1,1,1,0,0,0,0,392.6198,7.460000,0.055400,7.520000,523502.5101,19.4700,1.7750,10.650,0.0300,1,5263,102960,20.0,80.0,20.0,80.0
7,76,1024,1,1,0,0,1,0,1,1,0,0,0,0,0,0,0,0,0,0,1,0,425.7767,8.090000,0.055400,8.150000,523502.5101,15.7100,1.7750,10.650,0.0000,1,5263,102960,60.0,40.0,80.0,20.0
7,77,1024,0,0,1,1,1,1,1,1,1,1,1,1,1,1,1,1,1,1,1,0,456.8284,8.680000,0.055400,8.740000,523502.5101,28.1300,1.7767,10.660,0.0000,1,5263,102960,10.0,90.0,20.0,80.0
7,78,1024,0,0,1,0,1,1,1,1,0,0,1,1,1,1,1,1,1,1,0,0,411.5666,7.820000,0.055400,7.880000,523502.5101,26.9700,1.7767,10.660,0.0200,1,5263,102960,30.0,70.0,40.0,60.0
7,79,1024,1,1,1,1,1,1,0,0,1,1,0,0,1,1,1,1,0,0,1,0,421.5663,8.010000,0.055400,8.070000,523502.5101,16.8000,1.7767,10.660,0.0300,1,5263,102960,30.0,70.0,40.0,60.0
7,80,1024,1,1,1,1,1,1,1,1,1,1,1,1,1,1,1,1,0,0,1,1,383.6727,7.290000,0.055400,7.340000,523502.5101,2.9600,1.7767,10.660,-0.0100,0,5263,102960,10.0,90.0,10.0,90.0
7,81,1024,1,0,1,0,1,1,1,1,1,0,1,0,1,0,1,1,0,1,1,0,409.9877,7.790000,0.055400,7.850000,523502.5101,16.8900,1.7617,10.570,0.0900,1,5263,102960,10.0,90.0,60.0,40.0
7,83,1024,1,1,1,1,1,1,1,1,1,1,1,0,0,0,1,0,0,0,0,0,415.2507,7.890000,0.055400,7.950000,523502.5101,19.0100,1.7767,10.660,0.0100,1,5263,102960,30.0,70.0,50.0,50.0
7,84,1024,0,0,0,0,1,0,0,1,1,1,0,0,1,0,1,0,1,1,1,1,411.5666,7.820000,0.055400,7.870000,523502.5101,10.1900,1.7733,10.640,0.0300,1,5263,102960,40.0,60.0,60.0,40.0
7,85,1024,1,1,0,1,0,0,0,1,1,1,1,0,1,1,1,1,0,0,0,0,1000000000.0000,8.070000,0.055400,8.130000,523502.5101,-100.0000,1.7783,10.670,0.0100,1,-1,-1,50.0,50.0,40.0,60.0
7,87,1024,1,0,0,0,1,1,1,0,0,1,1,1,1,1,1,1,0,0,1,0,1000000000.0000,7.850000,0.055400,7.910000,523502.5101,-100.0000,1.7783,10.670,0.0200,1,-1,-1,30.0,70.0,50.0,50.0
7,88,1024,0,0,0,0,1,0,1,1,0,0,0,0,1,1,1,0,1,1,1,0,1000000000.0000,7.720000,0.055400,7.770000,523502.5101,-100.0000,1.7783,10.670,0.0000,1,-1,-1,40.0,60.0,70.0,30.0
7,89,1024,0,1,0,0,0,0,0,1,1,1,1,1,1,1,1,0,0,0,0,0,1000000000.0000,1000.000000,0.000000,1000.000000,523502.5101,-100.0000,1.7733,10.640,0.0000,1,-1,-1,60.0,40.0,50.0,50.0
7,90,1024,0,0,0,0,1,0,0,0,1,0,1,1,1,1,0,0,1,1,1,0,1000000000.0000,7.880000,0.055400,7.940000,523502.5101,-100.0000,1.7667,10.600,0.0800,1,-1,-1,40.0,60.0,70.0,30.0
7,91,1024,1,0,1,0,1,1,1,1,1,0,0,0,1,0,1,1,0,1,0,0,411.0403,7.810000,0.055400,7.870000,523502.5101,16.6300,1.7767,10.660,0.0100,1,5263,102960,30.0,70.0,60.0,40.0
7,92,1024,1,0,0,0,0,1,1,0,0,0,1,1,1,0,1,0,0,0,1,0,428.4082,8.140000,0.055400,8.190000,523502.5101,26.6600,1.7683,10.610,0.0400,1,5263,102960,40.0,60.0,80.0,20.0
7,93,1024,1,1,1,0,1,1,1,1,1,1,1,1,1,0,1,1,1,1,0,0,422.6189,8.030000,0.055400,8.080000,523502.5101,16.8400,1.7750,10.650,0.0100,1,5263,102960,10.0,90.0,30.0,70.0
7,94,1024,0,0,0,0,1,0,1,0,0,1,1,1,1,1,1,1,1,1,1,0,419.9874,7.980000,0.055400,8.030000,523502.5101,27.5600,1.7733,10.640,0.0400,1,5263,102960,30.0,70.0,50.0,50.0
7,95,1024,1,0,1,1,1,0,1,0,1,0,1,0,0,1,1,0,1,0,1,0,421.0400,8.000000,0.055400,8.060000,523502.5101,26.6500,1.7783,10.670,0.0100,1,5263,102960,10.0,90.0,80.0,20.0
7,96,1024,1,0,1,0,1,0,1,0,1,0,0,0,1,0,1,0,1,0,1,1,380.5149,7.230000,0.055400,7.290000,523502.5101,9.8900,1.7800,10.680,0.0100,1,5263,102960,10.0,90.0,90.0,10.0
7,97,1024,0,0,0,1,1,1,1,0,0,0,1,1,1,1,1,1,1,1,1,0,432.6186,8.220000,0.055400,8.270000,523502.5101,27.3200,1.7717,10.630,0.0400,1,5263,102960,30.0,70.0,40.0,60.0
7,98,1024,0,0,1,1,1,1,0,0,1,0,1,1,0,0,1,0,1,1,1,0,416.3033,7.910000,0.055400,7.970000,523502.5101,26.6000,1.7717,10.630,0.0200,1,5263,102960,30.0,70.0,60.0,40.0
7,99,1024,1,1,1,1,1,0,1,1,1,1,1,1,1,1,1,1,0,1,0,1,418.9348,7.960000,0.055400,8.010000,523502.5101,2.4800,1.7683,10.610,0.0000,1,5263,102960,20.0,80.0,10.0,90.0
8,0,1024,1,0,1,1,1,1,1,1,1,1,1,1,1,1,1,1,0,0,1,0,362.4102,6.886000,0.055400,6.940000,523502.5101,27.3700,1.7733,10.640,0.0200,1,5263,102960,10.0,90.0,30.0,70.0
8,2,1024,1,0,0,0,1,0,0,0,0,0,1,1,0,0,1,0,1,1,1,0,400.5143,7.610000,0.055400,7.670000,523502.5101,26.5800,1.7517,10.510,0.1200,1,5263,102960,40.0,60.0,80.0,20.0
8,4,1024,0,0,0,0,1,0,1,0,0,0,0,0,0,1,1,1,1,1,0,0,403.1458,7.660000,0.055400,7.720000,523502.5101,26.5400,1.7733,10.640,0.0200,1,5263,102960,60.0,40.0,70.0,30.0
8,5,1024,0,0,0,0,0,0,0,0,0,0,1,1,1,1,0,1,1,1,1,1,400.5143,7.610000,0.055400,7.670000,523502.5101,11.3300,1.7717,10.630,0.0300,1,5263,102960,60.0,40.0,50.0,50.0
8,8,1024,0,0,0,0,1,0,1,0,1,0,0,0,0,0,0,0,0,0,1,0,372.6204,7.080000,0.055200,7.140000,523502.5101,26.4900,1.7850,10.710,0.0200,1,5263,102960,60.0,40.0,100.0,0.0
8,10,1024,1,0,1,0,1,0,1,0,1,0,1,0,0,1,1,1,1,0,1,0,416.8296,7.920000,0.055400,7.970000,523502.5101,26.7400,1.7733,10.640,0.0200,1,5263,102960,10.0,90.0,80.0,20.0
8,11,1024,0,0,0,0,1,1,0,1,1,1,0,0,0,1,0,0,1,1,1,0,447.3550,8.500000,0.055400,8.560000,523502.5101,6.0700,1.7733,10.640,0.0200,1,5263,102960,60.0,40.0,50.0,50.0
8,12,1024,1,0,0,0,1,0,0,0,1,0,1,1,1,1,0,0,0,0,1,0,413.1455,7.850000,0.055400,7.900000,523502.5101,26.6300,1.7833,10.700,0.0000,1,5263,102960,40.0,60.0,80.0,20.0
8,13,1024,0,0,0,0,1,1,1,0,0,0,1,1,1,1,1,1,1,1,1,1,419.4611,7.970000,0.055400,8.030000,523502.5101,13.7400,1.7483,10.490,0.1800,1,5263,102960,30.0,70.0,40.0,60.0
8,14,1024,0,0,1,0,1,0,1,0,1,0,1,0,1,0,1,0,1,0,1,0,366.8311,6.970000,0.055200,7.030000,523502.5101,26.7900,1.7517,10.510,0.1600,1,5263,102960,10.0,90.0,100.0,0.0
8,15,1024,0,0,1,1,1,1,0,0,1,1,0,0,1,1,1,1,0,0,1,0,422.0926,8.020000,0.055400,8.080000,523502.5101,26.7800,1.7667,10.600,0.0800,1,5263,102960,40.0,60.0,50.0,50.0
8,16,1024,1,1,0,0,1,0,1,0,1,0,1,0,1,0,1,0,1,0,1,0,388.4094,7.380000,0.055400,7.430000,523502.5101,16.4000,1.7717,10.630,0.0400,1,5263,102960,10.0,90.0,90.0,10.0
8,17,1024,1,1,0,0,1,0,0,1,1,1,0,0,1,0,0,0,1,1,1,0,1000000000.0000,6.890000,0.055400,6.950000,523502.5101,-100.0000,1.7583,10.550,0.0100,1,-1,-1,40.0,60.0,60.0,40.0
8,18,1024,0,0,0,0,1,0,1,0,0,0,0,0,0,0,1,1,0,0,1,0,394.1987,7.490000,0.055400,7.540000,523502.5101,26.6100,1.7783,10.670,0.0000,1,5263,102960,60.0,40.0,90.0,10.0
8,19,1024,0,0,0,0,1,0,1,0,1,0,0,0,0,1,0,0,1,0,1,0,393.6724,7.480000,0.055400,7.540000,523502.5101,26.5500,1.7667,10.600,0.0700,1,5263,102960,50.0,50.0,90.0,10.0
8,20,1024,1,1,0,1,0,0,0,1,1,1,1,0,1,1,1,0,1,0,0,0,424.1978,8.060000,0.055400,8.120000,523502.5101,16.2100,1.7767,10.660,0.0500,1,5263,102960,40.0,60.0,50.0,50.0
8,21,1024,0,0,1,0,1,0,1,1,1,0,0,0,1,0,0,0,1,0,1,0,412.0929,7.830000,0.055400,7.890000,523502.5101,26.6800,1.7750,10.650,0.0200,1,5263,102960,30.0,70.0,90.0,10.0
8,22,1024,0,1,1,1,1,1,0,0,0,0,0,0,1,1,1,1,0,0,1,0,413.6718,7.860000,0.055400,7.920000,523502.5101,12.3100,1.7733,10.640,0.0300,1,5263,102960,50.0,50.0,50.0,50.0
8,24,1024,0,0,1,1,1,0,1,0,0,0,0,0,1,1,0,0,0,0,1,0,422.6189,8.030000,0.055400,8.080000,523502.5101,26.5100,1.7767,10.660,0.0100,1,5263,102960,50.0,50.0,80.0,20.0
8,25,1024,1,1,1,1,1,1,1,1,1,1,0,0,0,0,1,0,1,1,1,0,411.5666,7.820000,0.055400,7.870000,523502.5101,18.2500,1.7750,10.650,0.0100,1,5263,102960,20.0,80.0,40.0,60.0
8,26,1024,0,0,1,0,1,1,1,1,1,1,1,1,1,1,1,1,1,1,1,0,455.7758,8.660000,0.055400,8.710000,523502.5101,28.1300,1.7700,10.620,0.0500,1,5263,102960,10.0,90.0,30.0,70.0
8,27,1024,0,0,0,0,1,1,1,0,1,1,1,0,1,1,1,1,0,1,1,0,421.0400,8.000000,0.055400,8.050000,523502.5101,17.1300,1.7467,10.480,0.0800,1,5263,102960,30.0,70.0,50.0,50.0
8,28,1024,0,0,1,1,1,0,1,1,1,1,1,0,1,1,1,0,1,1,1,0,1000000000.0000,7.910000,0.055400,7.970000,523502.5101,-100.0000,1.7767,10.660,0.0100,1,-1,-1,10.0,90.0,50.0,50.0
8,30,1024,1,1,1,1,1,1,1,1,1,1,1,1,1,0,1,1,1,1,0,1,1000000000.0000,7.280000,0.055400,7.340000,523502.5101,-100.0000,1.7783,10.670,0.0100,1,-1,-1,10.0,90.0,10.0,90.0
8,32,1024,1,0,1,0,1,0,1,0,1,0,0,0,1,0,1,1,1,0,1,0,1000000000.0000,7.380000,0.055400,7.430000,523502.5101,-100.0000,1.7783,10.670,0.0000,1,-1,-1,10.0,90.0,90.0,10.0
8,33,1024,1,0,1,0,1,1,1,1,0,0,1,0,1,0,1,1,0,1,0,0,1000000000.0000,7.860000,0.055400,7.910000,523502.5101,-100.0000,1.7733,10.640,0.0100,1,-1,-1,30.0,70.0,60.0,40.0
8,34,1024,0,0,0,0,1,0,1,0,0,1,1,1,0,0,1,1,1,1,1,0,402.6195,7.650000,0.055400,7.700000,523502.5101,27.0300,1.7800,10.680,-0.0100,0,5263,102960,40.0,60.0,60.0,40.0
8,35,1024,0,0,1,0,1,1,1,1,1,0,1,1,1,0,1,0,0,1,0,0,425.7767,8.090000,0.055400,8.150000,523502.5101,26.7400,1.7817,10.690,0.0200,1,5263,102960,30.0,70.0,60.0,40.0
8,37,1024,1,0,0,1,0,1,1,1,0,0,0,0,0,0,1,0,1,1,1,0,441.0394,8.380000,0.055400,8.430000,523502.5101,26.4900,1.7683,10.610,0.0000,1,5263,102960,50.0,50.0,60.0,40.0
8,38,1024,0,0,1,1,1,0,1,1,1,1,1,1,1,1,1,1,1,1,1,0,437.3553,8.310000,0.055400,8.370000,523502.5101,27.7500,1.7717,10.630,0.0400,1,5263,102960,10.0,90.0,30.0,70.0
8,39,1024,0,1,1,1,0,0,1,0,1,0,0,0,0,1,1,1,1,1,1,0,426.3030,8.100000,0.055400,8.160000,523502.5101,14.6500,1.7633,10.580,0.0700,1,5263,102960,40.0,60.0,50.0,50.0
8,40,1024,0,0,0,0,1,0,1,0,1,1,0,0,1,1,1,1,1,1,1,0,341.8845,6.496000,0.055400,6.550000,523502.5101,27.4000,1.7533,10.520,0.1500,1,5263,102960,30.0,70.0,60.0,40.0
8,41,1024,1,0,1,0,1,1,1,1,1,1,1,1,1,1,1,1,1,1,1,0,434.1975,8.250000,0.055400,8.300000,523502.5101,28.1300,1.7783,10.670,0.0100,1,5263,102960,0.0,100.0,30.0,70.0
8,42,1024,0,0,0,0,0,0,1,0,1,1,0,1,1,1,1,1,1,1,1,0,1000000000.0000,8.050000,0.055400,8.100000,523502.5101,-100.0000,1.7767,10.660,0.0200,1,-1,-1,40.0,60.0,50.0,50.0
8,44,1024,1,0,1,0,1,1,1,1,1,0,1,0,1,0,0,0,0,1,1,0,1000000000.0000,1000.000000,0.000000,1000.000000,523502.5101,-100.0000,1.7900,10.740,0.0000,1,-1,-1,20.0,80.0,70.0,30.0
8,45,1024,1,0,0,0,1,0,0,1,1,0,0,1,1,0,0,0,0,0,0,0,1000000000.0000,7.700000,0.055400,7.750000,523502.5101,-100.0000,1.7717,10.630,0.0000,1,-1,-1,60.0,40.0,80.0,20.0
8,46,1024,1,0,1,0,1,0,1,0,1,0,0,0,1,0,0,0,0,0,1,0,1000000000.0000,7.570000,0.055300,7.620000,523502.5101,-100.0000,1.7900,10.740,0.0000,1,-1,-1,30.0,70.0,100.0,0.0
8,47,1024,1,0,1,0,1,1,1,0,1,0,1,0,1,0,1,1,0,1,0,0,1000000000.0000,7.790000,0.055400,7.850000,523502.5101,-100.0000,1.7750,10.650,0.0200,1,-1,-1,20.0,80.0,70.0,30.0
8,48,1024,0,0,0,0,1,0,0,0,0,0,1,0,0,0,1,0,1,1,1,0,1000000000.0000,7.170000,0.055400,7.230000,523502.5101,-100.0000,1.7750,10.650,0.0100,1,-1,-1,50.0,50.0,90.0,10.0
8,49,1024,1,0,0,1,1,0,1,0,1,1,1,1,1,1,1,1,1,1,1,0,419.9874,7.980000,0.055400,8.030000,523502.5101,27.8200,1.7767,10.660,0.0100,1,5263,102960,10.0,90.0,40.0,60.0
8,50,1024,0,0,1,1,1,0,1,1,1,1,0,0,1,1,1,1,1,1,1,1,427.8819,8.130000,0.055400,8.180000,523502.5101,12.5000,1.7750,10.650,0.0200,1,5263,102960,20.0,80.0,30.0,70.0
8,52,1024,1,1,0,0,1,1,1,1,1,1,0,0,0,0,1,0,0,0,1,0,433.6712,8.240000,0.055400,8.300000,523502.5101,15.7200,1.7017,10.210,0.4300,1,5263,102960,40.0,60.0,60.0,40.0
8,53,1024,1,0,0,0,1,0,1,0,1,0,1,0,0,1,1,0,1,0,1,0,407.8825,7.750000,0.055400,7.810000,523502.5101,26.6500,1.7817,10.690,0.0100,1,5263,102960,20.0,80.0,90.0,10.0
8,54,1024,0,1,1,1,1,1,1,0,1,1,0,0,1,1,0,0,0,0,1,0,419.4611,7.970000,0.055400,8.020000,523502.5101,12.8600,1.7783,10.670,0.0300,1,5263,102960,40.0,60.0,50.0,50.0
8,55,1024,0,0,1,1,0,0,1,1,1,1,1,1,1,1,1,1,1,1,1,1,431.5660,8.200000,0.055400,8.250000,523502.5101,22.0600,1.7617,10.570,0.0700,1,5263,102960,20.0,80.0,20.0,80.0
8,56,1024,0,0,0,0,1,1,1,1,1,1,1,1,0,0,0,0,1,1,0,0,357.9366,6.801000,0.055400,6.860000,523502.5101,26.6700,1.7700,10.620,0.0300,1,5263,102960,50.0,50.0,50.0,50.0
8,57,1024,0,0,0,0,1,0,1,0,0,0,1,1,0,1,0,0,1,1,1,0,1000000000.0000,7.920000,0.055400,7.970000,523502.5101,-100.0000,1.7633,10.580,0.0700,1,-1,-1,50.0,50.0,70.0,30.0
8,58,1024,1,0,0,1,0,1,1,1,0,0,0,0,1,0,1,0,0,0,0,0,1000000000.0000,8.150000,0.055400,8.200000,523502.5101,-100.0000,1.7750,10.650,0.0200,1,-1,-1,60.0,40.0,70.0,30.0
8,59,1024,1,1,0,1,1,1,1,1,1,1,1,1,1,1,1,1,1,1,1,1,1000000000.0000,6.776000,0.055400,6.830000,523502.5101,-100.0000,1.7450,10.470,0.1600,1,-1,-1,10.0,90.0,0.0,100.0
8,60,1024,1,0,0,0,1,0,1,1,1,1,1,0,1,1,1,0,1,1,1,0,1000000000.0000,8.120000,0.055400,8.180000,523502.5101,-100.0000,1.7800,10.680,0.0100,1,-1,-1,10.0,90.0,60.0,40.0
8,61,1024,1,1,1,1,1,1,1,1,1,0,1,1,1,1,1,1,0,1,0,1,1000000000.0000,7.480000,0.055400,7.540000,523502.5101,-100.0000,1.7767,10.660,0.0200,1,-1,-1,20.0,80.0,10.0,90.0
8,62,1024,1,0,1,1,1,0,1,0,1,0,0,0,1,0,0,0,1,0,1,0,1000000000.0000,7.960000,0.055400,8.020000,523502.5101,-100.0000,1.7750,10.650,0.0000,1,-1,-1,20.0,80.0,90.0,10.0
8,63,1024,0,0,0,0,1,0,1,0,0,0,0,0,1,1,1,0,0,0,1,0,394.7250,7.500000,0.055400,7.560000,523502.5101,26.6000,1.7717,10.630,0.0300,1,5263,102960,50.0,50.0,90.0,10.0
8,64,1024,0,1,0,0,1,0,0,0,0,1,1,1,1,1,0,0,1,1,1,0,417.3559,7.930000,0.055400,7.990000,523502.5101,14.2000,1.7917,10.750,-0.1000,0,5263,102960,50.0,50.0,50.0,50.0
8,65,1024,1,0,0,0,0,1,1,0,0,0,0,0,0,0,1,0,0,0,1,0,398.9354,7.580000,0.055400,7.640000,523502.5101,26.4900,1.7300,10.380,0.2700,1,5263,102960,60.0,40.0,90.0,10.0
8,66,1024,1,0,1,0,1,0,1,1,1,0,1,1,1,0,0,0,1,0,1,0,409.4614,7.780000,0.055400,7.830000,523502.5101,26.8300,1.7533,10.520,0.0600,1,5263,102960,10.0,90.0,80.0,20.0
8,67,1024,0,0,0,0,0,0,0,0,0,0,1,1,1,0,0,1,1,1,1,0,399.9880,7.600000,0.055400,7.650000,523502.5101,26.6300,1.7717,10.630,0.0300,1,5263,102960,60.0,40.0,70.0,30.0
8,69,1024,1,0,1,0,1,0,1,0,1,0,1,0,1,0,1,0,0,1,1,0,362.5154,6.888000,0.055400,6.950000,523502.5101,26.6400,1.7750,10.650,0.0100,1,5263,102960,10.0,90.0,90.0,10.0
8,70,1024,0,0,1,0,1,1,1,0,0,0,0,0,0,1,0,0,0,0,1,0,412.0929,7.830000,0.055400,7.880000,523502.5101,26.3100,1.7783,10.670,0.0200,1,5263,102960,60.0,40.0,80.0,20.0
8,71,1024,0,0,1,1,0,0,0,0,1,0,0,0,0,1,1,1,1,1,1,0,359.4103,6.829000,0.055400,6.880000,523502.5101,26.7500,1.7767,10.660,0.0200,1,5263,102960,50.0,50.0,60.0,40.0
8,72,1024,0,0,0,0,0,0,0,0,0,0,1,1,0,0,1,1,1,1,1,0,400.5143,7.610000,0.055400,7.660000,523502.5101,26.8000,1.7667,10.600,0.0700,1,5263,102960,60.0,40.0,70.0,30.0
8,73,1024,0,1,0,1,1,0,1,0,1,1,1,1,1,1,1,0,0,0,0,0,1000000000.0000,1000.000000,0.000000,1000.000000,523502.5101,-100.0000,1.7717,10.630,0.0500,1,-1,-1,40.0,60.0,50.0,50.0
8,75,1024,0,0,0,0,0,0,1,0,1,1,0,0,1,1,1,1,1,1,1,0,1000000000.0000,8.070000,0.055400,8.120000,523502.5101,-100.0000,1.7567,10.540,0.1200,1,-1,-1,40.0,60.0,60.0,40.0
8,76,1024,0,0,1,1,0,1,1,1,1,1,1,0,1,0,1,0,0,0,1,0,1000000000.0000,8.060000,0.055400,8.110000,523502.5101,-100.0000,1.7767,10.660,0.0000,1,-1,-1,30.0,70.0,60.0,40.0
8,77,1024,0,0,1,0,1,1,1,0,1,0,0,0,1,0,1,0,1,0,1,0,1000000000.0000,7.730000,0.055400,7.780000,523502.5101,-100.0000,1.7817,10.690,0.0100,1,-1,-1,20.0,80.0,90.0,10.0
8,78,1024,1,1,1,0,1,0,1,0,1,1,1,0,0,0,1,0,1,0,1,0,1000000000.0000,7.940000,0.055400,8.000000,523502.5101,-100.0000,1.7783,10.670,-0.0100,0,-1,-1,10.0,90.0,80.0,20.0
8,79,1024,1,1,0,0,1,0,1,0,0,0,1,1,0,0,1,1,1,0,1,0,1000000000.0000,8.230000,0.055400,8.290000,523502.5101,-100.0000,1.7700,10.620,0.0400,1,-1,-1,30.0,70.0,70.0,30.0
8,80,1024,0,0,0,0,1,0,1,0,1,0,1,1,1,1,1,1,1,1,1,0,424.7241,8.070000,0.055400,8.130000,523502.5101,27.3700,1.7750,10.650,0.0200,1,5263,102960,20.0,80.0,60.0,40.0
8,81,1024,0,0,0,0,1,0,1,0,1,1,0,0,1,0,1,0,0,0,1,0,406.3036,7.720000,0.055400,7.780000,523502.5101,26.7600,1.7383,10.430,0.2300,1,5263,102960,40.0,60.0,90.0,10.0
8,82,1024,0,0,0,0,1,0,1,1,1,1,1,1,1,1,1,0,1,0,0,0,409.9877,7.790000,0.055400,7.850000,523502.5101,27.1000,1.7750,10.650,0.0100,1,5263,102960,30.0,70.0,60.0,40.0
8,83,1024,0,0,0,0,1,1,1,0,1,1,1,1,1,1,1,1,0,1,1,1,417.3559,7.930000,0.055400,7.990000,523502.5101,11.2600,1.7683,10.610,0.0400,1,5263,102960,30.0,70.0,30.0,70.0
8,84,1024,0,0,0,0,1,1,1,1,1,1,1,1,1,1,1,0,1,0,1,0,426.8293,8.110000,0.055400,8.170000,523502.5101,27.4300,1.7850,10.710,0.0100,1,5263,102960,20.0,80.0,50.0,50.0
8,85,1024,1,1,1,1,1,1,1,1,0,0,0,0,0,0,1,0,0,0,1,0,425.2504,8.080000,0.055400,8.130000,523502.5101,17.5600,1.7750,10.650,0.0200,1,5263,102960,40.0,60.0,60.0,40.0
8,86,1024,0,0,1,0,1,1,1,1,1,0,1,1,1,0,1,1,1,0,0,0,421.5663,8.010000,0.055400,8.060000,523502.5101,26.9700,1.7750,10.650,0.0200,1,5263,102960,20.0,80.0,60.0,40.0
8,87,1024,0,0,0,0,1,0,1,0,0,0,1,1,0,0,1,1,0,0,1,0,409.4614,7.780000,0.055400,7.830000,523502.5101,26.6800,1.7550,10.530,0.1500,1,5263,102960,50.0,50.0,80.0,20.0
8,88,1024,1,0,0,0,1,1,1,1,1,0,1,1,0,0,1,1,1,1,0,0,1000000000.0000,7.850000,0.055400,7.900000,523502.5101,-100.0000,1.7633,10.580,0.0600,1,-1,-1,30.0,70.0,50.0,50.0
8,89,1024,0,0,0,0,1,1,0,0,0,0,1,1,1,0,1,1,1,1,1,0,1000000000.0000,7.870000,0.055400,7.930000,523502.5101,-100.0000,1.7750,10.650,0.0200,1,-1,-1,40.0,60.0,60.0,40.0
8,90,1024,1,0,0,0,1,0,1,0,0,0,1,1,1,1,1,0,0,0,1,0,1000000000.0000,7.710000,0.055400,7.770000,523502.5101,-100.0000,1.7633,10.580,0.0900,1,-1,-1,30.0,70.0,80.0,20.0
8,91,1024,1,1,1,1,1,1,1,1,1,1,1,1,1,1,0,0,1,1,1,1,1000000000.0000,7.750000,0.055400,7.800000,523502.5101,-100.0000,1.7717,10.630,0.0300,1,-1,-1,10.0,90.0,10.0,90.0
8,93,1024,1,0,1,0,0,0,1,1,1,0,1,0,1,0,1,1,0,1,1,0,1000000000.0000,7.840000,0.055400,7.900000,523502.5101,-100.0000,1.7717,10.630,0.0600,1,-1,-1,20.0,80.0,70.0,30.0
8,94,1024,0,0,0,0,1,0,1,0,0,0,1,1,1,1,0,0,1,1,1,0,1000000000.0000,7.790000,0.055400,7.850000,523502.5101,-100.0000,1.7783,10.670,0.0100,1,-1,-1,40.0,60.0,70.0,30.0
8,95,1024,0,0,1,1,0,0,1,0,1,0,0,0,0,1,1,1,0,0,1,0,1000000000.0000,8.060000,0.055400,8.110000,523502.5101,-100.0000,1.7483,10.490,0.0700,1,-1,-1,50.0,50.0,70.0,30.0
8,96,1024,1,1,1,1,1,1,1,1,1,1,1,1,0,0,1,1,0,1,0,1,1000000000.0000,7.620000,0.055400,7.680000,523502.5101,-100.0000,1.7767,10.660,0.0100,1,-1,-1,30.0,70.0,10.0,90.0
8,97,1024,0,0,1,1,1,1,1,1,1,1,1,1,1,1,1,1,1,0,1,0,437.3553,8.310000,0.055400,8.370000,523502.5101,27.8100,1.7733,10.640,0.0300,1,5263,102960,10.0,90.0,30.0,70.0
8,98,1024,0,0,0,0,1,0,1,0,0,0,0,0,1,0,0,0,1,1,1,0,398.4091,7.570000,0.055400,7.620000,523502.5101,26.6200,1.7767,10.660,0.0400,1,5263,102960,50.0,50.0,90.0,10.0
8,99,1024,0,0,0,0,0,0,0,0,0,0,1,1,0,1,1,1,1,1,1,0,423.1452,8.040000,0.055400,8.090000,523502.5101,6.6700,1.7633,10.580,0.0800,1,5263,102960,60.0,40.0,60.0,40.0
9,0,1024,0,1,1,1,1,1,0,0,1,1,0,0,1,1,0,0,1,0,1,0,431.5660,8.200000,0.055400,8.260000,523502.5101,12.5300,1.7750,10.650,0.0200,1,5263,102960,40.0,60.0,50.0,50.0
9,1,1024,1,0,0,1,1,0,1,0,1,1,1,1,1,1,1,1,0,1,1,0,413.6718,7.860000,0.055400,7.910000,523502.5101,17.3300,1.7750,10.650,0.0000,1,5263,102960,20.0,80.0,40.0,60.0
9,2,1024,1,1,1,1,1,1,1,1,1,1,0,0,1,1,1,0,0,0,0,0,406.8299,7.730000,0.055400,7.790000,523502.5101,18.3600,1.7750,10.650,0.0200,1,5263,102960,30.0,70.0,40.0,60.0
9,3,1024,0,0,0,1,1,0,1,0,1,0,0,0,0,1,0,0,1,0,1,0,419.9874,7.980000,0.055400,8.040000,523502.5101,26.5500,1.7783,10.670,0.0000,1,5263,102960,50.0,50.0,80.0,20.0
9,4,1024,1,0,0,0,1,1,1,1,0,0,1,1,0,0,1,1,1,1,0,0,414.1981,7.870000,0.055400,7.930000,523502.5101,26.6100,1.7733,10.640,0.0000,1,5263,102960,40.0,60.0,50.0,50.0
9,5,1024,0,0,0,0,1,1,1,0,1,1,1,1,1,1,0,0,0,1,1,0,416.8296,7.920000,0.055400,7.980000,523502.5101,26.8400,1.7750,10.650,0.0200,1,5263,102960,40.0,60.0,50.0,50.0
9,7,1024,1,1,1,1,1,1,1,0,1,1,1,0,0,0,1,0,1,1,0,0,428.9345,8.150000,0.055400,8.210000,523502.5101,17.8300,1.7767,10.660,0.0000,1,5263,102960,20.0,80.0,50.0,50.0
9,8,1024,1,0,0,0,1,0,0,0,0,0,1,1,0,0,0,0,1,1,1,0,401.0406,7.620000,0.055400,7.680000,523502.5101,26.5600,1.7817,10.690,0.0200,1,5263,102960,50.0,50.0,80.0,20.0
9,9,1024,0,0,0,0,1,0,1,0,1,0,1,0,1,0,1,0,1,0,1,0,360.4629,6.849000,0.055200,6.910000,523502.5101,26.7900,1.7783,10.670,0.0600,1,5263,102960,20.0,80.0,100.0,0.0
9,10,1024,0,0,1,1,0,0,0,0,1,0,0,0,1,1,1,1,1,1,1,0,413.6718,7.860000,0.055400,7.920000,523502.5101,27.2300,1.7767,10.660,0.0200,1,5263,102960,40.0,60.0,60.0,40.0
9,11,1024,0,1,1,1,1,0,1,1,1,1,1,1,1,1,1,1,1,1,1,1,417.8822,7.940000,0.055400,8.000000,523502.5101,13.8500,1.7767,10.660,0.0000,1,5263,102960,10.0,90.0,10.0,90.0
9,12,1024,0,0,0,0,1,1,0,0,1,1,1,0,1,1,1,1,0,1,1,0,429.4608,8.160000,0.055400,8.220000,523502.5101,17.0000,1.7683,10.610,0.0700,1,5263,102960,40.0,60.0,50.0,50.0
9,13,1024,0,0,0,0,1,0,1,0,0,0,1,1,0,0,1,0,0,0,1,0,384.1990,7.300000,0.055400,7.350000,523502.5101,26.5900,1.7350,10.410,0.2600,1,5263,102960,50.0,50.0,90.0,10.0
9,14,1024,0,0,1,0,1,0,1,0,0,0,0,0,0,1,0,0,1,1,1,0,394.7250,7.500000,0.055400,7.560000,523502.5101,26.4800,1.7783,10.670,0.0300,1,5263,102960,50.0,50.0,80.0,20.0
9,15,1024,0,0,1,0,1,1,1,0,1,0,1,1,1,0,1,1,0,1,0,0,428.9345,8.150000,0.055400,8.210000,523502.5101,16.8300,1.7583,10.550,0.0900,1,5263,102960,30.0,70.0,60.0,40.0
9,16,1024,1,0,0,0,0,1,1,0,1,1,0,0,0,0,1,0,0,0,1,0,410.5140,7.800000,0.055400,7.860000,523502.5101,26.4800,1.7783,10.670,0.0000,1,5263,102960,50.0,50.0,80.0,20.0
9,17,1024,1,0,0,0,1,1,1,0,0,1,1,1,1,1,1,1,1,1,1,0,415.7770,7.900000,0.055400,7.960000,523502.5101,27.4900,1.7567,10.540,0.1100,1,5263,102960,20.0,80.0,40.0,60.0
9,18,1024,0,0,0,0,1,0,1,0,1,0,0,0,1,0,0,0,1,0,1,0,363.6733,6.910000,0.055200,6.970000,523502.5101,26.6700,1.7767,10.660,0.0300,1,5263,102960,40.0,60.0,100.0,0.0
9,20,1024,1,1,0,0,1,0,1,1,1,1,1,1,1,1,1,0,1,0,1,0,435.2501,8.270000,0.055400,8.330000,523502.5101,17.0900,1.7717,10.630,0.0300,1,5263,102960,10.0,90.0,50.0,50.0
9,21,1024,0,0,0,0,1,0,1,1,1,1,1,1,1,1,0,0,1,1,1,0,412.6192,7.840000,0.055400,7.900000,523502.5101,26.9100,1.7717,10.630,0.0200,1,5263,102960,30.0,70.0,50.0,50.0
9,22,1024,1,0,1,0,0,0,1,1,1,0,1,1,1,0,0,0,1,0,1,0,1000000000.0000,1000.000000,0.000000,1000.000000,523502.5101,-100.0000,1.7733,10.640,0.0100,1,-1,-1,20.0,80.0,80.0,20.0
9,24,1024,0,0,1,1,1,1,1,1,1,1,1,1,1,1,1,1,0,0,1,0,1000000000.0000,8.020000,0.055400,8.070000,523502.5101,-100.0000,1.7617,10.570,0.1000,1,-1,-1,20.0,80.0,30.0,70.0
9,26,1024,0,0,0,0,1,1,1,0,0,0,1,1,0,0,1,1,1,1,1,1,1000000000.0000,7.960000,0.055400,8.010000,523502.5101,-100.0000,1.7783,10.670,0.0200,1,-1,-1,40.0,60.0,50.0,50.0
9,28,1024,1,0,0,0,1,0,0,0,1,1,1,0,0,0,1,0,1,1,1,0,1000000000.0000,7.730000,0.055400,7.780000,523502.5101,-100.0000,1.7883,10.730,0.0000,1,-1,-1,30.0,70.0,80.0,20.0
9,30,1024,0,0,0,0,1,0,1,1,0,0,1,1,1,1,1,1,1,1,1,0,1000000000.0000,7.580000,0.055400,7.640000,523502.5101,-100.0000,1.7733,10.640,0.0200,1,-1,-1,30.0,70.0,50.0,50.0
9,31,1024,1,1,1,1,1,1,1,1,1,1,1,1,1,1,1,0,0,1,0,1,1000000000.0000,7.780000,0.055400,7.830000,523502.5101,-100.0000,1.7733,10.640,0.0300,1,-1,-1,20.0,80.0,10.0,90.0
9,32,1024,1,1,1,1,0,0,1,0,1,1,0,0,1,0,1,1,1,1,1,0,1000000000.0000,8.100000,0.055400,8.150000,523502.5101,-100.0000,1.7517,10.510,0.1500,1,-1,-1,20.0,80.0,50.0,50.0
9,33,1024,0,0,1,0,1,1,1,1,1,1,1,1,0,1,1,1,1,1,1,0,1000000000.0000,8.140000,0.055400,8.190000,523502.5101,-100.0000,1.7700,10.620,0.0300,1,-1,-1,20.0,80.0,30.0,70.0
9,35,1024,1,0,0,0,1,0,1,0,0,0,1,1,0,0,1,0,1,1,1,0,1000000000.0000,7.770000,0.055400,7.830000,523502.5101,-100.0000,1.7533,10.520,0.1100,1,-1,-1,30.0,70.0,80.0,20.0
9,36,1024,1,0,0,0,0,1,1,0,0,0,0,0,1,0,0,0,0,0,1,0,414.7244,7.880000,0.055400,7.930000,523502.5101,26.4100,1.7433,10.460,0.1100,1,5263,102960,60.0,40.0,90.0,10.0
9,37,1024,1,0,0,0,1,1,1,1,1,0,1,1,1,0,1,1,0,1,0,0,419.9874,7.980000,0.055400,8.030000,523502.5101,16.8000,1.7650,10.590,0.1000,1,5263,102960,30.0,70.0,50.0,50.0
9,38,1024,1,1,0,0,1,0,1,1,1,0,1,0,1,0,1,0,1,0,1,0,435.2501,8.270000,0.055400,8.320000,523502.5101,16.5600,1.7717,10.630,0.0500,1,5263,102960,10.0,90.0,80.0,20.0
9,39,1024,1,0,1,1,0,1,1,1,0,0,1,0,1,0,1,0,0,0,1,0,407.3562,7.740000,0.055400,7.790000,523502.5101,26.5400,1.7733,10.640,0.0100,1,5263,102960,30.0,70.0,70.0,30.0
9,40,1024,0,0,1,1,0,0,1,0,1,1,1,1,1,1,1,1,1,1,1,0,408.4088,7.760000,0.055400,7.810000,523502.5101,27.8200,1.7400,10.440,0.2200,1,5263,102960,20.0,80.0,40.0,60.0
9,41,1024,1,1,0,0,1,1,1,0,1,1,0,0,0,0,1,0,0,0,1,0,435.7764,8.280000,0.055400,8.340000,523502.5101,15.8000,1.7717,10.630,0.0200,1,5263,102960,40.0,60.0,70.0,30.0
9,43,1024,0,1,1,1,1,1,0,0,1,1,0,0,1,1,1,0,0,0,1,0,1000000000.0000,7.880000,0.055400,7.930000,523502.5101,-100.0000,1.7767,10.660,0.0200,1,-1,-1,40.0,60.0,50.0,50.0
9,44,1024,0,0,1,1,1,0,1,0,1,1,0,0,1,0,1,1,1,1,1,0,1000000000.0000,7.910000,0.055400,7.970000,523502.5101,-100.0000,1.7400,10.440,0.2100,1,-1,-1,20.0,80.0,60.0,40.0
9,45,1024,1,1,1,0,1,1,1,1,1,1,1,1,1,1,1,1,0,1,0,1,1000000000.0000,7.910000,0.055400,7.960000,523502.5101,-100.0000,1.7750,10.650,0.0100,1,-1,-1,20.0,80.0,10.0,90.0
9,46,1024,1,0,1,0,1,1,1,1,1,0,1,0,1,0,0,0,0,1,0,0,1000000000.0000,7.930000,0.055400,7.990000,523502.5101,-100.0000,1.7783,10.670,0.0000,1,-1,-1,30.0,70.0,70.0,30.0
9,48,1024,0,0,1,0,1,1,1,1,1,1,1,1,1,1,1,1,0,1,1,0,1000000000.0000,8.240000,0.055400,8.290000,523502.5101,-100.0000,1.7783,10.670,0.0100,1,-1,-1,20.0,80.0,30.0,70.0
9,49,1024,0,0,0,1,1,0,1,1,1,1,1,0,1,0,1,0,0,0,1,0,1000000000.0000,8.090000,0.055400,8.140000,523502.5101,-100.0000,1.7700,10.620,0.0600,1,-1,-1,30.0,70.0,70.0,30.0
9,50,1024,0,0,0,0,1,0,0,1,1,1,1,0,0,1,0,0,1,1,1,0,1000000000.0000,7.990000,0.055400,8.040000,523502.5101,-100.0000,1.7183,10.310,0.2500,1,-1,-1,50.0,50.0,60.0,40.0
9,51,1024,1,0,0,0,1,0,0,0,1,0,1,1,1,0,0,0,1,1,1,0,416.8296,7.920000,0.055400,7.970000,523502.5101,26.7300,1.7667,10.600,0.0800,1,5263,102960,30.0,70.0,80.0,20.0
9,52,1024,0,0,0,0,1,0,1,0,1,1,0,0,1,1,1,0,0,0,1,0,408.9351,7.770000,0.055400,7.820000,523502.5101,26.7600,1.7683,10.610,0.0700,1,5263,102960,40.0,60.0,80.0,20.0
9,54,1024,1,0,0,0,1,0,1,1,1,0,0,1,0,0,0,0,1,0,0,0,418.9348,7.960000,0.055400,8.010000,523502.5101,26.3400,1.7717,10.630,0.0400,1,5263,102960,50.0,50.0,80.0,20.0
9,55,1024,0,0,1,1,1,0,1,1,1,0,1,1,1,1,1,1,1,1,1,1,420.5137,7.990000,0.055400,8.040000,523502.5101,13.7500,1.7767,10.660,0.0000,1,5263,102960,10.0,90.0,30.0,70.0
9,57,1024,1,1,1,1,1,1,1,1,1,1,0,0,1,0,1,0,0,0,0,0,419.4611,7.970000,0.055400,8.030000,523502.5101,18.1000,1.7717,10.630,0.0500,1,5263,102960,30.0,70.0,50.0,50.0
9,58,1024,0,0,0,0,1,0,1,0,1,1,0,0,1,1,1,1,0,0,1,0,396.8302,7.540000,0.055400,7.600000,523502.5101,26.8600,1.7583,10.550,-0.0300,0,5263,102960,40.0,60.0,70.0,30.0
9,59,1024,1,0,1,1,1,1,1,1,0,0,1,1,1,1,1,1,1,1,0,0,431.5660,8.200000,0.055400,8.250000,523502.5101,26.9700,1.8033,10.820,-0.1600,0,5263,102960,20.0,80.0,30.0,70.0
9,60,1024,0,0,1,0,1,1,0,0,1,1,1,1,1,1,1,1,1,1,0,0,417.3559,7.930000,0.055400,7.980000,523502.5101,27.2200,1.7617,10.570,0.0900,1,5263,102960,30.0,70.0,40.0,60.0
9,61,1024,1,0,1,0,1,0,1,0,0,0,0,0,1,0,0,0,1,0,1,0,361.1997,6.863000,0.055200,6.920000,523502.5101,26.5900,1.7867,10.720,0.0100,1,5263,102960,30.0,70.0,100.0,0.0
9,62,1024,1,1,1,1,0,0,1,1,1,1,1,1,1,1,1,1,1,1,0,1,422.6189,8.030000,0.055400,8.080000,523502.5101,3.5200,1.7767,10.660,0.0000,1,5263,102960,20.0,80.0,10.0,90.0
9,63,1024,1,0,1,0,1,1,1,1,1,0,1,1,1,0,1,1,1,1,0,0,1000000000.0000,7.770000,0.055400,7.820000,523502.5101,-100.0000,1.7533,10.520,0.1400,1,-1,-1,10.0,90.0,50.0,50.0
9,64,1024,0,0,0,0,0,1,1,0,0,0,1,1,1,1,1,1,1,1,1,0,1000000000.0000,7.970000,0.055400,8.030000,523502.5101,-100.0000,1.7817,10.690,0.0100,1,-1,-1,40.0,60.0,50.0,50.0
9,66,1024,0,0,0,0,1,0,0,1,1,1,0,0,1,1,0,0,1,1,1,0,1000000000.0000,7.630000,0.055400,7.690000,523502.5101,-100.0000,1.7800,10.680,0.0200,1,-1,-1,50.0,50.0,60.0,40.0
9,67,1024,0,0,1,1,1,1,1,1,1,1,1,1,1,0,1,1,1,1,1,1,421.5663,8.010000,0.055400,8.070000,523502.5101,10.9500,1.7767,10.660,0.0300,1,5263,102960,10.0,90.0,20.0,80.0
9,68,1024,0,0,0,0,1,1,1,1,1,1,0,0,0,0,1,1,1,1,0,0,412.6192,7.840000,0.055400,7.900000,523502.5101,26.6200,1.7400,10.440,0.1400,1,5263,102960,50.0,50.0,50.0,50.0
9,69,1024,1,1,0,0,1,1,1,1,1,1,0,0,1,0,1,0,0,0,1,0,420.5137,7.990000,0.055400,8.040000,523502.5101,15.9800,1.7767,10.660,0.0100,1,5263,102960,30.0,70.0,60.0,40.0
9,70,1024,1,0,1,0,1,1,1,1,1,1,1,0,1,0,1,1,0,1,0,0,372.0941,7.070000,0.055400,7.130000,523502.5101,16.8400,1.7417,10.450,0.2000,1,5263,102960,20.0,80.0,50.0,50.0
9,71,1024,1,0,0,1,1,0,1,0,1,1,1,1,1,1,1,0,1,1,1,0,416.3033,7.910000,0.055400,7.970000,523502.5101,27.1600,1.8000,10.800,-0.1300,0,5263,102960,10.0,90.0,50.0,50.0
9,72,1024,1,1,1,0,1,0,1,0,1,0,1,0,0,0,1,0,1,0,1,0,427.3556,8.120000,0.055400,8.180000,523502.5101,15.9600,1.7800,10.680,0.0100,1,5263,102960,10.0,90.0,90.0,10.0
9,74,1024,0,0,0,1,1,0,1,0,1,1,1,1,1,1,1,1,1,1,1,0,412.0929,7.830000,0.055400,7.890000,523502.5101,27.8200,1.7350,10.410,0.2700,1,5263,102960,20.0,80.0,40.0,60.0
9,75,1024,0,0,0,0,0,0,1,1,0,0,1,1,1,0,0,1,1,1,1,1,413.6718,7.860000,0.055400,7.920000,523502.5101,10.5600,1.7733,10.640,0.0000,1,5263,102960,50.0,50.0,50.0,50.0
9,76,1024,0,0,1,0,0,0,0,0,1,0,1,1,1,0,1,1,1,1,0,0,1000000000.0000,7.870000,0.055400,7.920000,523502.5101,-100.0000,1.7733,10.640,0.0200,1,-1,-1,40.0,60.0,70.0,30.0
9,78,1024,1,0,0,0,1,0,0,0,1,1,1,1,0,0,1,0,1,1,1,0,1000000000.0000,1000.000000,0.000000,1000.000000,523502.5101,-100.0000,1.7817,10.690,0.0000,1,-1,-1,30.0,70.0,70.0,30.0
9,79,1024,1,1,1,0,1,0,1,0,1,0,1,0,1,0,1,0,1,0,0,0,1000000000.0000,7.900000,0.055400,7.960000,523502.5101,-100.0000,1.7750,10.650,0.0100,1,-1,-1,10.0,90.0,90.0,10.0
9,80,1024,0,0,1,1,0,0,0,0,1,0,0,0,0,1,1,1,1,1,0,0,1000000000.0000,7.790000,0.055400,7.850000,523502.5101,-100.0000,1.7750,10.650,0.0200,1,-1,-1,60.0,40.0,60.0,40.0
9,82,1024,0,0,0,0,1,0,1,1,0,0,1,1,1,0,1,1,1,1,1,0,415.7770,7.900000,0.055400,7.950000,523502.5101,26.8300,1.7767,10.660,0.0300,1,5263,102960,30.0,70.0,60.0,40.0
9,83,1024,0,0,0,0,1,1,1,0,1,1,1,0,1,1,1,1,0,1,1,1,407.8825,7.750000,0.055400,7.810000,523502.5101,11.0500,1.7733,10.640,0.0200,1,5263,102960,30.0,70.0,40.0,60.0
9,85,1024,0,0,0,0,1,1,1,0,1,0,0,0,0,1,0,0,1,0,1,0,414.7244,7.880000,0.055400,7.940000,523502.5101,26.5300,1.7733,10.640,0.0400,1,5263,102960,50.0,50.0,80.0,20.0
9,86,1024,0,0,0,0,1,1,1,1,1,1,1,1,0,0,1,1,1,1,1,0,421.5663,8.010000,0.055400,8.060000,523502.5101,27.1800,1.7750,10.650,0.0400,1,5263,102960,30.0,70.0,40.0,60.0
9,87,1024,1,1,1,1,1,1,1,0,1,1,1,1,1,1,1,1,0,1,0,1,399.9880,7.600000,0.055400,7.650000,523502.5101,3.4200,1.7733,10.640,0.0200,1,5263,102960,20.0,80.0,10.0,90.0
9,89,1024,0,0,0,0,1,1,1,1,1,1,0,0,1,1,1,0,1,1,1,0,423.1452,8.040000,0.055400,8.100000,523502.5101,26.8300,1.7867,10.720,0.0100,1,5263,102960,30.0,70.0,50.0,50.0
9,90,1024,0,0,0,0,1,1,1,0,0,0,1,1,0,0,0,0,0,0,1,0,422.0926,8.020000,0.055400,8.080000,523502.5101,26.5100,1.7717,10.630,0.0400,1,5263,102960,60.0,40.0,80.0,20.0
9,91,1024,0,0,0,0,1,0,1,1,1,1,0,0,1,1,1,0,1,1,1,0,419.4611,7.970000,0.055400,8.030000,523502.5101,26.7700,1.7800,10.680,0.0500,1,5263,102960,30.0,70.0,60.0,40.0
9,92,1024,0,0,0,0,1,0,1,0,1,0,0,0,1,1,0,0,1,0,1,0,388.9357,7.390000,0.055400,7.450000,523502.5101,26.7200,1.7783,10.670,0.0200,1,5263,102960,40.0,60.0,90.0,10.0
9,93,1024,1,0,1,0,1,0,1,0,1,0,1,0,1,0,0,0,1,0,1,0,363.1470,6.900000,0.055200,6.960000,523502.5101,26.6800,1.7767,10.660,0.0500,1,5263,102960,10.0,90.0,100.0,0.0
9,94,1024,1,1,1,1,1,1,1,1,1,1,1,1,0,1,1,1,1,1,1,1,1000000000.0000,6.990000,0.055400,7.050000,523502.5101,-100.0000,1.7400,10.440,0.2600,1,-1,-1,10.0,90.0,0.0,100.0
9,95,1024,0,0,0,0,1,1,1,0,1,1,0,1,1,1,1,1,1,1,1,0,1000000000.0000,7.900000,0.055400,7.960000,523502.5101,-100.0000,1.7267,10.360,0.2800,1,-1,-1,30.0,70.0,40.0,60.0
9,96,1024,1,0,1,0,1,1,1,0,1,0,0,0,1,0,0,0,1,0,1,0,1000000000.0000,7.330000,0.055400,7.380000,523502.5101,-100.0000,1.7783,10.670,0.0000,1,-1,-1,20.0,80.0,90.0,10.0
9,97,1024,0,0,1,1,1,0,1,1,1,1,1,1,1,1,1,1,1,0,1,0,1000000000.0000,8.160000,0.055400,8.220000,523502.5101,-100.0000,1.7600,10.560,0.0100,1,-1,-1,10.0,90.0,40.0,60.0
9,98,1024,0,0,0,0,1,1,1,0,0,1,1,1,1,0,1,1,1,1,1,0,428.9345,8.150000,0.055400,8.210000,523502.5101,27.1300,1.7767,10.660,0.0000,1,5263,102960,30.0,70.0,50.0,50.0
9,99,1024,0,0,1,0,1,0,1,0,1,0,1,0,1,1,1,0,1,0,1,0,388.9357,7.390000,0.055400,7.450000,523502.5101,26.8300,1.7767,10.660,0.0600,1,5263,102960,10.0,90.0,90.0,10.0
10,0,1024,0,0,0,0,1,1,1,1,1,1,0,0,0,0,1,1,1,1,1,0,411.5666,7.820000,0.055400,7.880000,523502.5101,26.8000,1.7467,10.480,0.2000,1,5263,102960,40.0,60.0,50.0,50.0
10,1,1024,0,0,1,1,0,0,1,0,1,0,0,0,1,1,1,1,1,1,1,0,423.1452,8.040000,0.055400,8.100000,523502.5101,27.2800,1.7617,10.570,0.0900,1,5263,102960,30.0,70.0,60.0,40.0
10,4,1024,1,0,0,0,1,0,1,0,0,0,0,0,0,0,1,0,0,0,1,0,372.6204,7.080000,0.055200,7.130000,523502.5101,26.4900,1.7783,10.670,0.0100,1,5263,102960,50.0,50.0,100.0,0.0
10,5,1024,1,1,1,0,1,0,1,0,1,0,1,0,1,0,1,0,0,0,1,0,416.3033,7.910000,0.055400,7.970000,523502.5101,15.9000,1.7800,10.680,0.0200,1,5263,102960,10.0,90.0,90.0,10.0
10,6,1024,1,0,0,0,1,1,1,1,1,0,1,0,1,0,1,1,0,1,0,0,415.7770,7.900000,0.055400,7.960000,523502.5101,16.7200,1.7767,10.660,0.0000,1,5263,102960,30.0,70.0,60.0,40.0
10,8,1024,0,0,0,0,1,1,1,1,1,1,1,1,1,1,1,1,0,1,1,0,426.3030,8.100000,0.055400,8.150000,523502.5101,17.2800,1.7783,10.670,0.0300,1,5263,102960,30.0,70.0,30.0,70.0
10,9,1024,0,0,0,0,1,0,1,1,1,0,0,0,0,1,0,0,1,0,1,0,403.6721,7.670000,0.055400,7.720000,523502.5101,26.4600,1.7717,10.630,0.0300,1,5263,102960,50.0,50.0,80.0,20.0
10,10,1024,0,0,0,0,1,1,1,1,1,1,0,0,0,0,0,0,1,1,0,0,422.6189,8.030000,0.055400,8.090000,523502.5101,26.3600,1.7750,10.650,0.0100,1,5263,102960,60.0,40.0,60.0,40.0
10,12,1024,1,0,1,1,1,1,1,1,1,1,1,1,1,0,1,1,1,1,1,0,424.7241,8.070000,0.055400,8.120000,523502.5101,27.5100,1.7783,10.670,0.0200,1,5263,102960,0.0,100.0,30.0,70.0
10,13,1024,0,0,0,0,0,1,1,0,0,0,0,0,0,0,1,0,0,0,1,0,413.1455,7.850000,0.055400,7.910000,523502.5101,26.4900,1.7750,10.650,0.0100,1,5263,102960,70.0,30.0,90.0,10.0
10,14,1024,0,0,0,1,1,1,1,1,1,1,1,1,0,0,1,1,1,1,0,0,433.1449,8.230000,0.055400,8.290000,523502.5101,26.9800,1.7767,10.660,0.0000,1,5263,102960,40.0,60.0,30.0,70.0
10,16,1024,0,0,1,1,1,0,1,1,1,1,1,1,1,1,1,0,1,1,1,1,434.1975,8.250000,0.055400,8.300000,523502.5101,10.3400,1.7700,10.620,0.0300,1,5263,102960,10.0,90.0,30.0,70.0
10,17,1024,1,0,1,0,1,1,1,1,1,0,1,1,1,1,1,1,0,1,0,0,1000000000.0000,8.140000,0.055400,8.200000,523502.5101,-100.0000,1.7750,10.650,0.0100,1,-1,-1,20.0,80.0,40.0,60.0
10,19,1024,1,0,1,0,1,0,1,0,1,0,1,0,1,0,1,0,1,0,0,0,361.7260,6.873000,0.055200,6.930000,523502.5101,26.7000,1.7800,10.680,0.0000,1,5263,102960,10.0,90.0,100.0,0.0
10,20,1024,0,0,0,0,1,1,0,0,1,1,1,1,1,1,1,1,1,1,1,0,419.4611,7.970000,0.055400,8.020000,523502.5101,27.4700,1.7567,10.540,0.0600,1,5263,102960,30.0,70.0,40.0,60.0
10,23,1024,1,0,0,1,0,1,1,0,1,1,1,1,1,1,1,1,1,1,1,0,424.7241,8.070000,0.055400,8.130000,523502.5101,27.7200,1.7617,10.570,0.0000,1,5263,102960,20.0,80.0,30.0,70.0
10,25,1024,1,1,1,1,1,1,1,1,1,1,0,0,0,0,0,0,1,0,0,0,422.6189,8.030000,0.055400,8.090000,523502.5101,17.7800,1.7433,10.460,0.2000,1,5263,102960,40.0,60.0,50.0,50.0
10,26,1024,1,1,1,0,1,1,1,1,1,1,0,0,0,0,1,0,0,0,1,0,411.5666,7.820000,0.055400,7.880000,523502.5101,15.6300,1.7783,10.670,0.0100,1,5263,102960,30.0,70.0,60.0,40.0
10,27,1024,1,1,1,1,1,0,1,1,1,1,1,0,0,0,1,1,1,1,0,0,422.6189,8.030000,0.055400,8.090000,523502.5101,16.7300,1.7767,10.660,0.0100,1,5263,102960,20.0,80.0,40.0,60.0
10,28,1024,0,0,0,0,1,0,1,0,0,0,0,0,1,0,1,0,0,0,1,0,368.9363,7.010000,0.055200,7.070000,523502.5101,26.6200,1.7767,10.660,0.0100,1,5263,102960,50.0,50.0,100.0,0.0
10,29,1024,1,1,1,0,1,0,1,0,1,0,1,0,1,0,1,0,0,1,1,0,1000000000.0000,8.120000,0.055400,8.170000,523502.5101,-100.0000,1.7767,10.660,0.0100,1,-1,-1,10.0,90.0,80.0,20.0
10,30,1024,0,0,0,0,1,1,1,0,1,1,1,1,1,1,1,0,1,0,1,0,1000000000.0000,8.000000,0.055400,8.060000,523502.5101,-100.0000,1.7750,10.650,0.0100,1,-1,-1,20.0,80.0,60.0,40.0
10,31,1024,1,1,0,0,0,0,1,0,1,1,0,0,0,0,1,0,0,0,1,0,1000000000.0000,7.960000,0.055400,8.020000,523502.5101,-100.0000,1.7750,10.650,0.0200,1,-1,-1,50.0,50.0,80.0,20.0
10,32,1024,0,0,0,0,1,0,1,0,1,1,1,1,1,1,1,1,1,1,1,0,1000000000.0000,7.450000,0.055400,7.500000,523502.5101,-100.0000,1.7767,10.660,0.0100,1,-1,-1,20.0,80.0,50.0,50.0
10,33,1024,0,1,0,0,1,0,0,0,0,0,1,1,0,0,1,1,1,1,1,0,1000000000.0000,7.810000,0.055400,7.870000,523502.5101,-100.0000,1.7467,10.480,0.2000,1,-1,-1,50.0,50.0,60.0,40.0
10,34,1024,0,0,1,1,0,0,0,0,1,0,1,0,0,1,1,1,1,1,1,0,1000000000.0000,8.030000,0.055400,8.090000,523502.5101,-100.0000,1.7617,10.570,0.1500,1,-1,-1,40.0,60.0,60.0,40.0
10,35,1024,1,0,0,0,0,1,1,0,0,0,0,0,1,1,0,0,0,0,1,0,394.1987,7.490000,0.055400,7.540000,523502.5101,26.4400,1.7717,10.630,0.0600,1,5263,102960,60.0,40.0,80.0,20.0
10,37,1024,1,1,1,1,1,1,1,1,1,1,1,1,1,1,0,0,1,1,0,1,405.2510,7.700000,0.055400,7.750000,523502.5101,2.8200,1.7617,10.570,0.1000,1,5263,102960,20.0,80.0,10.0,90.0
10,38,1024,0,0,1,0,1,0,1,0,1,0,1,0,1,0,0,0,1,0,1,0,366.3048,6.960000,0.055200,7.010000,523502.5101,26.6800,1.7817,10.690,0.0000,1,5263,102960,20.0,80.0,100.0,0.0
10,39,1024,0,0,0,0,1,0,1,0,1,0,1,0,1,0,1,1,1,0,1,0,394.1987,7.490000,0.055400,7.550000,523502.5101,26.8600,1.7733,10.640,0.0300,1,5263,102960,20.0,80.0,90.0,10.0
10,41,1024,1,0,1,1,1,1,1,1,1,1,0,0,0,0,1,0,0,0,1,0,422.0926,8.020000,0.055400,8.070000,523502.5101,26.4400,1.7533,10.520,0.1500,1,5263,102960,30.0,70.0,60.0,40.0
10,42,1024,1,1,1,1,1,1,1,1,1,1,0,1,1,1,1,0,1,1,0,0,410.5140,7.800000,0.055400,7.860000,523502.5101,5.7400,1.7750,10.650,0.0100,1,5263,102960,20.0,80.0,20.0,80.0
10,43,1024,1,1,1,0,1,1,1,1,1,1,0,0,0,0,0,0,0,0,0,0,414.7244,7.880000,0.055400,7.940000,523502.5101,15.2300,1.7683,10.610,0.0600,1,5263,102960,50.0,50.0,60.0,40.0
10,45,1024,1,1,1,1,0,1,1,1,1,1,1,1,1,1,1,1,1,1,1,1,356.8314,6.780000,0.055400,6.840000,523502.5101,18.2800,1.7133,10.280,0.2000,1,5263,102960,10.0,90.0,0.0,100.0
10,49,1024,0,0,0,0,1,0,1,1,1,1,0,0,1,1,1,1,1,1,1,0,406.3036,7.720000,0.055400,7.780000,523502.5101,27.3000,1.7800,10.680,0.0000,1,5263,102960,30.0,70.0,50.0,50.0
10,50,1024,0,0,0,0,1,1,1,1,1,1,1,1,1,1,1,1,1,1,1,1,1000000000.0000,8.180000,0.055400,8.230000,523502.5101,-100.0000,1.7750,10.650,0.0200,1,-1,-1,20.0,80.0,20.0,80.0
10,51,1024,1,0,1,0,1,1,1,1,1,0,1,1,1,0,0,0,1,0,1,0,1000000000.0000,8.120000,0.055400,8.170000,523502.5101,-100.0000,1.7717,10.630,0.0400,1,-1,-1,10.0,90.0,70.0,30.0
10,54,1024,0,0,1,0,1,1,1,1,1,1,1,1,0,0,1,1,1,1,1,0,1000000000.0000,8.240000,0.055400,8.300000,523502.5101,-100.0000,1.7567,10.540,0.1300,1,-1,-1,20.0,80.0,40.0,60.0
10,55,1024,1,0,1,0,1,1,1,1,1,1,1,0,1,0,0,0,0,1,0,0,422.6189,8.030000,0.055400,8.080000,523502.5101,26.5500,1.7767,10.660,0.0000,1,5263,102960,30.0,70.0,60.0,40.0
10,57,1024,0,0,0,0,1,0,0,0,0,1,1,1,1,1,1,1,1,1,1,0,443.6709,8.430000,0.055400,8.480000,523502.5101,27.2700,1.7717,10.630,0.0500,1,5263,102960,40.0,60.0,50.0,50.0
10,58,1024,1,0,1,1,1,1,1,0,1,1,1,1,1,1,1,1,1,1,1,0,435.7764,8.280000,0.055400,8.340000,523502.5101,27.8000,1.7767,10.660,0.0300,1,5263,102960,0.0,100.0,30.0,70.0
10,60,1024,1,0,0,0,0,1,1,1,1,0,0,1,1,0,0,0,1,0,0,0,427.8819,8.130000,0.055400,8.190000,523502.5101,26.5500,1.7800,10.680,0.0200,1,5263,102960,50.0,50.0,70.0,30.0
10,63,1024,1,1,1,1,1,1,1,1,0,0,0,0,1,1,1,0,0,0,0,0,431.5660,8.200000,0.055400,8.260000,523502.5101,17.7100,1.7767,10.660,0.0300,1,5263,102960,40.0,60.0,50.0,50.0
10,64,1024,0,0,1,0,1,0,1,0,0,0,1,0,1,1,1,0,1,0,1,0,406.8299,7.730000,0.055400,7.780000,523502.5101,26.8200,1.7833,10.700,0.0200,1,5263,102960,20.0,80.0,90.0,10.0
10,65,1024,0,0,1,1,1,1,1,0,1,1,1,1,1,1,1,1,1,1,0,1,425.2504,8.080000,0.055400,8.130000,523502.5101,11.2900,1.7700,10.620,0.0600,1,5263,102960,20.0,80.0,20.0,80.0
10,66,1024,1,0,0,1,0,1,1,1,0,0,0,0,0,0,0,0,0,0,1,0,425.7767,8.090000,0.055400,8.150000,523502.5101,26.3200,1.7733,10.640,0.0500,1,5263,102960,70.0,30.0,70.0,30.0
10,67,1024,1,0,0,0,1,0,1,0,0,0,0,0,1,0,0,0,0,0,1,0,1000000000.0000,6.864000,0.055200,6.920000,523502.5101,-100.0000,1.7867,10.720,0.0100,1,-1,-1,50.0,50.0,100.0,0.0
10,68,1024,0,0,0,0,1,0,1,0,0,1,1,1,1,1,1,1,1,0,1,0,1000000000.0000,7.890000,0.055400,7.940000,523502.5101,-100.0000,1.7367,10.420,0.2500,1,-1,-1,30.0,70.0,60.0,40.0
10,69,1024,1,0,1,0,1,1,1,1,1,1,1,1,1,1,1,1,1,1,0,0,1000000000.0000,8.250000,0.055400,8.310000,523502.5101,-100.0000,1.7683,10.610,0.1200,1,-1,-1,10.0,90.0,30.0,70.0
10,71,1024,1,0,1,0,1,1,1,1,1,0,1,0,1,0,1,1,0,1,1,1,1000000000.0000,8.160000,0.055400,8.210000,523502.5101,-100.0000,1.7783,10.670,-0.0100,0,-1,-1,10.0,90.0,50.0,50.0
10,72,1024,0,0,0,0,0,0,0,0,1,1,1,1,1,1,0,1,1,1,1,1,1000000000.0000,7.800000,0.055400,7.850000,523502.5101,-100.0000,1.7733,10.640,0.0100,1,-1,-1,50.0,50.0,40.0,60.0
10,73,1024,0,0,0,0,0,0,0,0,1,0,1,1,1,0,1,1,1,1,1,0,1000000000.0000,7.500000,0.055400,7.560000,523502.5101,-100.0000,1.7750,10.650,0.0200,1,-1,-1,40.0,60.0,70.0,30.0
10,74,1024,0,0,0,0,1,0,1,1,0,0,1,1,0,0,1,0,0,0,1,0,401.5669,7.630000,0.055400,7.690000,523502.5101,26.5100,1.7300,10.380,0.2500,1,5263,102960,50.0,50.0,80.0,20.0
10,75,1024,0,0,0,0,1,0,1,0,1,0,0,0,1,1,1,0,1,0,1,0,393.1461,7.470000,0.055400,7.530000,523502.5101,26.7700,1.7733,10.640,0.0400,1,5263,102960,30.0,70.0,90.0,10.0
10,76,1024,0,0,0,0,0,0,1,0,0,0,1,1,1,0,1,1,1,1,1,0,410.5140,7.800000,0.055400,7.850000,523502.5101,27.0300,1.7750,10.650,0.0100,1,5263,102960,40.0,60.0,70.0,30.0
10,77,1024,0,0,0,0,1,0,0,1,1,1,1,1,0,1,0,0,1,1,1,0,418.9348,7.960000,0.055400,8.020000,523502.5101,6.7200,1.7717,10.630,0.0200,1,5263,102960,50.0,50.0,50.0,50.0
10,78,1024,1,0,1,0,1,1,1,1,1,1,0,0,1,0,1,1,0,1,0,0,428.9345,8.150000,0.055400,8.200000,523502.5101,16.5900,1.7633,10.580,0.0900,1,5263,102960,30.0,70.0,50.0,50.0
10,79,1024,0,0,1,0,1,0,1,0,0,0,0,0,0,0,0,0,0,0,1,0,399.4617,7.590000,0.055300,7.650000,523502.5101,26.4400,1.7850,10.710,0.0100,1,5263,102960,60.0,40.0,100.0,0.0
10,80,1024,1,1,0,0,1,1,1,1,1,1,0,0,0,0,1,1,0,0,1,0,427.3556,8.120000,0.055400,8.180000,523502.5101,15.7100,1.7767,10.660,0.0100,1,5263,102960,40.0,60.0,50.0,50.0
10,81,1024,1,0,0,0,1,0,1,1,0,0,0,1,1,0,0,0,1,0,0,0,411.0403,7.810000,0.055400,7.860000,523502.5101,26.3100,1.7733,10.640,0.0300,1,5263,102960,50.0,50.0,80.0,20.0
10,82,1024,0,0,0,0,1,1,1,1,1,1,1,1,1,1,1,1,1,0,1,0,414.1981,7.870000,0.055400,7.930000,523502.5101,27.8100,1.7633,10.580,0.0600,1,5263,102960,20.0,80.0,40.0,60.0
10,83,1024,1,0,0,0,1,1,1,1,1,1,0,0,0,0,1,1,1,1,0,0,1000000000.0000,7.840000,0.055400,7.900000,523502.5101,-100.0000,1.7500,10.500,0.1100,1,-1,-1,40.0,60.0,50.0,50.0
10,84,1024,0,0,0,0,1,0,1,0,1,1,1,0,1,1,1,1,1,1,1,0,1000000000.0000,7.750000,0.055400,7.810000,523502.5101,-100.0000,1.7483,10.490,0.1900,1,-1,-1,20.0,80.0,60.0,40.0
10,85,1024,0,0,0,0,1,1,1,1,1,1,0,0,0,0,1,0,1,1,0,0,1000000000.0000,8.150000,0.055400,8.200000,523502.5101,-100.0000,1.7733,10.640,0.0300,1,-1,-1,50.0,50.0,60.0,40.0
10,86,1024,0,0,0,0,1,0,1,0,1,0,1,1,0,0,1,0,0,0,1,0,1000000000.0000,7.490000,0.055400,7.540000,523502.5101,-100.0000,1.7467,10.480,0.2000,1,-1,-1,40.0,60.0,90.0,10.0
10,87,1024,1,0,0,1,0,1,1,0,0,0,0,0,0,0,1,0,0,0,1,0,426.3030,8.100000,0.055400,8.160000,523502.5101,26.4900,1.7567,10.540,0.0900,1,5263,102960,60.0,40.0,80.0,20.0
10,88,1024,0,0,0,0,1,0,1,1,1,1,1,1,0,0,1,0,1,0,1,0,412.6192,7.840000,0.055400,7.890000,523502.5101,26.9900,1.7833,10.700,0.0100,1,5263,102960,30.0,70.0,70.0,30.0
10,90,1024,0,0,0,0,1,0,1,0,1,0,0,0,0,1,0,0,1,0,0,0,367.8837,6.990000,0.055400,7.040000,523502.5101,26.4700,1.7783,10.670,0.0000,1,5263,102960,60.0,40.0,90.0,10.0
10,91,1024,1,0,1,0,1,1,1,1,1,1,1,0,1,0,1,1,0,1,1,0,412.6192,7.840000,0.055400,7.890000,523502.5101,17.0000,1.7517,10.510,0.1400,1,5263,102960,10.0,90.0,50.0,50.0
10,92,1024,0,0,0,0,1,1,1,0,0,0,1,1,0,0,1,0,0,0,1,0,406.3036,7.720000,0.055400,7.770000,523502.5101,26.5400,1.7783,10.670,0.0000,1,5263,102960,50.0,50.0,80.0,20.0
10,94,1024,0,0,1,1,1,0,1,1,1,1,1,1,1,1,0,0,1,1,1,0,422.0926,8.020000,0.055400,8.070000,523502.5101,26.9100,1.7583,10.550,0.0900,1,5263,102960,20.0,80.0,40.0,60.0
10,95,1024,1,0,0,1,1,0,1,0,1,0,0,0,1,0,0,0,1,0,1,0,411.0403,7.810000,0.055400,7.870000,523502.5101,26.6700,1.7783,10.670,0.0000,1,5263,102960,30.0,70.0,90.0,10.0
10,96,1024,0,0,0,0,1,0,1,1,1,1,1,1,1,1,1,1,1,1,1,0,355.0946,6.747000,0.055400,6.810000,523502.5101,27.7500,1.7750,10.650,0.0200,1,5263,102960,20.0,80.0,40.0,60.0
10,98,1024,1,0,0,0,1,0,0,0,0,0,1,1,0,0,1,1,1,1,1,0,1000000000.0000,7.830000,0.055400,7.880000,523502.5101,-100.0000,1.7817,10.690,0.0100,1,-1,-1,40.0,60.0,70.0,30.0
10,99,1024,1,1,1,1,1,1,1,1,1,1,1,0,0,0,0,0,1,1,0,0,1000000000.0000,7.810000,0.055400,7.860000,523502.5101,-100.0000,1.7783,10.670,0.0100,1,-1,-1,30.0,70.0,40.0,60.0
11,0,1024,0,0,0,0,1,0,1,0,0,1,1,1,1,1,1,1,0,0,1,0,414.1981,7.870000,0.055400,7.930000,523502.5101,27.0600,1.7700,10.620,0.0200,1,5263,102960,40.0,60.0,60.0,40.0
11,2,1024,0,0,0,0,1,0,1,1,1,1,0,0,1,1,1,1,0,1,1,0,403.6721,7.670000,0.055400,7.720000,523502.5101,16.9200,1.7783,10.670,0.0000,1,5263,102960,40.0,60.0,50.0,50.0
11,3,1024,1,0,1,0,1,1,1,1,0,0,1,1,1,1,1,1,1,1,1,0,417.8822,7.940000,0.055400,7.990000,523502.5101,27.2200,1.7783,10.670,0.0100,1,5263,102960,10.0,90.0,40.0,60.0
11,4,1024,0,0,1,0,1,0,1,1,1,0,1,1,1,0,0,0,1,0,1,0,420.5137,7.990000,0.055400,8.050000,523502.5101,26.8300,1.7767,10.660,0.0300,1,5263,102960,20.0,80.0,80.0,20.0
11,5,1024,1,1,1,1,1,1,1,1,1,1,0,0,0,0,1,0,1,0,1,0,413.6718,7.860000,0.055400,7.920000,523502.5101,18.2400,1.7733,10.640,0.0200,1,5263,102960,20.0,80.0,50.0,50.0
11,6,1024,1,1,1,1,0,1,1,1,1,1,1,0,1,1,1,1,1,1,1,1,412.6192,7.840000,0.055400,7.890000,523502.5101,6.0000,1.7717,10.630,0.0300,1,5263,102960,10.0,90.0,10.0,90.0
11,7,1024,1,1,1,1,1,1,1,1,0,0,1,1,1,1,1,1,1,1,0,1,403.1458,7.660000,0.055400,7.710000,523502.5101,4.5800,1.7650,10.590,0.0700,1,5263,102960,20.0,80.0,10.0,90.0
11,8,1024,0,0,1,0,1,1,1,1,1,1,1,1,1,1,1,1,1,1,0,1,423.1452,8.040000,0.055400,8.100000,523502.5101,11.0500,1.7750,10.650,0.0100,1,5263,102960,20.0,80.0,20.0,80.0
11,10,1024,0,0,1,1,0,0,0,0,1,0,0,0,0,1,1,0,1,1,1,0,430.5134,8.180000,0.055400,8.230000,523502.5101,26.6100,1.7717,10.630,0.0900,1,5263,102960,50.0,50.0,70.0,30.0
11,11,1024,1,0,1,1,1,1,1,0,1,1,1,1,1,1,1,1,1,1,0,0,438.9342,8.340000,0.055400,8.390000,523502.5101,27.5100,1.7767,10.660,0.0100,1,5263,102960,10.0,90.0,30.0,70.0
11,14,1024,0,0,1,0,1,0,1,0,0,0,0,0,1,0,0,0,1,0,1,0,360.6208,6.852000,0.055200,6.910000,523502.5101,26.5900,1.7833,10.700,0.0200,1,5263,102960,40.0,60.0,100.0,0.0
11,15,1024,0,0,0,0,0,0,1,0,1,1,1,1,1,1,1,1,1,1,0,0,413.6718,7.860000,0.055400,7.920000,523502.5101,27.5300,1.7567,10.540,-0.0300,0,5263,102960,40.0,60.0,50.0,50.0
11,16,1024,0,0,1,1,1,1,1,1,1,0,1,1,1,1,1,1,1,1,1,0,1000000000.0000,8.080000,0.055400,8.140000,523502.5101,-100.0000,1.8017,10.810,-0.1400,0,-1,-1,10.0,90.0,30.0,70.0
11,17,1024,0,0,0,0,1,0,1,1,1,1,1,1,1,1,1,1,1,1,1,1,1000000000.0000,7.690000,0.055400,7.750000,523502.5101,-100.0000,1.7767,10.660,0.0600,1,-1,-1,20.0,80.0,30.0,70.0
11,19,1024,0,0,0,0,1,0,1,1,1,1,1,1,0,0,0,0,1,1,0,0,1000000000.0000,7.820000,0.055400,7.870000,523502.5101,-100.0000,1.7683,10.610,0.0900,1,-1,-1,50.0,50.0,60.0,40.0
11,20,1024,1,0,1,1,1,0,1,1,1,1,1,0,1,0,1,0,0,0,1,0,425.7767,8.090000,0.055400,8.150000,523502.5101,26.8100,1.7750,10.650,0.0100,1,5263,102960,10.0,90.0,70.0,30.0
11,21,1024,1,0,1,0,1,0,1,1,1,0,1,1,0,1,0,0,1,0,1,0,408.4088,7.760000,0.055400,7.810000,523502.5101,6.6300,1.7867,10.720,0.0000,1,5263,102960,20.0,80.0,70.0,30.0
11,22,1024,0,0,0,0,1,0,1,1,1,1,0,0,1,1,1,0,0,0,1,0,404.7247,7.690000,0.055400,7.750000,523502.5101,26.6600,1.7783,10.670,0.0100,1,5263,102960,40.0,60.0,70.0,30.0
11,23,1024,1,0,0,0,1,0,1,1,1,1,1,1,0,0,1,1,1,1,0,0,424.7241,8.070000,0.055400,8.130000,523502.5101,26.9500,1.7750,10.650,0.0100,1,5263,102960,30.0,70.0,50.0,50.0
11,25,1024,1,0,1,1,1,0,1,0,0,0,0,0,1,0,0,0,1,0,1,0,424.7241,8.070000,0.055400,8.130000,523502.5101,26.5900,1.7767,10.660,0.0500,1,5263,102960,30.0,70.0,90.0,10.0
11,26,1024,0,0,0,1,1,1,1,0,1,1,1,1,1,1,1,1,1,1,1,0,433.6712,8.240000,0.055400,8.300000,523502.5101,27.8000,1.7750,10.650,0.0000,1,5263,102960,20.0,80.0,30.0,70.0
11,27,1024,0,0,0,1,1,0,1,0,0,0,1,1,1,1,1,0,1,1,1,0,1000000000.0000,7.850000,0.055400,7.900000,523502.5101,-100.0000,1.7717,10.630,0.0300,1,-1,-1,30.0,70.0,60.0,40.0
11,28,1024,0,0,0,0,1,0,1,0,1,1,0,0,0,0,1,0,1,1,1,0,1000000000.0000,7.700000,0.055400,7.750000,523502.5101,-100.0000,1.7350,10.410,0.2200,1,-1,-1,40.0,60.0,80.0,20.0
11,29,1024,0,0,0,1,0,0,0,0,0,0,1,1,1,0,1,1,1,1,1,0,1000000000.0000,7.980000,0.055400,8.030000,523502.5101,-100.0000,1.7583,10.550,0.1200,1,-1,-1,50.0,50.0,60.0,40.0
11,30,1024,0,0,1,0,1,1,1,1,1,0,1,1,1,0,1,1,1,1,0,0,1000000000.0000,8.010000,0.055400,8.070000,523502.5101,-100.0000,1.7217,10.330,0.2300,1,-1,-1,20.0,80.0,50.0,50.0
11,31,1024,1,0,0,0,1,0,1,1,1,1,1,1,1,1,1,1,1,1,1,0,1000000000.0000,8.050000,0.055400,8.110000,523502.5101,-100.0000,1.7517,10.510,0.0600,1,-1,-1,10.0,90.0,40.0,60.0
11,32,1024,0,0,0,0,1,1,1,1,1,1,1,1,1,1,1,1,0,0,1,0,1000000000.0000,7.920000,0.055400,7.980000,523502.5101,-100.0000,1.7767,10.660,0.0100,1,-1,-1,30.0,70.0,40.0,60.0
11,33,1024,0,0,1,0,1,0,1,0,1,0,1,1,1,0,1,0,1,0,1,0,402.6195,7.650000,0.055400,7.700000,523502.5101,26.9000,1.7733,10.640,0.0300,1,5263,102960,10.0,90.0,90.0,10.0
11,34,1024,0,0,0,0,1,0,1,1,1,1,1,1,0,0,1,0,0,0,1,0,411.0403,7.810000,0.055400,7.860000,523502.5101,26.8900,1.7800,10.680,0.0000,1,5263,102960,40.0,60.0,70.0,30.0
11,35,1024,1,1,1,1,1,1,1,1,1,1,1,1,1,1,1,1,0,1,0,0,386.3042,7.340000,0.055400,7.400000,523502.5101,8.9600,1.7750,10.650,0.0100,1,5263,102960,20.0,80.0,10.0,90.0
11,36,1024,0,0,0,0,1,0,0,1,1,1,0,0,1,0,0,0,1,1,0,0,408.9351,7.770000,0.055400,7.830000,523502.5101,26.5400,1.7800,10.680,0.0400,1,5263,102960,60.0,40.0,70.0,30.0
11,37,1024,1,1,1,0,1,0,1,0,1,0,1,0,1,0,1,1,1,0,1,0,420.5137,7.990000,0.055400,8.050000,523502.5101,16.2700,1.7700,10.620,0.0500,1,5263,102960,0.0,100.0,80.0,20.0
11,38,1024,1,0,0,0,0,1,1,0,0,0,0,0,0,0,1,0,1,1,1,0,412.6192,7.840000,0.055400,7.900000,523502.5101,26.5900,1.7783,10.670,0.0200,1,5263,102960,50.0,50.0,80.0,20.0
11,40,1024,0,0,1,1,0,0,0,0,1,1,0,0,0,1,1,1,1,1,1,0,419.4611,7.970000,0.055400,8.030000,523502.5101,26.8000,1.7667,10.600,0.0700,1,5263,102960,50.0,50.0,50.0,50.0
11,41,1024,0,0,0,0,1,0,1,0,1,1,0,0,0,0,1,1,0,0,1,0,413.6718,7.860000,0.055400,7.920000,523502.5101,26.6200,1.7667,10.600,0.0700,1,5263,102960,50.0,50.0,80.0,20.0
11,43,1024,1,0,0,0,0,0,1,0,1,1,1,1,1,1,1,1,1,1,1,0,419.9874,7.980000,0.055400,8.040000,523502.5101,27.8200,1.7500,10.500,0.1700,1,5263,102960,20.0,80.0,50.0,50.0
11,44,1024,0,0,0,0,0,1,1,1,1,1,0,0,1,1,1,1,1,1,1,0,1000000000.0000,7.830000,0.055400,7.880000,523502.5101,-100.0000,1.7750,10.650,0.0100,1,-1,-1,40.0,60.0,40.0,60.0
11,46,1024,0,0,0,0,1,1,1,1,0,0,1,1,0,0,1,0,0,0,1,0,1000000000.0000,7.870000,0.055400,7.930000,523502.5101,-100.0000,1.7717,10.630,0.0200,1,-1,-1,50.0,50.0,70.0,30.0
11,48,1024,1,1,1,0,1,1,1,1,1,1,1,1,1,1,1,1,1,1,1,1,1000000000.0000,8.510000,0.055400,8.570000,523502.5101,-100.0000,1.7767,10.660,0.0000,1,-1,-1,0.0,100.0,10.0,90.0
11,49,1024,0,0,0,0,1,1,1,1,1,1,1,1,1,1,0,0,1,1,1,0,1000000000.0000,8.160000,0.055400,8.220000,523502.5101,-100.0000,1.7600,10.560,0.0900,1,-1,-1,30.0,70.0,40.0,60.0
11,50,1024,0,0,1,0,1,0,1,1,1,0,1,1,1,0,1,1,0,1,0,0,1000000000.0000,8.050000,0.055400,8.100000,523502.5101,-100.0000,1.7733,10.640,0.0500,1,-1,-1,30.0,70.0,60.0,40.0
11,51,1024,1,0,0,1,0,1,1,1,0,0,0,0,1,0,1,0,1,1,1,0,1000000000.0000,8.680000,0.055400,8.730000,523502.5101,-100.0000,1.7633,10.580,0.0900,1,-1,-1,40.0,60.0,60.0,40.0
11,52,1024,1,1,1,1,1,1,1,1,0,0,1,1,1,1,1,1,0,1,0,0,1000000000.0000,7.910000,0.055400,7.960000,523502.5101,-100.0000,1.7717,10.630,0.0200,1,-1,-1,30.0,70.0,20.0,80.0
11,53,1024,1,1,1,0,1,1,1,1,1,1,1,1,1,0,1,1,0,1,0,0,1000000000.0000,8.080000,0.055400,8.130000,523502.5101,-100.0000,1.7700,10.620,0.0300,1,-1,-1,20.0,80.0,30.0,70.0
11,54,1024,1,0,1,1,1,1,1,0,1,1,1,0,1,1,1,1,1,1,1,0,421.0400,8.000000,0.055400,8.050000,523502.5101,27.4700,1.7750,10.650,0.0400,1,5263,102960,0.0,100.0,40.0,60.0
11,56,1024,1,0,1,1,1,1,1,1,1,1,1,1,1,1,1,1,1,1,0,1,426.3030,8.100000,0.055400,8.160000,523502.5101,11.0500,1.7750,10.650,0.0100,1,5263,102960,10.0,90.0,10.0,90.0
11,57,1024,1,0,0,0,1,0,1,1,1,0,0,1,1,0,0,0,1,1,0,0,405.7773,7.710000,0.055400,7.770000,523502.5101,26.5100,1.7267,10.360,0.2100,1,5263,102960,40.0,60.0,70.0,30.0
11,58,1024,0,0,0,0,0,0,0,0,0,0,1,1,1,0,0,0,1,1,1,0,394.1987,7.490000,0.055400,7.540000,523502.5101,26.7000,1.7600,10.560,0.0900,1,5263,102960,60.0,40.0,80.0,20.0
11,59,1024,1,0,0,0,1,1,1,1,1,1,1,1,0,0,1,0,1,1,0,0,422.6189,8.030000,0.055400,8.080000,523502.5101,26.8100,1.7750,10.650,0.0100,1,5263,102960,30.0,70.0,50.0,50.0
11,60,1024,0,0,1,1,0,1,1,1,1,1,1,1,1,1,1,1,1,1,1,1,432.6186,8.220000,0.055400,8.280000,523502.5101,22.8800,1.7617,10.570,0.0900,1,5263,102960,20.0,80.0,10.0,90.0
11,61,1024,1,0,0,0,0,1,1,0,0,0,0,0,0,0,1,0,1,0,1,0,409.4614,7.780000,0.055400,7.830000,523502.5101,26.6400,1.7717,10.630,0.0200,1,5263,102960,50.0,50.0,90.0,10.0
11,62,1024,0,0,0,0,1,0,1,0,0,0,1,1,0,0,1,0,1,1,1,0,416.3033,7.910000,0.055400,7.960000,523502.5101,26.6900,1.7433,10.460,0.1700,1,5263,102960,40.0,60.0,80.0,20.0
11,63,1024,0,0,0,0,1,1,1,0,1,1,1,1,1,1,1,0,0,0,1,0,1000000000.0000,8.130000,0.055400,8.180000,523502.5101,-100.0000,1.7767,10.660,0.0200,1,-1,-1,30.0,70.0,60.0,40.0
11,64,1024,1,0,0,0,1,0,1,0,1,1,0,0,1,0,0,0,0,0,1,0,1000000000.0000,7.550000,0.055400,7.610000,523502.5101,-100.0000,1.7717,10.630,0.0200,1,-1,-1,40.0,60.0,90.0,10.0
11,65,1024,0,0,0,0,1,1,1,1,1,0,1,1,0,0,1,1,1,1,0,0,1000000000.0000,7.890000,0.055400,7.940000,523502.5101,-100.0000,1.7750,10.650,0.0300,1,-1,-1,40.0,60.0,50.0,50.0
11,66,1024,1,1,1,1,1,0,1,1,1,1,0,0,0,0,1,0,0,0,0,0,1000000000.0000,8.250000,0.055400,8.300000,523502.5101,-100.0000,1.7717,10.630,0.0400,1,-1,-1,40.0,60.0,60.0,40.0
11,69,1024,0,0,1,1,1,0,1,1,1,1,1,1,1,1,1,1,1,0,1,1,1000000000.0000,8.350000,0.055400,8.400000,523502.5101,-100.0000,1.7700,10.620,-0.0800,0,-1,-1,10.0,90.0,30.0,70.0
11,70,1024,0,0,0,0,1,0,0,1,1,1,0,0,0,1,1,1,1,1,1,0,1000000000.0000,7.810000,0.055400,7.860000,523502.5101,-100.0000,1.7850,10.710,0.0100,1,-1,-1,50.0,50.0,50.0,50.0
11,71,1024,1,1,0,0,1,0,1,0,1,0,1,0,1,0,1,1,1,0,1,0,434.7238,8.260000,0.055400,8.310000,523502.5101,16.4300,1.7767,10.660,0.0200,1,5263,102960,10.0,90.0,80.0,20.0
11,72,1024,1,1,1,1,1,0,1,0,0,0,0,0,0,0,0,0,0,0,1,0,423.1452,8.040000,0.055400,8.100000,523502.5101,16.2100,1.7867,10.720,0.0000,1,5263,102960,50.0,50.0,80.0,20.0
11,73,1024,0,0,1,0,1,0,1,0,1,0,1,0,1,1,1,0,0,0,1,0,384.7253,7.310000,0.055400,7.370000,523502.5101,26.7100,1.7750,10.650,0.0000,1,5263,102960,20.0,80.0,90.0,10.0
11,76,1024,0,0,1,0,0,0,0,0,0,0,1,1,1,0,1,1,1,1,1,0,420.5137,7.990000,0.055400,8.050000,523502.5101,26.8800,1.7750,10.650,0.0200,1,5263,102960,40.0,60.0,70.0,30.0
11,77,1024,1,0,0,0,0,1,1,0,1,1,0,0,1,0,0,0,0,0,1,0,418.9348,7.960000,0.055400,8.020000,523502.5101,26.5900,1.7783,10.670,0.0100,1,5263,102960,50.0,50.0,80.0,20.0
11,78,1024,1,1,1,0,1,1,1,0,1,0,1,1,1,0,1,0,0,0,1,0,419.4611,7.970000,0.055400,8.030000,523502.5101,16.0700,1.7783,10.670,-0.0100,0,5263,102960,10.0,90.0,70.0,30.0
11,79,1024,0,0,0,0,1,0,1,0,1,0,0,0,1,1,1,0,0,1,1,0,401.0406,7.620000,0.055400,7.680000,523502.5101,26.6700,1.7483,10.490,0.1700,1,5263,102960,40.0,60.0,80.0,20.0
11,80,1024,0,0,0,0,1,0,1,0,0,1,0,0,1,1,1,1,1,1,1,0,426.8293,8.110000,0.055400,8.170000,523502.5101,27.3100,1.7533,10.520,0.1600,1,5263,102960,40.0,60.0,60.0,40.0
11,81,1024,1,0,1,1,1,1,1,1,1,1,1,1,1,1,1,0,0,0,1,0,426.8293,8.110000,0.055400,8.170000,523502.5101,27.2300,1.7883,10.730,0.0100,1,5263,102960,10.0,90.0,40.0,60.0
11,82,1024,0,0,1,1,1,1,1,1,1,1,0,0,0,0,1,0,0,0,1,0,1000000000.0000,8.290000,0.055400,8.340000,523502.5101,-100.0000,1.7733,10.640,0.0100,1,-1,-1,40.0,60.0,60.0,40.0
11,84,1024,1,0,0,0,1,1,1,1,1,1,0,0,0,0,1,0,0,0,1,0,1000000000.0000,7.940000,0.055400,8.000000,523502.5101,-100.0000,1.7700,10.620,0.0300,1,-1,-1,40.0,60.0,70.0,30.0
11,85,1024,1,0,1,0,1,1,1,1,1,1,1,0,1,0,1,1,1,0,0,0,1000000000.0000,8.200000,0.055400,8.250000,523502.5101,-100.0000,1.7500,10.500,0.1300,1,-1,-1,10.0,90.0,60.0,40.0
11,86,1024,1,0,1,1,0,1,1,1,1,1,1,0,1,0,1,1,0,0,1,0,1000000000.0000,8.140000,0.055400,8.200000,523502.5101,-100.0000,1.7667,10.600,0.0400,1,-1,-1,20.0,80.0,50.0,50.0
11,87,1024,0,0,0,0,1,0,1,0,1,0,1,1,0,1,0,0,1,0,1,0,1000000000.0000,7.240000,0.055400,7.290000,523502.5101,-100.0000,1.7733,10.640,0.0000,1,-1,-1,40.0,60.0,80.0,20.0
11,88,1024,0,0,1,1,1,0,0,1,1,1,0,0,0,1,0,0,1,1,1,0,1000000000.0000,8.220000,0.055400,8.270000,523502.5101,-100.0000,1.7700,10.620,0.0500,1,-1,-1,50.0,50.0,50.0,50.0
11,89,1024,1,1,1,1,1,0,1,0,1,0,1,0,1,0,1,0,1,0,1,0,417.8822,7.940000,0.055400,8.000000,523502.5101,17.1800,1.7783,10.670,0.0000,1,5263,102960,0.0,100.0,80.0,20.0
11,90,1024,1,1,0,0,1,1,1,1,1,1,0,0,1,1,1,0,0,0,1,0,427.3556,8.120000,0.055400,8.180000,523502.5101,16.0000,1.7700,10.620,0.0600,1,5263,102960,30.0,70.0,50.0,50.0
11,92,1024,0,0,1,1,1,0,1,0,0,0,1,1,1,1,1,1,1,1,1,0,408.4088,7.760000,0.055400,7.820000,523502.5101,27.3500,1.7567,10.540,0.1000,1,5263,102960,20.0,80.0,50.0,50.0
11,93,1024,1,1,1,1,0,1,1,1,1,1,0,0,1,1,1,1,1,1,1,1,405.2510,7.700000,0.055400,7.750000,523502.5101,5.7900,1.7750,10.650,0.0100,1,5263,102960,20.0,80.0,10.0,90.0
11,94,1024,0,0,0,0,0,0,0,0,1,0,0,0,0,1,1,1,1,1,1,0,403.1458,7.660000,0.055400,7.720000,523502.5101,26.7500,1.7717,10.630,0.0400,1,5263,102960,60.0,40.0,70.0,30.0
11,95,1024,1,0,1,1,1,1,1,1,1,1,1,1,0,0,1,1,0,0,1,0,446.8287,8.490000,0.055400,8.550000,523502.5101,26.8600,1.7683,10.610,0.0300,1,5263,102960,20.0,80.0,40.0,60.0
11,97,1024,1,1,0,1,1,1,1,1,1,1,1,1,1,1,1,1,1,1,0,1,1000000000.0000,6.822000,0.055400,6.880000,523502.5101,-100.0000,1.7533,10.520,0.0300,1,-1,-1,20.0,80.0,0.0,100.0
11,98,1024,1,0,1,0,1,1,1,1,1,1,1,0,1,1,1,1,0,1,0,0,1000000000.0000,7.880000,0.055400,7.940000,523502.5101,-100.0000,1.7750,10.650,0.0100,1,-1,-1,20.0,80.0,40.0,60.0
11,99,1024,0,0,0,1,1,0,1,0,0,0,1,1,1,0,1,1,1,1,1,0,1000000000.0000,7.970000,0.055400,8.020000,523502.5101,-100.0000,1.7717,10.630,0.0500,1,-1,-1,30.0,70.0,60.0,40.0
12,0,1024,1,1,0,0,1,0,1,0,1,0,1,0,1,0,1,0,1,1,1,0,418.9348,7.960000,0.055400,8.010000,523502.5101,16.3800,1.7717,10.630,0.0300,1,5263,102960,10.0,90.0,80.0,20.0
12,7,1024,0,0,0,0,1,0,1,1,1,1,1,1,1,1,0,0,0,0,1,0,414.7244,7.880000,0.055400,7.940000,523502.5101,26.8100,1.7683,10.610,0.0800,1,5263,102960,40.0,60.0,60.0,40.0
12,8,1024,0,0,1,0,1,0,1,0,1,0,0,0,1,1,1,0,1,0,1,0,392.6198,7.460000,0.055400,7.520000,523502.5101,26.7700,1.7733,10.640,0.0700,1,5263,102960,20.0,80.0,90.0,10.0
12,9,1024,0,0,0,0,1,1,1,0,1,1,1,1,0,0,1,1,1,1,0,0,419.4611,7.970000,0.055400,8.020000,523502.5101,26.9100,1.7683,10.610,0.0500,1,5263,102960,40.0,60.0,50.0,50.0
12,10,1024,1,0,0,0,1,0,1,0,1,1,0,0,0,0,1,0,0,0,1,0,394.1987,7.490000,0.055400,7.550000,523502.5101,26.5500,1.7800,10.680,0.0100,1,5263,102960,40.0,60.0,90.0,10.0
12,12,1024,1,0,0,0,1,1,1,0,1,1,1,1,1,1,1,1,1,1,1,0,419.4611,7.970000,0.055400,8.030000,523502.5101,27.8000,1.7700,10.620,0.0300,1,5263,102960,10.0,90.0,40.0,60.0
12,13,1024,0,0,0,0,1,0,1,0,0,0,1,1,0,0,1,0,0,0,1,1,394.7250,7.500000,0.055400,7.550000,523502.5101,9.9100,1.7717,10.630,0.0200,1,5263,102960,50.0,50.0,80.0,20.0
12,14,1024,0,0,0,0,0,1,1,1,1,1,1,1,0,0,0,0,1,1,0,0,419.4611,7.970000,0.055400,8.030000,523502.5101,26.7000,1.7683,10.610,0.0000,1,5263,102960,60.0,40.0,50.0,50.0
12,16,1024,0,0,0,0,1,1,1,0,1,1,0,0,1,1,1,1,0,1,1,0,424.7241,8.070000,0.055400,8.120000,523502.5101,16.9500,1.7833,10.700,0.0000,1,5263,102960,40.0,60.0,50.0,50.0
12,17,1024,0,0,1,1,0,0,0,0,0,0,0,0,0,1,1,1,1,1,1,0,423.1452,8.040000,0.055400,8.100000,523502.5101,26.6100,1.7733,10.640,0.0100,1,5263,102960,60.0,40.0,60.0,40.0
12,20,1024,1,0,0,0,1,0,0,1,1,1,0,0,1,1,0,0,1,1,1,0,465.7755,8.850000,0.055400,8.910000,523502.5101,26.6600,1.7800,10.680,0.0000,1,5263,102960,40.0,60.0,60.0,40.0
12,23,1024,0,0,0,0,1,0,1,0,1,0,0,0,1,1,1,1,0,1,1,0,411.0403,7.810000,0.055400,7.870000,523502.5101,16.9100,1.7717,10.630,0.0300,1,5263,102960,40.0,60.0,70.0,30.0
12,24,1024,0,0,1,0,1,0,0,0,1,0,1,0,1,0,1,0,1,0,1,0,379.4623,7.210000,0.055200,7.260000,523502.5101,26.7300,1.7850,10.710,0.0100,1,5263,102960,20.0,80.0,100.0,0.0
12,25,1024,0,0,0,0,1,1,0,0,1,1,0,0,0,0,1,1,1,1,1,0,409.4614,7.780000,0.055400,7.840000,523502.5101,26.8300,1.7167,10.300,0.2600,1,5263,102960,50.0,50.0,60.0,40.0
12,26,1024,0,0,1,1,0,0,1,0,1,1,1,1,1,1,1,1,1,0,1,0,413.1455,7.850000,0.055400,7.900000,523502.5101,27.5300,1.7750,10.650,0.0300,1,5263,102960,20.0,80.0,50.0,50.0
12,30,1024,1,0,0,0,0,1,1,0,0,0,0,0,1,1,1,0,0,0,1,0,418.4085,7.950000,0.055400,8.010000,523502.5101,26.5900,1.7767,10.660,0.0200,1,5263,102960,50.0,50.0,80.0,20.0
12,31,1024,1,1,1,1,1,1,1,1,1,1,1,0,0,0,1,0,1,1,1,0,402.0932,7.640000,0.055400,7.690000,523502.5101,19.3200,1.7783,10.670,0.0000,1,5263,102960,10.0,90.0,40.0,60.0
12,32,1024,0,0,1,0,1,1,1,1,1,1,0,0,1,1,1,1,1,1,1,0,423.1452,8.040000,0.055400,8.090000,523502.5101,27.3300,1.7817,10.690,0.0000,1,5263,102960,20.0,80.0,40.0,60.0
12,34,1024,0,0,0,0,1,0,1,0,0,0,1,1,0,0,0,0,1,1,1,0,357.6735,6.796000,0.055400,6.850000,523502.5101,26.6300,1.7267,10.360,0.2100,1,5263,102960,50.0,50.0,80.0,20.0
12,35,1024,1,1,1,0,1,0,1,1,1,0,1,0,1,0,1,0,1,0,1,0,447.3550,8.500000,0.055400,8.550000,523502.5101,16.3900,1.7783,10.670,0.0300,1,5263,102960,0.0,100.0,80.0,20.0
12,36,1024,0,0,0,0,1,0,1,1,1,0,0,1,1,0,0,0,1,1,0,0,414.1981,7.870000,0.055400,7.930000,523502.5101,26.5100,1.7583,10.550,0.0300,1,5263,102960,50.0,50.0,70.0,30.0
12,37,1024,1,0,1,1,1,1,1,1,1,1,1,1,0,0,1,1,1,1,1,0,1000000000.0000,8.200000,0.055400,8.260000,523502.5101,-100.0000,1.7733,10.640,0.0500,1,-1,-1,10.0,90.0,30.0,70.0
12,38,1024,0,0,0,0,1,0,0,1,0,1,1,1,1,0,1,0,1,1,1,0,1000000000.0000,7.820000,0.055400,7.880000,523502.5101,-100.0000,1.7750,10.650,0.0100,1,-1,-1,40.0,60.0,60.0,40.0
12,40,1024,1,0,0,0,1,1,1,0,0,0,0,0,1,0,0,0,0,0,1,0,1000000000.0000,8.010000,0.055400,8.070000,523502.5101,-100.0000,1.7700,10.620,0.0500,1,-1,-1,50.0,50.0,90.0,10.0
12,41,1024,0,0,0,0,1,0,1,1,1,1,1,1,1,0,1,1,1,1,1,0,1000000000.0000,7.870000,0.055400,7.930000,523502.5101,-100.0000,1.7683,10.610,0.0400,1,-1,-1,20.0,80.0,50.0,50.0
12,42,1024,1,1,0,0,1,1,1,1,1,1,1,1,0,0,1,0,0,0,1,0,1000000000.0000,7.710000,0.055400,7.760000,523502.5101,-100.0000,1.7750,10.650,0.0100,1,-1,-1,30.0,70.0,50.0,50.0
12,43,1024,0,0,1,1,1,0,1,0,1,0,1,1,1,1,1,1,1,1,1,0,1000000000.0000,7.920000,0.055400,7.970000,523502.5101,-100.0000,1.7733,10.640,0.0500,1,-1,-1,10.0,90.0,50.0,50.0
12,46,1024,1,1,1,1,1,1,1,1,1,1,1,1,1,1,1,0,1,1,0,1,406.3036,7.720000,0.055400,7.770000,523502.5101,2.7500,1.7733,10.640,0.0200,1,5263,102960,10.0,90.0,10.0,90.0
12,47,1024,0,0,0,0,1,0,1,0,1,1,0,0,1,1,1,0,0,0,0,0,386.3042,7.340000,0.055400,7.400000,523502.5101,26.6600,1.7633,10.580,0.0900,1,5263,102960,50.0,50.0,80.0,20.0
12,48,1024,0,0,1,0,1,1,1,1,1,1,1,0,1,0,1,1,0,1,0,0,420.5137,7.990000,0.055400,8.040000,523502.5101,16.8400,1.7100,10.260,0.3000,1,5263,102960,30.0,70.0,50.0,50.0
12,49,1024,0,0,0,0,0,0,0,0,0,0,1,1,1,0,1,1,1,0,1,0,402.0932,7.640000,0.055400,7.690000,523502.5101,26.8100,1.7350,10.410,0.2200,1,5263,102960,50.0,50.0,80.0,20.0
12,50,1024,0,0,1,0,1,0,1,1,1,0,1,1,1,0,1,0,1,0,1,0,411.5666,7.820000,0.055400,7.870000,523502.5101,26.9100,1.7717,10.630,0.0200,1,5263,102960,10.0,90.0,80.0,20.0
12,51,1024,0,0,1,0,1,0,1,0,0,0,1,1,0,0,1,1,0,0,1,0,407.8825,7.750000,0.055400,7.810000,523502.5101,26.6800,1.7733,10.640,0.0100,1,5263,102960,40.0,60.0,80.0,20.0
12,52,1024,1,1,1,1,0,1,1,1,1,1,1,1,1,1,1,1,1,1,0,0,404.7247,7.690000,0.055400,7.740000,523502.5101,5.8800,1.8000,10.800,-0.1100,0,5263,102960,20.0,80.0,10.0,90.0
12,53,1024,0,0,1,0,1,1,1,1,1,1,1,1,1,0,1,1,0,1,0,0,424.7241,8.070000,0.055400,8.120000,523502.5101,16.9800,1.7783,10.670,0.0000,1,5263,102960,30.0,70.0,40.0,60.0
12,54,1024,1,0,1,0,1,0,1,1,1,0,1,1,1,0,1,0,1,0,1,0,1000000000.0000,8.190000,0.055400,8.250000,523502.5101,-100.0000,1.7617,10.570,0.1200,1,-1,-1,0.0,100.0,80.0,20.0
12,55,1024,0,0,0,0,1,1,1,0,1,1,1,1,1,1,1,0,0,1,1,0,1000000000.0000,8.290000,0.055400,8.350000,523502.5101,-100.0000,1.7750,10.650,0.0200,1,-1,-1,30.0,70.0,50.0,50.0
12,57,1024,1,0,0,1,0,1,1,1,0,1,0,0,1,0,1,0,0,0,1,0,1000000000.0000,8.140000,0.055400,8.200000,523502.5101,-100.0000,1.7767,10.660,0.0100,1,-1,-1,50.0,50.0,60.0,40.0
12,59,1024,0,0,0,1,1,0,1,1,0,0,1,1,1,1,1,1,1,1,1,0,1000000000.0000,8.020000,0.055400,8.070000,523502.5101,-100.0000,1.7783,10.670,0.0000,1,-1,-1,30.0,70.0,40.0,60.0
12,60,1024,0,0,1,0,1,0,1,0,1,0,1,0,1,0,1,1,1,0,1,0,1000000000.0000,7.740000,0.055400,7.790000,523502.5101,-100.0000,1.7750,10.650,0.0100,1,-1,-1,10.0,90.0,90.0,10.0
12,61,1024,0,0,1,0,1,0,1,0,0,0,1,1,1,1,0,0,0,0,1,0,1000000000.0000,7.820000,0.055400,7.870000,523502.5101,-100.0000,1.7683,10.610,0.0300,1,-1,-1,40.0,60.0,80.0,20.0
12,62,1024,1,0,0,0,1,0,1,0,0,0,1,1,0,0,1,0,0,0,1,0,1000000000.0000,7.500000,0.055400,7.550000,523502.5101,-100.0000,1.7767,10.660,0.0100,1,-1,-1,40.0,60.0,90.0,10.0
12,63,1024,0,0,0,1,0,1,1,1,0,0,0,0,0,0,1,0,0,0,1,0,345.0949,6.557000,0.055400,6.620000,523502.5101,26.3700,1.7800,10.680,0.0000,1,5263,102960,70.0,30.0,70.0,30.0
12,64,1024,0,0,0,0,1,1,1,0,1,1,1,1,0,0,0,0,1,1,0,0,419.9874,7.980000,0.055400,8.040000,523502.5101,26.6700,1.7600,10.560,0.1100,1,5263,102960,50.0,50.0,60.0,40.0
12,65,1024,1,0,0,0,1,1,1,1,1,1,1,1,1,1,1,1,1,1,1,0,429.4608,8.160000,0.055400,8.220000,523502.5101,28.1300,1.7767,10.660,0.0100,1,5263,102960,10.0,90.0,30.0,70.0
12,66,1024,1,1,1,1,1,1,1,1,1,1,0,0,0,0,1,0,0,0,1,1,409.4614,7.780000,0.055400,7.840000,523502.5101,2.5700,1.7683,10.610,0.0500,1,5263,102960,30.0,70.0,40.0,60.0
12,67,1024,0,0,0,0,1,0,1,0,1,0,0,0,0,0,1,0,0,0,1,0,362.4102,6.886000,0.055200,6.940000,523502.5101,26.5200,1.7867,10.720,0.0200,1,5263,102960,50.0,50.0,100.0,0.0
12,68,1024,0,0,0,0,1,0,1,0,0,1,0,0,1,1,0,0,1,0,1,0,407.3562,7.740000,0.055400,7.800000,523502.5101,26.6400,1.7750,10.650,0.0100,1,5263,102960,50.0,50.0,80.0,20.0
12,70,1024,0,0,0,0,1,0,1,1,1,1,0,0,1,1,1,1,1,1,0,0,1000000000.0000,8.110000,0.055400,8.170000,523502.5101,-100.0000,1.7617,10.570,0.0800,1,-1,-1,40.0,60.0,50.0,50.0
12,71,1024,1,1,1,1,1,1,1,1,1,1,0,0,1,1,1,1,1,1,1,1,1000000000.0000,7.880000,0.055400,7.940000,523502.5101,-100.0000,1.7767,10.660,0.0000,1,-1,-1,10.0,90.0,10.0,90.0
12,73,1024,0,0,0,0,1,0,1,0,1,0,0,0,1,1,0,0,0,1,1,0,1000000000.0000,7.900000,0.055400,7.960000,523502.5101,-100.0000,1.7783,10.670,0.0100,1,-1,-1,50.0,50.0,80.0,20.0
12,74,1024,1,0,1,0,0,0,1,0,1,0,0,0,1,0,0,0,1,0,1,0,1000000000.0000,6.930000,0.055200,6.990000,523502.5101,-100.0000,1.7650,10.590,0.1500,1,-1,-1,30.0,70.0,100.0,0.0
12,75,1024,0,0,0,0,1,0,1,0,1,1,0,0,1,0,1,1,1,1,1,0,1000000000.0000,7.800000,0.055400,7.860000,523502.5101,-100.0000,1.7283,10.370,0.2000,1,-1,-1,30.0,70.0,70.0,30.0
12,76,1024,1,0,0,0,1,0,1,1,1,0,1,0,1,0,0,0,1,1,0,0,1000000000.0000,8.040000,0.055400,8.090000,523502.5101,-100.0000,1.7450,10.470,0.2000,1,-1,-1,30.0,70.0,80.0,20.0
12,77,1024,0,0,1,1,1,0,1,0,1,1,1,1,1,1,1,1,1,1,1,0,1000000000.0000,7.800000,0.055400,7.850000,523502.5101,-100.0000,1.7383,10.430,0.2200,1,-1,-1,10.0,90.0,40.0,60.0
12,79,1024,1,0,1,0,1,1,1,1,1,1,0,1,1,0,1,1,0,1,0,0,1000000000.0000,8.100000,0.055400,8.150000,523502.5101,-100.0000,1.7800,10.680,0.0000,1,-1,-1,30.0,70.0,40.0,60.0
12,80,1024,0,0,1,1,1,1,1,0,0,1,1,1,1,1,1,1,1,1,1,0,1000000000.0000,8.010000,0.055400,8.070000,523502.5101,-100.0000,1.7767,10.660,0.0100,1,-1,-1,20.0,80.0,30.0,70.0
12,81,1024,0,0,0,0,0,0,0,0,1,1,0,0,1,0,1,1,1,1,1,0,1000000000.0000,7.930000,0.055400,7.980000,523502.5101,-100.0000,1.7783,10.670,0.0100,1,-1,-1,50.0,50.0,70.0,30.0
12,82,1024,0,1,0,0,1,0,0,0,1,0,0,0,1,1,0,0,1,1,1,0,1000000000.0000,7.960000,0.055400,8.020000,523502.5101,-100.0000,1.7783,10.670,0.0100,1,-1,-1,50.0,50.0,70.0,30.0
12,83,1024,0,0,1,0,1,0,1,0,1,1,1,1,1,0,1,0,1,0,1,0,1000000000.0000,7.900000,0.055400,7.950000,523502.5101,-100.0000,1.7750,10.650,0.0300,1,-1,-1,10.0,90.0,80.0,20.0
12,87,1024,0,0,0,0,1,1,1,1,1,0,0,0,0,0,1,1,1,1,0,0,1000000000.0000,7.800000,0.055400,7.850000,523502.5101,-100.0000,1.7167,10.300,0.2600,1,-1,-1,50.0,50.0,60.0,40.0
12,88,1024,0,0,0,0,0,1,1,0,1,1,0,0,1,1,1,0,0,0,1,0,1000000000.0000,7.970000,0.055400,8.030000,523502.5101,-100.0000,1.7750,10.650,0.0200,1,-1,-1,50.0,50.0,70.0,30.0
12,91,1024,1,0,0,0,1,1,1,0,0,0,0,0,0,0,1,0,0,0,1,0,1000000000.0000,7.980000,0.055400,8.040000,523502.5101,-100.0000,1.7783,10.670,0.0100,1,-1,-1,50.0,50.0,90.0,10.0
12,92,1024,0,0,0,0,0,1,1,1,1,1,1,1,1,1,1,0,1,1,1,0,1000000000.0000,8.170000,0.055400,8.220000,523502.5101,-100.0000,1.7667,10.600,0.0600,1,-1,-1,30.0,70.0,40.0,60.0
12,93,1024,0,0,1,1,1,0,1,0,0,0,1,1,1,1,0,0,0,0,1,0,1000000000.0000,7.900000,0.055400,7.960000,523502.5101,-100.0000,1.7833,10.700,0.0200,1,-1,-1,40.0,60.0,70.0,30.0
12,94,1024,1,1,1,1,0,1,1,1,1,1,1,1,1,1,1,0,1,1,1,1,1000000000.0000,7.560000,0.055400,7.610000,523502.5101,-100.0000,1.7733,10.640,0.0000,1,-1,-1,10.0,90.0,10.0,90.0
12,95,1024,0,0,1,1,1,1,1,1,1,1,1,1,0,0,1,1,1,1,0,0,1000000000.0000,8.030000,0.055400,8.080000,523502.5101,-100.0000,1.7733,10.640,0.0300,1,-1,-1,30.0,70.0,30.0,70.0
12,96,1024,0,0,0,1,0,1,1,1,1,1,1,0,1,0,1,1,0,0,1,0,1000000000.0000,8.200000,0.055400,8.260000,523502.5101,-100.0000,1.7717,10.630,0.0500,1,-1,-1,40.0,60.0,50.0,50.0
12,97,1024,1,0,0,1,1,1,1,1,1,1,1,1,1,1,1,1,0,0,1,0,1000000000.0000,8.170000,0.055400,8.220000,523502.5101,-100.0000,1.7567,10.540,0.1500,1,-1,-1,20.0,80.0,30.0,70.0
12,98,1024,1,1,1,1,1,1,1,0,1,1,0,0,0,0,0,0,0,0,0,0,1000000000.0000,8.010000,0.055400,8.060000,523502.5101,-100.0000,1.7517,10.510,0.0500,1,-1,-1,50.0,50.0,60.0,40.0
12,99,1024,0,0,0,0,1,0,1,1,1,1,0,0,0,0,0,0,0,0,1,0,1000000000.0000,7.740000,0.055400,7.800000,523502.5101,-100.0000,1.7550,10.530,0.1400,1,-1,-1,60.0,40.0,80.0,20.0
13,0,1024,0,0,0,0,1,0,1,0,1,1,0,0,0,1,1,0,0,0,1,0,425.2504,8.080000,0.055400,8.140000,523502.5101,26.5300,1.7750,10.650,0.0300,1,5263,102960,50.0,50.0,80.0,20.0
13,2,1024,0,0,1,0,1,1,1,1,1,1,1,0,1,1,1,1,0,1,0,0,416.8296,7.920000,0.055400,7.980000,523502.5101,16.9200,1.7733,10.640,0.0100,1,5263,102960,30.0,70.0,40.0,60.0
13,3,1024,1,1,0,0,0,0,1,0,1,1,1,1,1,1,1,1,1,1,1,0,423.1452,8.040000,0.055400,8.090000,523502.5101,17.7200,1.7633,10.580,0.0800,1,5263,102960,20.0,80.0,40.0,60.0
13,5,1024,1,1,0,0,1,1,1,1,1,1,0,1,0,0,1,0,0,0,1,0,429.9871,8.170000,0.055400,8.220000,523502.5101,3.2800,1.7733,10.640,0.0100,1,5263,102960,40.0,60.0,50.0,50.0
13,6,1024,0,0,0,0,1,0,1,1,1,1,1,1,0,0,1,0,1,1,1,0,424.7241,8.070000,0.055400,8.130000,523502.5101,26.9300,1.7700,10.620,0.0400,1,5263,102960,30.0,70.0,60.0,40.0
13,8,1024,1,1,1,1,0,1,1,1,1,1,1,1,0,0,1,1,1,1,1,1,388.9357,7.390000,0.055400,7.450000,523502.5101,3.7800,1.7633,10.580,0.0000,1,5263,102960,20.0,80.0,10.0,90.0
13,10,1024,0,0,1,0,1,1,1,1,1,1,1,1,1,1,1,0,1,1,1,0,443.6709,8.430000,0.055400,8.490000,523502.5101,27.4400,1.7750,10.650,0.0300,1,5263,102960,10.0,90.0,40.0,60.0
13,11,1024,1,0,0,0,1,1,1,0,1,1,0,0,1,1,1,1,1,1,1,0,425.7767,8.090000,0.055400,8.150000,523502.5101,27.3200,1.7783,10.670,0.0100,1,5263,102960,20.0,80.0,50.0,50.0
13,13,1024,1,0,0,0,1,1,0,0,0,0,1,1,0,0,1,0,1,1,1,0,411.0403,7.810000,0.055400,7.860000,523502.5101,26.5300,1.7783,10.670,0.0100,1,5263,102960,40.0,60.0,70.0,30.0
13,14,1024,1,0,1,0,0,0,1,0,1,0,1,1,1,0,1,0,1,0,1,0,393.6724,7.480000,0.055400,7.540000,523502.5101,26.9000,1.7633,10.580,0.0700,1,5263,102960,10.0,90.0,90.0,10.0
13,17,1024,0,0,0,0,1,0,1,0,1,1,0,0,1,1,1,0,1,1,1,0,419.9874,7.980000,0.055400,8.030000,523502.5101,26.8500,1.7717,10.630,0.0200,1,5263,102960,30.0,70.0,70.0,30.0
13,19,1024,0,0,1,0,1,1,1,1,0,0,1,1,1,1,1,1,1,1,1,0,427.3556,8.120000,0.055400,8.170000,523502.5101,27.2200,1.7650,10.590,0.0900,1,5263,102960,20.0,80.0,40.0,60.0
13,20,1024,0,0,0,0,1,0,1,1,1,1,1,0,1,1,1,0,0,1,1,0,1000000000.0000,7.980000,0.055400,8.040000,523502.5101,-100.0000,1.7750,10.650,0.0000,1,-1,-1,30.0,70.0,60.0,40.0
13,21,1024,1,1,0,0,1,0,1,0,0,0,1,1,1,1,0,0,0,0,1,0,1000000000.0000,8.280000,0.055400,8.340000,523502.5101,-100.0000,1.7733,10.640,0.0300,1,-1,-1,40.0,60.0,70.0,30.0
13,22,1024,1,1,1,0,1,0,1,0,1,0,1,0,1,1,1,0,0,0,1,0,426.3030,8.100000,0.055400,8.160000,523502.5101,15.9500,1.7783,10.670,0.0100,1,5263,102960,10.0,90.0,80.0,20.0
13,23,1024,0,0,0,0,0,0,1,1,1,1,0,0,1,1,1,1,1,1,1,0,412.0929,7.830000,0.055400,7.890000,523502.5101,27.3000,1.8067,10.840,-0.1800,0,5263,102960,40.0,60.0,50.0,50.0
13,24,1024,1,1,1,1,0,0,1,1,1,1,1,1,1,1,1,1,1,1,1,1,411.0403,7.810000,0.055400,7.860000,523502.5101,18.3800,1.7650,10.590,0.0000,1,5263,102960,10.0,90.0,10.0,90.0
13,25,1024,1,0,0,0,1,0,1,1,1,0,1,1,1,0,0,0,1,0,1,0,428.9345,8.150000,0.055400,8.200000,523502.5101,26.8300,1.7717,10.630,0.0900,1,5263,102960,20.0,80.0,80.0,20.0
13,28,1024,0,0,0,0,1,1,1,0,0,1,1,1,1,1,1,1,1,1,0,0,415.7770,7.900000,0.055400,7.960000,523502.5101,27.2100,1.7267,10.360,0.2100,1,5263,102960,40.0,60.0,40.0,60.0
13,29,1024,0,0,0,0,1,0,1,0,1,0,0,0,0,0,0,0,1,0,1,0,377.8834,7.180000,0.055200,7.230000,523502.5101,26.5900,1.7650,10.590,0.0500,1,5263,102960,50.0,50.0,100.0,0.0
13,31,1024,1,0,1,0,1,1,1,1,1,1,1,1,1,0,1,1,1,1,1,0,426.3030,8.100000,0.055400,8.160000,523502.5101,27.5100,1.7767,10.660,0.0100,1,5263,102960,0.0,100.0,40.0,60.0
13,32,1024,0,0,0,0,1,1,1,0,0,0,0,0,0,1,0,0,1,1,1,0,408.9351,7.770000,0.055400,7.830000,523502.5101,26.4700,1.7700,10.620,0.0500,1,5263,102960,60.0,40.0,70.0,30.0
13,35,1024,0,0,0,0,1,1,1,1,1,1,1,1,1,1,1,1,1,1,0,0,414.1981,7.870000,0.055400,7.930000,523502.5101,27.7300,1.7733,10.640,0.0300,1,5263,102960,30.0,70.0,30.0,70.0
13,36,1024,1,0,1,0,1,1,1,1,1,0,1,1,1,0,1,1,0,1,1,0,432.6186,8.220000,0.055400,8.270000,523502.5101,16.9200,1.7633,10.580,0.0600,1,5263,102960,10.0,90.0,50.0,50.0
13,38,1024,1,0,1,1,0,0,1,1,1,1,1,1,1,1,1,1,0,0,1,0,1000000000.0000,8.170000,0.055400,8.220000,523502.5101,-100.0000,1.7750,10.650,0.0100,1,-1,-1,20.0,80.0,40.0,60.0
13,39,1024,1,1,0,0,1,0,1,0,0,0,0,0,1,1,1,0,0,0,1,0,1000000000.0000,8.090000,0.055400,8.140000,523502.5101,-100.0000,1.7717,10.630,0.0400,1,-1,-1,40.0,60.0,80.0,20.0
13,40,1024,0,0,0,0,1,0,0,0,1,1,0,0,0,0,1,1,1,1,1,0,1000000000.0000,7.870000,0.055400,7.920000,523502.5101,-100.0000,1.7783,10.670,0.0100,1,-1,-1,50.0,50.0,70.0,30.0
13,41,1024,1,0,0,0,1,1,1,1,1,1,1,0,1,1,1,1,1,1,1,0,1000000000.0000,8.080000,0.055400,8.130000,523502.5101,-100.0000,1.7733,10.640,0.0100,1,-1,-1,10.0,90.0,40.0,60.0
13,43,1024,0,0,0,0,1,0,1,0,1,1,0,0,1,1,1,0,1,1,0,0,1000000000.0000,7.860000,0.055400,7.920000,523502.5101,-100.0000,1.7767,10.660,0.0100,1,-1,-1,40.0,60.0,70.0,30.0
13,44,1024,1,0,0,1,0,1,1,1,0,0,0,0,0,0,1,1,0,0,1,0,1000000000.0000,8.130000,0.055400,8.190000,523502.5101,-100.0000,1.7633,10.580,0.1300,1,-1,-1,60.0,40.0,60.0,40.0
13,45,1024,1,0,1,1,1,1,1,1,1,1,1,1,1,1,0,0,1,1,1,0,1000000000.0000,7.980000,0.055400,8.040000,523502.5101,-100.0000,1.7750,10.650,0.0800,1,-1,-1,10.0,90.0,30.0,70.0
13,46,1024,0,0,0,1,0,1,1,1,1,1,0,0,0,0,1,0,0,0,1,0,1000000000.0000,8.090000,0.055400,8.140000,523502.5101,-100.0000,1.7783,10.670,0.0200,1,-1,-1,60.0,40.0,60.0,40.0
13,47,1024,1,0,1,0,1,1,1,1,1,1,1,0,1,0,1,1,1,1,0,0,422.6189,8.030000,0.055400,8.080000,523502.5101,27.1100,1.7717,10.630,0.0100,1,5263,102960,10.0,90.0,50.0,50.0
13,51,1024,0,0,1,1,1,0,0,0,1,0,0,0,0,1,1,1,1,1,1,0,1000000000.0000,7.830000,0.055400,7.880000,523502.5101,-100.0000,1.7583,10.550,0.1200,1,-1,-1,40.0,60.0,60.0,40.0
13,52,1024,0,0,1,0,1,0,1,0,0,0,1,1,0,0,1,0,0,0,1,0,1000000000.0000,7.690000,0.055400,7.740000,523502.5101,-100.0000,1.7517,10.510,0.1600,1,-1,-1,40.0,60.0,90.0,10.0
13,53,1024,1,0,1,1,1,1,1,1,1,1,1,1,1,1,1,1,0,1,1,0,1000000000.0000,8.450000,0.055400,8.500000,523502.5101,-100.0000,1.7833,10.700,0.0200,1,-1,-1,10.0,90.0,20.0,80.0
13,55,1024,0,0,1,0,1,0,1,1,1,0,1,0,1,0,1,0,1,0,1,0,1000000000.0000,7.940000,0.055400,8.000000,523502.5101,-100.0000,1.7717,10.630,0.0400,1,-1,-1,10.0,90.0,90.0,10.0
13,56,1024,1,0,1,0,1,1,1,0,1,1,1,0,1,0,1,1,0,1,0,0,1000000000.0000,7.760000,0.055400,7.820000,523502.5101,-100.0000,1.7733,10.640,0.0300,1,-1,-1,20.0,80.0,60.0,40.0
13,57,1024,0,0,0,0,1,0,1,0,1,1,0,0,1,1,1,0,0,1,1,0,1000000000.0000,7.360000,0.055400,7.410000,523502.5101,-100.0000,1.7700,10.620,0.0600,1,-1,-1,40.0,60.0,70.0,30.0
13,58,1024,0,0,1,1,1,0,1,1,0,0,1,1,1,1,1,1,1,1,1,1,1000000000.0000,7.960000,0.055400,8.020000,523502.5101,-100.0000,1.7750,10.650,0.0000,1,-1,-1,20.0,80.0,30.0,70.0
13,59,1024,0,0,0,0,1,1,1,0,1,1,0,0,1,0,1,0,0,0,1,0,1000000000.0000,7.820000,0.055400,7.870000,523502.5101,-100.0000,1.7800,10.680,0.0100,1,-1,-1,40.0,60.0,80.0,20.0
13,60,1024,0,0,0,0,1,0,1,0,1,0,0,0,1,1,1,0,0,0,1,0,1000000000.0000,7.160000,0.055400,7.210000,523502.5101,-100.0000,1.7750,10.650,0.0200,1,-1,-1,40.0,60.0,90.0,10.0
13,61,1024,0,0,0,0,1,0,0,0,0,0,1,1,1,0,1,1,1,1,1,0,1000000000.0000,7.920000,0.055400,7.980000,523502.5101,-100.0000,1.7717,10.630,0.0200,1,-1,-1,40.0,60.0,70.0,30.0
13,62,1024,0,0,1,1,1,0,1,0,0,0,0,0,0,1,0,0,1,1,1,0,1000000000.0000,1000.000000,0.000000,1000.000000,523502.5101,-100.0000,1.7783,10.670,0.0400,1,-1,-1,50.0,50.0,70.0,30.0
13,64,1024,1,0,1,1,0,1,1,0,1,1,1,0,1,0,1,0,0,0,1,0,1000000000.0000,8.200000,0.055400,8.260000,523502.5101,-100.0000,1.7700,10.620,0.0400,1,-1,-1,20.0,80.0,70.0,30.0
13,65,1024,0,0,1,0,1,1,1,1,1,1,1,0,1,0,1,1,0,0,0,0,1000000000.0000,7.860000,0.055400,7.920000,523502.5101,-100.0000,1.7733,10.640,0.0100,1,-1,-1,30.0,70.0,60.0,40.0
13,66,1024,0,0,0,0,0,0,0,0,1,1,1,1,1,0,0,0,1,1,0,0,1000000000.0000,7.750000,0.055400,7.800000,523502.5101,-100.0000,1.7733,10.640,0.0500,1,-1,-1,60.0,40.0,70.0,30.0
13,67,1024,0,1,0,0,1,0,0,0,0,0,1,1,1,1,0,0,1,1,1,0,1000000000.0000,7.970000,0.055400,8.030000,523502.5101,-100.0000,1.7667,10.600,0.0600,1,-1,-1,50.0,50.0,60.0,40.0
13,69,1024,0,0,1,1,1,0,0,1,1,1,0,0,1,0,0,0,1,1,1,0,1000000000.0000,8.130000,0.055400,8.180000,523502.5101,-100.0000,1.7600,10.560,-0.0600,0,-1,-1,40.0,60.0,60.0,40.0
13,70,1024,1,1,1,0,0,0,1,0,1,0,1,0,1,0,1,0,1,0,1,0,1000000000.0000,8.240000,0.055400,8.300000,523502.5101,-100.0000,1.7817,10.690,0.0500,1,-1,-1,10.0,90.0,90.0,10.0
13,71,1024,1,1,0,0,1,1,1,1,1,1,0,0,0,0,0,0,0,0,0,0,1000000000.0000,8.250000,0.055400,8.310000,523502.5101,-100.0000,1.7750,10.650,0.0100,1,-1,-1,60.0,40.0,60.0,40.0
13,72,1024,0,0,0,0,1,1,1,1,1,1,1,1,0,0,0,0,1,1,1,0,1000000000.0000,8.220000,0.055400,8.270000,523502.5101,-100.0000,1.7733,10.640,0.0100,1,-1,-1,40.0,60.0,50.0,50.0
13,73,1024,0,0,0,0,1,0,1,1,0,0,1,1,0,0,1,1,0,0,1,0,1000000000.0000,7.960000,0.055400,8.010000,523502.5101,-100.0000,1.7750,10.650,0.0400,1,-1,-1,50.0,50.0,70.0,30.0
13,74,1024,1,1,0,1,1,1,1,1,0,0,0,0,0,0,1,0,0,0,1,0,1000000000.0000,8.040000,0.055400,8.090000,523502.5101,-100.0000,1.7667,10.600,0.0600,1,-1,-1,50.0,50.0,60.0,40.0
13,75,1024,0,0,1,0,1,0,1,0,1,0,1,1,0,0,1,0,1,0,1,0,1000000000.0000,7.780000,0.055400,7.840000,523502.5101,-100.0000,1.7517,10.510,0.2000,1,-1,-1,20.0,80.0,90.0,10.0
13,76,1024,0,0,0,0,1,0,0,1,1,0,0,0,1,0,0,0,1,1,1,0,1000000000.0000,8.040000,0.055400,8.090000,523502.5101,-100.0000,1.7750,10.650,0.0400,1,-1,-1,50.0,50.0,80.0,20.0
13,77,1024,0,0,0,0,1,0,1,1,1,1,1,0,1,1,1,1,1,1,1,0,1000000000.0000,7.940000,0.055400,7.990000,523502.5101,-100.0000,1.7717,10.630,0.0600,1,-1,-1,20.0,80.0,50.0,50.0
13,78,1024,1,0,0,0,1,0,0,0,1,0,1,1,0,0,1,0,1,1,1,0,406.8299,7.730000,0.055400,7.790000,523502.5101,26.6600,1.7733,10.640,0.0200,1,5263,102960,30.0,70.0,80.0,20.0
13,80,1024,0,0,0,0,0,1,1,0,0,1,1,1,1,1,1,1,1,1,1,0,415.7770,7.900000,0.055400,7.960000,523502.5101,27.4200,1.7433,10.460,0.2100,1,5263,102960,40.0,60.0,40.0,60.0
13,81,1024,0,0,0,0,1,1,1,1,1,1,0,0,1,0,1,1,1,1,1,0,416.8296,7.920000,0.055400,7.970000,523502.5101,26.9800,1.7483,10.490,0.1600,1,5263,102960,30.0,70.0,50.0,50.0
13,82,1024,1,0,1,0,1,0,1,1,1,1,1,1,1,0,0,0,1,0,1,0,406.3036,7.720000,0.055400,7.770000,523502.5101,27.0500,1.7733,10.640,0.0200,1,5263,102960,10.0,90.0,70.0,30.0
13,83,1024,0,0,1,1,1,0,1,0,0,0,1,1,1,1,1,0,1,1,1,0,427.3556,8.120000,0.055400,8.170000,523502.5101,26.8600,1.7717,10.630,0.0300,1,5263,102960,20.0,80.0,60.0,40.0
13,84,1024,0,0,0,0,1,0,1,0,0,0,0,0,0,0,0,0,1,1,1,0,391.5672,7.440000,0.055400,7.490000,523502.5101,26.5500,1.7567,10.540,0.1200,1,5263,102960,60.0,40.0,90.0,10.0
13,86,1024,1,0,1,0,1,1,1,1,0,0,1,1,1,0,1,1,0,1,0,0,418.9348,7.960000,0.055400,8.010000,523502.5101,16.5900,1.7600,10.560,0.1000,1,5263,102960,30.0,70.0,50.0,50.0
13,87,1024,0,0,0,0,0,1,1,0,0,0,1,1,1,1,0,0,0,0,1,0,409.9877,7.790000,0.055400,7.850000,523502.5101,26.5300,1.7400,10.440,0.1400,1,5263,102960,60.0,40.0,70.0,30.0
13,88,1024,0,0,0,1,1,0,1,1,0,0,0,0,0,0,1,0,0,0,1,0,1000000000.0000,7.700000,0.055400,7.750000,523502.5101,-100.0000,1.7750,10.650,0.0000,1,-1,-1,60.0,40.0,80.0,20.0
13,90,1024,0,0,1,0,1,0,1,0,1,1,0,0,1,1,1,0,1,0,1,0,1000000000.0000,7.770000,0.055400,7.830000,523502.5101,-100.0000,1.7750,10.650,0.0300,1,-1,-1,20.0,80.0,80.0,20.0
13,91,1024,0,0,0,0,1,0,0,0,1,1,0,0,1,1,1,1,1,1,1,0,1000000000.0000,7.700000,0.055400,7.760000,523502.5101,-100.0000,1.7783,10.670,0.0100,1,-1,-1,40.0,60.0,60.0,40.0
13,94,1024,1,1,1,0,0,1,1,0,1,0,1,0,1,1,1,0,1,0,1,0,1000000000.0000,7.930000,0.055400,7.980000,523502.5101,-100.0000,1.7433,10.460,0.2000,1,-1,-1,10.0,90.0,70.0,30.0
13,96,1024,0,1,0,0,1,0,1,1,1,0,1,1,1,1,0,0,1,1,1,0,419.9874,7.980000,0.055400,8.030000,523502.5101,14.1500,1.7750,10.650,0.0100,1,5263,102960,30.0,70.0,50.0,50.0
13,98,1024,1,0,1,1,1,1,1,1,1,1,1,0,1,1,1,1,1,1,1,0,416.3033,7.910000,0.055400,7.970000,523502.5101,27.7000,1.7783,10.670,0.0100,1,5263,102960,0.0,100.0,30.0,70.0
14,1,1024,0,0,0,0,1,0,1,1,1,1,1,1,1,1,1,1,0,1,1,0,425.7767,8.090000,0.055400,8.140000,523502.5101,17.3300,1.7700,10.620,0.0600,1,5263,102960,30.0,70.0,40.0,60.0
14,2,1024,0,0,0,0,1,1,0,0,0,0,0,0,0,0,1,1,1,1,1,0,415.7770,7.900000,0.055400,7.960000,523502.5101,26.7100,1.7817,10.690,0.0200,1,5263,102960,60.0,40.0,70.0,30.0
14,3,1024,1,0,1,1,1,0,1,1,1,1,1,1,1,1,1,1,1,1,1,0,407.8825,7.750000,0.055400,7.800000,523502.5101,27.7500,1.7633,10.580,0.0900,1,5263,102960,0.0,100.0,30.0,70.0
14,4,1024,1,1,1,1,1,0,1,1,1,1,1,0,0,0,1,0,1,1,0,0,438.4079,8.330000,0.055400,8.390000,523502.5101,16.5900,1.7533,10.520,0.1400,1,5263,102960,20.0,80.0,50.0,50.0
14,5,1024,0,0,0,0,1,1,1,0,1,1,0,0,0,0,1,0,0,0,1,0,417.8822,7.940000,0.055400,8.000000,523502.5101,26.4700,1.7733,10.640,0.0200,1,5263,102960,50.0,50.0,80.0,20.0
14,7,1024,1,1,1,0,1,0,1,0,1,0,0,0,1,0,0,0,1,0,1,0,421.5663,8.010000,0.055400,8.070000,523502.5101,15.6900,1.7717,10.630,0.0400,1,5263,102960,20.0,80.0,90.0,10.0
14,8,1024,0,0,0,0,1,0,1,1,1,1,0,0,1,0,0,0,1,1,1,0,412.6192,7.840000,0.055400,7.900000,523502.5101,26.6800,1.7433,10.460,0.2100,1,5263,102960,40.0,60.0,70.0,30.0
14,10,1024,0,0,0,0,1,0,1,0,1,1,0,0,1,0,1,0,0,0,0,0,405.2510,7.700000,0.055400,7.750000,523502.5101,26.6500,1.7667,10.600,0.0300,1,5263,102960,50.0,50.0,90.0,10.0
14,11,1024,1,0,1,0,1,0,1,1,1,1,1,1,1,0,1,0,1,0,1,0,414.7244,7.880000,0.055400,7.940000,523502.5101,27.2500,1.8083,10.850,-0.1800,0,5263,102960,0.0,100.0,70.0,30.0
14,14,1024,1,1,0,0,1,1,1,1,1,0,0,0,0,0,1,0,0,0,1,0,432.6186,8.220000,0.055400,8.270000,523502.5101,15.7200,1.7733,10.640,0.0300,1,5263,102960,40.0,60.0,70.0,30.0
14,15,1024,0,0,0,0,1,0,1,0,1,1,0,0,1,1,1,1,0,0,0,0,413.1455,7.850000,0.055400,7.900000,523502.5101,26.7700,1.7767,10.660,0.0100,1,5263,102960,50.0,50.0,70.0,30.0
14,16,1024,1,1,1,1,1,1,1,1,1,1,0,1,0,0,1,0,0,0,1,0,417.8822,7.940000,0.055400,7.990000,523502.5101,5.3600,1.7733,10.640,0.0100,1,5263,102960,30.0,70.0,40.0,60.0
14,19,1024,1,0,1,1,1,1,1,1,1,1,1,1,1,1,1,1,0,0,0,0,1000000000.0000,8.110000,0.055400,8.170000,523502.5101,-100.0000,1.7750,10.650,0.0000,1,-1,-1,20.0,80.0,30.0,70.0
14,20,1024,1,0,1,0,1,1,1,1,1,0,1,1,1,0,1,1,0,1,1,1,1000000000.0000,8.220000,0.055400,8.270000,523502.5101,-100.0000,1.7767,10.660,0.0000,1,-1,-1,10.0,90.0,40.0,60.0
14,21,1024,0,0,1,1,1,1,0,0,1,1,0,0,0,0,1,1,1,1,1,0,1000000000.0000,8.140000,0.055400,8.200000,523502.5101,-100.0000,1.7800,10.680,0.0100,1,-1,-1,40.0,60.0,50.0,50.0
14,22,1024,0,0,1,0,1,1,1,1,1,1,1,0,1,1,1,1,1,1,1,0,418.4085,7.950000,0.055400,8.010000,523502.5101,27.7000,1.7683,10.610,0.0600,1,5263,102960,10.0,90.0,40.0,60.0
14,23,1024,1,1,1,0,1,1,1,1,1,1,1,1,1,1,1,1,1,1,0,1,424.7241,8.070000,0.055400,8.120000,523502.5101,3.3300,1.7733,10.640,0.0100,1,5263,102960,10.0,90.0,10.0,90.0
14,25,1024,0,0,1,1,1,1,1,1,1,1,1,0,0,0,1,0,1,1,0,0,434.7238,8.260000,0.055400,8.320000,523502.5101,26.7500,1.7650,10.590,0.1000,1,5263,102960,30.0,70.0,50.0,50.0
14,29,1024,0,0,0,0,1,1,1,0,1,0,0,0,1,1,1,0,0,1,1,0,407.3562,7.740000,0.055400,7.800000,523502.5101,26.6500,1.6917,10.150,0.5100,1,5263,102960,40.0,60.0,70.0,30.0
14,31,1024,0,0,1,0,1,1,1,1,1,0,1,0,1,0,1,1,0,1,0,0,414.7244,7.880000,0.055400,7.930000,523502.5101,16.7200,1.7733,10.640,0.0200,1,5263,102960,30.0,70.0,60.0,40.0
14,32,1024,0,0,0,0,0,0,0,0,1,1,1,1,1,0,0,0,1,1,1,0,422.0926,8.020000,0.055400,8.070000,523502.5101,26.8400,1.7733,10.640,0.0200,1,5263,102960,50.0,50.0,70.0,30.0
14,33,1024,0,0,1,0,1,1,1,1,1,0,1,1,1,1,1,1,0,1,0,0,412.6192,7.840000,0.055400,7.900000,523502.5101,16.8700,1.7800,10.680,0.0000,1,5263,102960,30.0,70.0,40.0,60.0
14,34,1024,0,0,1,1,0,0,1,0,0,0,1,1,1,1,1,1,1,1,1,0,423.6715,8.050000,0.055400,8.110000,523502.5101,27.3500,1.7750,10.650,0.0000,1,5263,102960,30.0,70.0,50.0,50.0
14,35,1024,0,0,0,1,0,1,1,1,0,0,0,0,1,1,1,0,0,0,1,0,420.5137,7.990000,0.055400,8.040000,523502.5101,26.4700,1.7633,10.580,0.1000,1,5263,102960,60.0,40.0,60.0,40.0
14,36,1024,0,0,0,0,1,0,0,0,0,0,1,1,1,0,1,1,1,0,1,0,1000000000.0000,7.700000,0.055400,7.760000,523502.5101,-100.0000,1.7817,10.690,0.0200,1,-1,-1,40.0,60.0,80.0,20.0
14,38,1024,1,0,0,0,1,0,1,1,1,0,0,0,1,0,0,0,1,0,0,0,1000000000.0000,7.920000,0.055400,7.980000,523502.5101,-100.0000,1.7733,10.640,0.0300,1,-1,-1,40.0,60.0,90.0,10.0
14,39,1024,0,0,0,0,0,0,1,0,1,1,0,0,0,0,1,0,0,0,1,0,1000000000.0000,7.520000,0.055400,7.570000,523502.5101,-100.0000,1.7750,10.650,0.0100,1,-1,-1,60.0,40.0,90.0,10.0
14,41,1024,1,0,1,0,1,1,1,1,1,1,1,0,0,0,1,1,0,1,0,0,1000000000.0000,1000.000000,0.000000,1000.000000,523502.5101,-100.0000,1.7700,10.620,0.0200,1,-1,-1,30.0,70.0,50.0,50.0
14,43,1024,0,0,1,1,1,0,1,0,1,0,1,0,1,0,1,0,1,0,1,0,416.8296,7.920000,0.055400,7.980000,523502.5101,26.7900,1.7767,10.660,0.0100,1,5263,102960,10.0,90.0,90.0,10.0
14,44,1024,1,0,1,1,1,1,1,1,1,0,1,1,1,1,1,1,1,1,1,0,442.0920,8.400000,0.055400,8.450000,523502.5101,27.5100,1.7767,10.660,0.0000,1,5263,102960,0.0,100.0,30.0,70.0
14,45,1024,1,1,0,0,1,1,1,0,0,1,1,1,1,1,1,1,1,1,0,0,416.3033,7.910000,0.055400,7.970000,523502.5101,16.5600,1.7733,10.640,0.0200,1,5263,102960,30.0,70.0,30.0,70.0
14,46,1024,0,0,0,0,0,0,1,1,0,0,1,1,1,0,1,1,1,1,1,0,428.9345,8.150000,0.055400,8.200000,523502.5101,26.8300,1.7750,10.650,0.0100,1,5263,102960,40.0,60.0,60.0,40.0
14,47,1024,0,0,0,1,0,0,1,1,0,0,0,0,0,0,1,0,0,0,1,0,412.0929,7.830000,0.055400,7.880000,523502.5101,26.3900,1.7750,10.650,0.0400,1,5263,102960,70.0,30.0,80.0,20.0
14,51,1024,0,0,1,0,1,1,1,1,1,1,1,0,1,0,0,0,0,1,0,0,418.9348,7.960000,0.055400,8.020000,523502.5101,26.5500,1.7683,10.610,0.0300,1,5263,102960,40.0,60.0,60.0,40.0
14,52,1024,1,1,1,1,1,1,0,0,1,1,0,0,0,0,0,0,0,0,0,0,423.1452,8.040000,0.055400,8.100000,523502.5101,16.2100,1.7750,10.650,0.0000,1,5263,102960,60.0,40.0,60.0,40.0
14,53,1024,1,0,0,0,1,1,1,1,1,1,1,1,1,0,1,1,1,1,0,0,424.7241,8.070000,0.055400,8.130000,523502.5101,27.3500,1.7717,10.630,0.0300,1,5263,102960,20.0,80.0,40.0,60.0
14,55,1024,0,0,0,0,1,0,1,0,0,0,0,0,0,0,0,0,0,0,0,0,354.3052,6.732000,0.055200,6.790000,523502.5101,26.3500,1.7800,10.680,0.0100,1,5263,102960,80.0,20.0,100.0,0.0
14,58,1024,1,0,1,0,1,0,1,1,1,0,1,1,1,0,0,0,1,1,1,0,1000000000.0000,8.240000,0.055400,8.290000,523502.5101,-100.0000,1.7733,10.640,0.0400,1,-1,-1,10.0,90.0,70.0,30.0
14,59,1024,1,0,1,0,1,0,1,0,1,0,0,0,1,1,0,0,1,0,1,0,1000000000.0000,8.040000,0.055400,8.100000,523502.5101,-100.0000,1.7783,10.670,0.0100,1,-1,-1,20.0,80.0,90.0,10.0
14,60,1024,1,1,1,1,0,1,0,0,1,1,1,1,1,1,1,1,1,1,1,1,1000000000.0000,7.780000,0.055400,7.830000,523502.5101,-100.0000,1.7550,10.530,0.0300,1,-1,-1,20.0,80.0,10.0,90.0
14,61,1024,0,0,0,0,0,1,1,0,1,1,1,1,1,1,1,1,1,1,1,0,1000000000.0000,8.020000,0.055400,8.070000,523502.5101,-100.0000,1.7767,10.660,0.0000,1,-1,-1,30.0,70.0,40.0,60.0
14,62,1024,0,1,0,0,1,0,0,0,1,0,1,1,1,1,0,0,1,0,1,0,1000000000.0000,8.080000,0.055400,8.130000,523502.5101,-100.0000,1.7750,10.650,0.0000,1,-1,-1,40.0,60.0,70.0,30.0
14,63,1024,1,1,1,1,1,0,1,1,1,1,0,0,0,0,1,0,0,0,1,0,1000000000.0000,8.310000,0.055400,8.370000,523502.5101,-100.0000,1.7633,10.580,0.0900,1,-1,-1,30.0,70.0,60.0,40.0
14,64,1024,0,0,0,0,1,0,1,0,1,0,0,0,0,0,1,1,1,0,1,0,387.8831,7.370000,0.055400,7.430000,523502.5101,26.8100,1.7617,10.570,0.1200,1,5263,102960,40.0,60.0,90.0,10.0
14,65,1024,0,0,0,0,0,0,1,1,0,0,1,1,1,0,1,1,1,0,1,0,407.8825,7.750000,0.055400,7.810000,523502.5101,26.7500,1.7567,10.540,0.1400,1,5263,102960,40.0,60.0,70.0,30.0
14,66,1024,1,0,1,0,1,0,1,1,1,0,1,1,0,0,0,0,1,0,1,0,459.4599,8.730000,0.055400,8.780000,523502.5101,26.6200,1.7517,10.510,0.1600,1,5263,102960,20.0,80.0,80.0,20.0
14,69,1024,1,1,0,0,1,0,1,1,1,1,1,1,1,1,1,0,1,1,1,0,425.7767,8.090000,0.055400,8.140000,523502.5101,17.0400,1.7767,10.660,0.0600,1,5263,102960,10.0,90.0,40.0,60.0
14,70,1024,1,0,1,1,1,1,1,1,1,1,1,1,1,1,1,1,1,0,1,0,439.4605,8.350000,0.055400,8.410000,523502.5101,27.8100,1.7717,10.630,0.0300,1,5263,102960,0.0,100.0,30.0,70.0
14,71,1024,0,0,0,0,1,0,1,0,1,0,0,0,1,0,1,0,0,1,1,0,394.1987,7.490000,0.055400,7.550000,523502.5101,26.6800,1.7617,10.570,0.1000,1,5263,102960,40.0,60.0,90.0,10.0
14,75,1024,1,1,0,0,1,0,1,1,1,1,0,0,0,0,1,0,0,0,1,0,430.5134,8.180000,0.055400,8.240000,523502.5101,16.0400,1.7800,10.680,0.0300,1,5263,102960,40.0,60.0,70.0,30.0
14,76,1024,1,1,1,1,0,1,1,1,0,0,1,1,1,1,1,1,1,1,1,1,419.4611,7.970000,0.055400,8.030000,523502.5101,8.2000,1.7700,10.620,0.0300,1,5263,102960,20.0,80.0,10.0,90.0
14,77,1024,1,1,1,1,0,1,1,1,1,1,1,1,1,1,1,1,1,1,0,1,360.9892,6.859000,0.055400,6.920000,523502.5101,11.2500,1.7500,10.500,0.0400,1,5263,102960,20.0,80.0,0.0,100.0
14,79,1024,0,0,1,0,1,0,1,0,0,0,1,1,1,1,1,1,1,1,1,0,1000000000.0000,8.090000,0.055400,8.140000,523502.5101,-100.0000,1.7767,10.660,0.0000,1,-1,-1,20.0,80.0,60.0,40.0
14,80,1024,1,0,0,0,0,1,1,0,0,0,1,1,1,1,0,0,0,0,1,0,1000000000.0000,7.920000,0.055400,7.980000,523502.5101,-100.0000,1.7817,10.690,0.0200,1,-1,-1,50.0,50.0,70.0,30.0
14,81,1024,0,0,0,0,1,1,1,0,0,0,1,1,1,1,0,0,0,0,1,0,1000000000.0000,7.720000,0.055400,7.780000,523502.5101,-100.0000,1.7717,10.630,0.0300,1,-1,-1,50.0,50.0,70.0,30.0
14,82,1024,0,0,0,0,0,0,0,0,1,1,1,1,1,0,1,1,1,0,1,0,1000000000.0000,7.540000,0.055400,7.600000,523502.5101,-100.0000,1.7750,10.650,0.0100,1,-1,-1,40.0,60.0,70.0,30.0
14,83,1024,1,0,0,0,1,0,1,1,1,1,0,0,1,1,1,1,1,1,1,0,1000000000.0000,7.940000,0.055400,8.000000,523502.5101,-100.0000,1.7817,10.690,0.0100,1,-1,-1,20.0,80.0,50.0,50.0
14,84,1024,0,0,0,0,1,0,1,1,1,1,1,1,1,1,1,1,0,0,1,0,1000000000.0000,7.750000,0.055400,7.800000,523502.5101,-100.0000,1.7783,10.670,-0.0100,0,-1,-1,30.0,70.0,50.0,50.0
14,86,1024,0,0,0,0,1,0,1,0,0,0,1,1,1,0,1,0,0,0,1,0,1000000000.0000,7.710000,0.055400,7.770000,523502.5101,-100.0000,1.7800,10.680,0.0300,1,-1,-1,40.0,60.0,90.0,10.0
14,88,1024,1,1,0,0,1,1,1,1,1,1,0,0,0,0,1,0,1,1,1,0,1000000000.0000,8.050000,0.055400,8.100000,523502.5101,-100.0000,1.7683,10.610,0.0600,1,-1,-1,30.0,70.0,50.0,50.0
14,89,1024,1,0,1,0,1,0,1,0,1,1,0,0,1,0,0,0,1,0,1,0,1000000000.0000,7.780000,0.055400,7.840000,523502.5101,-100.0000,1.7767,10.660,0.0100,1,-1,-1,20.0,80.0,90.0,10.0
14,90,1024,0,0,0,0,0,0,1,0,1,1,0,0,1,1,1,0,0,0,1,0,1000000000.0000,7.760000,0.055400,7.820000,523502.5101,-100.0000,1.7700,10.620,0.0700,1,-1,-1,50.0,50.0,80.0,20.0
14,93,1024,0,0,0,0,1,0,1,0,1,0,0,0,0,0,0,0,1,1,1,0,405.2510,7.700000,0.055400,7.760000,523502.5101,26.5900,1.7800,10.680,0.0300,1,5263,102960,50.0,50.0,90.0,10.0
14,94,1024,0,0,0,0,1,0,1,0,1,0,1,1,0,0,0,0,1,0,1,0,396.8302,7.540000,0.055400,7.590000,523502.5101,26.6000,1.7133,10.280,0.3800,1,5263,102960,40.0,60.0,90.0,10.0
14,95,1024,1,1,1,0,1,0,1,0,0,0,1,0,1,0,1,0,1,0,1,0,1000000000.0000,8.060000,0.055400,8.120000,523502.5101,-100.0000,1.7700,10.620,0.0700,1,-1,-1,10.0,90.0,90.0,10.0
14,97,1024,0,0,0,0,1,1,1,0,1,0,0,0,0,0,0,0,1,0,1,0,1000000000.0000,7.840000,0.055400,7.890000,523502.5101,-100.0000,1.7533,10.520,0.1400,1,-1,-1,50.0,50.0,90.0,10.0
14,98,1024,1,1,1,1,0,1,1,1,1,1,1,1,1,1,1,1,1,0,1,1,1000000000.0000,7.880000,0.055400,7.930000,523502.5101,-100.0000,1.7683,10.610,0.0700,1,-1,-1,10.0,90.0,10.0,90.0
14,99,1024,0,0,0,0,0,0,1,0,1,1,1,1,1,1,1,1,0,0,1,0,1000000000.0000,7.940000,0.055400,8.000000,523502.5101,-100.0000,1.7750,10.650,0.0300,1,-1,-1,40.0,60.0,60.0,40.0
15,0,1024,1,0,0,0,1,1,1,1,1,1,1,1,1,1,1,1,0,1,1,0,453.1443,8.610000,0.055400,8.660000,523502.5101,17.2800,1.7717,10.630,0.0800,1,5263,102960,20.0,80.0,30.0,70.0
15,2,1024,1,1,1,1,1,0,1,1,1,1,1,0,0,0,0,1,1,1,0,0,418.4085,7.950000,0.055400,8.000000,523502.5101,16.4300,1.7417,10.450,0.1100,1,5263,102960,30.0,70.0,40.0,60.0
15,3,1024,0,0,0,0,1,1,1,0,1,0,0,0,1,1,1,0,1,1,1,0,424.7241,8.070000,0.055400,8.130000,523502.5101,26.7600,1.7850,10.710,0.0200,1,5263,102960,30.0,70.0,70.0,30.0
15,5,1024,0,0,0,0,1,0,1,0,0,0,1,1,1,1,0,0,0,0,0,0,418.4085,7.950000,0.055400,8.000000,523502.5101,26.5200,1.7717,10.630,0.0500,1,5263,102960,60.0,40.0,80.0,20.0
15,7,1024,0,0,1,0,1,1,1,1,1,1,1,1,1,1,0,0,1,1,1,0,422.0926,8.020000,0.055400,8.080000,523502.5101,27.0800,1.7750,10.650,0.0200,1,5263,102960,20.0,80.0,40.0,60.0
15,8,1024,0,0,0,0,1,0,1,0,1,0,0,0,1,1,1,1,1,0,1,0,409.4614,7.780000,0.055400,7.830000,523502.5101,27.0200,1.7783,10.670,0.0100,1,5263,102960,30.0,70.0,80.0,20.0
15,10,1024,0,0,1,0,1,0,1,1,1,0,1,1,1,0,1,0,1,1,1,0,411.0403,7.810000,0.055400,7.870000,523502.5101,26.9000,1.7167,10.300,0.2800,1,5263,102960,10.0,90.0,70.0,30.0
15,11,1024,1,1,0,0,1,1,1,1,1,1,0,0,0,0,1,0,0,0,0,0,361.1471,6.862000,0.055400,6.920000,523502.5101,15.5600,1.7767,10.660,0.0000,1,5263,102960,50.0,50.0,60.0,40.0
15,12,1024,0,0,0,0,1,0,1,0,1,1,0,0,0,0,1,1,1,1,1,0,410.5140,7.800000,0.055400,7.850000,523502.5101,26.9100,1.7683,10.610,0.0500,1,5263,102960,40.0,60.0,70.0,30.0
15,13,1024,1,1,1,0,1,1,1,1,1,0,1,1,1,0,1,1,0,1,0,0,426.3030,8.100000,0.055400,8.150000,523502.5101,5.8900,1.7683,10.610,0.0600,1,5263,102960,20.0,80.0,40.0,60.0
15,14,1024,0,0,0,0,1,0,1,0,1,1,1,1,1,1,1,0,0,0,0,0,408.9351,7.770000,0.055400,7.830000,523502.5101,26.9100,1.7800,10.680,0.0000,1,5263,102960,40.0,60.0,70.0,30.0
15,16,1024,0,0,1,0,1,0,1,0,1,0,1,0,1,0,1,0,1,1,1,0,390.5146,7.420000,0.055400,7.470000,523502.5101,26.7800,1.7733,10.640,0.0400,1,5263,102960,10.0,90.0,90.0,10.0
15,17,1024,1,0,1,1,1,1,1,1,1,1,1,0,0,0,1,0,1,1,0,0,1000000000.0000,8.230000,0.055400,8.290000,523502.5101,-100.0000,1.7550,10.530,0.1000,1,-1,-1,20.0,80.0,50.0,50.0
15,18,1024,1,1,1,1,1,1,1,1,1,1,1,1,1,1,1,1,0,0,0,1,399.4617,7.590000,0.055400,7.640000,523502.5101,2.8200,1.7750,10.650,0.0300,1,5263,102960,20.0,80.0,10.0,90.0
15,19,1024,0,0,0,0,0,1,1,0,0,0,1,1,1,1,1,1,0,0,1,0,415.2507,7.890000,0.055400,7.940000,523502.5101,26.8100,1.7750,10.650,0.0100,1,5263,102960,50.0,50.0,60.0,40.0
15,21,1024,0,0,1,0,1,1,1,1,1,1,1,0,1,0,1,1,1,1,0,0,418.4085,7.950000,0.055400,8.010000,523502.5101,27.1100,1.7417,10.450,0.1900,1,5263,102960,20.0,80.0,50.0,50.0
15,22,1024,0,0,0,0,1,1,1,0,1,1,1,1,1,1,1,1,1,1,0,0,417.3559,7.930000,0.055400,7.990000,523502.5101,27.5100,1.7200,10.320,0.2500,1,5263,102960,30.0,70.0,40.0,60.0
15,23,1024,0,0,0,1,1,0,1,0,1,1,1,1,0,0,1,1,1,1,1,0,427.3556,8.120000,0.055400,8.170000,523502.5101,27.1700,1.7600,10.560,0.1000,1,5263,102960,30.0,70.0,50.0,50.0
15,24,1024,1,1,0,0,1,1,1,0,0,1,1,1,1,1,1,1,1,1,1,0,422.6189,8.030000,0.055400,8.090000,523502.5101,16.9600,1.7750,10.650,0.0000,1,5263,102960,20.0,80.0,30.0,70.0
15,25,1024,1,1,1,0,1,1,1,0,1,0,1,0,1,0,1,0,1,0,1,0,427.8819,8.130000,0.055400,8.190000,523502.5101,16.2100,1.7683,10.610,0.0600,1,5263,102960,0.0,100.0,80.0,20.0
15,27,1024,1,0,1,0,1,1,1,1,1,1,1,1,0,0,1,1,1,1,1,0,437.8816,8.320000,0.055400,8.380000,523502.5101,27.1800,1.7717,10.630,0.0300,1,5263,102960,10.0,90.0,40.0,60.0
15,28,1024,1,1,1,1,0,1,1,1,1,1,1,1,0,0,1,1,1,1,0,1,437.8816,8.320000,0.055400,8.370000,523502.5101,3.0600,1.7733,10.640,0.0100,1,5263,102960,30.0,70.0,10.0,90.0
15,29,1024,1,0,0,0,1,0,1,1,1,0,0,1,1,0,1,1,1,0,0,0,406.8299,7.730000,0.055400,7.790000,523502.5101,26.7300,1.7567,10.540,0.1300,1,5263,102960,30.0,70.0,70.0,30.0
15,31,1024,0,0,0,0,0,0,0,0,0,0,1,1,1,0,0,0,1,0,1,0,387.3568,7.360000,0.055400,7.420000,523502.5101,26.7000,1.7517,10.510,0.1400,1,5263,102960,60.0,40.0,90.0,10.0
15,32,1024,0,0,0,0,1,1,1,0,0,1,1,1,1,1,1,1,1,0,0,0,1000000000.0000,7.980000,0.055400,8.040000,523502.5101,-100.0000,1.8017,10.810,-0.1300,0,-1,-1,40.0,60.0,50.0,50.0
15,33,1024,0,0,0,0,1,0,0,0,1,0,1,1,0,0,0,0,1,0,1,0,1000000000.0000,7.630000,0.055400,7.690000,523502.5101,-100.0000,1.7550,10.530,0.1000,1,-1,-1,50.0,50.0,90.0,10.0
15,34,1024,0,0,1,1,0,0,1,0,1,1,1,1,1,1,1,1,0,1,1,0,411.0403,7.810000,0.055400,7.870000,523502.5101,17.3300,1.7567,10.540,0.0700,1,5263,102960,30.0,70.0,40.0,60.0
15,36,1024,0,0,0,0,1,0,1,0,0,0,0,0,1,1,0,0,0,0,0,0,389.4620,7.400000,0.055400,7.450000,523502.5101,26.4000,1.7717,10.630,0.0500,1,5263,102960,70.0,30.0,90.0,10.0
15,37,1024,1,1,1,1,1,1,1,1,0,0,0,0,0,0,0,0,0,0,0,0,427.3556,8.120000,0.055400,8.170000,523502.5101,17.4000,1.7500,10.500,0.1500,1,5263,102960,60.0,40.0,60.0,40.0
15,38,1024,0,0,0,0,1,1,1,1,1,1,0,0,0,0,1,1,1,0,1,0,425.2504,8.080000,0.055400,8.130000,523502.5101,26.7000,1.7733,10.640,0.0100,1,5263,102960,40.0,60.0,60.0,40.0
15,39,1024,1,1,0,1,0,1,1,1,0,0,0,0,0,0,1,0,0,0,1,0,444.1972,8.440000,0.055400,8.500000,523502.5101,15.4400,1.7817,10.690,0.0100,1,5263,102960,60.0,40.0,60.0,40.0
15,44,1024,0,0,0,0,1,1,1,0,0,1,1,1,0,0,1,1,1,1,0,0,433.1449,8.230000,0.055400,8.280000,523502.5101,26.7800,1.7817,10.690,0.0000,1,5263,102960,50.0,50.0,50.0,50.0
15,46,1024,0,0,1,1,0,1,1,0,0,0,1,1,1,1,1,1,1,1,1,0,426.8293,8.110000,0.055400,8.170000,523502.5101,27.2400,1.7700,10.620,0.0200,1,5263,102960,30.0,70.0,40.0,60.0
15,47,1024,1,1,0,0,1,1,1,1,1,1,0,0,0,0,0,1,0,0,1,0,428.9345,8.150000,0.055400,8.210000,523502.5101,15.5200,1.7717,10.630,0.0100,1,5263,102960,50.0,50.0,50.0,50.0
15,48,1024,0,0,0,0,1,0,1,0,0,1,0,0,0,0,1,1,1,0,1,0,416.3033,7.910000,0.055400,7.970000,523502.5101,26.8000,1.7683,10.610,0.0400,1,5263,102960,50.0,50.0,80.0,20.0
15,51,1024,1,1,1,1,1,1,1,1,1,1,0,0,1,1,1,1,0,1,0,1,406.8299,7.730000,0.055400,7.780000,523502.5101,3.2900,1.7767,10.660,0.0100,1,5263,102960,30.0,70.0,10.0,90.0
15,52,1024,1,0,0,0,0,1,1,0,0,0,1,1,0,0,1,0,0,0,1,0,1000000000.0000,7.800000,0.055400,7.850000,523502.5101,-100.0000,1.7783,10.670,0.0100,1,-1,-1,50.0,50.0,80.0,20.0
15,53,1024,0,1,0,0,1,1,0,0,1,0,1,1,1,1,1,1,1,1,1,0,1000000000.0000,8.000000,0.055400,8.060000,523502.5101,-100.0000,1.7867,10.720,-0.0400,0,-1,-1,30.0,70.0,40.0,60.0
15,56,1024,1,1,1,0,1,1,1,1,1,1,1,0,0,0,1,0,1,1,0,0,1000000000.0000,8.250000,0.055400,8.310000,523502.5101,-100.0000,1.7733,10.640,0.0100,1,-1,-1,20.0,80.0,50.0,50.0
15,61,1024,0,0,0,0,1,0,1,0,1,1,0,0,1,1,1,0,1,0,1,0,406.8299,7.730000,0.055400,7.780000,523502.5101,26.8800,1.7700,10.620,0.0700,1,5263,102960,30.0,70.0,80.0,20.0
15,62,1024,1,0,0,1,1,0,1,1,0,0,0,0,0,0,1,0,0,0,1,0,418.4085,7.950000,0.055400,8.010000,523502.5101,26.3900,1.7767,10.660,0.0100,1,5263,102960,50.0,50.0,80.0,20.0
15,63,1024,0,0,0,1,1,0,1,1,1,1,1,1,1,1,1,1,1,1,1,0,435.7764,8.280000,0.055400,8.330000,523502.5101,27.7500,1.7600,10.560,0.1400,1,5263,102960,20.0,80.0,30.0,70.0
15,64,1024,0,0,0,0,1,1,1,0,1,0,1,1,1,1,1,0,0,1,1,0,422.0926,8.020000,0.055400,8.070000,523502.5101,26.8200,1.7733,10.640,0.0300,1,5263,102960,30.0,70.0,60.0,40.0
15,65,1024,0,0,0,0,1,0,1,0,0,0,1,1,0,0,0,0,0,0,0,0,378.9360,7.200000,0.055400,7.260000,523502.5101,26.4600,1.7533,10.520,0.0900,1,5263,102960,70.0,30.0,90.0,10.0
15,66,1024,1,1,1,1,0,1,1,1,1,1,1,1,1,1,0,0,1,1,1,1,391.0409,7.430000,0.055400,7.490000,523502.5101,2.8900,1.7733,10.640,0.0200,1,5263,102960,20.0,80.0,10.0,90.0
15,72,1024,0,0,1,0,1,0,1,0,1,0,1,0,1,1,1,1,0,0,1,0,404.7247,7.690000,0.055400,7.750000,523502.5101,26.7500,1.7783,10.670,0.0100,1,5263,102960,20.0,80.0,80.0,20.0
15,73,1024,1,0,1,0,1,1,1,1,1,1,0,0,1,1,1,1,1,1,1,0,430.5134,8.180000,0.055400,8.240000,523502.5101,27.3300,1.7750,10.650,0.0300,1,5263,102960,10.0,90.0,40.0,60.0
15,74,1024,0,1,0,0,1,0,1,0,1,0,1,1,1,1,0,0,1,1,1,0,416.3033,7.910000,0.055400,7.960000,523502.5101,14.2300,1.7783,10.670,0.0000,1,5263,102960,30.0,70.0,60.0,40.0
15,76,1024,1,0,1,1,0,0,1,0,1,0,1,1,1,0,1,0,1,0,1,0,417.8822,7.940000,0.055400,8.000000,523502.5101,26.9000,1.7733,10.640,0.0400,1,5263,102960,10.0,90.0,80.0,20.0
15,78,1024,1,1,1,1,1,1,1,1,1,1,1,1,1,1,1,1,0,1,1,0,1000000000.0000,1000.000000,0.000000,1000.000000,523502.5101,-100.0000,1.7767,10.660,0.0000,1,-1,-1,10.0,90.0,10.0,90.0
15,80,1024,0,0,0,0,1,1,0,0,1,1,1,1,0,0,1,1,1,1,1,0,1000000000.0000,7.930000,0.055400,7.990000,523502.5101,-100.0000,1.7650,10.590,0.0800,1,-1,-1,40.0,60.0,50.0,50.0
15,81,1024,1,1,1,0,1,0,0,0,1,0,1,0,1,0,1,0,1,0,1,0,432.6186,8.220000,0.055400,8.270000,523502.5101,16.0200,1.7817,10.690,0.0300,1,5263,102960,10.0,90.0,90.0,10.0
15,82,1024,0,0,0,0,1,1,1,1,0,1,1,1,1,1,1,1,1,1,0,0,429.4608,8.160000,0.055400,8.210000,523502.5101,6.0100,1.7617,10.570,0.1000,1,5263,102960,40.0,60.0,30.0,70.0
15,83,1024,1,1,1,0,0,1,1,1,1,1,1,1,1,1,1,1,1,1,1,1,1000000000.0000,7.790000,0.055400,7.840000,523502.5101,-100.0000,1.7733,10.640,0.0200,1,-1,-1,10.0,90.0,10.0,90.0
15,84,1024,0,0,1,0,1,0,1,1,0,0,1,1,0,0,1,0,0,0,1,0,407.3562,7.740000,0.055400,7.800000,523502.5101,26.5100,1.7617,10.570,0.1000,1,5263,102960,40.0,60.0,80.0,20.0
15,88,1024,0,0,0,0,1,0,1,0,0,0,0,0,1,1,0,0,1,1,1,0,394.1987,7.490000,0.055400,7.540000,523502.5101,26.6100,1.7767,10.660,0.0000,1,5263,102960,50.0,50.0,80.0,20.0
15,90,1024,1,0,1,1,1,1,1,1,1,0,1,1,1,0,1,1,0,1,1,0,423.6715,8.050000,0.055400,8.100000,523502.5101,16.9200,1.7150,10.290,0.2700,1,5263,102960,10.0,90.0,40.0,60.0
15,91,1024,0,0,0,0,0,0,0,0,0,0,1,1,0,0,0,0,1,1,1,0,402.6195,7.650000,0.055400,7.710000,523502.5101,26.5600,1.7233,10.340,0.2300,1,5263,102960,70.0,30.0,80.0,20.0
15,92,1024,1,0,1,0,1,1,1,1,1,0,1,0,1,1,1,1,0,1,0,0,414.1981,7.870000,0.055400,7.920000,523502.5101,16.7900,1.7717,10.630,0.0500,1,5263,102960,20.0,80.0,50.0,50.0
15,96,1024,0,0,0,0,1,0,1,1,1,1,0,0,1,1,1,1,0,0,1,0,1000000000.0000,7.670000,0.055400,7.720000,523502.5101,-100.0000,1.7800,10.680,-0.0100,0,-1,-1,40.0,60.0,60.0,40.0
15,98,1024,0,0,0,0,0,1,1,0,1,1,0,0,1,1,1,1,1,1,1,0,1000000000.0000,8.190000,0.055400,8.240000,523502.5101,-100.0000,1.7667,10.600,0.0500,1,-1,-1,40.0,60.0,50.0,50.0
16,0,1024,0,0,0,0,1,1,1,0,1,0,0,0,1,1,1,1,0,1,1,0,423.6715,8.050000,0.055400,8.100000,523502.5101,16.8700,1.7750,10.650,0.0300,1,5263,102960,40.0,60.0,60.0,40.0
16,1,1024,0,0,0,0,0,0,0,0,0,0,1,1,1,1,1,1,1,0,1,0,412.0929,7.830000,0.055400,7.890000,523502.5101,26.9500,1.7767,10.660,0.0100,1,5263,102960,50.0,50.0,70.0,30.0
16,3,1024,1,0,1,0,1,0,1,1,1,0,0,0,1,0,0,0,1,0,1,0,399.9880,7.600000,0.055400,7.650000,523502.5101,26.6800,1.7800,10.680,0.0000,1,5263,102960,20.0,80.0,90.0,10.0
16,4,1024,0,0,1,0,1,1,1,0,1,1,1,1,1,1,1,1,1,1,1,0,425.2504,8.080000,0.055400,8.140000,523502.5101,27.8000,1.7767,10.660,0.0100,1,5263,102960,10.0,90.0,40.0,60.0
16,5,1024,0,0,0,0,1,1,1,0,0,0,0,0,0,0,0,0,0,0,0,0,397.8828,7.560000,0.055400,7.620000,523502.5101,26.3400,1.7733,10.640,0.0100,1,5263,102960,80.0,20.0,90.0,10.0
16,7,1024,0,0,0,0,1,0,1,0,1,0,1,1,0,0,0,0,0,0,1,0,400.5143,7.610000,0.055400,7.670000,523502.5101,26.5400,1.7417,10.450,0.2200,1,5263,102960,50.0,50.0,90.0,10.0
16,8,1024,1,1,0,1,1,0,1,0,1,1,1,1,1,1,1,1,1,1,1,0,419.4611,7.970000,0.055400,8.030000,523502.5101,17.6100,1.7767,10.660,0.0000,1,5263,102960,10.0,90.0,30.0,70.0
16,9,1024,1,0,1,0,0,0,1,0,0,0,1,1,1,0,1,0,1,0,1,0,394.7250,7.500000,0.055400,7.560000,523502.5101,26.9100,1.7283,10.370,0.1900,1,5263,102960,20.0,80.0,90.0,10.0
16,12,1024,0,0,1,1,1,1,1,1,1,1,1,0,1,1,1,1,1,1,1,0,423.1452,8.040000,0.055400,8.090000,523502.5101,27.7000,1.7750,10.650,0.0200,1,5263,102960,10.0,90.0,30.0,70.0
16,13,1024,1,1,1,0,1,0,1,0,1,0,1,0,1,0,1,0,1,1,1,0,414.7244,7.880000,0.055400,7.930000,523502.5101,16.1600,1.7750,10.650,0.0000,1,5263,102960,0.0,100.0,80.0,20.0
16,14,1024,1,0,0,0,1,1,1,1,1,1,1,1,1,1,1,1,0,0,1,0,431.0397,8.190000,0.055400,8.240000,523502.5101,27.3700,1.7417,10.450,0.2200,1,5263,102960,20.0,80.0,40.0,60.0
16,15,1024,0,0,0,0,1,1,1,1,1,0,0,0,1,1,1,0,0,1,1,0,422.0926,8.020000,0.055400,8.080000,523502.5101,26.6400,1.7667,10.600,0.0500,1,5263,102960,40.0,60.0,60.0,40.0
16,16,1024,0,0,0,0,1,0,1,0,0,1,1,0,1,1,1,1,1,1,1,0,1000000000.0000,7.690000,0.055400,7.750000,523502.5101,-100.0000,1.7633,10.580,0.0900,1,-1,-1,30.0,70.0,60.0,40.0
16,19,1024,0,0,0,0,1,1,1,0,0,1,1,1,1,1,1,1,0,0,0,0,1000000000.0000,7.860000,0.055400,7.920000,523502.5101,-100.0000,1.7850,10.710,-0.0300,0,-1,-1,50.0,50.0,50.0,50.0
16,20,1024,1,1,0,0,1,0,1,0,1,1,0,0,1,0,1,0,0,0,1,0,1000000000.0000,8.070000,0.055400,8.130000,523502.5101,-100.0000,1.7750,10.650,0.0000,1,-1,-1,30.0,70.0,80.0,20.0
16,21,1024,0,0,0,0,0,0,0,0,0,0,1,1,0,0,1,1,0,0,1,0,395.7776,7.520000,0.055400,7.580000,523502.5101,26.5800,1.7767,10.660,0.0000,1,5263,102960,70.0,30.0,80.0,20.0
16,22,1024,0,0,1,0,1,1,1,1,1,1,1,0,1,0,1,0,0,1,0,0,425.7767,8.090000,0.055400,8.150000,523502.5101,26.8100,1.7817,10.690,0.0100,1,5263,102960,30.0,70.0,60.0,40.0
16,23,1024,1,0,0,0,1,1,0,0,1,1,1,1,1,0,1,1,1,1,1,0,439.4605,8.350000,0.055400,8.400000,523502.5101,27.0800,1.7800,10.680,0.0000,1,5263,102960,20.0,80.0,50.0,50.0
16,24,1024,1,0,1,1,0,0,1,0,1,1,1,1,1,1,1,1,1,0,1,0,422.6189,8.030000,0.055400,8.090000,523502.5101,27.5300,1.7867,10.720,-0.0700,0,5263,102960,10.0,90.0,50.0,50.0
16,25,1024,0,0,1,0,1,0,1,1,1,0,1,0,1,1,1,0,0,0,1,0,419.4611,7.970000,0.055400,8.030000,523502.5101,26.7100,1.7667,10.600,0.0700,1,5263,102960,20.0,80.0,80.0,20.0
16,27,1024,0,0,0,1,0,1,1,1,0,0,0,0,0,0,1,0,1,0,1,0,367.3574,6.980000,0.055400,7.030000,523502.5101,26.5400,1.7733,10.640,0.0100,1,5263,102960,60.0,40.0,70.0,30.0
16,31,1024,1,0,0,1,0,1,1,1,1,0,0,0,0,0,1,0,0,0,1,0,360.9892,6.859000,0.055400,6.910000,523502.5101,26.4700,1.7767,10.660,0.0100,1,5263,102960,50.0,50.0,70.0,30.0
16,33,1024,0,0,0,0,0,0,1,1,1,1,1,1,1,1,1,1,1,1,1,0,398.9354,7.580000,0.055400,7.630000,523502.5101,27.7500,1.7567,10.540,0.1300,1,5263,102960,30.0,70.0,40.0,60.0
16,38,1024,1,0,1,0,1,1,1,1,1,1,1,1,1,0,1,1,0,1,0,0,1000000000.0000,7.960000,0.055400,8.010000,523502.5101,-100.0000,1.7767,10.660,0.0100,1,-1,-1,20.0,80.0,40.0,60.0
16,39,1024,1,1,0,0,1,0,1,0,1,1,0,0,1,1,1,1,1,1,1,0,1000000000.0000,8.050000,0.055400,8.110000,523502.5101,-100.0000,1.7800,10.680,0.0000,1,-1,-1,20.0,80.0,50.0,50.0
16,40,1024,1,0,1,1,1,0,1,1,1,1,1,1,1,1,1,1,1,1,0,0,1000000000.0000,6.876000,0.055400,6.930000,523502.5101,-100.0000,1.7783,10.670,0.0200,1,-1,-1,10.0,90.0,30.0,70.0
16,44,1024,1,0,0,1,0,1,1,1,0,0,0,0,0,0,1,0,0,0,0,0,1000000000.0000,8.070000,0.055400,8.120000,523502.5101,-100.0000,1.7800,10.680,0.0200,1,-1,-1,70.0,30.0,70.0,30.0
16,45,1024,1,1,0,0,1,1,1,1,1,1,1,1,1,1,1,1,1,1,1,0,417.8822,7.940000,0.055400,7.990000,523502.5101,18.2400,1.7683,10.610,0.0600,1,5263,102960,10.0,90.0,20.0,80.0
16,46,1024,0,0,0,0,1,0,1,0,1,0,1,1,0,0,1,1,1,0,1,0,389.4620,7.400000,0.055400,7.450000,523502.5101,26.8200,1.7667,10.600,0.0500,1,5263,102960,30.0,70.0,80.0,20.0
16,48,1024,0,0,0,0,1,0,0,1,1,1,0,0,1,1,1,0,1,1,1,0,401.0406,7.620000,0.055400,7.670000,523502.5101,26.7800,1.7567,10.540,0.0900,1,5263,102960,40.0,60.0,60.0,40.0
16,49,1024,0,0,0,0,0,0,0,0,0,0,1,1,1,1,0,0,1,1,1,0,406.8299,7.730000,0.055400,7.790000,523502.5101,26.6200,1.7633,10.580,0.1200,1,5263,102960,60.0,40.0,70.0,30.0
16,51,1024,0,0,1,1,0,0,0,0,0,0,1,1,1,0,0,0,1,0,1,0,422.6189,8.030000,0.055400,8.090000,523502.5101,26.7000,1.7783,10.670,0.0100,1,5263,102960,50.0,50.0,80.0,20.0
16,52,1024,0,0,0,0,0,1,1,0,0,0,1,1,0,0,1,0,0,0,1,0,419.4611,7.970000,0.055400,8.030000,523502.5101,26.5300,1.7750,10.650,0.0300,1,5263,102960,60.0,40.0,80.0,20.0
16,53,1024,0,1,0,0,1,0,0,0,1,0,1,1,1,1,0,0,1,1,1,1,421.5663,8.010000,0.055400,8.060000,523502.5101,2.6200,1.7750,10.650,0.0100,1,5263,102960,40.0,60.0,50.0,50.0
16,54,1024,1,0,1,0,1,1,1,0,1,0,1,0,1,0,1,0,1,0,1,0,402.0932,7.640000,0.055400,7.690000,523502.5101,26.8300,1.7767,10.660,0.0100,1,5263,102960,0.0,100.0,90.0,10.0
16,56,1024,0,0,1,0,0,1,1,1,0,0,0,0,0,0,1,0,1,1,1,0,415.7770,7.900000,0.055400,7.960000,523502.5101,26.4900,1.7783,10.670,0.0000,1,5263,102960,50.0,50.0,70.0,30.0
16,57,1024,0,0,0,0,0,0,0,0,0,0,1,1,0,0,0,0,1,0,1,0,1000000000.0000,7.610000,0.055400,7.660000,523502.5101,-100.0000,1.7717,10.630,0.0500,1,-1,-1,70.0,30.0,90.0,10.0
16,59,1024,1,0,0,0,1,0,1,1,1,0,0,1,1,0,0,0,1,0,1,0,1000000000.0000,7.630000,0.055400,7.690000,523502.5101,-100.0000,1.7233,10.340,0.1300,1,-1,-1,30.0,70.0,80.0,20.0
16,62,1024,1,0,0,0,1,0,1,1,1,0,0,1,1,0,0,0,1,1,1,0,1000000000.0000,7.870000,0.055400,7.920000,523502.5101,-100.0000,1.7450,10.470,0.1600,1,-1,-1,30.0,70.0,70.0,30.0
16,63,1024,0,0,0,1,1,0,1,1,1,1,1,1,1,0,1,1,1,1,1,0,419.9874,7.980000,0.055400,8.040000,523502.5101,27.4000,1.7767,10.660,0.0100,1,5263,102960,20.0,80.0,40.0,60.0
16,64,1024,0,0,1,1,1,1,1,1,1,1,1,1,0,0,1,1,1,1,1,0,419.9874,7.980000,0.055400,8.040000,523502.5101,27.1800,1.7633,10.580,0.0700,1,5263,102960,20.0,80.0,30.0,70.0
16,65,1024,0,0,0,0,0,1,1,0,1,1,1,1,0,0,1,0,0,0,0,0,419.9874,7.980000,0.055400,8.040000,523502.5101,26.6900,1.7750,10.650,0.0100,1,5263,102960,60.0,40.0,70.0,30.0
16,67,1024,0,0,1,1,1,1,1,0,1,1,1,1,1,1,1,1,1,1,0,0,432.0923,8.210000,0.055400,8.260000,523502.5101,27.5100,1.7733,10.640,0.0300,1,5263,102960,20.0,80.0,30.0,70.0
16,72,1024,1,0,0,0,1,0,0,0,0,0,1,1,0,0,1,0,0,0,1,0,407.8825,7.750000,0.055400,7.810000,523502.5101,26.4900,1.7500,10.500,0.1600,1,5263,102960,50.0,50.0,90.0,10.0
16,74,1024,0,0,1,1,1,1,1,1,1,1,0,0,0,0,0,0,0,0,0,0,419.9874,7.980000,0.055400,8.030000,523502.5101,26.2800,1.7683,10.610,-0.0600,0,5263,102960,60.0,40.0,60.0,40.0
16,75,1024,1,0,0,0,1,0,0,0,0,0,1,1,1,0,1,0,1,1,1,0,419.4611,7.970000,0.055400,8.020000,523502.5101,26.7300,1.7750,10.650,0.0600,1,5263,102960,30.0,70.0,80.0,20.0
16,76,1024,0,0,0,0,1,0,1,0,0,0,0,0,1,0,0,0,0,0,0,0,365.7785,6.950000,0.055200,7.010000,523502.5101,26.4000,1.7767,10.660,-0.0100,0,5263,102960,70.0,30.0,100.0,0.0
16,79,1024,0,0,1,1,1,1,1,1,1,0,1,1,1,0,1,0,0,1,0,0,423.1452,8.040000,0.055400,8.090000,523502.5101,26.7400,1.7700,10.620,0.0500,1,5263,102960,30.0,70.0,50.0,50.0
16,82,1024,1,1,1,1,1,1,1,1,1,1,0,0,0,0,1,1,0,0,1,0,418.4085,7.950000,0.055400,8.010000,523502.5101,18.0100,1.7750,10.650,0.0000,1,5263,102960,30.0,70.0,40.0,60.0
16,83,1024,0,0,0,0,1,0,1,0,1,1,0,0,0,0,1,1,1,0,1,0,1000000000.0000,1000.000000,0.000000,1000.000000,523502.5101,-100.0000,1.7800,10.680,0.0200,1,-1,-1,40.0,60.0,80.0,20.0
16,84,1024,0,0,0,0,0,0,1,0,0,0,1,1,0,0,0,0,1,1,1,0,1000000000.0000,7.680000,0.055400,7.740000,523502.5101,-100.0000,1.7733,10.640,0.0000,1,-1,-1,60.0,40.0,80.0,20.0
16,85,1024,0,0,0,0,1,1,1,1,1,1,1,1,0,0,1,0,1,1,0,0,1000000000.0000,1000.000000,0.000000,1000.000000,523502.5101,-100.0000,1.7633,10.580,0.1000,1,-1,-1,40.0,60.0,50.0,50.0
16,88,1024,0,0,1,0,1,0,1,0,1,0,1,0,0,0,1,0,1,0,1,0,1000000000.0000,7.030000,0.055200,7.090000,523502.5101,-100.0000,1.7867,10.720,0.0300,1,-1,-1,20.0,80.0,100.0,0.0
16,89,1024,0,0,1,0,0,0,1,1,1,1,1,0,1,1,1,1,0,1,0,0,423.1452,8.040000,0.055400,8.100000,523502.5101,16.8700,1.7683,10.610,0.0300,1,5263,102960,40.0,60.0,50.0,50.0
16,93,1024,1,1,1,1,1,1,1,0,1,1,1,1,1,1,1,1,1,1,0,1,416.3033,7.910000,0.055400,7.960000,523502.5101,4.3100,1.7783,10.670,0.0000,1,5263,102960,10.0,90.0,10.0,90.0
16,94,1024,0,0,0,1,1,1,1,0,1,1,1,1,1,1,1,1,1,1,0,0,458.4073,8.710000,0.055400,8.770000,523502.5101,27.5100,1.7350,10.410,0.1600,1,5263,102960,30.0,70.0,30.0,70.0
16,95,1024,0,0,1,1,1,0,1,0,0,0,1,1,0,0,1,0,0,0,1,0,410.5140,7.800000,0.055400,7.860000,523502.5101,26.5900,1.7733,10.640,0.0200,1,5263,102960,40.0,60.0,80.0,20.0
16,96,1024,1,1,0,0,1,1,1,1,1,1,1,1,1,1,1,1,0,1,0,1,416.3033,7.910000,0.055400,7.970000,523502.5101,1.8600,1.7783,10.670,0.0000,1,5263,102960,30.0,70.0,10.0,90.0
16,97,1024,1,0,0,0,1,0,1,0,1,0,0,1,1,0,0,0,1,1,0,0,411.0403,7.810000,0.055400,7.870000,523502.5101,26.4700,1.7733,10.640,0.0100,1,5263,102960,40.0,60.0,80.0,20.0
16,98,1024,1,0,0,0,1,0,1,0,0,0,1,1,0,0,0,0,0,0,0,0,401.5669,7.630000,0.055400,7.680000,523502.5101,26.4600,1.7783,10.670,0.0100,1,5263,102960,60.0,40.0,90.0,10.0
16,99,1024,0,0,0,0,1,0,1,1,1,1,1,1,1,1,1,0,0,0,0,0,416.8296,7.920000,0.055400,7.980000,523502.5101,26.9800,1.7750,10.650,0.0200,1,5263,102960,40.0,60.0,60.0,40.0
17,1,1024,0,0,0,0,1,0,1,0,1,1,1,1,0,0,1,1,0,1,1,0,422.0926,8.020000,0.055400,8.070000,523502.5101,17.0100,1.7583,10.550,0.1000,1,5263,102960,40.0,60.0,60.0,40.0
17,2,1024,0,0,0,0,1,1,1,0,1,0,0,0,0,0,1,0,0,1,1,0,401.5669,7.630000,0.055400,7.690000,523502.5101,26.4900,1.7167,10.300,0.2600,1,5263,102960,50.0,50.0,80.0,20.0
17,3,1024,1,0,0,0,1,0,1,0,1,0,0,0,1,1,1,0,0,1,1,0,403.1458,7.660000,0.055400,7.720000,523502.5101,26.6700,1.7767,10.660,0.0000,1,5263,102960,30.0,70.0,80.0,20.0
17,4,1024,0,0,0,0,1,1,0,0,1,0,0,0,0,0,1,1,1,1,1,0,419.4611,7.970000,0.055400,8.030000,523502.5101,26.8000,1.7850,10.710,0.0100,1,5263,102960,50.0,50.0,70.0,30.0
17,5,1024,0,0,0,0,0,0,1,1,1,1,1,0,1,1,1,1,1,1,1,0,404.1984,7.680000,0.055400,7.740000,523502.5101,27.4000,1.7783,10.670,0.0000,1,5263,102960,30.0,70.0,50.0,50.0
17,8,1024,0,0,1,0,1,0,1,1,1,1,1,1,1,1,1,1,1,1,1,0,426.8293,8.110000,0.055400,8.160000,523502.5101,27.7500,1.7750,10.650,0.0200,1,5263,102960,10.0,90.0,40.0,60.0
17,9,1024,0,0,1,0,1,0,1,0,1,0,1,0,1,1,1,1,1,0,1,0,401.0406,7.620000,0.055400,7.680000,523502.5101,27.0500,1.7800,10.680,0.0100,1,5263,102960,10.0,90.0,80.0,20.0
17,10,1024,0,0,0,0,0,0,1,1,0,0,1,1,1,0,0,0,1,1,1,0,401.0406,7.620000,0.055400,7.680000,523502.5101,26.6100,1.7333,10.400,0.2400,1,5263,102960,50.0,50.0,70.0,30.0
17,14,1024,0,0,0,0,1,0,1,0,0,0,1,1,0,0,1,1,0,0,0,0,396.8302,7.540000,0.055400,7.590000,523502.5101,26.5600,1.7733,10.640,0.0000,1,5263,102960,60.0,40.0,80.0,20.0
17,17,1024,1,0,0,0,1,0,1,1,1,0,0,1,1,0,1,0,1,1,0,0,413.1455,7.850000,0.055400,7.910000,523502.5101,26.6200,1.7467,10.480,0.2000,1,5263,102960,30.0,70.0,70.0,30.0
17,18,1024,0,0,0,0,1,1,0,0,0,0,1,1,0,0,1,1,1,1,1,0,400.5143,7.610000,0.055400,7.670000,523502.5101,26.7500,1.7650,10.590,0.0400,1,5263,102960,50.0,50.0,60.0,40.0
17,19,1024,0,0,0,0,1,0,1,1,1,1,0,0,0,0,1,1,1,1,1,0,359.5682,6.832000,0.055400,6.890000,523502.5101,26.8500,1.7750,10.650,0.0100,1,5263,102960,40.0,60.0,60.0,40.0
17,21,1024,0,0,0,0,1,0,1,0,1,0,1,1,1,1,1,1,1,0,1,0,414.7244,7.880000,0.055400,7.940000,523502.5101,27.1400,1.7750,10.650,0.0300,1,5263,102960,20.0,80.0,70.0,30.0
17,22,1024,0,0,0,0,1,1,0,0,0,0,1,1,1,0,0,0,1,0,1,0,408.9351,7.770000,0.055400,7.830000,523502.5101,26.6500,1.7550,10.530,-0.0400,0,5263,102960,50.0,50.0,80.0,20.0
17,23,1024,0,0,0,1,0,0,1,0,1,1,1,1,1,1,1,1,1,1,0,0,419.9874,7.980000,0.055400,8.040000,523502.5101,27.5300,1.7750,10.650,0.0000,1,5263,102960,40.0,60.0,40.0,60.0
17,25,1024,1,1,1,1,1,1,1,1,1,0,1,1,1,1,1,1,1,1,1,1,397.8828,7.560000,0.055400,7.620000,523502.5101,11.7100,1.7700,10.620,0.0300,1,5263,102960,0.0,100.0,10.0,90.0
17,27,1024,0,0,1,0,0,0,1,0,1,0,1,1,1,0,1,0,1,0,1,0,389.9883,7.410000,0.055400,7.470000,523502.5101,26.9000,1.7750,10.650,0.0400,1,5263,102960,20.0,80.0,90.0,10.0
17,28,1024,0,0,0,0,1,0,1,0,1,1,1,1,0,0,0,0,0,0,1,0,413.6718,7.860000,0.055400,7.920000,523502.5101,26.8000,1.7717,10.630,0.0800,1,5263,102960,50.0,50.0,80.0,20.0
17,29,1024,0,0,1,0,1,0,0,0,1,0,1,1,1,0,1,0,1,0,1,0,391.0409,7.430000,0.055400,7.490000,523502.5101,26.8000,1.7733,10.640,0.0400,1,5263,102960,20.0,80.0,90.0,10.0
17,30,1024,1,0,1,0,0,0,1,1,1,1,1,1,1,0,0,0,1,0,1,0,411.5666,7.820000,0.055400,7.880000,523502.5101,27.0500,1.7717,10.630,0.0500,1,5263,102960,20.0,80.0,70.0,30.0
17,31,1024,0,0,0,0,1,0,1,1,0,0,0,0,0,0,0,0,0,0,0,0,412.6192,7.840000,0.055400,7.890000,523502.5101,26.2300,1.7783,10.670,0.0100,1,5263,102960,80.0,20.0,90.0,10.0
17,32,1024,1,1,1,1,1,1,1,1,1,1,1,1,0,0,1,1,1,1,0,1,1000000000.0000,1000.000000,0.000000,1000.000000,523502.5101,-100.0000,1.7700,10.620,0.0100,1,-1,-1,20.0,80.0,10.0,90.0
17,33,1024,0,0,0,0,1,1,1,0,0,0,1,1,0,0,0,0,1,1,1,0,1000000000.0000,1000.000000,0.000000,1000.000000,523502.5101,-100.0000,1.7733,10.640,0.0000,1,-1,-1,50.0,50.0,70.0,30.0
17,35,1024,1,1,1,1,0,1,0,0,1,1,1,1,1,1,1,1,1,1,0,1,1000000000.0000,7.720000,0.055400,7.770000,523502.5101,-100.0000,1.7667,10.600,0.0700,1,-1,-1,30.0,70.0,10.0,90.0
17,36,1024,1,0,1,1,0,0,1,1,1,0,1,1,1,0,1,1,0,1,1,0,1000000000.0000,8.440000,0.055400,8.490000,523502.5101,-100.0000,1.7467,10.480,0.1500,1,-1,-1,20.0,80.0,50.0,50.0
17,37,1024,1,0,1,0,1,0,1,1,1,0,1,1,1,0,1,1,0,1,0,0,1000000000.0000,8.060000,0.055400,8.120000,523502.5101,-100.0000,1.7667,10.600,0.0500,1,-1,-1,20.0,80.0,60.0,40.0
17,39,1024,0,0,0,1,1,1,1,1,1,1,1,1,0,0,0,0,1,1,0,0,431.0397,8.190000,0.055400,8.250000,523502.5101,26.6700,1.7650,10.590,0.0900,1,5263,102960,50.0,50.0,40.0,60.0
17,41,1024,0,0,0,0,1,0,1,0,1,1,1,1,0,0,0,0,1,1,1,0,405.2510,7.700000,0.055400,7.760000,523502.5101,26.8800,1.7817,10.690,-0.0400,0,5263,102960,40.0,60.0,70.0,30.0
17,42,1024,0,0,0,1,0,1,1,1,0,0,0,0,0,0,0,0,0,0,1,0,423.6715,8.050000,0.055400,8.110000,523502.5101,26.3200,1.7800,10.680,0.0000,1,5263,102960,80.0,20.0,70.0,30.0
17,43,1024,1,0,1,1,0,0,1,1,1,1,1,1,1,1,1,1,1,1,1,0,428.4082,8.140000,0.055400,8.200000,523502.5101,27.7500,1.7650,10.590,0.0600,1,5263,102960,10.0,90.0,30.0,70.0
17,45,1024,0,0,1,0,1,1,1,1,1,0,1,1,0,0,1,1,0,1,0,0,418.9348,7.960000,0.055400,8.020000,523502.5101,16.6100,1.7600,10.560,0.1000,1,5263,102960,40.0,60.0,50.0,50.0
17,46,1024,0,0,0,0,1,0,1,0,1,0,0,0,0,0,1,0,1,0,1,0,367.3574,6.980000,0.055200,7.030000,523502.5101,26.6900,1.7733,10.640,0.1000,1,5263,102960,40.0,60.0,100.0,0.0
17,48,1024,0,0,0,0,0,0,1,0,1,0,0,0,1,1,1,0,0,1,1,0,401.0406,7.620000,0.055400,7.680000,523502.5101,26.6700,1.7783,10.670,0.0000,1,5263,102960,50.0,50.0,80.0,20.0
17,49,1024,0,0,0,0,1,1,0,0,0,0,1,1,1,0,1,1,1,0,1,0,1000000000.0000,7.820000,0.055400,7.870000,523502.5101,-100.0000,1.7750,10.650,0.0100,1,-1,-1,40.0,60.0,70.0,30.0
17,50,1024,0,0,1,1,1,0,1,1,1,1,1,1,1,1,1,1,1,1,0,1,1000000000.0000,8.320000,0.055400,8.380000,523502.5101,-100.0000,1.7683,10.610,0.0300,1,-1,-1,20.0,80.0,20.0,80.0
17,51,1024,1,0,0,1,1,0,1,1,1,1,0,0,1,1,1,1,1,1,1,0,1000000000.0000,8.010000,0.055400,8.070000,523502.5101,-100.0000,1.7783,10.670,0.0200,1,-1,-1,20.0,80.0,40.0,60.0
17,54,1024,0,0,0,0,1,1,1,1,1,1,1,1,0,0,0,0,0,1,0,0,1000000000.0000,6.792000,0.055400,6.850000,523502.5101,-100.0000,1.7783,10.670,0.0000,1,-1,-1,60.0,40.0,50.0,50.0
17,55,1024,1,0,0,0,1,0,1,1,1,0,0,1,1,1,0,0,1,1,0,0,1000000000.0000,7.880000,0.055400,7.930000,523502.5101,-100.0000,1.7850,10.710,0.0100,1,-1,-1,40.0,60.0,60.0,40.0
17,57,1024,1,0,1,0,1,1,1,0,1,0,1,1,0,0,1,0,0,0,1,0,1000000000.0000,7.620000,0.055400,7.670000,523502.5101,-100.0000,1.7750,10.650,0.0000,1,-1,-1,20.0,80.0,80.0,20.0
17,58,1024,0,0,1,0,1,1,0,0,1,0,1,0,1,0,1,0,1,0,1,0,412.6192,7.840000,0.055400,7.890000,523502.5101,26.6800,1.7717,10.630,0.0500,1,5263,102960,20.0,80.0,90.0,10.0
17,59,1024,0,0,1,1,1,1,1,1,1,1,1,1,1,1,0,0,1,1,1,0,433.6712,8.240000,0.055400,8.300000,523502.5101,27.0800,1.7717,10.630,0.0600,1,5263,102960,20.0,80.0,30.0,70.0
17,60,1024,1,1,0,0,0,0,0,0,0,0,1,1,1,0,0,0,1,0,1,0,418.9348,7.960000,0.055400,8.020000,523502.5101,16.1400,1.7783,10.670,0.0200,1,5263,102960,50.0,50.0,80.0,20.0
17,61,1024,0,0,0,0,1,1,1,1,1,1,0,0,0,0,1,0,0,0,1,0,424.7241,8.070000,0.055400,8.130000,523502.5101,26.4400,1.7700,10.620,0.0500,1,5263,102960,50.0,50.0,70.0,30.0
17,63,1024,0,0,1,0,1,1,1,1,1,1,1,1,1,0,1,1,1,1,1,0,421.5663,8.010000,0.055400,8.060000,523502.5101,27.5100,1.7733,10.640,0.0100,1,5263,102960,10.0,90.0,40.0,60.0
17,66,1024,0,0,1,0,1,1,1,1,0,1,1,0,1,0,1,1,0,1,0,0,422.0926,8.020000,0.055400,8.070000,523502.5101,5.3600,1.7883,10.730,0.0100,1,5263,102960,40.0,60.0,50.0,50.0
17,67,1024,0,0,0,1,0,1,1,0,0,0,0,0,0,0,1,0,0,0,1,0,418.9348,7.960000,0.055400,8.010000,523502.5101,26.4900,1.7750,10.650,0.0500,1,5263,102960,70.0,30.0,80.0,20.0
17,68,1024,0,0,0,0,1,0,1,0,0,0,1,1,0,0,1,1,1,1,1,0,412.6192,7.840000,0.055400,7.890000,523502.5101,26.9100,1.7750,10.650,0.0100,1,5263,102960,40.0,60.0,70.0,30.0
17,69,1024,0,0,1,0,1,0,1,1,1,0,1,0,1,0,1,0,1,1,1,0,419.4611,7.970000,0.055400,8.030000,523502.5101,26.8700,1.7750,10.650,0.0300,1,5263,102960,10.0,90.0,80.0,20.0
17,76,1024,0,0,1,0,1,0,1,0,1,0,1,1,1,1,1,0,0,0,1,0,412.0929,7.830000,0.055400,7.880000,523502.5101,26.8200,1.7717,10.630,0.0600,1,5263,102960,20.0,80.0,80.0,20.0
17,77,1024,1,0,0,0,1,1,1,1,1,1,1,1,0,0,1,1,1,1,1,0,1000000000.0000,8.110000,0.055400,8.170000,523502.5101,-100.0000,1.7800,10.680,0.0100,1,-1,-1,20.0,80.0,40.0,60.0
17,78,1024,0,0,0,0,0,0,1,1,1,1,1,1,1,1,1,1,1,1,0,0,1000000000.0000,8.080000,0.055400,8.130000,523502.5101,-100.0000,1.7783,10.670,0.0100,1,-1,-1,40.0,60.0,40.0,60.0
17,80,1024,0,0,1,1,1,1,1,0,1,1,1,1,1,1,1,1,1,1,1,0,1000000000.0000,8.110000,0.055400,8.160000,523502.5101,-100.0000,1.7567,10.540,0.1400,1,-1,-1,10.0,90.0,30.0,70.0
17,86,1024,0,0,1,0,1,1,1,1,0,0,1,0,1,0,1,1,0,1,0,0,424.1978,8.060000,0.055400,8.120000,523502.5101,16.5700,1.7650,10.590,0.0900,1,5263,102960,40.0,60.0,60.0,40.0
17,88,1024,1,1,0,0,1,0,1,1,1,0,0,1,1,0,0,0,1,1,0,0,426.3030,8.100000,0.055400,8.160000,523502.5101,15.9500,1.7750,10.650,0.0100,1,5263,102960,40.0,60.0,60.0,40.0
17,89,1024,0,0,0,0,0,0,0,0,1,1,1,1,0,0,1,1,1,1,1,0,404.7247,7.690000,0.055400,7.740000,523502.5101,27.0500,1.7717,10.630,0.0300,1,5263,102960,50.0,50.0,60.0,40.0
17,90,1024,1,0,1,0,1,1,1,0,1,1,1,1,1,0,1,0,0,0,1,0,419.9874,7.980000,0.055400,8.030000,523502.5101,26.9100,1.7700,10.620,0.0200,1,5263,102960,10.0,90.0,70.0,30.0
17,91,1024,0,0,1,0,1,0,1,0,0,0,1,0,1,0,1,0,1,0,0,0,388.9357,7.390000,0.055200,7.440000,523502.5101,26.6900,1.7850,10.710,0.0300,1,5263,102960,30.0,70.0,100.0,0.0
17,92,1024,0,0,0,0,0,0,0,0,1,0,1,1,1,0,0,0,1,1,1,0,346.5159,6.584000,0.055400,6.630000,523502.5101,26.7300,1.7233,10.340,0.3200,1,5263,102960,50.0,50.0,80.0,20.0
17,93,1024,0,0,0,0,1,0,1,1,1,0,0,0,0,0,1,1,1,0,1,0,416.8296,7.920000,0.055400,7.980000,523502.5101,26.7100,1.7767,10.660,0.0000,1,5263,102960,40.0,60.0,80.0,20.0
17,94,1024,1,0,0,0,1,0,1,1,1,0,0,1,1,0,1,0,1,0,0,0,407.3562,7.740000,0.055400,7.790000,523502.5101,26.6700,1.7783,10.670,0.0000,1,5263,102960,30.0,70.0,80.0,20.0
17,99,1024,0,0,1,1,1,0,1,1,1,1,1,1,1,1,1,0,1,1,1,0,416.8296,7.920000,0.055400,7.970000,523502.5101,27.1800,1.7650,10.590,0.0700,1,5263,102960,10.0,90.0,40.0,60.0
18,0,1024,0,0,1,0,1,1,1,1,1,1,1,0,1,0,1,1,0,1,1,0,415.7770,7.900000,0.055400,7.950000,523502.5101,17.0000,1.7717,10.630,0.0300,1,5263,102960,20.0,80.0,50.0,50.0
18,1,1024,1,0,0,0,1,1,1,0,1,0,0,0,1,1,1,0,0,1,1,0,406.3036,7.720000,0.055400,7.770000,523502.5101,26.6500,1.7750,10.650,0.0100,1,5263,102960,30.0,70.0,70.0,30.0
18,3,1024,0,0,0,1,1,1,1,1,1,1,1,1,1,1,1,1,1,1,1,0,433.1449,8.230000,0.055400,8.280000,523502.5101,28.1300,1.7533,10.520,0.1500,1,5263,102960,20.0,80.0,20.0,80.0
18,4,1024,0,0,0,0,1,1,1,1,1,1,1,1,1,1,0,0,1,1,0,0,423.1452,8.040000,0.055400,8.090000,523502.5101,26.9200,1.7683,10.610,0.0700,1,5263,102960,40.0,60.0,40.0,60.0
18,5,1024,1,0,1,0,0,0,1,0,1,1,1,1,1,0,1,0,1,0,1,0,415.7770,7.900000,0.055400,7.960000,523502.5101,27.1400,1.7717,10.630,0.0200,1,5263,102960,10.0,90.0,80.0,20.0
18,6,1024,1,0,1,1,1,1,1,1,1,1,1,1,1,1,1,1,0,1,0,1,457.8810,8.700000,0.055400,8.760000,523502.5101,10.0000,1.7500,10.500,0.0700,1,5263,102960,20.0,80.0,10.0,90.0
18,7,1024,1,0,1,1,0,1,1,1,1,1,1,1,1,1,1,1,1,1,0,1,508.4058,9.660000,0.055400,9.720000,523502.5101,11.0100,1.7733,10.640,0.0100,1,5263,102960,20.0,80.0,10.0,90.0
18,8,1024,0,0,0,0,0,0,0,0,1,1,1,1,0,0,0,0,1,1,1,0,385.7779,7.330000,0.055400,7.390000,523502.5101,26.7500,1.7800,10.680,0.0000,1,5263,102960,60.0,40.0,70.0,30.0
18,9,1024,1,0,1,0,1,0,1,1,1,0,1,1,1,0,1,1,1,0,1,0,410.5140,7.800000,0.055400,7.860000,523502.5101,26.9200,1.7633,10.580,0.0700,1,5263,102960,0.0,100.0,70.0,30.0
18,11,1024,0,0,1,0,1,0,1,0,1,0,0,0,0,0,1,1,1,0,1,0,397.8828,7.560000,0.055400,7.620000,523502.5101,26.8100,1.7600,10.560,0.1200,1,5263,102960,30.0,70.0,90.0,10.0
18,12,1024,0,0,1,0,0,0,1,1,1,0,1,1,1,0,1,0,1,0,1,0,415.2507,7.890000,0.055400,7.940000,523502.5101,26.9100,1.7733,10.640,0.0100,1,5263,102960,20.0,80.0,80.0,20.0
18,13,1024,0,0,0,1,1,0,1,0,1,0,0,0,0,0,1,0,1,0,1,0,416.8296,7.920000,0.055400,7.980000,523502.5101,26.6900,1.7750,10.650,0.0500,1,5263,102960,40.0,60.0,90.0,10.0
18,17,1024,0,0,0,0,1,1,1,1,1,1,1,1,0,0,1,1,1,0,0,0,1000000000.0000,8.120000,0.055400,8.180000,523502.5101,-100.0000,1.7733,10.640,0.0100,1,-1,-1,40.0,60.0,50.0,50.0
18,19,1024,1,1,0,0,1,0,1,0,0,0,1,1,0,0,0,0,0,0,0,0,1000000000.0000,8.160000,0.055400,8.210000,523502.5101,-100.0000,1.7767,10.660,0.0000,1,-1,-1,60.0,40.0,80.0,20.0
18,20,1024,0,0,0,0,1,0,0,1,0,0,0,0,1,0,1,0,1,1,1,0,1000000000.0000,7.970000,0.055400,8.020000,523502.5101,-100.0000,1.7683,10.610,0.0500,1,-1,-1,50.0,50.0,80.0,20.0
18,22,1024,0,0,1,1,1,0,1,0,0,0,0,0,0,0,0,0,0,0,0,0,403.6721,7.670000,0.055400,7.720000,523502.5101,26.3500,1.7767,10.660,0.0100,1,5263,102960,70.0,30.0,90.0,10.0
18,23,1024,1,0,1,0,1,0,1,0,1,0,0,0,1,0,0,0,1,0,0,0,382.6201,7.270000,0.055200,7.330000,523502.5101,26.5700,1.7867,10.720,0.0300,1,5263,102960,30.0,70.0,100.0,0.0
18,28,1024,1,1,0,0,1,0,0,0,0,0,1,1,0,0,1,0,1,1,1,0,424.7241,8.070000,0.055400,8.130000,523502.5101,16.0000,1.7767,10.660,0.0100,1,5263,102960,40.0,60.0,70.0,30.0
18,31,1024,1,0,1,1,1,1,1,1,0,0,1,1,1,1,1,1,1,1,1,0,431.5660,8.200000,0.055400,8.250000,523502.5101,27.2200,1.7700,10.620,0.0500,1,5263,102960,10.0,90.0,30.0,70.0
18,38,1024,0,0,0,0,1,0,1,0,1,1,1,1,0,0,1,0,0,0,1,0,408.9351,7.770000,0.055400,7.820000,523502.5101,26.8400,1.7783,10.670,0.0000,1,5263,102960,40.0,60.0,80.0,20.0
18,39,1024,0,0,1,0,1,0,1,0,1,0,1,0,1,0,1,0,1,0,0,0,390.5146,7.420000,0.055300,7.470000,523502.5101,26.7000,1.7817,10.690,0.0100,1,5263,102960,20.0,80.0,100.0,0.0
18,40,1024,0,0,0,0,1,0,1,0,1,0,1,1,0,0,0,0,1,1,1,0,417.8822,7.940000,0.055400,8.000000,523502.5101,26.6200,1.7250,10.350,0.2200,1,5263,102960,40.0,60.0,80.0,20.0
18,41,1024,0,0,0,0,0,0,1,0,1,1,1,1,0,0,1,1,1,1,1,0,419.4611,7.970000,0.055400,8.020000,523502.5101,27.1700,1.7700,10.620,0.0400,1,5263,102960,40.0,60.0,60.0,40.0
18,43,1024,1,0,0,1,0,1,1,1,1,1,0,0,0,0,1,0,0,0,1,0,1000000000.0000,8.290000,0.055400,8.350000,523502.5101,-100.0000,1.7783,10.670,0.0000,1,-1,-1,50.0,50.0,60.0,40.0
18,44,1024,0,0,0,1,1,1,1,0,1,1,1,1,0,0,1,1,1,1,0,0,1000000000.0000,8.190000,0.055400,8.240000,523502.5101,-100.0000,1.7233,10.340,0.2300,1,-1,-1,40.0,60.0,40.0,60.0
18,46,1024,0,0,1,0,1,0,1,0,1,1,1,1,1,1,1,1,1,1,1,0,1000000000.0000,8.070000,0.055400,8.130000,523502.5101,-100.0000,1.7600,10.560,0.0800,1,-1,-1,10.0,90.0,50.0,50.0
18,48,1024,0,0,1,0,1,1,0,0,1,1,1,1,1,1,1,1,1,1,1,0,1000000000.0000,8.010000,0.055400,8.070000,523502.5101,-100.0000,1.7750,10.650,0.0100,1,-1,-1,20.0,80.0,40.0,60.0
18,51,1024,1,0,0,0,1,0,1,1,1,0,0,1,1,0,1,1,1,1,0,0,1000000000.0000,7.890000,0.055400,7.940000,523502.5101,-100.0000,1.7533,10.520,0.1700,1,-1,-1,30.0,70.0,60.0,40.0
18,52,1024,0,0,0,1,0,0,1,0,1,0,1,1,1,0,1,0,1,0,1,0,417.8822,7.940000,0.055400,8.000000,523502.5101,26.9000,1.7717,10.630,0.0200,1,5263,102960,30.0,70.0,80.0,20.0
18,53,1024,1,0,0,1,0,1,1,1,0,0,0,0,1,0,0,0,0,0,1,0,436.3027,8.290000,0.055400,8.350000,523502.5101,26.3900,1.7700,10.620,0.0500,1,5263,102960,60.0,40.0,70.0,30.0
18,54,1024,0,0,0,0,1,1,0,1,1,1,0,0,1,1,1,0,1,1,1,0,430.5134,8.180000,0.055400,8.240000,523502.5101,6.4800,1.7783,10.670,0.0100,1,5263,102960,40.0,60.0,50.0,50.0
18,56,1024,1,0,0,0,0,1,1,1,1,0,0,1,1,0,0,0,1,1,0,0,439.4605,8.350000,0.055400,8.410000,523502.5101,26.5200,1.7733,10.640,0.0400,1,5263,102960,50.0,50.0,60.0,40.0
18,58,1024,1,0,0,1,1,1,1,1,1,0,1,1,1,0,1,1,0,1,0,0,433.6712,8.240000,0.055400,8.290000,523502.5101,16.8000,1.7633,10.580,0.0800,1,5263,102960,30.0,70.0,40.0,60.0
18,59,1024,0,0,0,0,1,1,1,0,1,0,0,0,1,1,0,0,0,1,1,0,405.7773,7.710000,0.055400,7.770000,523502.5101,26.6000,1.7767,10.660,0.0000,1,5263,102960,50.0,50.0,70.0,30.0
18,61,1024,1,0,1,1,1,0,1,1,1,1,1,1,1,1,1,1,1,1,1,1,426.3030,8.100000,0.055400,8.160000,523502.5101,22.0600,1.7750,10.650,0.0200,1,5263,102960,0.0,100.0,20.0,80.0
18,63,1024,0,0,1,0,1,1,1,0,1,1,1,1,1,1,1,1,1,1,0,0,418.4085,7.950000,0.055400,8.000000,523502.5101,27.5100,1.7800,10.680,0.0100,1,5263,102960,20.0,80.0,40.0,60.0
18,64,1024,0,0,0,0,0,0,1,1,0,0,1,1,1,0,1,0,1,1,1,0,406.3036,7.720000,0.055400,7.770000,523502.5101,26.6700,1.7400,10.440,0.2300,1,5263,102960,40.0,60.0,70.0,30.0
18,69,1024,0,0,0,0,1,1,1,0,1,0,0,0,0,0,1,0,0,1,0,0,1000000000.0000,7.860000,0.055400,7.910000,523502.5101,-100.0000,1.7717,10.630,0.0300,1,-1,-1,60.0,40.0,80.0,20.0
18,70,1024,0,0,0,0,1,0,1,0,1,1,0,0,1,1,1,1,0,1,1,0,1000000000.0000,8.270000,0.055400,8.320000,523502.5101,-100.0000,1.7717,10.630,0.0400,1,-1,-1,40.0,60.0,60.0,40.0
18,71,1024,0,0,0,0,0,0,1,1,1,0,1,1,1,0,0,0,1,1,1,0,1000000000.0000,7.590000,0.055400,7.650000,523502.5101,-100.0000,1.7333,10.400,0.2800,1,-1,-1,40.0,60.0,70.0,30.0
18,73,1024,1,1,0,0,1,0,0,0,1,0,1,1,1,1,0,0,1,1,1,0,1000000000.0000,7.970000,0.055400,8.030000,523502.5101,-100.0000,1.7133,10.280,0.2900,1,-1,-1,30.0,70.0,60.0,40.0
18,75,1024,0,0,1,0,1,1,1,1,1,0,1,1,1,0,1,1,0,1,1,0,419.9874,7.980000,0.055400,8.030000,523502.5101,16.9200,1.7267,10.360,0.2900,1,5263,102960,20.0,80.0,50.0,50.0
18,77,1024,1,1,0,0,1,1,0,0,1,1,0,0,0,0,1,0,0,0,1,0,418.9348,7.960000,0.055400,8.010000,523502.5101,15.5700,1.7700,10.620,0.0000,1,5263,102960,50.0,50.0,70.0,30.0
18,78,1024,1,1,1,0,1,0,1,0,1,0,1,0,1,1,1,1,1,0,1,0,418.9348,7.960000,0.055400,8.010000,523502.5101,16.4200,1.7867,10.720,0.0000,1,5263,102960,0.0,100.0,70.0,30.0
18,79,1024,0,1,1,1,0,1,1,1,1,1,1,1,1,1,1,1,1,1,0,1,355.3578,6.752000,0.055400,6.810000,523502.5101,10.5800,1.7083,10.250,0.3200,1,5263,102960,30.0,70.0,0.0,100.0
18,80,1024,1,1,1,0,1,0,1,0,1,0,1,1,1,0,1,0,1,0,1,0,421.5663,8.010000,0.055400,8.070000,523502.5101,16.2600,1.7617,10.570,0.1100,1,5263,102960,0.0,100.0,80.0,20.0
18,81,1024,0,0,0,0,1,0,1,0,1,1,0,0,0,0,0,0,0,0,1,1,400.5143,7.610000,0.055400,7.660000,523502.5101,10.0000,1.7783,10.670,0.0100,1,5263,102960,60.0,40.0,80.0,20.0
18,83,1024,1,0,0,0,0,0,1,0,0,0,1,1,1,0,1,0,1,0,1,0,404.7247,7.690000,0.055400,7.740000,523502.5101,26.9100,1.7767,10.660,0.0100,1,5263,102960,30.0,70.0,90.0,10.0
18,85,1024,0,0,0,0,0,0,1,0,0,0,1,1,1,1,1,1,1,1,1,0,1000000000.0000,8.090000,0.055400,8.140000,523502.5101,-100.0000,1.7733,10.640,0.0200,1,-1,-1,40.0,60.0,60.0,40.0
18,86,1024,0,0,1,0,1,0,1,0,1,1,0,0,1,1,1,1,1,1,1,0,1000000000.0000,7.890000,0.055400,7.940000,523502.5101,-100.0000,1.7733,10.640,0.0000,1,-1,-1,20.0,80.0,60.0,40.0
18,89,1024,0,0,0,0,0,0,1,0,1,0,1,1,1,0,1,0,1,0,1,0,1000000000.0000,7.710000,0.055400,7.770000,523502.5101,-100.0000,1.7783,10.670,0.0300,1,-1,-1,30.0,70.0,90.0,10.0
18,90,1024,0,0,0,0,1,0,1,0,0,0,1,1,0,0,0,0,1,1,0,0,1000000000.0000,7.440000,0.055400,7.500000,523502.5101,-100.0000,1.7750,10.650,0.0200,1,-1,-1,60.0,40.0,80.0,20.0
18,91,1024,0,0,1,0,0,0,1,1,0,0,1,1,1,0,0,0,1,1,1,0,1000000000.0000,7.610000,0.055400,7.670000,523502.5101,-100.0000,1.7800,10.680,0.0100,1,-1,-1,40.0,60.0,70.0,30.0
18,97,1024,1,0,0,0,1,1,1,1,1,0,0,1,1,0,0,0,1,1,0,0,1000000000.0000,7.730000,0.055400,7.780000,523502.5101,-100.0000,1.7800,10.680,0.0200,1,-1,-1,40.0,60.0,60.0,40.0
18,98,1024,0,0,1,0,1,0,1,0,1,0,1,0,1,1,1,1,1,0,0,1,1000000000.0000,6.832000,0.055400,6.890000,523502.5101,-100.0000,1.7817,10.690,0.0200,1,-1,-1,20.0,80.0,70.0,30.0
19,3,1024,0,0,0,0,1,0,0,0,1,0,1,1,1,0,1,0,1,0,1,0,402.6195,7.650000,0.055400,7.710000,523502.5101,26.8000,1.7733,10.640,0.0200,1,5263,102960,30.0,70.0,90.0,10.0
19,4,1024,0,0,0,0,1,0,1,0,1,1,0,0,1,1,1,1,1,0,1,0,418.9348,7.960000,0.055400,8.020000,523502.5101,27.1400,1.7600,10.560,0.1000,1,5263,102960,30.0,70.0,70.0,30.0
19,8,1024,1,1,0,0,0,0,1,1,0,0,1,1,1,0,0,0,1,1,1,0,441.5657,8.390000,0.055400,8.440000,523502.5101,16.0400,1.7767,10.660,0.0100,1,5263,102960,40.0,60.0,60.0,40.0
19,9,1024,0,0,1,0,1,0,0,0,1,0,1,0,1,1,1,0,1,0,1,0,354.4104,6.734000,0.055400,6.790000,523502.5101,26.7500,1.7833,10.700,0.0100,1,5263,102960,20.0,80.0,90.0,10.0
19,10,1024,1,0,0,0,1,0,1,1,1,0,1,1,1,0,0,0,1,1,0,0,400.5143,7.610000,0.055400,7.660000,523502.5101,26.7200,1.7667,10.600,0.1000,1,5263,102960,30.0,70.0,70.0,30.0
19,12,1024,1,1,1,1,1,0,1,0,1,1,0,0,1,1,1,1,1,1,1,0,383.1464,7.280000,0.055400,7.330000,523502.5101,17.3300,1.7700,10.620,0.0500,1,5263,102960,10.0,90.0,40.0,60.0
19,14,1024,1,0,0,0,1,1,1,1,1,1,1,1,1,1,1,1,1,1,1,1,424.7241,8.070000,0.055400,8.120000,523502.5101,22.8500,1.7683,10.610,0.0800,1,5263,102960,10.0,90.0,20.0,80.0
19,15,1024,1,0,1,0,0,0,1,0,1,0,1,1,1,1,1,0,1,0,1,0,408.9351,7.770000,0.055400,7.830000,523502.5101,26.9200,1.7783,10.670,0.0100,1,5263,102960,10.0,90.0,80.0,20.0
19,17,1024,0,0,0,0,1,0,1,0,1,0,0,0,0,0,0,0,0,0,0,0,368.9363,7.010000,0.055200,7.060000,523502.5101,26.4100,1.7683,10.610,0.1400,1,5263,102960,70.0,30.0,100.0,0.0
19,19,1024,0,0,1,0,1,0,0,0,1,0,1,1,1,0,1,1,1,0,1,0,382.0938,7.260000,0.055400,7.310000,523502.5101,26.8500,1.7500,10.500,0.1400,1,5263,102960,20.0,80.0,80.0,20.0
19,20,1024,0,0,1,0,1,0,1,0,1,0,0,0,0,0,1,0,1,0,1,0,375.2519,7.130000,0.055200,7.180000,523502.5101,26.6900,1.7867,10.720,0.0300,1,5263,102960,30.0,70.0,100.0,0.0
19,21,1024,0,0,1,0,1,1,1,0,1,1,1,1,0,0,1,0,1,1,0,0,466.8281,8.870000,0.055400,8.930000,523502.5101,26.7500,1.7617,10.570,0.1000,1,5263,102960,30.0,70.0,60.0,40.0
19,23,1024,0,0,0,1,1,0,1,0,1,0,0,0,0,0,0,0,1,0,1,0,1000000000.0000,6.990000,0.055400,7.050000,523502.5101,-100.0000,1.7783,10.670,0.0200,1,-1,-1,50.0,50.0,90.0,10.0
19,25,1024,0,0,1,0,1,0,1,0,1,0,1,1,0,0,0,0,1,1,1,0,1000000000.0000,7.720000,0.055400,7.780000,523502.5101,-100.0000,1.7650,10.590,0.0600,1,-1,-1,30.0,70.0,80.0,20.0
19,31,1024,1,1,1,1,0,1,1,1,1,1,1,1,1,0,1,1,1,1,0,1,407.8825,7.750000,0.055400,7.810000,523502.5101,2.9100,1.7717,10.630,0.0500,1,5263,102960,20.0,80.0,10.0,90.0
19,32,1024,0,0,1,0,1,1,1,1,1,1,0,1,1,1,1,1,1,1,1,0,450.5128,8.560000,0.055400,8.620000,523502.5101,6.8300,1.7750,10.650,0.0300,1,5263,102960,20.0,80.0,30.0,70.0
19,34,1024,0,1,0,0,0,1,1,1,1,1,1,1,1,1,1,1,1,1,0,1,407.3562,7.740000,0.055400,7.790000,523502.5101,2.7100,1.7733,10.640,0.0300,1,5263,102960,40.0,60.0,10.0,90.0
19,35,1024,0,0,0,0,1,0,1,0,1,0,0,0,0,0,0,0,1,0,0,0,375.2519,7.130000,0.055200,7.180000,523502.5101,26.5100,1.7883,10.730,0.0100,1,5263,102960,60.0,40.0,100.0,0.0
19,36,1024,0,0,0,1,1,0,1,0,1,1,1,1,1,0,1,1,1,1,1,0,429.4608,8.160000,0.055400,8.210000,523502.5101,27.3500,1.7767,10.660,0.0000,1,5263,102960,20.0,80.0,50.0,50.0
19,39,1024,0,0,1,0,1,0,1,1,1,1,1,1,1,0,1,0,1,1,1,0,414.1981,7.870000,0.055400,7.930000,523502.5101,27.2200,1.7750,10.650,0.0100,1,5263,102960,10.0,90.0,60.0,40.0
19,40,1024,0,0,0,0,1,0,1,0,0,0,0,0,0,0,1,0,1,0,1,0,364.7259,6.930000,0.055200,6.990000,523502.5101,26.6600,1.7850,10.710,0.0100,1,5263,102960,50.0,50.0,100.0,0.0
19,41,1024,0,0,1,1,1,1,1,1,1,1,1,1,0,0,0,0,1,1,0,0,424.7241,8.070000,0.055400,8.130000,523502.5101,26.6700,1.7700,10.620,0.0300,1,5263,102960,40.0,60.0,40.0,60.0
19,42,1024,1,1,1,1,0,1,1,1,1,1,1,1,1,1,1,0,1,1,0,1,1000000000.0000,7.420000,0.055400,7.480000,523502.5101,-100.0000,1.7700,10.620,0.0400,1,-1,-1,20.0,80.0,10.0,90.0
19,44,1024,1,1,1,1,1,1,1,1,1,1,1,0,1,1,1,0,1,1,0,0,1000000000.0000,8.830000,0.055400,8.890000,523502.5101,-100.0000,1.7667,10.600,0.0500,1,-1,-1,10.0,90.0,30.0,70.0
19,45,1024,0,0,0,0,1,1,1,0,1,0,1,1,0,0,1,0,0,1,1,0,1000000000.0000,8.030000,0.055400,8.090000,523502.5101,-100.0000,1.7750,10.650,0.0100,1,-1,-1,40.0,60.0,70.0,30.0
19,47,1024,0,0,0,0,1,0,1,0,1,1,0,0,0,0,0,0,0,0,0,0,1000000000.0000,6.793000,0.055400,6.850000,523502.5101,-100.0000,1.7650,10.590,0.0700,1,-1,-1,70.0,30.0,90.0,10.0
19,50,1024,1,1,1,0,1,0,1,0,1,1,1,0,1,0,1,0,1,0,1,0,1000000000.0000,8.030000,0.055400,8.080000,523502.5101,-100.0000,1.7767,10.660,0.0100,1,-1,-1,0.0,100.0,80.0,20.0
19,51,1024,0,0,0,0,1,0,1,1,0,0,1,1,0,0,0,0,1,1,1,0,1000000000.0000,7.830000,0.055400,7.890000,523502.5101,-100.0000,1.7267,10.360,0.2200,1,-1,-1,50.0,50.0,70.0,30.0
19,56,1024,1,0,1,1,1,1,1,1,1,1,0,0,1,1,1,1,0,0,1,0,1000000000.0000,8.120000,0.055400,8.180000,523502.5101,-100.0000,1.7683,10.610,0.0600,1,-1,-1,20.0,80.0,40.0,60.0
19,58,1024,0,0,0,0,1,0,1,0,1,0,1,1,0,0,1,1,0,0,1,0,1000000000.0000,7.370000,0.055400,7.430000,523502.5101,-100.0000,1.7750,10.650,0.0200,1,-1,-1,40.0,60.0,80.0,20.0
19,59,1024,1,1,1,1,1,1,1,1,1,1,1,1,1,0,1,1,0,1,0,1,1000000000.0000,7.380000,0.055400,7.430000,523502.5101,-100.0000,1.7633,10.580,0.0900,1,-1,-1,20.0,80.0,10.0,90.0
19,61,1024,0,1,1,1,0,1,1,1,1,1,0,0,1,1,1,1,1,1,0,1,402.6195,7.650000,0.055400,7.700000,523502.5101,3.2200,1.7767,10.660,0.0100,1,5263,102960,40.0,60.0,10.0,90.0
19,63,1024,0,0,0,1,1,0,1,0,1,0,1,0,1,1,1,1,1,0,1,0,426.8293,8.110000,0.055400,8.170000,523502.5101,27.0500,1.7733,10.640,0.0400,1,5263,102960,20.0,80.0,70.0,30.0
19,65,1024,0,0,1,1,1,0,0,0,1,0,1,0,1,0,1,0,1,0,1,0,417.8822,7.940000,0.055400,8.000000,523502.5101,26.7300,1.7700,10.620,0.0200,1,5263,102960,20.0,80.0,90.0,10.0
19,66,1024,0,0,0,1,1,0,1,0,1,1,1,1,1,1,1,1,1,1,0,0,418.9348,7.960000,0.055400,8.010000,523502.5101,27.5300,1.7750,10.650,0.0100,1,5263,102960,30.0,70.0,40.0,60.0
19,69,1024,0,0,1,1,0,0,0,0,1,1,1,1,0,0,1,1,1,1,1,0,419.4611,7.970000,0.055400,8.030000,523502.5101,27.0500,1.7433,10.460,0.1700,1,5263,102960,40.0,60.0,50.0,50.0
19,70,1024,1,1,0,0,0,0,0,0,1,0,1,1,1,0,0,0,1,1,1,0,419.9874,7.980000,0.055400,8.040000,523502.5101,16.1700,1.7550,10.530,0.0900,1,5263,102960,40.0,60.0,70.0,30.0
19,72,1024,1,0,1,0,0,0,1,0,1,0,0,0,1,0,1,0,1,0,1,0,361.1997,6.863000,0.055200,6.920000,523502.5101,26.8200,1.7867,10.720,0.0000,1,5263,102960,20.0,80.0,100.0,0.0
19,73,1024,0,0,0,0,1,0,1,0,1,1,1,1,1,1,1,0,1,0,1,0,1000000000.0000,7.430000,0.055400,7.490000,523502.5101,-100.0000,1.7583,10.550,0.1400,1,-1,-1,20.0,80.0,70.0,30.0
19,74,1024,0,0,0,0,1,0,1,0,0,0,1,1,0,0,0,0,1,0,0,0,1000000000.0000,7.390000,0.055400,7.450000,523502.5101,-100.0000,1.7583,10.550,0.1000,1,-1,-1,60.0,40.0,90.0,10.0
19,75,1024,1,0,0,0,1,1,1,1,1,0,1,1,1,1,1,1,1,1,1,0,1000000000.0000,8.380000,0.055400,8.440000,523502.5101,-100.0000,1.7767,10.660,0.0100,1,-1,-1,10.0,90.0,40.0,60.0
19,79,1024,1,0,1,1,0,0,1,0,1,1,1,1,1,1,1,1,1,1,1,0,1000000000.0000,7.790000,0.055400,7.850000,523502.5101,-100.0000,1.7550,10.530,0.1200,1,-1,-1,10.0,90.0,40.0,60.0
19,80,1024,0,0,1,0,1,0,1,0,1,0,0,0,0,0,1,1,1,1,1,0,1000000000.0000,7.680000,0.055400,7.740000,523502.5101,-100.0000,1.7733,10.640,0.0200,1,-1,-1,30.0,70.0,80.0,20.0
19,81,1024,0,1,1,1,1,0,0,0,1,0,1,1,1,1,0,0,1,1,1,0,366.8311,6.970000,0.055400,7.030000,523502.5101,11.9400,1.7767,10.660,0.0200,1,5263,102960,30.0,70.0,50.0,50.0
19,83,1024,0,0,0,0,0,0,1,1,0,0,1,1,1,0,0,0,1,1,0,0,409.9877,7.790000,0.055400,7.850000,523502.5101,26.4900,1.7483,10.490,0.1800,1,5263,102960,60.0,40.0,70.0,30.0
19,86,1024,0,0,0,0,0,0,1,1,1,1,1,1,1,1,1,1,1,0,1,0,413.1455,7.850000,0.055400,7.910000,523502.5101,27.5100,1.7767,10.660,0.0100,1,5263,102960,30.0,70.0,50.0,50.0
19,90,1024,1,0,1,1,0,1,1,1,1,1,1,1,1,1,1,1,1,1,1,1,417.8822,7.940000,0.055400,7.990000,523502.5101,22.8800,1.7750,10.650,0.0000,1,5263,102960,10.0,90.0,10.0,90.0
19,91,1024,0,1,1,1,0,1,1,1,1,1,1,1,1,0,1,1,1,1,0,1,415.7770,7.900000,0.055400,7.950000,523502.5101,2.5100,1.7750,10.650,0.0200,1,5263,102960,30.0,70.0,10.0,90.0
19,92,1024,0,1,1,1,0,1,1,1,1,0,1,1,1,1,1,1,1,1,0,1,394.7250,7.500000,0.055400,7.560000,523502.5101,3.5200,1.7733,10.640,0.0100,1,5263,102960,30.0,70.0,10.0,90.0
19,94,1024,0,0,0,0,1,0,1,0,1,1,0,0,0,0,1,0,1,0,1,0,404.1984,7.680000,0.055400,7.740000,523502.5101,26.7600,1.7533,10.520,0.1400,1,5263,102960,40.0,60.0,90.0,10.0
19,95,1024,0,0,0,0,1,1,1,0,1,1,0,0,0,0,1,0,0,1,1,0,416.8296,7.920000,0.055400,7.980000,523502.5101,26.4700,1.7767,10.660,0.0100,1,5263,102960,50.0,50.0,70.0,30.0
19,96,1024,0,1,0,1,1,1,1,0,1,1,1,1,1,1,1,1,1,1,0,0,410.5140,7.800000,0.055400,7.860000,523502.5101,12.9900,1.7617,10.570,0.1000,1,5263,102960,30.0,70.0,20.0,80.0
19,97,1024,0,0,0,1,1,0,1,1,1,0,1,1,1,1,1,1,1,1,1,0,416.3033,7.910000,0.055400,7.970000,523502.5101,27.3000,1.7783,10.670,0.0100,1,5263,102960,20.0,80.0,40.0,60.0
20,0,1024,0,0,0,1,1,1,1,1,1,1,1,1,1,1,1,1,1,1,0,0,437.3553,8.310000,0.055400,8.370000,523502.5101,27.7300,1.7667,10.600,0.0900,1,5263,102960,30.0,70.0,20.0,80.0
20,1,1024,0,0,1,0,1,0,0,0,1,0,1,1,1,1,1,1,1,0,1,0,410.5140,7.800000,0.055400,7.860000,523502.5101,27.0400,1.7733,10.640,0.0400,1,5263,102960,20.0,80.0,70.0,30.0
20,3,1024,1,0,1,0,1,1,1,1,1,1,1,1,1,1,1,0,1,1,1,0,429.4608,8.160000,0.055400,8.220000,523502.5101,27.4400,1.7767,10.660,0.0000,1,5263,102960,0.0,100.0,40.0,60.0
20,5,1024,0,0,0,0,0,1,1,1,1,0,1,1,0,0,0,0,1,1,1,0,425.2504,8.080000,0.055400,8.140000,523502.5101,26.6700,1.7783,10.670,0.0100,1,5263,102960,50.0,50.0,60.0,40.0
20,6,1024,0,0,1,0,1,0,1,1,1,0,1,0,1,1,1,1,1,0,1,0,412.0929,7.830000,0.055400,7.880000,523502.5101,26.9900,1.7800,10.680,0.0100,1,5263,102960,10.0,90.0,70.0,30.0
20,8,1024,1,0,1,0,0,0,1,0,1,0,1,1,1,0,1,0,1,1,1,0,409.9877,7.790000,0.055400,7.850000,523502.5101,26.8800,1.7700,10.620,0.0700,1,5263,102960,10.0,90.0,80.0,20.0
20,9,1024,1,1,1,1,0,1,1,1,1,1,0,0,1,1,1,1,1,1,0,1,396.8302,7.540000,0.055400,7.590000,523502.5101,3.8400,1.7700,10.620,0.0400,1,5263,102960,30.0,70.0,10.0,90.0
20,10,1024,1,0,0,0,1,0,1,1,1,1,1,1,1,1,1,1,0,0,1,0,419.4611,7.970000,0.055400,8.030000,523502.5101,27.2200,1.7750,10.650,0.0100,1,5263,102960,20.0,80.0,50.0,50.0
20,13,1024,0,0,0,0,1,0,0,1,1,1,0,0,1,1,1,0,1,1,1,1,406.8299,7.730000,0.055400,7.780000,523502.5101,10.2900,1.7750,10.650,0.0200,1,5263,102960,40.0,60.0,50.0,50.0
20,14,1024,1,1,1,0,1,0,1,0,1,0,1,0,1,1,1,0,1,0,1,0,432.6186,8.220000,0.055400,8.270000,523502.5101,16.2400,1.7767,10.660,0.0100,1,5263,102960,0.0,100.0,80.0,20.0
20,16,1024,0,0,0,1,0,1,1,1,0,0,0,0,0,0,1,1,0,0,1,0,428.9345,8.150000,0.055400,8.200000,523502.5101,26.4700,1.7700,10.620,0.0400,1,5263,102960,70.0,30.0,60.0,40.0
20,19,1024,0,0,0,0,0,0,1,1,0,0,1,0,1,0,0,0,1,1,1,0,404.1984,7.680000,0.055400,7.740000,523502.5101,26.5300,1.7317,10.390,0.1700,1,5263,102960,50.0,50.0,80.0,20.0
20,24,1024,1,0,0,0,1,1,1,1,1,1,1,1,1,1,1,1,1,0,1,0,423.6715,8.050000,0.055400,8.110000,523502.5101,27.8100,1.7750,10.650,0.0100,1,5263,102960,10.0,90.0,40.0,60.0
20,25,1024,1,1,1,1,1,0,1,0,1,1,1,1,1,1,1,1,1,1,1,0,443.1446,8.420000,0.055400,8.480000,523502.5101,18.3000,1.7433,10.460,0.2100,1,5263,102960,0.0,100.0,30.0,70.0
20,29,1024,0,0,0,0,0,0,1,1,1,1,1,1,0,0,1,1,1,1,0,0,418.9348,7.960000,0.055400,8.020000,523502.5101,26.9500,1.7733,10.640,0.0000,1,5263,102960,50.0,50.0,50.0,50.0
20,30,1024,0,0,1,0,1,1,1,1,1,1,1,0,0,0,1,1,1,0,0,0,425.7767,8.090000,0.055400,8.140000,523502.5101,26.9100,1.7717,10.630,0.0300,1,5263,102960,30.0,70.0,60.0,40.0
20,32,1024,1,1,1,0,1,0,0,0,1,0,1,0,1,0,1,1,1,0,1,0,425.7767,8.090000,0.055400,8.150000,523502.5101,16.0500,1.7733,10.640,0.0200,1,5263,102960,10.0,90.0,80.0,20.0
20,33,1024,0,0,0,0,1,1,1,0,1,1,1,1,1,0,1,1,1,1,0,0,425.7767,8.090000,0.055400,8.140000,523502.5101,27.1300,1.7783,10.670,0.0100,1,5263,102960,30.0,70.0,50.0,50.0
20,42,1024,1,0,0,1,1,0,1,1,1,1,1,1,1,1,1,1,1,1,1,0,428.9345,8.150000,0.055400,8.200000,523502.5101,27.7500,1.7617,10.570,0.1000,1,5263,102960,10.0,90.0,30.0,70.0
20,44,1024,1,1,1,0,1,0,0,0,1,0,1,0,1,1,1,0,1,0,1,0,426.3030,8.100000,0.055400,8.160000,523502.5101,16.0700,1.7833,10.700,0.0200,1,5263,102960,10.0,90.0,80.0,20.0
20,45,1024,0,0,1,1,0,0,1,0,1,1,0,0,1,1,1,1,1,1,1,0,422.0926,8.020000,0.055400,8.080000,523502.5101,27.4000,1.7733,10.640,0.0300,1,5263,102960,30.0,70.0,50.0,50.0
20,47,1024,0,0,1,0,1,1,1,1,1,0,0,0,1,0,1,1,0,1,0,0,413.6718,7.860000,0.055400,7.910000,523502.5101,16.6300,1.7767,10.660,0.0000,1,5263,102960,40.0,60.0,60.0,40.0
20,49,1024,0,0,0,0,1,1,1,0,1,0,0,0,1,1,1,0,0,1,1,1,412.0929,7.830000,0.055400,7.890000,523502.5101,10.1700,1.7700,10.620,0.0600,1,5263,102960,40.0,60.0,60.0,40.0
20,51,1024,1,1,1,1,0,1,1,1,1,1,1,1,1,1,1,1,0,1,1,1,1000000000.0000,6.739000,0.055400,6.800000,523502.5101,-100.0000,1.6650,9.990,0.4800,1,-1,-1,20.0,80.0,0.0,100.0
20,53,1024,0,0,1,0,1,0,0,0,1,1,1,1,1,0,1,1,1,0,1,0,1000000000.0000,7.350000,0.055400,7.400000,523502.5101,-100.0000,1.7750,10.650,0.0100,1,-1,-1,20.0,80.0,70.0,30.0
20,54,1024,0,0,0,0,1,0,1,1,1,0,1,1,1,1,1,1,1,1,1,0,1000000000.0000,8.000000,0.055400,8.050000,523502.5101,-100.0000,1.7767,10.660,0.0000,1,-1,-1,20.0,80.0,50.0,50.0
20,55,1024,0,0,0,0,0,0,1,1,1,1,1,1,0,0,1,1,1,1,1,0,1000000000.0000,8.250000,0.055400,8.310000,523502.5101,-100.0000,1.7617,10.570,0.1000,1,-1,-1,40.0,60.0,50.0,50.0
20,57,1024,0,0,1,0,1,0,1,0,1,1,0,0,0,0,1,0,1,0,1,0,1000000000.0000,6.794000,0.055400,6.850000,523502.5101,-100.0000,1.7417,10.450,0.1900,1,-1,-1,30.0,70.0,90.0,10.0
20,59,1024,0,0,1,0,1,0,1,0,1,0,1,0,0,0,1,1,1,0,1,0,1000000000.0000,6.980000,0.055400,7.030000,523502.5101,-100.0000,1.7783,10.670,0.0100,1,-1,-1,20.0,80.0,90.0,10.0
20,61,1024,0,0,0,0,1,1,1,0,1,0,1,1,0,0,0,0,1,0,1,0,400.5143,7.610000,0.055400,7.660000,523502.5101,26.6400,1.7750,10.650,0.0000,1,5263,102960,40.0,60.0,80.0,20.0
20,62,1024,0,0,0,0,1,0,1,0,1,0,1,1,0,0,0,0,0,0,0,0,386.8305,7.350000,0.055400,7.400000,523502.5101,26.4500,1.7600,10.560,0.1100,1,5263,102960,60.0,40.0,90.0,10.0
20,65,1024,0,0,1,0,1,0,1,0,1,1,1,0,1,0,1,0,1,0,1,0,411.5666,7.820000,0.055400,7.870000,523502.5101,27.0200,1.7400,10.440,0.2200,1,5263,102960,10.0,90.0,90.0,10.0
20,66,1024,0,0,0,0,1,0,1,0,0,0,1,0,0,0,0,0,0,0,0,0,361.5681,6.870000,0.055200,6.920000,523502.5101,26.4600,1.7800,10.680,0.0100,1,5263,102960,70.0,30.0,100.0,0.0
20,68,1024,0,0,1,1,1,0,1,0,1,0,1,1,0,0,0,0,1,0,1,0,361.5155,6.869000,0.055400,6.930000,523502.5101,26.6000,1.7733,10.640,0.0200,1,5263,102960,30.0,70.0,80.0,20.0
20,69,1024,1,0,1,0,0,1,1,1,0,0,0,0,0,0,1,0,0,0,1,0,421.5663,8.010000,0.055400,8.070000,523502.5101,26.3700,1.7483,10.490,0.1800,1,5263,102960,50.0,50.0,80.0,20.0
20,70,1024,1,0,1,0,0,0,1,1,1,0,0,0,1,0,1,0,1,0,1,0,409.9877,7.790000,0.055400,7.850000,523502.5101,26.8500,1.7683,10.610,0.0400,1,5263,102960,20.0,80.0,90.0,10.0
20,77,1024,1,0,1,1,1,1,1,1,1,1,1,1,1,1,1,0,1,1,1,0,1000000000.0000,8.110000,0.055400,8.170000,523502.5101,-100.0000,1.7683,10.610,0.1000,1,-1,-1,0.0,100.0,30.0,70.0
20,81,1024,1,0,0,0,1,0,1,1,1,0,0,1,1,0,0,0,0,1,0,0,1000000000.0000,7.810000,0.055400,7.860000,523502.5101,-100.0000,1.7733,10.640,0.0100,1,-1,-1,50.0,50.0,70.0,30.0
20,84,1024,0,0,0,0,1,0,0,0,1,1,1,1,1,1,1,0,1,1,1,0,1000000000.0000,7.690000,0.055400,7.740000,523502.5101,-100.0000,1.7733,10.640,0.0200,1,-1,-1,30.0,70.0,60.0,40.0
20,85,1024,1,0,1,0,0,0,1,0,1,0,0,0,0,0,1,0,1,0,1,0,1000000000.0000,7.050000,0.055200,7.100000,523502.5101,-100.0000,1.7800,10.680,0.0100,1,-1,-1,30.0,70.0,100.0,0.0
20,86,1024,0,0,0,1,1,1,1,1,1,1,1,1,1,1,1,1,1,0,1,0,1000000000.0000,6.877000,0.055400,6.930000,523502.5101,-100.0000,1.7300,10.380,0.1900,1,-1,-1,20.0,80.0,30.0,70.0
20,87,1024,0,0,0,0,1,0,1,0,1,0,0,0,0,0,1,0,1,1,1,0,1000000000.0000,7.590000,0.055400,7.650000,523502.5101,-100.0000,1.7733,10.640,0.0100,1,-1,-1,40.0,60.0,90.0,10.0
20,88,1024,0,0,0,0,1,1,1,1,1,1,1,1,1,0,1,1,1,1,0,0,414.7244,7.880000,0.055400,7.930000,523502.5101,27.3500,1.7700,10.620,0.0200,1,5263,102960,30.0,70.0,40.0,60.0
20,89,1024,1,0,0,0,1,1,1,0,1,1,1,1,0,0,1,1,1,1,0,0,424.1978,8.060000,0.055400,8.110000,523502.5101,26.9100,1.7733,10.640,0.0300,1,5263,102960,30.0,70.0,50.0,50.0
20,90,1024,0,0,0,0,1,0,1,1,1,1,0,0,0,0,1,0,1,0,1,0,409.9877,7.790000,0.055400,7.840000,523502.5101,26.6900,1.7733,10.640,0.0200,1,5263,102960,40.0,60.0,80.0,20.0
20,94,1024,1,1,0,0,1,1,1,0,1,0,0,0,1,1,1,0,0,1,1,0,418.4085,7.950000,0.055400,8.000000,523502.5101,15.8000,1.7717,10.630,0.0400,1,5263,102960,30.0,70.0,60.0,40.0
20,95,1024,0,0,0,1,1,1,1,1,1,1,1,1,1,1,1,0,1,1,1,0,430.5134,8.180000,0.055400,8.240000,523502.5101,27.4400,1.7767,10.660,0.0100,1,5263,102960,20.0,80.0,30.0,70.0
20,96,1024,0,0,0,0,0,0,1,1,1,0,1,1,1,1,1,1,1,1,1,0,408.4088,7.760000,0.055400,7.820000,523502.5101,27.3000,1.7733,10.640,0.0500,1,5263,102960,30.0,70.0,50.0,50.0
20,98,1024,0,0,0,0,1,0,1,1,1,1,1,1,0,0,1,1,1,1,1,0,414.7244,7.880000,0.055400,7.940000,523502.5101,27.1400,1.7733,10.640,0.0400,1,5263,102960,30.0,70.0,50.0,50.0
20,99,1024,1,0,1,0,0,0,1,0,0,0,1,1,1,0,1,0,1,0,0,0,400.5143,7.610000,0.055400,7.660000,523502.5101,26.8300,1.7767,10.660,0.0100,1,5263,102960,30.0,70.0,90.0,10.0
21,0,1024,1,1,1,1,1,1,1,0,1,1,0,0,1,1,1,1,1,1,1,0,412.6192,7.840000,0.055400,7.900000,523502.5101,18.7400,1.7767,10.660,0.0000,1,5263,102960,10.0,90.0,30.0,70.0
21,1,1024,1,1,0,0,0,1,1,1,1,1,1,1,1,1,1,1,1,1,0,1,407.3562,7.740000,0.055400,7.800000,523502.5101,3.2100,1.7750,10.650,0.0100,1,5263,102960,30.0,70.0,10.0,90.0
21,3,1024,0,0,0,0,1,1,1,0,1,0,0,0,0,0,1,1,0,1,1,0,418.4085,7.950000,0.055400,8.010000,523502.5101,16.7100,1.7433,10.460,0.1000,1,5263,102960,50.0,50.0,70.0,30.0
21,5,1024,0,0,1,0,0,0,1,0,1,0,1,1,1,1,1,0,1,0,1,0,409.9877,7.790000,0.055400,7.850000,523502.5101,26.9200,1.7767,10.660,0.0200,1,5263,102960,20.0,80.0,80.0,20.0
21,6,1024,0,0,0,0,0,0,0,0,1,1,1,1,1,0,0,0,1,0,1,0,413.1455,7.850000,0.055400,7.910000,523502.5101,26.8100,1.7683,10.610,0.0700,1,5263,102960,50.0,50.0,80.0,20.0
21,10,1024,0,0,0,0,0,0,1,1,1,0,1,0,1,1,1,1,1,1,1,0,409.4614,7.780000,0.055400,7.840000,523502.5101,27.2400,1.7733,10.640,0.0200,1,5263,102960,30.0,70.0,60.0,40.0
21,11,1024,1,0,0,0,0,0,0,0,0,0,1,1,1,0,0,0,1,0,1,0,398.4091,7.570000,0.055400,7.630000,523502.5101,26.7000,1.7650,10.590,0.0900,1,5263,102960,50.0,50.0,90.0,10.0
21,12,1024,0,0,0,0,1,0,1,0,1,1,0,0,0,0,1,0,1,0,0,0,427.8819,8.130000,0.055400,8.190000,523502.5101,26.6600,1.7750,10.650,0.0200,1,5263,102960,50.0,50.0,90.0,10.0
21,13,1024,0,0,1,1,0,0,1,0,1,1,1,1,0,0,1,1,1,1,1,0,421.5663,8.010000,0.055400,8.060000,523502.5101,27.1700,1.7650,10.590,0.0900,1,5263,102960,30.0,70.0,50.0,50.0
21,14,1024,1,1,0,0,1,0,1,0,1,0,0,0,1,1,1,0,0,1,1,0,424.7241,8.070000,0.055400,8.130000,523502.5101,16.1600,1.8183,10.910,-0.2900,0,5263,102960,30.0,70.0,70.0,30.0
21,16,1024,0,0,0,0,0,0,0,0,1,0,1,1,1,0,0,0,0,0,1,0,399.9880,7.600000,0.055400,7.660000,523502.5101,26.6500,1.7717,10.630,0.0600,1,5263,102960,60.0,40.0,90.0,10.0
21,18,1024,1,1,0,0,1,0,1,1,1,1,1,1,1,1,1,1,1,1,1,0,432.6186,8.220000,0.055400,8.280000,523502.5101,17.8700,1.7717,10.630,0.0500,1,5263,102960,10.0,90.0,30.0,70.0
21,20,1024,1,0,0,0,1,1,1,1,1,1,1,1,1,0,1,1,1,1,1,0,1000000000.0000,7.920000,0.055400,7.970000,523502.5101,-100.0000,1.7750,10.650,0.0000,1,-1,-1,10.0,90.0,40.0,60.0
21,22,1024,0,1,1,1,1,0,1,1,1,1,1,1,1,1,1,1,1,1,0,1,413.1455,7.850000,0.055400,7.910000,523502.5101,2.8500,1.7700,10.620,0.0200,1,5263,102960,20.0,80.0,10.0,90.0
21,23,1024,1,0,1,1,1,1,1,1,1,1,0,1,1,1,1,1,0,0,1,0,358.6735,6.815000,0.055400,6.870000,523502.5101,6.3500,1.7750,10.650,0.0000,1,5263,102960,20.0,80.0,30.0,70.0
21,24,1024,0,0,0,0,0,0,1,0,0,1,1,1,1,1,1,1,1,1,1,0,417.3559,7.930000,0.055400,7.990000,523502.5101,27.5600,1.7733,10.640,0.0600,1,5263,102960,40.0,60.0,50.0,50.0
21,30,1024,0,0,1,1,0,0,1,0,1,1,1,1,1,0,1,1,1,1,1,0,416.8296,7.920000,0.055400,7.980000,523502.5101,27.3500,1.7517,10.510,0.1200,1,5263,102960,20.0,80.0,50.0,50.0
21,31,1024,1,0,1,1,1,1,1,1,0,0,1,1,1,1,1,1,1,0,1,0,415.2507,7.890000,0.055400,7.950000,523502.5101,27.0200,1.7217,10.330,0.1500,1,5263,102960,10.0,90.0,40.0,60.0
21,32,1024,1,0,1,0,0,1,1,1,1,1,1,0,1,0,1,1,0,1,0,0,415.2507,7.890000,0.055400,7.950000,523502.5101,16.8300,1.7583,10.550,0.0800,1,5263,102960,30.0,70.0,50.0,50.0
21,34,1024,1,0,1,1,1,1,1,1,1,1,1,1,1,0,1,1,0,1,1,0,417.3559,7.930000,0.055400,7.980000,523502.5101,17.1200,1.7750,10.650,0.0300,1,5263,102960,10.0,90.0,30.0,70.0
21,37,1024,0,0,1,1,0,1,1,1,1,1,1,1,1,1,1,1,1,1,0,1,425.7767,8.090000,0.055400,8.140000,523502.5101,11.0100,1.7783,10.670,0.0100,1,5263,102960,30.0,70.0,10.0,90.0
21,38,1024,0,0,1,0,0,1,1,0,1,0,1,0,1,1,1,1,1,0,1,0,413.1455,7.850000,0.055400,7.910000,523502.5101,26.9300,1.7767,10.660,-0.0100,0,5263,102960,20.0,80.0,70.0,30.0
21,39,1024,0,0,0,1,0,0,1,1,1,1,1,1,1,1,1,1,1,1,1,0,1000000000.0000,8.070000,0.055400,8.120000,523502.5101,-100.0000,1.7750,10.650,0.0000,1,-1,-1,30.0,70.0,30.0,70.0
21,40,1024,0,0,1,1,1,0,1,0,1,1,0,0,1,1,1,1,1,1,1,0,1000000000.0000,8.040000,0.055400,8.090000,523502.5101,-100.0000,1.7700,10.620,0.0400,1,-1,-1,20.0,80.0,50.0,50.0
21,41,1024,1,1,0,0,1,1,1,1,1,1,1,1,0,0,0,0,0,0,1,0,1000000000.0000,8.160000,0.055400,8.220000,523502.5101,-100.0000,1.7683,10.610,0.0800,1,-1,-1,40.0,60.0,50.0,50.0
21,43,1024,0,0,0,0,1,1,1,1,0,0,1,1,0,0,1,1,1,1,0,0,1000000000.0000,7.780000,0.055400,7.830000,523502.5101,-100.0000,1.7583,10.550,0.1200,1,-1,-1,50.0,50.0,50.0,50.0
21,44,1024,0,0,0,1,1,1,1,1,1,0,1,1,1,1,1,1,1,1,1,0,1000000000.0000,7.960000,0.055400,8.020000,523502.5101,-100.0000,1.7800,10.680,0.0000,1,-1,-1,20.0,80.0,30.0,70.0
21,45,1024,0,0,0,1,0,1,1,0,1,1,1,1,1,1,1,1,1,1,1,0,1000000000.0000,8.370000,0.055400,8.420000,523502.5101,-100.0000,1.7767,10.660,0.0000,1,-1,-1,30.0,70.0,30.0,70.0
21,47,1024,1,0,1,0,0,1,1,0,1,0,1,1,1,0,1,0,1,0,1,0,1000000000.0000,7.780000,0.055400,7.830000,523502.5101,-100.0000,1.7833,10.700,0.0000,1,-1,-1,10.0,90.0,80.0,20.0
21,50,1024,0,0,1,0,1,0,1,0,1,0,0,0,1,1,1,0,0,1,0,0,408.9351,7.770000,0.055400,7.830000,523502.5101,26.4900,1.7767,10.660,0.0000,1,5263,102960,40.0,60.0,80.0,20.0
21,52,1024,0,0,0,1,1,1,1,1,0,0,0,0,0,0,1,0,0,0,1,0,443.1446,8.420000,0.055400,8.470000,523502.5101,26.3000,1.7717,10.630,0.0300,1,5263,102960,60.0,40.0,70.0,30.0
21,54,1024,0,0,1,0,1,0,0,0,1,0,1,1,1,0,1,1,1,1,1,0,408.4088,7.760000,0.055400,7.820000,523502.5101,26.9400,1.7517,10.510,0.1900,1,5263,102960,20.0,80.0,70.0,30.0
21,62,1024,0,0,0,0,1,0,0,0,1,0,1,1,1,0,0,0,1,1,1,0,404.7247,7.690000,0.055400,7.740000,523502.5101,26.7300,1.7783,10.670,0.0300,1,5263,102960,40.0,60.0,80.0,20.0
21,63,1024,1,0,0,0,0,1,1,1,1,1,1,1,1,1,1,1,1,1,1,0,1000000000.0000,8.190000,0.055400,8.250000,523502.5101,-100.0000,1.7733,10.640,0.0300,1,-1,-1,20.0,80.0,30.0,70.0
21,64,1024,0,0,0,0,1,0,1,0,0,0,0,0,0,0,0,0,1,0,0,0,1000000000.0000,7.210000,0.055200,7.260000,523502.5101,-100.0000,1.7817,10.690,0.0200,1,-1,-1,70.0,30.0,100.0,0.0
21,65,1024,1,1,1,1,1,1,1,1,1,1,1,1,1,1,1,1,1,0,1,1,1000000000.0000,7.700000,0.055400,7.750000,523502.5101,-100.0000,1.7767,10.660,0.0000,1,-1,-1,0.0,100.0,10.0,90.0
21,67,1024,0,0,0,0,0,0,1,0,1,1,1,1,1,1,0,0,1,1,1,0,1000000000.0000,7.750000,0.055400,7.810000,523502.5101,-100.0000,1.7567,10.540,0.1300,1,-1,-1,40.0,60.0,60.0,40.0
21,68,1024,0,0,0,0,1,0,1,1,1,0,0,0,0,0,0,0,1,0,1,0,1000000000.0000,7.770000,0.055400,7.830000,523502.5101,-100.0000,1.7750,10.650,0.0200,1,-1,-1,50.0,50.0,90.0,10.0
21,69,1024,1,0,1,0,0,0,1,0,1,0,0,0,1,0,1,0,1,1,1,0,1000000000.0000,7.190000,0.055400,7.240000,523502.5101,-100.0000,1.7117,10.270,0.2900,1,-1,-1,20.0,80.0,90.0,10.0
21,70,1024,0,0,0,0,1,1,1,0,1,0,0,0,1,0,1,0,0,1,1,0,1000000000.0000,7.730000,0.055400,7.780000,523502.5101,-100.0000,1.7700,10.620,0.0400,1,-1,-1,40.0,60.0,80.0,20.0
21,71,1024,0,0,0,1,1,0,1,0,1,1,1,1,1,1,1,1,1,0,1,0,1000000000.0000,7.910000,0.055400,7.960000,523502.5101,-100.0000,1.7800,10.680,-0.0200,0,-1,-1,20.0,80.0,50.0,50.0
21,75,1024,0,0,1,0,1,1,1,1,1,1,1,1,1,1,1,1,1,0,1,0,1000000000.0000,7.820000,0.055400,7.880000,523502.5101,-100.0000,1.7750,10.650,0.0300,1,-1,-1,10.0,90.0,40.0,60.0
21,76,1024,0,0,0,0,0,0,1,1,0,0,1,1,0,0,0,0,1,1,1,0,1000000000.0000,7.800000,0.055400,7.850000,523502.5101,-100.0000,1.7467,10.480,0.1900,1,-1,-1,60.0,40.0,70.0,30.0
21,84,1024,0,0,1,0,1,0,0,0,1,0,1,0,1,1,1,1,1,0,1,0,398.9354,7.580000,0.055400,7.630000,523502.5101,26.9700,1.7650,10.590,-0.0900,0,5263,102960,20.0,80.0,80.0,20.0
21,85,1024,0,0,0,1,1,1,0,0,1,1,1,1,1,1,1,1,1,1,0,0,425.7767,8.090000,0.055400,8.150000,523502.5101,27.2200,1.7567,10.540,0.1500,1,5263,102960,40.0,60.0,30.0,70.0
21,87,1024,1,1,1,1,1,1,1,1,1,1,1,1,1,1,1,1,1,0,0,1,360.7260,6.854000,0.055400,6.910000,523502.5101,2.8900,1.7733,10.640,0.0300,1,5263,102960,10.0,90.0,10.0,90.0
21,91,1024,0,0,0,1,1,0,0,0,1,0,1,0,1,1,1,0,1,0,1,0,415.2507,7.890000,0.055400,7.940000,523502.5101,26.7500,1.7667,10.600,0.0700,1,5263,102960,30.0,70.0,80.0,20.0
21,94,1024,0,0,1,1,0,0,1,0,1,1,1,1,1,1,1,1,0,0,1,0,426.3030,8.100000,0.055400,8.160000,523502.5101,27.1900,1.7600,10.560,0.0900,1,5263,102960,30.0,70.0,50.0,50.0
21,96,1024,0,0,0,0,0,0,0,0,1,0,1,1,0,0,0,0,1,1,1,0,414.1981,7.870000,0.055400,7.920000,523502.5101,26.5600,1.7533,10.520,0.1700,1,5263,102960,60.0,40.0,80.0,20.0
21,97,1024,1,0,0,0,1,1,1,1,1,1,1,1,1,1,1,0,1,1,1,0,425.7767,8.090000,0.055400,8.140000,523502.5101,27.4400,1.6817,10.090,0.4800,1,5263,102960,10.0,90.0,40.0,60.0
21,99,1024,0,0,1,0,1,0,0,0,1,0,0,0,1,0,1,1,1,0,1,0,389.9883,7.410000,0.055400,7.460000,523502.5101,26.7900,1.7733,10.640,0.0200,1,5263,102960,30.0,70.0,90.0,10.0
22,1,1024,1,0,1,0,0,0,1,0,0,0,1,1,1,0,1,0,1,1,1,0,405.2510,7.700000,0.055400,7.760000,523502.5101,26.8700,1.7817,10.690,0.0200,1,5263,102960,20.0,80.0,80.0,20.0
22,2,1024,1,1,1,1,1,1,1,1,1,1,0,0,0,0,0,0,0,0,1,0,419.9874,7.980000,0.055400,8.030000,523502.5101,17.8000,1.7683,10.610,0.0500,1,5263,102960,40.0,60.0,50.0,50.0
22,4,1024,1,1,1,1,0,1,1,1,1,0,1,1,1,1,1,1,1,1,1,1,399.9880,7.600000,0.055400,7.660000,523502.5101,8.5300,1.7733,10.640,0.0000,1,5263,102960,10.0,90.0,10.0,90.0
22,6,1024,0,0,1,0,1,0,0,0,1,1,1,0,1,1,1,0,1,0,1,0,425.2504,8.080000,0.055400,8.140000,523502.5101,26.8100,1.7433,10.460,0.1900,1,5263,102960,20.0,80.0,80.0,20.0
22,9,1024,0,0,1,0,1,1,0,0,1,0,1,1,1,0,1,1,1,0,1,0,428.4082,8.140000,0.055400,8.190000,523502.5101,26.8000,1.7750,10.650,0.0200,1,5263,102960,20.0,80.0,70.0,30.0
22,11,1024,1,0,0,0,1,1,1,1,1,1,1,1,1,1,1,0,1,0,1,0,425.7767,8.090000,0.055400,8.140000,523502.5101,27.4300,1.8017,10.810,-0.1400,0,5263,102960,10.0,90.0,50.0,50.0
22,15,1024,1,0,1,0,1,1,1,1,1,0,1,1,1,0,1,0,0,1,0,0,424.7241,8.070000,0.055400,8.130000,523502.5101,26.7400,1.7717,10.630,0.0100,1,5263,102960,20.0,80.0,60.0,40.0
22,17,1024,1,0,1,0,0,0,1,1,0,0,1,1,1,0,1,0,1,0,1,0,397.8828,7.560000,0.055400,7.610000,523502.5101,26.7000,1.7667,10.600,0.0400,1,5263,102960,20.0,80.0,80.0,20.0
22,18,1024,1,1,1,1,0,1,1,1,1,1,1,1,1,1,1,1,1,0,0,1,386.8305,7.350000,0.055400,7.410000,523502.5101,2.7900,1.7717,10.630,0.0500,1,5263,102960,20.0,80.0,10.0,90.0
22,20,1024,0,0,0,0,1,0,1,1,1,1,1,1,1,1,1,1,1,0,1,0,427.3556,8.120000,0.055400,8.170000,523502.5101,27.5100,1.7583,10.550,0.0100,1,5263,102960,20.0,80.0,50.0,50.0
22,22,1024,0,1,0,0,0,1,1,0,0,1,1,1,1,1,1,1,1,1,1,0,421.0400,8.000000,0.055400,8.050000,523502.5101,14.9500,1.7650,10.590,0.1000,1,5263,102960,40.0,60.0,30.0,70.0
22,25,1024,1,1,1,1,0,1,1,1,1,0,1,1,1,1,1,1,1,1,0,1,407.3562,7.740000,0.055400,7.790000,523502.5101,4.2500,1.7683,10.610,0.0200,1,5263,102960,20.0,80.0,10.0,90.0
22,27,1024,0,0,1,0,1,0,1,1,0,0,1,1,1,0,1,0,1,1,1,0,1000000000.0000,7.570000,0.055400,7.630000,523502.5101,-100.0000,1.7733,10.640,0.0000,1,-1,-1,20.0,80.0,70.0,30.0
22,29,1024,1,0,1,1,1,0,1,1,0,0,1,1,1,1,1,1,1,0,1,0,1000000000.0000,7.810000,0.055400,7.860000,523502.5101,-100.0000,1.7683,10.610,0.0400,1,-1,-1,10.0,90.0,50.0,50.0
22,32,1024,1,1,0,0,1,0,1,0,1,1,0,0,1,1,1,0,1,0,1,0,1000000000.0000,8.220000,0.055400,8.270000,523502.5101,-100.0000,1.7767,10.660,0.0200,1,-1,-1,20.0,80.0,70.0,30.0
22,36,1024,1,0,1,0,0,0,1,0,1,0,0,0,1,0,1,0,1,0,0,1,387.8831,7.370000,0.055400,7.420000,523502.5101,9.8500,1.7683,10.610,0.0400,1,5263,102960,30.0,70.0,90.0,10.0
22,38,1024,0,0,0,1,0,0,1,0,1,1,1,1,1,1,1,1,1,1,1,0,421.0400,8.000000,0.055400,8.060000,523502.5101,27.8200,1.7600,10.560,0.0900,1,5263,102960,30.0,70.0,40.0,60.0
22,40,1024,0,0,0,0,0,0,0,0,0,0,0,1,0,0,0,0,1,1,1,0,390.5146,7.420000,0.055400,7.470000,523502.5101,26.4100,1.7500,10.500,0.0100,1,5263,102960,80.0,20.0,80.0,20.0
22,46,1024,1,1,1,0,1,0,1,0,1,0,0,0,0,0,1,0,1,0,1,0,428.4082,8.140000,0.055400,8.190000,523502.5101,15.8100,1.7733,10.640,0.0300,1,5263,102960,20.0,80.0,90.0,10.0
22,47,1024,0,0,1,0,1,0,0,0,1,0,1,0,1,1,1,0,0,0,1,0,1000000000.0000,7.520000,0.055400,7.580000,523502.5101,-100.0000,1.7750,10.650,0.0300,1,-1,-1,30.0,70.0,90.0,10.0
22,50,1024,0,0,0,0,0,0,1,0,1,0,0,0,0,0,1,0,1,0,1,0,1000000000.0000,6.940000,0.055200,7.000000,523502.5101,-100.0000,1.7383,10.430,0.2100,1,-1,-1,50.0,50.0,100.0,0.0
22,51,1024,1,0,0,0,1,0,1,1,1,0,1,1,1,0,0,0,1,0,0,0,1000000000.0000,7.830000,0.055400,7.880000,523502.5101,-100.0000,1.7733,10.640,0.0300,1,-1,-1,30.0,70.0,80.0,20.0
22,54,1024,1,0,0,0,1,1,1,1,1,1,1,1,1,1,1,0,1,1,0,0,1000000000.0000,8.330000,0.055400,8.380000,523502.5101,-100.0000,1.7700,10.620,0.0600,1,-1,-1,20.0,80.0,40.0,60.0
22,55,1024,0,1,0,0,1,1,1,1,1,1,1,1,1,1,1,1,0,0,1,0,1000000000.0000,7.920000,0.055400,7.970000,523502.5101,-100.0000,1.7733,10.640,0.0000,1,-1,-1,30.0,70.0,30.0,70.0
22,56,1024,0,0,0,0,1,1,1,1,1,1,0,1,0,0,1,1,1,1,0,0,1000000000.0000,8.090000,0.055400,8.140000,523502.5101,-100.0000,1.7717,10.630,0.0300,1,-1,-1,50.0,50.0,40.0,60.0
22,57,1024,0,0,0,0,1,0,1,0,0,0,0,0,0,0,1,0,0,0,0,0,1000000000.0000,6.930000,0.055200,6.980000,523502.5101,-100.0000,1.7817,10.690,0.0100,1,-1,-1,70.0,30.0,100.0,0.0
22,59,1024,0,0,0,0,1,0,1,0,0,0,1,1,1,1,0,0,1,0,1,0,409.9877,7.790000,0.055400,7.840000,523502.5101,26.7200,1.7817,10.690,0.0000,1,5263,102960,40.0,60.0,80.0,20.0
22,62,1024,1,1,1,0,1,1,1,1,1,1,1,0,1,0,1,1,0,1,0,0,412.0929,7.830000,0.055400,7.880000,523502.5101,6.0200,1.7450,10.470,0.1400,1,5263,102960,20.0,80.0,40.0,60.0
22,69,1024,0,0,0,1,1,1,1,0,1,1,1,1,1,1,1,0,1,1,0,0,425.7767,8.090000,0.055400,8.140000,523502.5101,27.0100,1.7733,10.640,0.0000,1,5263,102960,30.0,70.0,40.0,60.0
22,72,1024,0,0,1,0,1,1,1,0,1,1,1,0,1,0,1,0,1,0,1,0,407.3562,7.740000,0.055400,7.790000,523502.5101,26.9600,1.7817,10.690,0.0000,1,5263,102960,10.0,90.0,80.0,20.0
22,73,1024,1,0,0,1,0,1,1,1,0,0,1,1,0,0,1,0,0,0,1,0,423.1452,8.040000,0.055400,8.100000,523502.5101,26.5200,1.7817,10.690,0.0100,1,5263,102960,50.0,50.0,60.0,40.0
22,75,1024,1,0,0,0,1,0,1,0,1,0,0,1,1,0,0,0,1,0,0,0,408.4088,7.760000,0.055400,7.820000,523502.5101,26.5000,1.7750,10.650,0.0200,1,5263,102960,40.0,60.0,90.0,10.0
22,76,1024,0,0,0,0,1,0,1,0,1,0,0,0,0,0,1,1,1,1,1,0,406.8299,7.730000,0.055400,7.780000,523502.5101,26.8700,1.7750,10.650,0.0100,1,5263,102960,40.0,60.0,80.0,20.0
22,77,1024,1,0,0,1,1,1,1,1,0,0,1,1,1,1,1,1,1,0,1,0,417.3559,7.930000,0.055400,7.990000,523502.5101,27.0200,1.7717,10.630,0.0100,1,5263,102960,20.0,80.0,40.0,60.0
22,78,1024,0,0,0,0,1,1,1,1,1,1,1,0,0,0,0,0,1,1,0,0,432.0923,8.210000,0.055400,8.260000,523502.5101,26.6600,1.7767,10.660,0.0200,1,5263,102960,50.0,50.0,60.0,40.0
22,81,1024,1,0,0,0,0,0,0,0,1,0,1,1,1,0,0,0,1,1,1,0,403.1458,7.660000,0.055400,7.710000,523502.5101,26.7300,1.7633,10.580,0.1200,1,5263,102960,40.0,60.0,80.0,20.0
22,82,1024,0,0,1,1,0,1,1,1,1,1,1,1,1,1,1,1,1,0,0,1,1000000000.0000,8.130000,0.055400,8.190000,523502.5101,-100.0000,1.7750,10.650,0.0700,1,-1,-1,30.0,70.0,20.0,80.0
22,84,1024,1,1,1,1,1,1,1,1,0,0,1,1,0,0,1,0,1,1,0,0,1000000000.0000,7.910000,0.055400,7.960000,523502.5101,-100.0000,1.7700,10.620,0.0400,1,-1,-1,30.0,70.0,40.0,60.0
22,85,1024,0,1,1,1,0,1,0,0,1,1,1,1,1,1,1,1,1,1,0,1,1000000000.0000,7.740000,0.055400,7.800000,523502.5101,-100.0000,1.7767,10.660,0.0000,1,-1,-1,40.0,60.0,10.0,90.0
22,89,1024,0,0,1,0,0,1,1,0,1,0,1,1,1,0,1,0,1,0,1,0,1000000000.0000,7.910000,0.055400,7.960000,523502.5101,-100.0000,1.7767,10.660,0.0100,1,-1,-1,20.0,80.0,80.0,20.0
22,91,1024,0,0,0,0,0,0,1,1,0,0,1,0,1,1,1,1,1,1,1,0,402.6195,7.650000,0.055400,7.710000,523502.5101,27.0900,1.7483,10.490,0.0000,1,5263,102960,40.0,60.0,60.0,40.0
22,93,1024,0,1,1,1,0,0,1,1,1,1,1,1,1,1,1,1,1,1,0,1,422.6189,8.030000,0.055400,8.080000,523502.5101,2.9000,1.7800,10.680,0.0100,1,5263,102960,30.0,70.0,10.0,90.0
22,94,1024,0,0,1,0,1,0,0,0,1,0,1,1,1,0,1,1,1,1,0,0,412.6192,7.840000,0.055400,7.890000,523502.5101,26.8100,1.7850,10.710,0.0100,1,5263,102960,30.0,70.0,70.0,30.0
23,4,1024,0,0,0,0,1,1,1,0,1,1,0,0,1,1,1,1,1,1,0,0,352.8315,6.704000,0.055400,6.760000,523502.5101,27.0700,1.7783,10.670,0.0100,1,5263,102960,40.0,60.0,50.0,50.0
23,5,1024,0,1,0,0,1,0,0,0,1,0,1,1,1,1,1,1,1,1,1,0,434.7238,8.260000,0.055400,8.310000,523502.5101,14.7400,1.7567,10.540,0.1300,1,5263,102960,30.0,70.0,50.0,50.0
23,7,1024,0,0,0,0,1,0,0,0,1,0,1,1,1,0,1,1,1,0,1,0,391.0409,7.430000,0.055400,7.480000,523502.5101,26.8500,1.7767,10.660,0.0000,1,5263,102960,30.0,70.0,80.0,20.0
23,12,1024,0,0,0,0,1,0,1,0,1,0,1,1,0,0,1,1,1,1,1,0,357.0946,6.785000,0.055400,6.850000,523502.5101,26.9200,1.7783,10.670,0.0200,1,5263,102960,30.0,70.0,70.0,30.0
23,13,1024,0,0,0,0,1,0,1,1,1,1,1,1,1,0,1,1,1,0,1,0,416.8296,7.920000,0.055400,7.980000,523502.5101,27.3100,1.7717,10.630,0.0300,1,5263,102960,20.0,80.0,60.0,40.0
23,14,1024,0,0,0,0,1,0,1,0,1,0,0,0,0,0,1,1,1,0,0,1,382.0938,7.260000,0.055400,7.320000,523502.5101,10.0400,1.7767,10.660,0.0000,1,5263,102960,50.0,50.0,80.0,20.0
23,16,1024,1,0,1,0,1,1,0,0,1,1,1,1,1,1,1,1,1,1,1,0,419.9874,7.980000,0.055400,8.030000,523502.5101,27.4700,1.7683,10.610,0.0400,1,5263,102960,10.0,90.0,40.0,60.0
23,18,1024,1,0,1,0,1,0,1,0,1,1,1,0,1,0,1,0,1,0,1,0,406.3036,7.720000,0.055400,7.770000,523502.5101,27.0200,1.7700,10.620,0.0300,1,5263,102960,0.0,100.0,90.0,10.0
23,19,1024,1,0,1,1,1,1,1,0,0,0,1,1,1,1,1,1,1,0,1,0,434.1975,8.250000,0.055400,8.300000,523502.5101,27.1000,1.7767,10.660,0.0600,1,5263,102960,10.0,90.0,50.0,50.0
23,25,1024,0,0,0,0,1,0,1,0,1,0,1,1,0,0,1,0,1,0,1,0,402.6195,7.650000,0.055400,7.710000,523502.5101,26.7400,1.7767,10.660,0.0300,1,5263,102960,30.0,70.0,90.0,10.0
23,28,1024,0,0,0,0,1,0,0,0,0,0,1,1,0,0,0,0,1,1,1,0,406.3036,7.720000,0.055400,7.770000,523502.5101,26.5600,1.7767,10.660,0.0000,1,5263,102960,60.0,40.0,80.0,20.0
23,30,1024,0,0,1,0,1,0,0,0,1,0,1,0,1,1,1,0,1,0,0,0,397.8828,7.560000,0.055400,7.610000,523502.5101,26.6900,1.7667,10.600,0.0500,1,5263,102960,30.0,70.0,90.0,10.0
23,37,1024,0,0,1,0,0,0,1,1,0,0,1,1,1,1,1,1,1,1,1,0,1000000000.0000,7.890000,0.055400,7.940000,523502.5101,-100.0000,1.7583,10.550,0.0800,1,-1,-1,30.0,70.0,50.0,50.0
23,38,1024,1,1,0,0,1,0,1,0,0,0,0,0,0,0,0,0,0,0,0,0,1000000000.0000,8.050000,0.055400,8.100000,523502.5101,-100.0000,1.7850,10.710,0.0100,1,-1,-1,70.0,30.0,90.0,10.0
23,39,1024,1,1,1,0,0,1,1,1,1,1,1,1,1,1,1,1,1,1,0,1,1000000000.0000,7.860000,0.055400,7.920000,523502.5101,-100.0000,1.7583,10.550,0.1200,1,-1,-1,20.0,80.0,10.0,90.0
23,40,1024,1,0,1,0,1,1,1,1,0,0,1,1,1,1,1,1,1,0,1,0,411.0403,7.810000,0.055400,7.860000,523502.5101,27.0200,1.7800,10.680,0.0200,1,5263,102960,10.0,90.0,50.0,50.0
23,41,1024,0,0,0,0,0,0,0,0,1,0,1,1,1,1,0,0,1,1,1,0,386.8305,7.350000,0.055400,7.400000,523502.5101,26.7100,1.7733,10.640,0.0200,1,5263,102960,50.0,50.0,70.0,30.0
23,42,1024,1,1,1,1,1,1,1,1,1,1,1,0,0,0,1,0,1,0,0,0,411.0403,7.810000,0.055400,7.860000,523502.5101,19.1900,1.7833,10.700,-0.0600,0,5263,102960,20.0,80.0,50.0,50.0
23,43,1024,1,0,1,0,1,1,1,1,1,0,1,1,1,0,0,0,0,1,0,0,418.4085,7.950000,0.055400,8.010000,523502.5101,26.6000,1.7767,10.660,0.0200,1,5263,102960,30.0,70.0,60.0,40.0
23,44,1024,1,1,1,1,0,1,1,1,0,0,1,1,1,1,1,1,1,1,0,1,401.0406,7.620000,0.055400,7.680000,523502.5101,4.1700,1.7800,10.680,0.0000,1,5263,102960,30.0,70.0,10.0,90.0
23,45,1024,0,1,1,1,0,1,1,1,1,1,1,1,1,1,1,1,1,1,1,0,393.1461,7.470000,0.055400,7.530000,523502.5101,2.8600,1.8083,10.850,-0.1900,0,5263,102960,20.0,80.0,10.0,90.0
23,46,1024,0,0,1,0,1,0,1,1,1,1,1,0,1,0,1,1,0,1,0,0,411.0403,7.810000,0.055400,7.870000,523502.5101,16.8000,1.7717,10.630,0.0400,1,5263,102960,30.0,70.0,60.0,40.0
23,48,1024,0,0,0,0,1,0,1,0,1,0,1,0,0,0,0,0,1,0,1,0,371.5678,7.060000,0.055200,7.120000,523502.5101,26.6500,1.7750,10.650,0.0200,1,5263,102960,40.0,60.0,100.0,0.0
23,53,1024,1,1,1,1,0,0,1,0,1,0,0,0,1,0,1,0,1,0,1,0,379.9886,7.220000,0.055400,7.270000,523502.5101,16.7600,1.7700,10.620,0.0800,1,5263,102960,20.0,80.0,80.0,20.0
23,54,1024,1,0,1,1,1,1,1,1,1,1,0,0,1,1,1,1,1,1,1,0,1000000000.0000,8.050000,0.055400,8.100000,523502.5101,-100.0000,1.7767,10.660,0.0200,1,-1,-1,10.0,90.0,30.0,70.0
23,56,1024,1,0,0,0,1,0,1,1,1,0,0,1,1,0,0,0,0,0,0,0,1000000000.0000,7.750000,0.055400,7.810000,523502.5101,-100.0000,1.7750,10.650,0.0400,1,-1,-1,50.0,50.0,80.0,20.0
23,58,1024,0,0,0,0,1,1,1,0,1,0,0,0,1,1,1,0,1,0,1,0,1000000000.0000,7.900000,0.055400,7.950000,523502.5101,-100.0000,1.7767,10.660,0.0200,1,-1,-1,30.0,70.0,80.0,20.0
23,60,1024,1,0,1,0,0,0,1,0,0,0,1,0,1,0,1,0,1,0,1,0,1000000000.0000,6.817000,0.055200,6.870000,523502.5101,-100.0000,1.7717,10.630,0.0500,1,-1,-1,20.0,80.0,100.0,0.0
23,66,1024,0,0,0,0,1,0,1,0,1,1,0,0,1,1,0,0,1,1,1,0,1000000000.0000,7.910000,0.055400,7.960000,523502.5101,-100.0000,1.7717,10.630,0.0400,1,-1,-1,40.0,60.0,70.0,30.0
23,69,1024,0,0,0,0,0,1,1,1,1,1,1,1,1,1,1,1,1,0,1,0,1000000000.0000,8.140000,0.055400,8.200000,523502.5101,-100.0000,1.7400,10.440,0.2100,1,-1,-1,30.0,70.0,40.0,60.0
23,71,1024,1,1,1,1,1,0,1,0,1,1,0,0,0,0,1,1,1,1,1,0,1000000000.0000,7.970000,0.055400,8.020000,523502.5101,-100.0000,1.7767,10.660,0.0000,1,-1,-1,20.0,80.0,50.0,50.0
23,72,1024,0,0,0,0,1,0,1,0,1,1,1,1,0,0,1,1,1,0,1,0,1000000000.0000,7.690000,0.055400,7.740000,523502.5101,-100.0000,1.7767,10.660,0.0200,1,-1,-1,30.0,70.0,70.0,30.0
23,73,1024,1,1,1,1,1,1,1,1,1,1,1,1,1,1,0,0,0,1,0,0,1000000000.0000,7.690000,0.055400,7.740000,523502.5101,-100.0000,1.7817,10.690,0.0300,1,-1,-1,30.0,70.0,20.0,80.0
23,74,1024,1,0,1,0,1,0,1,0,1,0,1,0,1,0,1,0,1,1,1,0,1000000000.0000,7.460000,0.055400,7.510000,523502.5101,-100.0000,1.7733,10.640,0.0300,1,-1,-1,0.0,100.0,90.0,10.0
23,77,1024,0,0,1,0,0,0,1,0,1,0,0,0,0,0,1,1,1,0,1,0,1000000000.0000,7.420000,0.055400,7.480000,523502.5101,-100.0000,1.7833,10.700,0.0100,1,-1,-1,40.0,60.0,90.0,10.0
23,79,1024,0,0,0,0,0,1,1,1,0,0,0,0,0,0,1,0,0,0,1,0,1000000000.0000,7.860000,0.055400,7.920000,523502.5101,-100.0000,1.7583,10.550,0.0100,1,-1,-1,70.0,30.0,80.0,20.0
23,81,1024,0,0,1,0,1,0,1,1,1,0,1,1,1,0,1,1,1,0,1,0,1000000000.0000,7.800000,0.055400,7.860000,523502.5101,-100.0000,1.7850,10.710,0.0000,1,-1,-1,10.0,90.0,70.0,30.0
23,83,1024,0,0,0,0,1,0,0,0,0,0,0,1,0,0,0,0,1,1,1,0,1000000000.0000,7.590000,0.055400,7.650000,523502.5101,-100.0000,1.7483,10.490,0.1500,1,-1,-1,70.0,30.0,80.0,20.0
23,84,1024,0,0,1,1,0,0,1,0,1,1,1,1,1,1,1,1,1,1,0,0,1000000000.0000,8.170000,0.055400,8.230000,523502.5101,-100.0000,1.7767,10.660,0.0100,1,-1,-1,30.0,70.0,40.0,60.0
23,85,1024,0,0,0,1,0,0,1,1,1,1,1,0,1,1,1,1,1,1,1,0,1000000000.0000,8.520000,0.055400,8.570000,523502.5101,-100.0000,1.7750,10.650,0.0100,1,-1,-1,30.0,70.0,40.0,60.0
23,86,1024,0,1,1,0,1,0,0,0,1,0,1,1,1,1,0,0,1,1,1,0,1000000000.0000,7.920000,0.055400,7.980000,523502.5101,-100.0000,1.7583,10.550,0.1200,1,-1,-1,30.0,70.0,60.0,40.0
23,87,1024,0,0,0,0,0,1,1,0,0,0,0,0,0,0,0,0,0,0,0,0,397.8828,7.560000,0.055400,7.610000,523502.5101,26.3100,1.7633,10.580,0.0800,1,5263,102960,90.0,10.0,90.0,10.0
23,89,1024,0,0,0,0,1,1,1,0,1,0,0,0,0,0,1,1,1,0,1,0,404.1984,7.680000,0.055400,7.730000,523502.5101,26.7700,1.7317,10.390,0.2000,1,5263,102960,40.0,60.0,80.0,20.0
23,91,1024,1,1,0,0,1,0,1,0,1,0,0,0,0,0,1,0,1,0,1,0,424.1978,8.060000,0.055400,8.120000,523502.5101,16.0800,1.7750,10.650,0.0000,1,5263,102960,30.0,70.0,90.0,10.0
23,93,1024,1,0,0,0,1,1,0,0,1,1,1,1,1,1,1,1,1,1,1,0,424.1978,8.060000,0.055400,8.110000,523502.5101,27.4700,1.7767,10.660,0.0100,1,5263,102960,20.0,80.0,40.0,60.0
23,95,1024,0,0,0,0,0,0,1,1,0,0,1,1,1,0,0,0,1,1,1,1,405.2510,7.700000,0.055400,7.750000,523502.5101,10.2000,1.7650,10.590,0.0200,1,5263,102960,50.0,50.0,60.0,40.0
23,96,1024,0,0,0,1,1,1,1,0,1,1,1,1,1,1,0,0,1,1,0,0,433.6712,8.240000,0.055400,8.300000,523502.5101,26.8200,1.7733,10.640,0.0300,1,5263,102960,40.0,60.0,40.0,60.0
23,97,1024,0,0,0,0,0,0,0,0,0,0,0,1,0,0,1,1,1,1,1,0,406.8299,7.730000,0.055400,7.790000,523502.5101,26.7000,1.6867,10.120,0.4500,1,5263,102960,70.0,30.0,70.0,30.0
23,98,1024,0,0,0,1,1,1,1,0,1,0,0,0,1,1,1,0,0,1,1,0,425.7767,8.090000,0.055400,8.140000,523502.5101,26.6500,1.7917,10.750,-0.0800,0,5263,102960,40.0,60.0,60.0,40.0
23,99,1024,0,0,1,1,0,0,1,0,1,1,1,1,1,1,0,0,1,1,1,0,425.7767,8.090000,0.055400,8.140000,523502.5101,27.0000,1.7717,10.630,0.0400,1,5263,102960,30.0,70.0,50.0,50.0
24,0,1024,0,0,1,1,1,0,1,0,0,0,1,1,0,0,0,0,0,0,0,0,408.4088,7.760000,0.055400,7.810000,523502.5101,26.4600,1.7683,10.610,0.0400,1,5263,102960,60.0,40.0,80.0,20.0
24,2,1024,0,0,0,0,1,1,1,0,0,0,0,0,1,1,1,0,0,1,1,0,365.2522,6.940000,0.055400,6.990000,523502.5101,26.5700,1.7733,10.640,0.0000,1,5263,102960,50.0,50.0,70.0,30.0
24,3,1024,0,0,1,1,0,0,1,1,0,0,1,0,1,1,1,1,1,1,1,0,432.6186,8.220000,0.055400,8.280000,523502.5101,27.0900,1.7717,10.630,0.0400,1,5263,102960,30.0,70.0,50.0,50.0
24,8,1024,0,0,0,0,1,1,1,0,1,0,0,0,0,0,1,1,1,0,0,1,399.4617,7.590000,0.055400,7.640000,523502.5101,10.0200,1.7783,10.670,0.0100,1,5263,102960,50.0,50.0,70.0,30.0
24,10,1024,0,0,0,0,1,0,1,1,1,0,1,1,1,0,1,0,1,1,1,0,406.3036,7.720000,0.055400,7.780000,523502.5101,26.9000,1.7617,10.570,0.1100,1,5263,102960,20.0,80.0,70.0,30.0
24,15,1024,1,0,1,0,0,0,1,0,1,0,0,1,1,0,1,0,1,0,1,0,393.6724,7.480000,0.055400,7.540000,523502.5101,26.7300,1.7533,10.520,0.1300,1,5263,102960,20.0,80.0,90.0,10.0
24,18,1024,0,0,1,0,1,0,1,0,1,0,0,0,1,1,1,1,1,0,1,0,404.1984,7.680000,0.055400,7.740000,523502.5101,27.0200,1.7767,10.660,0.0200,1,5263,102960,20.0,80.0,80.0,20.0
24,20,1024,1,1,0,0,0,1,1,1,1,1,1,1,1,1,1,1,1,1,1,1,427.8819,8.130000,0.055400,8.190000,523502.5101,15.3900,1.7933,10.760,-0.0900,0,5263,102960,20.0,80.0,10.0,90.0
24,24,1024,0,0,0,0,1,1,1,0,0,1,1,1,1,1,1,0,1,1,0,0,418.4085,7.950000,0.055400,8.000000,523502.5101,26.9100,1.7767,10.660,0.0200,1,5263,102960,40.0,60.0,50.0,50.0
24,29,1024,0,0,1,0,1,0,0,0,1,0,1,1,1,0,0,0,1,0,1,0,422.6189,8.030000,0.055400,8.090000,523502.5101,26.7000,1.7650,10.590,0.0700,1,5263,102960,30.0,70.0,90.0,10.0
24,31,1024,0,0,0,0,1,1,1,1,1,0,1,1,0,0,0,0,1,1,0,0,424.7241,8.070000,0.055400,8.130000,523502.5101,26.4900,1.7700,10.620,0.0400,1,5263,102960,50.0,50.0,60.0,40.0
24,32,1024,0,0,0,0,0,0,0,0,1,1,0,1,0,0,0,0,1,1,1,0,414.7244,7.880000,0.055400,7.940000,523502.5101,6.4800,1.7717,10.630,0.0400,1,5263,102960,70.0,30.0,70.0,30.0
24,34,1024,0,0,0,0,0,0,0,0,0,0,0,0,0,0,1,1,1,1,1,0,383.6727,7.290000,0.055400,7.340000,523502.5101,26.7600,1.7750,10.650,0.0200,1,5263,102960,70.0,30.0,80.0,20.0
24,35,1024,1,1,1,0,1,0,1,1,1,1,1,1,1,0,0,0,1,0,1,0,361.4102,6.867000,0.055400,6.930000,523502.5101,16.4300,1.7700,10.620,0.0500,1,5263,102960,10.0,90.0,60.0,40.0
24,36,1024,0,0,0,0,1,0,1,1,1,1,1,1,1,1,1,0,0,1,1,0,415.7770,7.900000,0.055400,7.950000,523502.5101,27.1000,1.7750,10.650,0.0200,1,5263,102960,30.0,70.0,50.0,50.0
24,48,1024,0,0,1,1,1,0,1,1,0,0,1,1,1,1,1,1,1,1,1,0,419.4611,7.970000,0.055400,8.030000,523502.5101,27.1400,1.7717,10.630,0.0400,1,5263,102960,20.0,80.0,40.0,60.0
24,50,1024,1,0,1,0,0,0,1,0,1,0,1,1,1,0,1,0,1,0,0,0,406.8299,7.730000,0.055400,7.780000,523502.5101,26.8300,1.7683,10.610,0.0300,1,5263,102960,20.0,80.0,90.0,10.0
24,54,1024,0,0,0,1,1,1,1,0,1,1,1,1,1,0,1,1,1,1,0,0,415.7770,7.900000,0.055400,7.950000,523502.5101,27.1300,1.7467,10.480,0.0200,1,5263,102960,30.0,70.0,40.0,60.0
24,62,1024,0,0,0,0,1,0,1,0,1,0,0,0,0,0,1,0,0,0,0,0,361.7786,6.874000,0.055200,6.930000,523502.5101,26.4100,1.7700,10.620,0.0200,1,5263,102960,60.0,40.0,100.0,0.0
24,67,1024,0,0,1,1,1,1,1,0,0,0,1,1,1,1,1,1,1,1,1,0,431.0397,8.190000,0.055400,8.250000,523502.5101,27.3200,1.7767,10.660,0.0100,1,5263,102960,20.0,80.0,40.0,60.0
24,70,1024,0,0,0,0,0,0,0,0,1,0,0,1,0,0,1,1,1,1,1,0,416.3033,7.910000,0.055400,7.970000,523502.5101,26.7500,1.7767,10.660,0.0200,1,5263,102960,60.0,40.0,70.0,30.0
24,71,1024,0,0,0,1,1,1,1,1,1,1,1,0,1,0,1,1,0,1,1,0,428.9345,8.150000,0.055400,8.200000,523502.5101,17.0000,1.7633,10.580,0.1100,1,5263,102960,30.0,70.0,40.0,60.0
24,72,1024,0,0,1,0,1,0,1,0,1,1,1,0,1,0,1,0,1,0,0,0,415.7770,7.900000,0.055400,7.960000,523502.5101,26.9300,1.7867,10.720,0.0100,1,5263,102960,20.0,80.0,90.0,10.0
24,74,1024,0,0,1,0,1,0,0,0,1,0,1,0,1,1,1,0,1,0,0,1,1000000000.0000,7.470000,0.055400,7.530000,523502.5101,-100.0000,1.7717,10.630,0.0200,1,-1,-1,30.0,70.0,80.0,20.0
24,77,1024,1,1,0,0,1,1,1,1,1,1,0,0,0,0,1,1,1,1,1,0,1000000000.0000,7.890000,0.055400,7.950000,523502.5101,-100.0000,1.7417,10.450,0.2100,1,-1,-1,30.0,70.0,40.0,60.0
24,80,1024,1,1,0,0,1,1,1,1,1,0,1,0,0,0,1,0,1,1,0,0,1000000000.0000,8.000000,0.055400,8.050000,523502.5101,-100.0000,1.7683,10.610,0.0600,1,-1,-1,30.0,70.0,60.0,40.0
24,81,1024,0,0,1,0,0,0,1,0,0,0,1,1,1,0,1,0,1,0,1,0,1000000000.0000,7.330000,0.055400,7.380000,523502.5101,-100.0000,1.7567,10.540,0.1000,1,-1,-1,30.0,70.0,90.0,10.0
24,82,1024,1,1,0,0,1,0,1,0,1,0,1,1,0,0,1,1,1,0,1,0,1000000000.0000,8.110000,0.055400,8.160000,523502.5101,-100.0000,1.7733,10.640,0.0200,1,-1,-1,20.0,80.0,70.0,30.0
24,89,1024,0,0,1,1,1,0,1,1,1,1,1,1,1,1,1,1,1,1,0,0,1000000000.0000,8.310000,0.055400,8.370000,523502.5101,-100.0000,1.7700,10.620,0.0600,1,-1,-1,20.0,80.0,30.0,70.0
24,90,1024,1,0,0,0,1,0,1,1,1,1,0,1,1,0,0,0,1,0,0,0,414.1981,7.870000,0.055400,7.930000,523502.5101,6.4100,1.7800,10.680,0.0000,1,5263,102960,40.0,60.0,70.0,30.0
24,93,1024,0,0,0,1,0,1,1,1,1,1,1,1,1,1,1,1,1,1,1,0,429.4608,8.160000,0.055400,8.220000,523502.5101,27.9800,1.7550,10.530,0.1200,1,5263,102960,30.0,70.0,20.0,80.0
24,94,1024,0,0,0,0,1,0,0,1,1,1,0,0,1,1,1,1,1,1,1,0,420.5137,7.990000,0.055400,8.040000,523502.5101,27.2900,1.7800,10.680,0.0000,1,5263,102960,40.0,60.0,50.0,50.0
24,95,1024,1,1,1,1,1,1,1,1,1,1,0,0,0,0,0,0,0,0,1,1,1000000000.0000,8.030000,0.055400,8.090000,523502.5101,-100.0000,1.7767,10.660,0.0100,1,-1,-1,40.0,60.0,40.0,60.0
24,99,1024,1,0,1,0,0,0,1,0,0,0,1,1,0,0,1,0,1,0,1,0,402.0932,7.640000,0.055400,7.690000,523502.5101,26.7300,1.7617,10.570,0.0900,1,5263,102960,30.0,70.0,90.0,10.0
25,0,1024,0,0,0,0,1,1,1,1,1,0,0,0,1,0,1,0,0,1,1,0,411.5666,7.820000,0.055400,7.870000,523502.5101,26.6700,1.7783,10.670,0.0000,1,5263,102960,40.0,60.0,70.0,30.0
25,2,1024,0,0,1,1,1,0,1,1,1,1,1,1,1,1,0,0,1,1,1,1,417.3559,7.930000,0.055400,7.990000,523502.5101,10.3300,1.7733,10.640,0.0100,1,5263,102960,20.0,80.0,30.0,70.0
25,3,1024,0,0,0,1,1,1,1,0,1,1,1,1,1,1,1,1,0,0,0,0,419.4611,7.970000,0.055400,8.030000,523502.5101,27.0800,1.7717,10.630,0.0300,1,5263,102960,40.0,60.0,40.0,60.0
25,4,1024,1,0,1,0,0,0,1,0,1,1,0,1,1,0,1,0,1,0,1,0,395.2513,7.510000,0.055400,7.560000,523502.5101,6.6200,1.7783,10.670,0.0100,1,5263,102960,20.0,80.0,80.0,20.0
25,7,1024,0,0,1,0,0,0,1,1,1,1,1,0,1,0,1,1,0,1,0,0,414.7244,7.880000,0.055400,7.940000,523502.5101,16.8000,1.7500,10.500,0.1600,1,5263,102960,40.0,60.0,60.0,40.0
25,9,1024,0,0,0,0,0,1,1,1,1,1,1,1,1,1,1,1,1,1,1,0,441.0394,8.380000,0.055400,8.440000,523502.5101,27.9800,1.7717,10.630,0.0400,1,5263,102960,30.0,70.0,30.0,70.0
25,11,1024,0,0,0,0,1,1,1,1,1,1,1,1,0,0,0,0,0,0,0,0,415.7770,7.900000,0.055400,7.950000,523502.5101,26.5900,1.7717,10.630,0.0300,1,5263,102960,60.0,40.0,60.0,40.0
25,13,1024,0,0,0,0,0,1,0,0,0,0,0,1,0,0,1,1,1,1,1,0,401.0406,7.620000,0.055400,7.670000,523502.5101,26.7400,1.7733,10.640,0.0200,1,5263,102960,70.0,30.0,60.0,40.0
25,19,1024,0,0,0,0,1,0,1,0,1,0,1,1,1,1,0,0,1,1,1,0,412.6192,7.840000,0.055400,7.900000,523502.5101,26.7500,1.7750,10.650,0.0200,1,5263,102960,30.0,70.0,70.0,30.0
25,21,1024,1,0,1,0,1,1,0,1,1,1,1,0,1,0,1,1,0,1,0,0,414.7244,7.880000,0.055400,7.930000,523502.5101,5.8300,1.7283,10.370,0.2800,1,5263,102960,30.0,70.0,50.0,50.0
25,22,1024,0,0,0,0,1,0,1,1,1,0,0,0,1,0,1,0,1,1,1,0,429.9871,8.170000,0.055400,8.220000,523502.5101,26.8100,1.7767,10.660,0.0200,1,5263,102960,30.0,70.0,80.0,20.0
25,25,1024,0,0,0,0,1,0,1,0,0,0,0,0,0,0,0,0,1,1,0,0,381.5675,7.250000,0.055400,7.310000,523502.5101,26.4300,1.7750,10.650,0.0200,1,5263,102960,70.0,30.0,90.0,10.0
25,26,1024,0,0,0,1,0,1,1,1,1,0,1,1,1,1,1,1,1,1,1,0,1000000000.0000,8.280000,0.055400,8.340000,523502.5101,-100.0000,1.7567,10.540,0.0000,1,-1,-1,30.0,70.0,30.0,70.0
25,29,1024,0,0,0,0,1,1,0,0,0,0,0,1,0,0,1,1,1,1,1,0,422.6189,8.030000,0.055400,8.090000,523502.5101,26.6500,1.7783,10.670,0.0100,1,5263,102960,60.0,40.0,60.0,40.0
25,31,1024,0,0,0,0,0,0,1,1,0,0,1,0,0,0,1,1,1,1,1,0,410.5140,7.800000,0.055400,7.850000,523502.5101,26.7700,1.7483,10.490,0.0000,1,5263,102960,50.0,50.0,70.0,30.0
25,35,1024,0,0,0,0,1,1,1,1,0,0,1,1,1,0,0,0,1,1,1,0,426.8293,8.110000,0.055400,8.170000,523502.5101,26.6600,1.7700,10.620,0.0300,1,5263,102960,40.0,60.0,60.0,40.0
25,39,1024,0,0,0,0,1,1,1,0,1,1,0,0,0,0,1,1,1,1,0,0,414.7244,7.880000,0.055400,7.930000,523502.5101,26.6900,1.7217,10.330,0.3100,1,5263,102960,50.0,50.0,60.0,40.0
25,40,1024,1,0,0,0,1,1,1,1,1,1,1,1,0,0,1,0,1,1,1,0,423.6715,8.050000,0.055400,8.100000,523502.5101,26.9600,1.7717,10.630,0.0500,1,5263,102960,20.0,80.0,50.0,50.0
25,41,1024,1,0,1,0,0,1,1,0,1,0,0,0,1,0,1,0,1,0,1,0,409.9877,7.790000,0.055400,7.840000,523502.5101,26.7200,1.7617,10.570,0.0800,1,5263,102960,20.0,80.0,90.0,10.0
25,46,1024,0,0,0,0,1,0,1,0,1,1,1,0,1,1,1,0,1,1,1,0,410.5140,7.800000,0.055400,7.850000,523502.5101,26.9900,1.7433,10.460,0.2100,1,5263,102960,20.0,80.0,70.0,30.0
25,49,1024,0,0,1,1,1,0,0,0,1,1,1,1,1,1,1,1,1,1,1,1,434.1975,8.250000,0.055400,8.310000,523502.5101,21.7600,1.7650,10.590,0.0700,1,5263,102960,20.0,80.0,30.0,70.0
25,50,1024,1,0,1,0,0,0,1,0,0,0,1,1,1,0,1,0,1,0,0,1,389.4620,7.400000,0.055400,7.450000,523502.5101,9.8600,1.7733,10.640,0.0200,1,5263,102960,30.0,70.0,80.0,20.0
25,52,1024,0,0,1,0,0,0,1,0,1,0,0,0,1,0,1,0,1,0,1,0,1000000000.0000,6.823000,0.055200,6.880000,523502.5101,-100.0000,1.7917,10.750,0.0000,1,-1,-1,30.0,70.0,100.0,0.0
25,54,1024,0,0,1,1,1,0,1,0,0,0,1,1,0,0,1,1,1,1,1,0,1000000000.0000,8.180000,0.055400,8.230000,523502.5101,-100.0000,1.7800,10.680,0.0300,1,-1,-1,30.0,70.0,60.0,40.0
25,56,1024,1,1,0,0,1,1,1,0,1,1,1,1,0,1,1,1,1,1,0,0,1000000000.0000,7.910000,0.055400,7.960000,523502.5101,-100.0000,1.7733,10.640,0.0100,1,-1,-1,30.0,70.0,30.0,70.0
25,57,1024,0,0,1,0,1,0,0,0,1,0,1,0,0,0,1,0,1,0,1,0,366.3048,6.960000,0.055200,7.010000,523502.5101,26.6900,1.7417,10.450,0.2600,1,5263,102960,30.0,70.0,100.0,0.0
25,58,1024,1,0,0,0,1,0,1,0,1,0,1,1,0,0,1,1,1,0,1,0,398.4091,7.570000,0.055400,7.620000,523502.5101,26.8200,1.7750,10.650,0.0200,1,5263,102960,20.0,80.0,80.0,20.0
25,59,1024,0,0,0,0,1,1,1,1,1,0,0,0,0,0,1,0,0,1,1,0,364.2522,6.921000,0.055400,6.970000,523502.5101,26.4500,1.7750,10.650,0.0300,1,5263,102960,50.0,50.0,70.0,30.0
25,61,1024,0,0,0,0,0,0,0,0,0,0,1,0,0,0,1,1,1,1,1,0,413.1455,7.850000,0.055400,7.900000,523502.5101,26.7200,1.7783,10.670,0.0100,1,5263,102960,60.0,40.0,80.0,20.0
25,64,1024,1,0,0,0,0,0,1,1,1,1,1,1,0,0,1,1,1,1,0,0,418.4085,7.950000,0.055400,8.000000,523502.5101,26.9500,1.7783,10.670,0.0200,1,5263,102960,40.0,60.0,50.0,50.0
25,66,1024,1,0,0,0,1,0,1,1,1,1,1,1,1,1,1,0,1,1,1,0,414.7244,7.880000,0.055400,7.940000,523502.5101,27.1800,1.7550,10.530,0.1300,1,5263,102960,10.0,90.0,50.0,50.0
25,67,1024,0,0,1,1,0,0,1,1,1,1,1,1,1,1,1,1,1,1,1,0,423.6715,8.050000,0.055400,8.110000,523502.5101,27.7500,1.7433,10.460,0.2000,1,5263,102960,20.0,80.0,30.0,70.0
25,68,1024,0,0,0,0,1,0,1,0,1,0,0,0,1,1,0,0,0,0,0,0,369.9889,7.030000,0.055400,7.090000,523502.5101,26.4800,1.7733,10.640,0.0200,1,5263,102960,60.0,40.0,90.0,10.0
25,76,1024,0,0,1,0,1,0,1,1,1,1,1,0,1,1,1,0,1,1,1,0,414.1981,7.870000,0.055400,7.930000,523502.5101,26.8800,1.7750,10.650,0.0100,1,5263,102960,10.0,90.0,60.0,40.0
25,77,1024,0,0,0,0,1,1,0,0,1,1,1,1,0,0,0,0,1,1,0,0,1000000000.0000,8.060000,0.055400,8.120000,523502.5101,-100.0000,1.7750,10.650,0.0300,1,-1,-1,60.0,40.0,60.0,40.0
25,83,1024,1,0,0,0,0,0,1,0,1,0,0,0,1,0,1,0,1,0,1,0,1000000000.0000,7.030000,0.055200,7.090000,523502.5101,-100.0000,1.7533,10.520,0.1500,1,-1,-1,30.0,70.0,100.0,0.0
25,84,1024,1,1,0,0,1,1,1,0,1,0,0,0,0,0,1,0,0,1,1,0,1000000000.0000,8.050000,0.055400,8.100000,523502.5101,-100.0000,1.7767,10.660,0.0200,1,-1,-1,40.0,60.0,70.0,30.0
25,85,1024,1,0,1,1,0,1,1,1,0,0,0,0,0,0,1,0,0,0,1,0,426.3030,8.100000,0.055400,8.150000,523502.5101,26.3700,1.7517,10.510,-0.0600,0,5263,102960,50.0,50.0,70.0,30.0
25,87,1024,1,0,1,1,1,0,1,1,1,1,1,1,1,1,0,0,1,1,1,0,415.7770,7.900000,0.055400,7.950000,523502.5101,26.9100,1.7700,10.620,0.0500,1,5263,102960,10.0,90.0,40.0,60.0
25,88,1024,1,1,0,1,1,1,1,1,1,1,1,0,0,0,1,0,1,1,0,0,414.7244,7.880000,0.055400,7.930000,523502.5101,5.5900,1.7683,10.610,0.0600,1,5263,102960,30.0,70.0,40.0,60.0
25,89,1024,0,1,1,1,0,1,1,1,1,1,1,1,1,1,1,1,1,0,0,1,389.9883,7.410000,0.055400,7.460000,523502.5101,2.5700,1.7733,10.640,0.0100,1,5263,102960,30.0,70.0,10.0,90.0
25,94,1024,0,0,1,0,1,1,1,1,1,1,1,0,1,0,1,1,1,0,0,0,441.5657,8.390000,0.055400,8.450000,523502.5101,27.0600,1.7783,10.670,0.0100,1,5263,102960,20.0,80.0,60.0,40.0
25,95,1024,0,0,1,0,1,0,1,0,1,0,0,0,1,1,1,1,1,1,1,0,417.3559,7.930000,0.055400,7.990000,523502.5101,27.2800,1.7750,10.650,0.0400,1,5263,102960,20.0,80.0,70.0,30.0
25,97,1024,1,0,1,1,1,0,1,1,1,1,1,1,1,1,1,1,0,0,1,0,422.6189,8.030000,0.055400,8.090000,523502.5101,27.2200,1.7733,10.640,0.0200,1,5263,102960,10.0,90.0,40.0,60.0
26,1,1024,0,0,0,0,1,1,1,0,1,0,0,0,0,0,1,0,1,1,1,0,399.9880,7.600000,0.055400,7.650000,523502.5101,26.6100,1.7500,10.500,0.1500,1,5263,102960,40.0,60.0,80.0,20.0
26,4,1024,0,0,0,0,0,0,0,0,1,1,0,1,0,0,1,1,1,1,1,0,407.3562,7.740000,0.055400,7.790000,523502.5101,6.4300,1.7800,10.680,0.0100,1,5263,102960,60.0,40.0,60.0,40.0
26,8,1024,0,0,0,0,0,0,1,0,1,1,0,0,0,0,1,1,1,1,0,0,423.6715,8.050000,0.055400,8.110000,523502.5101,26.7500,1.7617,10.570,0.1000,1,5263,102960,60.0,40.0,70.0,30.0
26,10,1024,0,0,0,0,1,0,0,0,1,1,0,0,1,1,1,0,1,1,1,0,409.9877,7.790000,0.055400,7.840000,523502.5101,26.8000,1.7767,10.660,0.0100,1,5263,102960,40.0,60.0,70.0,30.0
26,16,1024,1,0,0,1,1,1,1,1,1,1,1,1,1,1,1,1,1,1,1,0,359.5155,6.831000,0.055400,6.880000,523502.5101,28.1300,1.7700,10.620,0.0800,1,5263,102960,10.0,90.0,20.0,80.0
26,19,1024,0,0,0,0,0,0,1,1,1,1,1,1,0,0,0,0,1,1,0,0,407.8825,7.750000,0.055400,7.810000,523502.5101,26.7100,1.7500,10.500,0.0000,1,5263,102960,60.0,40.0,60.0,40.0
26,20,1024,0,0,0,0,1,1,0,0,1,1,0,0,0,0,1,0,1,1,1,0,420.5137,7.990000,0.055400,8.050000,523502.5101,26.5900,1.7733,10.640,0.0400,1,5263,102960,50.0,50.0,70.0,30.0
26,21,1024,0,0,0,0,1,0,1,0,1,1,1,0,1,0,1,0,1,0,1,0,397.3565,7.550000,0.055400,7.600000,523502.5101,27.0200,1.7533,10.520,0.1300,1,5263,102960,20.0,80.0,90.0,10.0
26,23,1024,0,0,0,0,0,0,0,0,0,0,1,1,0,0,1,0,1,1,1,0,405.2510,7.700000,0.055400,7.760000,523502.5101,26.5800,1.7400,10.440,0.2200,1,5263,102960,60.0,40.0,80.0,20.0
26,25,1024,1,0,0,0,0,1,1,1,0,0,0,0,0,0,0,1,0,0,1,0,424.7241,8.070000,0.055400,8.130000,523502.5101,26.3000,1.7767,10.660,0.0000,1,5263,102960,70.0,30.0,70.0,30.0
26,27,1024,1,0,1,0,0,0,1,0,1,0,0,1,1,1,1,0,1,0,1,0,409.9877,7.790000,0.055400,7.840000,523502.5101,26.7200,1.7183,10.310,0.2500,1,5263,102960,20.0,80.0,80.0,20.0
26,28,1024,1,1,1,1,0,1,1,1,1,1,1,1,1,1,1,1,0,1,0,1,361.3050,6.865000,0.055400,6.920000,523502.5101,9.7100,1.7200,10.320,0.0700,1,5263,102960,30.0,70.0,0.0,100.0
26,30,1024,0,0,0,1,1,1,1,0,0,0,1,1,1,1,1,1,1,1,0,0,1000000000.0000,8.220000,0.055400,8.270000,523502.5101,-100.0000,1.7767,10.660,0.0000,1,-1,-1,40.0,60.0,40.0,60.0
26,32,1024,0,0,0,1,0,1,1,1,1,0,0,0,0,0,1,0,0,0,1,0,421.0400,8.000000,0.055400,8.050000,523502.5101,26.4700,1.7650,10.590,0.0700,1,5263,102960,60.0,40.0,70.0,30.0
26,34,1024,0,0,1,1,1,0,0,0,1,0,1,0,1,1,1,0,1,0,1,0,421.0400,8.000000,0.055400,8.050000,523502.5101,26.7500,1.7767,10.660,0.0000,1,5263,102960,20.0,80.0,80.0,20.0
26,37,1024,0,1,0,0,1,0,0,1,1,0,1,1,1,1,0,0,1,1,1,0,415.2507,7.890000,0.055400,7.950000,523502.5101,14.1800,1.7700,10.620,0.0000,1,5263,102960,40.0,60.0,50.0,50.0
26,38,1024,0,0,1,0,0,0,0,0,0,0,1,1,0,0,0,0,1,1,1,0,399.9880,7.600000,0.055400,7.650000,523502.5101,26.5600,1.7683,10.610,0.0400,1,5263,102960,60.0,40.0,80.0,20.0
26,40,1024,0,0,0,0,1,0,1,0,1,0,1,1,0,0,1,1,1,1,0,1,406.3036,7.720000,0.055400,7.780000,523502.5101,10.4500,1.7750,10.650,0.0200,1,5263,102960,40.0,60.0,60.0,40.0
26,42,1024,0,0,1,0,1,0,1,1,1,0,1,1,1,0,1,1,1,1,1,0,421.5663,8.010000,0.055400,8.060000,523502.5101,27.0200,1.7533,10.520,0.0400,1,5263,102960,10.0,90.0,60.0,40.0
26,44,1024,1,0,0,0,1,1,1,0,1,1,1,1,1,1,1,1,1,1,0,0,421.5663,8.010000,0.055400,8.070000,523502.5101,27.5100,1.7700,10.620,0.0300,1,5263,102960,20.0,80.0,40.0,60.0
26,45,1024,0,0,0,0,1,0,1,0,1,0,0,0,1,1,1,1,1,1,1,0,402.6195,7.650000,0.055400,7.710000,523502.5101,27.2800,1.7733,10.640,0.0400,1,5263,102960,30.0,70.0,70.0,30.0
26,46,1024,0,0,0,0,1,1,1,1,0,0,1,1,1,0,0,0,1,0,1,0,427.3556,8.120000,0.055400,8.170000,523502.5101,26.6400,1.7717,10.630,0.0400,1,5263,102960,40.0,60.0,70.0,30.0
26,47,1024,0,0,1,0,1,0,0,0,1,0,1,0,0,0,1,1,1,0,1,0,406.8299,7.730000,0.055400,7.790000,523502.5101,26.7800,1.7733,10.640,0.0300,1,5263,102960,30.0,70.0,90.0,10.0
26,51,1024,1,0,0,0,1,1,1,1,1,1,1,1,0,0,1,1,0,0,1,0,1000000000.0000,8.130000,0.055400,8.180000,523502.5101,-100.0000,1.7700,10.620,0.0400,1,-1,-1,30.0,70.0,50.0,50.0
26,52,1024,0,0,0,1,0,0,0,0,0,0,0,1,0,0,1,1,1,1,1,0,1000000000.0000,7.970000,0.055400,8.020000,523502.5101,-100.0000,1.7700,10.620,0.0300,1,-1,-1,70.0,30.0,60.0,40.0
26,57,1024,1,1,1,0,0,0,1,0,1,0,1,1,1,0,1,0,1,0,1,0,1000000000.0000,8.030000,0.055400,8.090000,523502.5101,-100.0000,1.7783,10.670,0.0100,1,-1,-1,10.0,90.0,80.0,20.0
26,59,1024,0,0,0,0,1,1,1,1,1,1,0,0,1,1,1,1,1,1,0,0,1000000000.0000,8.080000,0.055400,8.130000,523502.5101,-100.0000,1.7617,10.570,0.0600,1,-1,-1,40.0,60.0,40.0,60.0
26,63,1024,1,1,1,0,1,0,1,1,1,1,1,1,1,0,1,0,1,0,1,0,419.9874,7.980000,0.055400,8.040000,523502.5101,16.7200,1.7567,10.540,0.1100,1,5263,102960,0.0,100.0,60.0,40.0
26,67,1024,0,0,0,0,1,0,1,1,1,1,1,0,0,0,1,0,1,1,1,0,409.4614,7.780000,0.055400,7.830000,523502.5101,26.7500,1.7217,10.330,0.1900,1,5263,102960,30.0,70.0,70.0,30.0
26,70,1024,1,1,0,0,1,1,1,1,1,1,1,1,1,1,1,1,1,1,0,1,415.2507,7.890000,0.055400,7.940000,523502.5101,3.2900,1.7733,10.640,0.0100,1,5263,102960,20.0,80.0,10.0,90.0
26,71,1024,0,0,0,0,1,0,1,1,1,0,1,1,0,0,1,1,1,1,1,0,420.5137,7.990000,0.055400,8.050000,523502.5101,26.8700,1.7750,10.650,0.0200,1,5263,102960,30.0,70.0,60.0,40.0
26,73,1024,1,1,0,0,0,1,1,1,1,1,0,0,0,0,1,0,0,0,1,0,429.9871,8.170000,0.055400,8.220000,523502.5101,15.6800,1.7633,10.580,0.0900,1,5263,102960,50.0,50.0,60.0,40.0
26,77,1024,0,0,1,0,1,0,1,1,1,0,0,0,0,0,1,1,1,0,1,0,418.4085,7.950000,0.055400,8.000000,523502.5101,26.7100,1.7717,10.630,0.0200,1,5263,102960,30.0,70.0,80.0,20.0
26,78,1024,1,0,0,0,0,0,1,0,1,0,1,1,1,1,1,1,1,1,1,0,418.4085,7.950000,0.055400,8.000000,523502.5101,27.3700,1.7733,10.640,0.0300,1,5263,102960,20.0,80.0,60.0,40.0
26,79,1024,1,0,1,0,0,0,1,0,1,0,1,1,1,0,0,0,1,0,1,0,1000000000.0000,7.780000,0.055400,7.830000,523502.5101,-100.0000,1.7333,10.400,0.2600,1,-1,-1,20.0,80.0,90.0,10.0
26,80,1024,0,0,0,0,1,0,1,0,1,1,1,1,1,1,1,1,1,1,0,0,1000000000.0000,7.870000,0.055400,7.920000,523502.5101,-100.0000,1.7800,10.680,0.0100,1,-1,-1,30.0,70.0,50.0,50.0
26,82,1024,0,1,1,1,0,1,1,1,1,1,1,0,1,1,1,1,1,1,0,1,1000000000.0000,7.590000,0.055400,7.650000,523502.5101,-100.0000,1.7767,10.660,0.0100,1,-1,-1,30.0,70.0,10.0,90.0
26,85,1024,0,0,1,1,1,0,1,1,1,1,1,1,1,1,1,1,0,0,1,1,1000000000.0000,8.180000,0.055400,8.230000,523502.5101,-100.0000,1.7683,10.610,0.0800,1,-1,-1,20.0,80.0,30.0,70.0
26,88,1024,0,0,1,0,1,0,1,0,1,1,0,0,0,0,1,1,1,0,1,0,1000000000.0000,7.950000,0.055400,8.010000,523502.5101,-100.0000,1.7783,10.670,0.0200,1,-1,-1,30.0,70.0,80.0,20.0
26,89,1024,1,0,1,0,0,0,1,0,1,0,1,1,1,0,1,0,1,0,0,1,1000000000.0000,7.840000,0.055400,7.890000,523502.5101,-100.0000,1.7767,10.660,-0.0100,0,-1,-1,20.0,80.0,80.0,20.0
26,91,1024,0,0,0,1,0,1,1,1,0,0,0,0,0,0,1,0,1,1,1,0,426.3030,8.100000,0.055400,8.150000,523502.5101,26.4900,1.7700,10.620,0.0300,1,5263,102960,60.0,40.0,60.0,40.0
26,96,1024,0,0,1,1,0,0,1,0,1,1,1,0,1,1,1,1,1,1,0,1,416.3033,7.910000,0.055400,7.970000,523502.5101,11.0800,1.7767,10.660,0.0100,1,5263,102960,30.0,70.0,40.0,60.0
26,98,1024,0,0,1,0,1,0,0,0,1,0,1,1,1,0,1,1,1,0,0,0,399.9880,7.600000,0.055400,7.660000,523502.5101,26.7800,1.7733,10.640,0.0100,1,5263,102960,30.0,70.0,80.0,20.0
27,1,1024,0,0,1,0,1,0,0,0,1,0,1,0,1,1,1,0,1,1,1,0,401.0406,7.620000,0.055400,7.680000,523502.5101,26.7400,1.7750,10.650,0.0100,1,5263,102960,20.0,80.0,80.0,20.0
27,3,1024,0,0,0,0,1,0,1,0,1,1,0,0,0,0,1,1,1,1,0,0,416.3033,7.910000,0.055400,7.960000,523502.5101,26.7500,1.7567,10.540,0.1500,1,5263,102960,50.0,50.0,70.0,30.0
27,4,1024,1,0,1,1,1,1,1,1,1,1,1,1,1,1,1,1,1,1,0,0,435.7764,8.280000,0.055400,8.330000,523502.5101,27.7300,1.7683,10.610,0.0700,1,5263,102960,10.0,90.0,20.0,80.0
27,6,1024,0,0,0,1,1,0,1,0,0,0,1,1,0,0,0,0,0,0,0,0,425.7767,8.090000,0.055400,8.140000,523502.5101,26.4600,1.7733,10.640,0.0200,1,5263,102960,70.0,30.0,80.0,20.0
27,7,1024,1,0,1,1,1,0,1,1,1,1,1,1,1,1,1,0,1,1,1,0,356.0419,6.765000,0.055400,6.820000,523502.5101,27.1800,1.7683,10.610,0.0400,1,5263,102960,0.0,100.0,40.0,60.0
27,8,1024,0,0,0,0,1,1,1,0,1,0,1,0,1,1,1,0,0,1,1,0,423.6715,8.050000,0.055400,8.110000,523502.5101,26.7900,1.7783,10.670,0.0200,1,5263,102960,30.0,70.0,70.0,30.0
27,9,1024,0,0,0,0,0,0,0,0,0,0,1,1,0,0,0,0,0,0,1,0,404.7247,7.690000,0.055400,7.740000,523502.5101,26.4700,1.7750,10.650,0.0300,1,5263,102960,80.0,20.0,90.0,10.0
27,14,1024,0,0,0,0,1,1,1,0,0,0,1,1,1,1,1,1,1,1,0,0,422.0926,8.020000,0.055400,8.080000,523502.5101,27.0800,1.7767,10.660,0.0100,1,5263,102960,40.0,60.0,50.0,50.0
27,15,1024,0,0,0,0,1,0,1,0,1,0,0,0,0,0,1,1,0,0,0,0,381.5675,7.250000,0.055400,7.300000,523502.5101,26.5500,1.7717,10.630,0.0300,1,5263,102960,60.0,40.0,90.0,10.0
27,16,1024,1,0,1,0,0,0,1,0,1,0,1,1,1,0,1,1,1,0,1,0,367.8837,6.990000,0.055400,7.050000,523502.5101,26.9600,1.7167,10.300,0.2600,1,5263,102960,10.0,90.0,80.0,20.0
27,19,1024,0,0,0,0,1,1,1,1,1,1,1,1,1,0,0,0,1,1,0,0,425.2504,8.080000,0.055400,8.140000,523502.5101,26.9400,1.7767,10.660,0.0100,1,5263,102960,40.0,60.0,50.0,50.0
27,22,1024,0,0,0,0,1,1,1,0,1,1,0,0,1,0,1,1,1,1,0,0,418.4085,7.950000,0.055400,8.000000,523502.5101,26.8400,1.7700,10.620,0.0500,1,5263,102960,40.0,60.0,60.0,40.0
27,26,1024,0,0,0,0,1,1,1,0,1,0,1,1,0,0,1,1,1,1,1,0,412.0929,7.830000,0.055400,7.890000,523502.5101,26.9400,1.7750,10.650,0.0300,1,5263,102960,30.0,70.0,60.0,40.0
27,30,1024,1,0,0,0,1,1,1,1,0,0,1,1,1,1,1,1,1,0,1,0,417.3559,7.930000,0.055400,7.980000,523502.5101,27.0200,1.7617,10.570,0.0900,1,5263,102960,20.0,80.0,50.0,50.0
27,31,1024,0,0,0,0,0,0,1,1,0,0,0,0,1,1,1,1,1,1,1,0,412.6192,7.840000,0.055400,7.900000,523502.5101,27.0300,1.7800,10.680,0.0000,1,5263,102960,50.0,50.0,60.0,40.0
27,32,1024,0,0,0,0,1,0,1,0,1,0,0,0,0,0,0,0,1,1,0,0,424.1978,8.060000,0.055400,8.120000,523502.5101,26.4600,1.7567,10.540,0.1100,1,5263,102960,60.0,40.0,90.0,10.0
27,33,1024,0,0,1,1,0,0,1,1,1,1,1,1,1,1,1,1,1,0,1,0,423.1452,8.040000,0.055400,8.100000,523502.5101,27.5100,1.7683,10.610,0.0700,1,5263,102960,20.0,80.0,40.0,60.0
27,36,1024,0,0,0,0,1,1,1,0,1,1,1,1,1,1,0,0,1,1,0,0,421.5663,8.010000,0.055400,8.060000,523502.5101,26.8200,1.7783,10.670,0.0000,1,5263,102960,40.0,60.0,50.0,50.0
27,37,1024,1,0,1,1,1,1,1,1,0,1,1,1,1,1,1,1,1,0,1,0,434.7238,8.260000,0.055400,8.310000,523502.5101,6.1400,1.7750,10.650,0.0100,1,5263,102960,10.0,90.0,30.0,70.0
27,38,1024,1,0,0,1,1,1,1,1,1,1,1,1,1,1,1,0,1,1,1,0,445.2498,8.460000,0.055400,8.520000,523502.5101,27.4400,1.7733,10.640,0.0300,1,5263,102960,10.0,90.0,30.0,70.0
27,40,1024,1,1,0,0,1,0,1,1,0,0,1,1,1,1,1,1,1,1,1,0,436.3027,8.290000,0.055400,8.350000,523502.5101,16.6900,1.7717,10.630,0.0500,1,5263,102960,20.0,80.0,40.0,60.0
27,41,1024,0,0,0,0,1,1,1,0,0,0,0,0,0,0,1,1,1,1,0,0,419.9874,7.980000,0.055400,8.030000,523502.5101,26.6400,1.7783,10.670,0.0100,1,5263,102960,60.0,40.0,70.0,30.0
27,43,1024,0,0,0,0,1,1,1,0,1,1,0,0,0,0,1,0,1,1,1,0,1000000000.0000,7.950000,0.055400,8.000000,523502.5101,-100.0000,1.7667,10.600,0.0700,1,-1,-1,40.0,60.0,70.0,30.0
27,45,1024,0,0,0,0,1,0,1,1,1,0,1,0,1,1,1,0,1,1,1,0,1000000000.0000,6.781000,0.055400,6.840000,523502.5101,-100.0000,1.7750,10.650,0.0200,1,-1,-1,20.0,80.0,70.0,30.0
27,47,1024,0,0,0,0,0,0,1,1,0,0,0,1,1,0,0,0,1,1,1,0,1000000000.0000,7.760000,0.055400,7.820000,523502.5101,-100.0000,1.7333,10.400,0.2300,1,-1,-1,60.0,40.0,70.0,30.0
27,52,1024,0,0,0,0,1,0,1,0,0,0,1,0,1,0,1,0,1,0,1,0,1000000000.0000,7.180000,0.055200,7.230000,523502.5101,-100.0000,1.7883,10.730,0.0000,1,-1,-1,30.0,70.0,100.0,0.0
27,53,1024,0,0,1,0,0,1,0,0,1,0,1,1,1,0,1,1,1,0,1,0,420.5137,7.990000,0.055400,8.050000,523502.5101,26.8600,1.7733,10.640,0.0000,1,5263,102960,30.0,70.0,70.0,30.0
27,57,1024,0,0,0,0,1,1,1,1,1,1,1,0,0,0,1,0,1,1,1,0,416.8296,7.920000,0.055400,7.980000,523502.5101,26.9000,1.7800,10.680,0.0000,1,5263,102960,30.0,70.0,60.0,40.0
27,58,1024,1,1,0,0,1,1,1,0,1,1,0,0,0,0,1,1,1,1,0,0,411.5666,7.820000,0.055400,7.880000,523502.5101,15.9100,1.7767,10.660,0.0100,1,5263,102960,40.0,60.0,50.0,50.0
27,62,1024,0,0,0,0,1,0,0,1,1,1,1,1,1,1,1,0,1,1,1,0,409.9877,7.790000,0.055400,7.850000,523502.5101,26.9600,1.7683,10.610,0.0600,1,5263,102960,30.0,70.0,50.0,50.0
27,66,1024,1,1,1,1,0,0,1,1,1,1,1,1,1,1,1,1,0,1,0,1,413.1455,7.850000,0.055400,7.910000,523502.5101,2.3500,1.7717,10.630,0.0200,1,5263,102960,30.0,70.0,10.0,90.0
27,67,1024,0,0,0,0,1,1,1,0,1,0,0,0,0,0,0,0,1,1,1,0,410.5140,7.800000,0.055400,7.850000,523502.5101,26.5800,1.7233,10.340,0.2200,1,5263,102960,50.0,50.0,80.0,20.0
27,69,1024,0,0,1,0,1,0,1,0,1,0,0,1,0,0,1,1,1,0,1,0,406.8299,7.730000,0.055400,7.780000,523502.5101,26.7100,1.7700,10.620,0.0300,1,5263,102960,30.0,70.0,80.0,20.0
27,73,1024,0,0,1,0,1,0,0,0,1,0,1,0,0,0,1,0,1,0,0,0,376.8308,7.160000,0.055200,7.210000,523502.5101,26.6300,1.7900,10.740,0.0000,1,5263,102960,40.0,60.0,100.0,0.0
27,74,1024,0,0,1,1,1,1,1,1,1,1,0,1,1,1,1,1,1,1,1,0,1000000000.0000,8.260000,0.055400,8.320000,523502.5101,-100.0000,1.7750,10.650,0.0000,1,-1,-1,20.0,80.0,20.0,80.0
27,75,1024,1,0,1,0,0,0,1,0,1,0,0,0,1,1,1,0,1,0,1,0,1000000000.0000,1000.000000,0.000000,1000.000000,523502.5101,-100.0000,1.7750,10.650,0.0200,1,-1,-1,20.0,80.0,90.0,10.0
27,78,1024,0,0,1,0,1,1,1,0,1,0,1,0,1,0,1,0,1,0,1,0,1000000000.0000,7.900000,0.055400,7.960000,523502.5101,-100.0000,1.7467,10.480,0.1900,1,-1,-1,10.0,90.0,90.0,10.0
27,80,1024,0,0,1,0,1,0,1,1,1,0,1,0,1,1,1,0,1,0,1,0,1000000000.0000,7.800000,0.055400,7.860000,523502.5101,-100.0000,1.7667,10.600,0.0800,1,-1,-1,10.0,90.0,80.0,20.0
27,83,1024,0,0,1,0,1,0,1,0,0,0,0,0,0,0,1,1,1,0,0,0,1000000000.0000,7.460000,0.055400,7.510000,523502.5101,-100.0000,1.7750,10.650,0.0300,1,-1,-1,50.0,50.0,90.0,10.0
27,84,1024,1,0,0,0,0,0,1,1,1,1,1,1,1,1,1,1,1,1,1,0,1000000000.0000,6.871000,0.055400,6.930000,523502.5101,-100.0000,1.7633,10.580,0.0700,1,-1,-1,20.0,80.0,40.0,60.0
27,85,1024,1,1,1,1,1,1,0,0,1,1,1,1,1,1,1,1,1,1,1,1,1000000000.0000,1000.000000,0.000000,1000.000000,523502.5101,-100.0000,1.7783,10.670,0.0100,1,-1,-1,10.0,90.0,10.0,90.0
27,86,1024,1,0,1,0,1,0,1,1,1,1,1,0,1,0,1,1,0,1,0,0,1000000000.0000,7.950000,0.055400,8.000000,523502.5101,-100.0000,1.7767,10.660,0.0200,1,-1,-1,20.0,80.0,60.0,40.0
27,89,1024,0,0,0,0,1,1,1,0,1,0,1,0,0,0,1,0,0,1,1,0,422.0926,8.020000,0.055400,8.070000,523502.5101,26.6700,1.7750,10.650,0.0200,1,5263,102960,40.0,60.0,80.0,20.0
27,90,1024,0,0,1,0,1,0,1,1,1,1,1,1,1,1,1,1,1,1,1,1,431.5660,8.200000,0.055400,8.250000,523502.5101,22.0600,1.7967,10.780,-0.1800,0,5263,102960,10.0,90.0,30.0,70.0
27,91,1024,1,0,0,1,0,1,1,1,1,1,1,1,1,1,1,1,1,1,1,0,431.5660,8.200000,0.055400,8.260000,523502.5101,27.9800,1.7750,10.650,0.0200,1,5263,102960,20.0,80.0,20.0,80.0
27,93,1024,0,1,0,0,1,1,1,1,1,1,1,1,1,1,1,0,1,1,1,0,416.8296,7.920000,0.055400,7.970000,523502.5101,15.2100,1.7767,10.660,0.0100,1,5263,102960,20.0,80.0,30.0,70.0
27,95,1024,0,0,1,1,1,0,1,0,1,1,1,0,1,0,1,0,1,0,1,0,1000000000.0000,8.010000,0.055400,8.060000,523502.5101,-100.0000,1.7817,10.690,-0.0100,0,-1,-1,10.0,90.0,80.0,20.0
27,98,1024,0,0,0,1,0,0,0,0,0,0,1,1,1,0,1,1,1,0,1,0,1000000000.0000,1000.000000,0.000000,1000.000000,523502.5101,-100.0000,1.7150,10.290,0.2800,1,-1,-1,50.0,50.0,70.0,30.0
27,99,1024,0,1,1,0,0,1,1,1,1,1,1,1,1,1,1,1,1,1,0,1,1000000000.0000,8.120000,0.055400,8.170000,523502.5101,-100.0000,1.7783,10.670,0.0100,1,-1,-1,30.0,70.0,10.0,90.0
28,0,1024,0,0,1,0,0,0,1,0,1,0,1,1,1,0,1,1,1,0,1,0,397.8828,7.560000,0.055400,7.620000,523502.5101,26.9600,1.7733,10.640,0.0200,1,5263,102960,20.0,80.0,80.0,20.0
28,1,1024,0,0,0,0,0,0,1,0,1,0,1,1,1,0,0,0,1,1,1,0,408.4088,7.760000,0.055400,7.820000,523502.5101,26.8100,1.7417,10.450,0.1800,1,5263,102960,40.0,60.0,80.0,20.0
28,4,1024,1,0,0,0,1,1,1,1,1,1,1,1,1,1,1,1,1,1,0,0,426.8293,8.110000,0.055400,8.170000,523502.5101,27.7300,1.7767,10.660,0.0200,1,5263,102960,20.0,80.0,30.0,70.0
28,11,1024,1,0,0,1,1,1,1,1,1,1,1,1,1,1,1,1,1,1,0,0,424.7241,8.070000,0.055400,8.130000,523502.5101,27.7300,1.7600,10.560,0.1200,1,5263,102960,20.0,80.0,20.0,80.0
28,12,1024,0,0,0,0,0,0,0,0,0,0,0,0,0,0,0,0,1,1,1,0,398.4091,7.570000,0.055400,7.630000,523502.5101,26.5100,1.7733,10.640,0.0500,1,5263,102960,80.0,20.0,90.0,10.0
28,15,1024,1,0,0,1,1,1,1,1,1,1,0,0,1,1,1,1,1,1,1,0,439.4605,8.350000,0.055400,8.410000,523502.5101,27.3300,1.7733,10.640,0.0100,1,5263,102960,20.0,80.0,30.0,70.0
28,16,1024,1,1,1,1,0,0,1,1,1,1,0,0,1,1,1,1,1,1,0,1,420.5137,7.990000,0.055400,8.040000,523502.5101,3.6900,1.7750,10.650,0.0100,1,5263,102960,30.0,70.0,20.0,80.0
28,17,1024,0,0,1,0,1,0,0,0,1,0,1,1,1,1,1,0,1,0,1,0,431.0397,8.190000,0.055400,8.240000,523502.5101,26.8500,1.7750,10.650,0.0200,1,5263,102960,20.0,80.0,80.0,20.0
28,19,1024,0,0,0,0,1,0,1,0,1,0,0,0,1,0,1,0,0,0,0,0,364.1996,6.920000,0.055200,6.980000,523502.5101,26.5700,1.7900,10.740,0.0100,1,5263,102960,50.0,50.0,100.0,0.0
28,29,1024,1,0,0,0,1,0,1,0,1,1,1,0,1,0,1,0,1,0,1,0,411.5666,7.820000,0.055400,7.870000,523502.5101,27.0200,1.7600,10.560,0.1300,1,5263,102960,10.0,90.0,90.0,10.0
28,30,1024,0,0,0,0,1,0,0,0,1,0,0,0,0,0,0,0,1,0,1,0,367.3574,6.980000,0.055200,7.040000,523502.5101,26.5700,1.7667,10.600,0.0800,1,5263,102960,60.0,40.0,100.0,0.0
28,33,1024,0,1,0,0,1,0,0,0,1,0,1,1,0,0,0,0,1,1,1,0,415.2507,7.890000,0.055400,7.940000,523502.5101,13.9600,1.7767,10.660,0.0200,1,5263,102960,50.0,50.0,70.0,30.0
28,34,1024,1,0,0,0,1,1,1,1,1,0,1,1,1,1,1,1,0,0,1,0,1000000000.0000,8.570000,0.055400,8.630000,523502.5101,-100.0000,1.7683,10.610,0.0500,1,-1,-1,20.0,80.0,50.0,50.0
28,35,1024,0,0,0,0,1,0,1,0,0,0,0,0,1,1,1,0,0,1,1,0,359.2524,6.826000,0.055400,6.880000,523502.5101,26.6100,1.7683,10.610,0.0500,1,5263,102960,50.0,50.0,80.0,20.0
28,40,1024,0,0,0,0,1,0,1,0,1,1,0,1,1,1,1,1,1,1,1,0,407.8825,7.750000,0.055400,7.800000,523502.5101,6.8700,1.7800,10.680,0.0100,1,5263,102960,30.0,70.0,50.0,50.0
28,43,1024,0,0,0,0,0,1,1,1,0,0,1,0,1,1,1,1,1,1,1,0,421.5663,8.010000,0.055400,8.060000,523502.5101,27.1900,1.7833,10.700,0.0100,1,5263,102960,40.0,60.0,50.0,50.0
28,44,1024,0,0,0,0,0,0,0,0,1,0,1,0,1,0,0,0,1,1,1,0,377.8834,7.180000,0.055400,7.230000,523502.5101,26.6400,1.7683,10.610,0.0700,1,5263,102960,50.0,50.0,90.0,10.0
28,45,1024,1,0,1,0,0,0,1,0,1,0,0,1,1,1,0,0,1,0,1,0,407.8825,7.750000,0.055400,7.800000,523502.5101,26.6200,1.7750,10.650,0.0000,1,5263,102960,30.0,70.0,80.0,20.0
28,46,1024,1,1,1,0,1,0,1,1,1,1,1,1,0,0,0,0,1,0,1,0,433.6712,8.240000,0.055400,8.290000,523502.5101,16.0600,1.7783,10.670,0.0200,1,5263,102960,20.0,80.0,60.0,40.0
28,50,1024,1,0,1,0,1,1,1,0,1,0,1,1,1,0,1,1,1,0,1,0,423.6715,8.050000,0.055400,8.110000,523502.5101,26.9900,1.7550,10.530,0.1300,1,5263,102960,0.0,100.0,70.0,30.0
28,51,1024,1,0,1,0,1,0,0,0,1,0,1,0,0,0,1,0,1,0,1,0,346.0423,6.575000,0.055200,6.630000,523502.5101,26.6900,1.7783,10.670,0.0200,1,5263,102960,20.0,80.0,100.0,0.0
28,52,1024,0,0,0,0,1,1,0,0,0,0,1,1,0,0,0,0,1,1,1,0,416.8296,7.920000,0.055400,7.970000,523502.5101,26.4900,1.7783,10.670,-0.0100,0,5263,102960,60.0,40.0,70.0,30.0
28,53,1024,0,0,0,0,0,1,1,0,1,1,1,0,1,0,1,0,1,0,1,0,1000000000.0000,7.840000,0.055400,7.900000,523502.5101,-100.0000,1.7750,10.650,0.0200,1,-1,-1,30.0,70.0,80.0,20.0
28,54,1024,1,0,0,0,0,0,0,0,0,0,0,1,0,0,1,1,1,1,1,0,1000000000.0000,1000.000000,0.000000,1000.000000,523502.5101,-100.0000,1.7600,10.560,0.1100,1,-1,-1,60.0,40.0,70.0,30.0
28,56,1024,0,0,0,0,0,0,0,0,0,0,0,1,1,1,1,1,1,1,1,0,1000000000.0000,6.897000,0.055400,6.950000,523502.5101,-100.0000,1.7767,10.660,0.0200,1,-1,-1,60.0,40.0,60.0,40.0
28,57,1024,1,0,1,0,1,0,1,0,1,1,1,0,1,0,1,0,1,0,0,0,1000000000.0000,7.590000,0.055400,7.640000,523502.5101,-100.0000,1.7250,10.350,0.3400,1,-1,-1,10.0,90.0,90.0,10.0
28,58,1024,0,0,1,1,0,0,1,1,1,1,0,0,1,1,1,1,1,0,1,0,418.4085,7.950000,0.055400,8.000000,523502.5101,27.0300,1.7733,10.640,0.0100,1,5263,102960,30.0,70.0,50.0,50.0
28,59,1024,0,0,0,0,1,0,1,0,1,1,1,1,0,0,0,0,1,0,1,0,414.1981,7.870000,0.055400,7.930000,523502.5101,26.9000,1.7600,10.560,0.0200,1,5263,102960,40.0,60.0,80.0,20.0
28,62,1024,0,0,1,0,0,0,1,0,1,0,0,1,1,1,1,0,1,0,1,0,413.6718,7.860000,0.055400,7.910000,523502.5101,26.7200,1.7767,10.660,0.0200,1,5263,102960,30.0,70.0,80.0,20.0
28,63,1024,1,0,1,1,1,1,1,1,0,0,1,1,0,0,1,1,1,0,1,0,354.4104,6.734000,0.055400,6.780000,523502.5101,26.6800,1.7700,10.620,0.0600,1,5263,102960,20.0,80.0,50.0,50.0
28,64,1024,0,1,0,0,0,0,1,1,1,1,1,1,1,1,1,1,1,1,1,0,418.4085,7.950000,0.055400,8.010000,523502.5101,15.3600,1.7750,10.650,0.0100,1,5263,102960,30.0,70.0,30.0,70.0
28,65,1024,1,0,0,0,1,0,1,1,1,1,0,0,1,1,1,0,1,1,1,0,414.1981,7.870000,0.055400,7.920000,523502.5101,26.7700,1.7783,10.670,0.0100,1,5263,102960,20.0,80.0,60.0,40.0
28,66,1024,0,0,1,1,0,0,1,0,1,1,1,1,1,1,1,1,1,1,0,1,420.5137,7.990000,0.055400,8.050000,523502.5101,11.2600,1.7767,10.660,0.0000,1,5263,102960,30.0,70.0,30.0,70.0
28,67,1024,1,0,1,0,1,1,1,0,0,0,1,1,1,0,1,0,1,0,1,0,416.8296,7.920000,0.055400,7.970000,523502.5101,26.9000,1.7817,10.690,-0.0200,0,5263,102960,10.0,90.0,80.0,20.0
28,69,1024,0,0,0,0,1,1,0,0,1,1,1,1,1,1,1,1,1,0,1,0,417.3559,7.930000,0.055400,7.990000,523502.5101,27.1900,1.7117,10.270,0.2900,1,5263,102960,30.0,70.0,50.0,50.0
28,74,1024,0,0,0,1,0,1,1,1,0,0,0,0,0,0,1,0,0,0,1,1,427.3556,8.120000,0.055400,8.180000,523502.5101,9.8900,1.7800,10.680,0.0400,1,5263,102960,70.0,30.0,60.0,40.0
28,75,1024,1,0,0,0,1,1,0,0,0,1,0,0,0,0,1,1,1,1,1,0,1000000000.0000,7.750000,0.055400,7.800000,523502.5101,-100.0000,1.7550,10.530,0.1200,1,-1,-1,50.0,50.0,60.0,40.0
28,77,1024,1,1,0,0,1,1,1,1,1,1,1,1,0,0,1,1,1,1,1,1,1000000000.0000,7.990000,0.055400,8.050000,523502.5101,-100.0000,1.7633,10.580,0.1000,1,-1,-1,20.0,80.0,20.0,80.0
28,81,1024,0,0,0,0,1,1,1,0,1,0,0,0,1,1,1,0,0,1,0,1,1000000000.0000,7.730000,0.055400,7.790000,523502.5101,-100.0000,1.7717,10.630,0.0400,1,-1,-1,50.0,50.0,60.0,40.0
28,83,1024,1,0,1,0,0,0,1,0,1,1,0,1,1,1,1,0,1,0,1,0,1000000000.0000,7.850000,0.055400,7.900000,523502.5101,-100.0000,1.7533,10.520,0.1300,1,-1,-1,20.0,80.0,70.0,30.0
28,84,1024,0,0,0,0,1,1,0,0,1,1,1,0,0,0,1,1,1,1,1,0,407.3562,7.740000,0.055400,7.790000,523502.5101,26.8800,1.7167,10.300,0.2700,1,5263,102960,40.0,60.0,60.0,40.0
28,86,1024,0,0,1,1,1,0,1,1,1,1,1,1,1,1,1,1,0,1,1,1,420.5137,7.990000,0.055400,8.040000,523502.5101,10.7400,1.7700,10.620,0.0400,1,5263,102960,20.0,80.0,20.0,80.0
28,88,1024,1,1,1,0,1,0,1,1,1,0,1,1,1,0,0,0,1,0,1,0,421.5663,8.010000,0.055400,8.070000,523502.5101,16.1000,1.7750,10.650,0.0300,1,5263,102960,10.0,90.0,70.0,30.0
28,89,1024,0,0,1,0,1,0,0,0,1,0,0,0,0,0,1,0,1,0,1,0,362.0418,6.879000,0.055200,6.940000,523502.5101,26.6800,1.7800,10.680,0.0000,1,5263,102960,40.0,60.0,100.0,0.0
28,91,1024,1,0,1,0,1,0,0,0,1,0,1,1,1,0,1,1,1,1,1,0,440.5131,8.370000,0.055400,8.430000,523502.5101,26.9400,1.7750,10.650,0.0100,1,5263,102960,10.0,90.0,70.0,30.0
28,93,1024,1,0,1,0,0,0,1,0,1,0,0,0,1,0,1,1,1,0,1,0,429.9871,8.170000,0.055400,8.230000,523502.5101,26.8800,1.7767,10.660,0.0000,1,5263,102960,20.0,80.0,90.0,10.0
28,96,1024,1,0,0,0,1,1,1,0,0,1,1,1,1,1,1,1,1,1,0,0,422.0926,8.020000,0.055400,8.080000,523502.5101,27.2100,1.7717,10.630,0.0500,1,5263,102960,30.0,70.0,40.0,60.0
28,98,1024,0,0,0,0,1,0,1,1,1,1,1,0,1,1,1,0,1,1,0,0,407.8825,7.750000,0.055400,7.800000,523502.5101,26.7300,1.7783,10.670,0.0000,1,5263,102960,30.0,70.0,60.0,40.0
28,99,1024,0,0,0,0,1,1,0,0,1,1,0,0,0,0,1,0,1,1,0,0,426.3030,8.100000,0.055400,8.160000,523502.5101,26.4600,1.7733,10.640,0.0100,1,5263,102960,60.0,40.0,70.0,30.0
29,0,1024,1,0,1,1,1,1,1,1,0,0,1,1,1,0,1,1,1,0,1,0,417.3559,7.930000,0.055400,7.990000,523502.5101,26.8000,1.7783,10.670,0.0100,1,5263,102960,10.0,90.0,50.0,50.0
29,1,1024,0,0,0,0,0,0,1,0,1,0,1,1,1,0,1,0,1,1,1,0,399.9880,7.600000,0.055400,7.650000,523502.5101,26.8800,1.7767,10.660,0.0000,1,5263,102960,30.0,70.0,80.0,20.0
29,2,1024,1,0,0,0,1,0,1,0,1,1,1,0,1,1,1,0,0,0,1,0,417.3559,7.930000,0.055400,7.990000,523502.5101,26.9300,1.7717,10.630,0.0100,1,5263,102960,20.0,80.0,80.0,20.0
29,3,1024,1,1,1,0,1,0,1,1,1,1,1,1,1,0,1,1,1,0,1,0,411.5666,7.820000,0.055400,7.880000,523502.5101,16.7900,1.7783,10.670,0.0500,1,5263,102960,0.0,100.0,50.0,50.0
29,6,1024,1,0,1,0,0,0,1,0,0,0,1,1,1,0,1,1,1,0,1,0,408.4088,7.760000,0.055400,7.820000,523502.5101,26.9700,1.7800,10.680,0.0000,1,5263,102960,20.0,80.0,80.0,20.0
29,9,1024,0,0,0,1,1,1,1,0,1,1,0,0,1,1,1,1,1,1,0,0,420.5137,7.990000,0.055400,8.050000,523502.5101,27.0700,1.7367,10.420,0.2400,1,5263,102960,40.0,60.0,40.0,60.0
29,13,1024,1,0,1,0,1,1,1,0,1,0,1,1,1,0,1,1,1,0,0,1,423.1452,8.040000,0.055400,8.090000,523502.5101,9.9500,1.7733,10.640,0.0700,1,5263,102960,10.0,90.0,60.0,40.0
29,14,1024,1,1,1,0,1,1,1,1,1,1,1,1,1,0,0,0,1,0,1,0,453.1443,8.610000,0.055400,8.670000,523502.5101,16.6200,1.7500,10.500,0.0600,1,5263,102960,10.0,90.0,50.0,50.0
29,19,1024,0,0,0,0,1,1,0,0,1,0,1,1,1,0,0,0,1,1,1,0,412.6192,7.840000,0.055400,7.900000,523502.5101,26.6700,1.7667,10.600,0.0800,1,5263,102960,40.0,60.0,70.0,30.0
29,20,1024,0,0,1,0,1,0,0,0,1,0,1,1,0,0,1,0,1,0,1,0,399.9880,7.600000,0.055400,7.650000,523502.5101,26.6800,1.7467,10.480,0.1900,1,5263,102960,30.0,70.0,90.0,10.0
29,22,1024,1,0,1,0,0,0,1,0,1,0,1,1,1,1,1,1,1,0,1,0,411.5666,7.820000,0.055400,7.880000,523502.5101,27.1400,1.7767,10.660,0.0000,1,5263,102960,10.0,90.0,70.0,30.0
29,24,1024,0,0,1,1,1,0,1,1,1,1,1,1,1,0,1,1,1,1,1,1,427.3556,8.120000,0.055400,8.180000,523502.5101,10.8800,1.7683,10.610,0.0400,1,5263,102960,10.0,90.0,30.0,70.0
29,26,1024,1,0,0,0,1,1,0,0,1,1,1,1,1,1,1,1,1,0,1,0,1000000000.0000,8.540000,0.055400,8.590000,523502.5101,-100.0000,1.7650,10.590,0.0700,1,-1,-1,20.0,80.0,50.0,50.0
29,27,1024,0,0,1,1,0,0,0,0,0,0,0,1,0,0,1,1,1,1,1,0,422.6189,8.030000,0.055400,8.080000,523502.5101,26.7000,1.7750,10.650,0.0200,1,5263,102960,60.0,40.0,60.0,40.0
29,28,1024,0,0,1,1,0,0,1,0,1,1,1,1,1,1,1,0,1,1,1,0,411.0403,7.810000,0.055400,7.860000,523502.5101,27.1600,1.7733,10.640,0.0500,1,5263,102960,20.0,80.0,50.0,50.0
29,29,1024,0,0,1,1,1,0,1,0,0,0,1,1,1,1,1,1,0,1,1,0,423.1452,8.040000,0.055400,8.100000,523502.5101,17.0300,1.7550,10.530,0.1300,1,5263,102960,30.0,70.0,50.0,50.0
29,32,1024,1,0,1,0,1,1,1,0,1,0,0,1,1,0,1,0,1,0,1,0,422.6189,8.030000,0.055400,8.090000,523502.5101,26.7100,1.7733,10.640,0.0100,1,5263,102960,10.0,90.0,80.0,20.0
29,35,1024,0,0,0,0,1,0,1,0,1,0,0,0,0,0,1,0,0,1,0,0,382.6201,7.270000,0.055400,7.320000,523502.5101,26.3500,1.7750,10.650,0.0000,1,5263,102960,60.0,40.0,90.0,10.0
29,36,1024,1,1,0,0,1,1,1,1,1,1,0,0,0,0,1,0,1,0,1,0,444.7235,8.450000,0.055400,8.510000,523502.5101,15.9100,1.7850,10.710,0.0000,1,5263,102960,30.0,70.0,60.0,40.0
29,37,1024,0,0,0,0,1,0,1,0,1,0,1,1,1,1,0,0,1,0,1,0,416.8296,7.920000,0.055400,7.970000,523502.5101,26.7500,1.7700,10.620,0.0500,1,5263,102960,30.0,70.0,80.0,20.0
29,40,1024,1,0,0,1,0,0,1,1,1,1,1,1,1,1,1,1,1,1,1,0,425.7767,8.090000,0.055400,8.150000,523502.5101,27.7500,1.7767,10.660,0.0200,1,5263,102960,20.0,80.0,30.0,70.0
29,41,1024,1,0,1,1,0,1,1,1,0,0,1,1,1,1,1,1,1,0,1,0,415.2507,7.890000,0.055400,7.940000,523502.5101,27.0400,1.7517,10.510,0.1400,1,5263,102960,20.0,80.0,40.0,60.0
29,46,1024,1,1,1,0,0,1,1,1,1,1,1,1,1,0,0,0,1,0,1,0,1000000000.0000,7.930000,0.055400,7.990000,523502.5101,-100.0000,1.7700,10.620,0.0100,1,-1,-1,20.0,80.0,50.0,50.0
29,47,1024,0,0,0,0,0,0,0,0,1,0,1,1,1,0,1,0,1,1,1,0,1000000000.0000,7.470000,0.055400,7.530000,523502.5101,-100.0000,1.7783,10.670,0.0100,1,-1,-1,40.0,60.0,80.0,20.0
29,50,1024,1,0,0,0,0,1,1,0,0,0,1,0,0,0,1,0,0,0,1,0,1000000000.0000,7.750000,0.055400,7.800000,523502.5101,-100.0000,1.7750,10.650,0.0200,1,-1,-1,50.0,50.0,90.0,10.0
29,54,1024,1,0,1,1,1,1,1,1,1,1,1,0,1,0,1,1,0,1,0,0,1000000000.0000,7.930000,0.055400,7.980000,523502.5101,-100.0000,1.7700,10.620,0.0600,1,-1,-1,20.0,80.0,40.0,60.0
29,56,1024,0,1,1,1,1,1,1,1,1,1,1,1,1,1,1,1,1,1,0,1,1000000000.0000,7.180000,0.055400,7.240000,523502.5101,-100.0000,1.7050,10.230,0.3700,1,-1,-1,20.0,80.0,0.0,100.0
29,57,1024,1,0,0,0,0,1,1,0,1,0,0,0,0,0,1,0,0,0,1,0,1000000000.0000,8.080000,0.055400,8.140000,523502.5101,-100.0000,1.7750,10.650,0.0000,1,-1,-1,50.0,50.0,90.0,10.0
29,58,1024,0,0,1,1,0,0,1,1,1,1,1,1,1,1,0,0,1,1,1,0,1000000000.0000,7.900000,0.055400,7.960000,523502.5101,-100.0000,1.7100,10.260,0.3100,1,-1,-1,30.0,70.0,40.0,60.0
29,61,1024,0,0,1,0,1,0,1,1,1,0,1,1,1,0,0,0,1,1,1,0,407.8825,7.750000,0.055400,7.810000,523502.5101,26.8500,1.7567,10.540,0.1600,1,5263,102960,20.0,80.0,70.0,30.0
29,62,1024,0,0,0,0,1,1,0,0,1,1,1,0,1,1,1,1,1,1,1,0,426.8293,8.110000,0.055400,8.160000,523502.5101,27.2800,1.7717,10.630,0.0300,1,5263,102960,30.0,70.0,50.0,50.0
29,64,1024,0,0,1,0,1,0,0,0,1,0,0,0,1,1,1,0,1,0,1,0,386.8305,7.350000,0.055400,7.410000,523502.5101,26.7500,1.7750,10.650,0.0100,1,5263,102960,30.0,70.0,90.0,10.0
29,65,1024,0,0,1,1,1,0,0,0,1,0,0,0,0,0,0,0,1,0,1,0,412.6192,7.840000,0.055400,7.900000,523502.5101,26.5700,1.7767,10.660,0.0100,1,5263,102960,50.0,50.0,90.0,10.0
29,66,1024,0,0,1,1,0,0,0,0,0,0,1,1,0,0,0,0,1,1,1,0,413.1455,7.850000,0.055400,7.910000,523502.5101,26.5600,1.7267,10.360,0.2000,1,5263,102960,60.0,40.0,70.0,30.0
29,67,1024,0,0,0,0,1,1,1,0,1,1,0,0,1,1,1,0,0,1,1,0,416.8296,7.920000,0.055400,7.980000,523502.5101,26.6800,1.7750,10.650,0.0300,1,5263,102960,40.0,60.0,60.0,40.0
29,71,1024,1,1,1,1,0,1,1,1,1,1,1,0,0,0,1,0,1,1,0,0,1000000000.0000,8.020000,0.055400,8.080000,523502.5101,-100.0000,1.8250,10.950,-0.2700,0,-1,-1,30.0,70.0,40.0,60.0
29,72,1024,1,0,1,0,0,0,1,0,0,0,0,1,1,0,1,0,1,0,1,0,1000000000.0000,7.440000,0.055400,7.490000,523502.5101,-100.0000,1.7833,10.700,0.0200,1,-1,-1,30.0,70.0,90.0,10.0
29,74,1024,0,0,0,0,0,0,1,0,1,0,1,1,0,0,0,0,1,1,1,0,1000000000.0000,7.710000,0.055400,7.760000,523502.5101,-100.0000,1.7567,10.540,0.1300,1,-1,-1,50.0,50.0,80.0,20.0
29,76,1024,1,0,1,1,1,1,1,1,0,0,1,1,0,0,1,1,1,0,1,1,1000000000.0000,8.140000,0.055400,8.200000,523502.5101,-100.0000,1.7750,10.650,0.0000,1,-1,-1,20.0,80.0,40.0,60.0
29,77,1024,0,0,1,0,1,0,0,0,1,1,1,1,1,0,1,1,1,1,1,0,1000000000.0000,7.920000,0.055400,7.980000,523502.5101,-100.0000,1.7750,10.650,0.0200,1,-1,-1,20.0,80.0,60.0,40.0
29,78,1024,0,0,0,0,0,0,0,0,0,0,0,1,1,0,1,1,1,1,1,0,403.1458,7.660000,0.055400,7.720000,523502.5101,26.7100,1.7700,10.620,0.0500,1,5263,102960,60.0,40.0,70.0,30.0
29,79,1024,0,0,0,0,0,0,0,0,0,0,0,0,1,0,1,1,1,0,1,0,376.8308,7.160000,0.055400,7.210000,523502.5101,26.7000,1.7767,10.660,0.0100,1,5263,102960,60.0,40.0,90.0,10.0
29,82,1024,1,0,0,1,0,1,1,1,0,0,0,1,0,0,1,0,0,0,1,0,428.9345,8.150000,0.055400,8.210000,523502.5101,26.3000,1.7733,10.640,0.0500,1,5263,102960,60.0,40.0,60.0,40.0
29,85,1024,0,0,0,0,1,0,0,0,1,0,1,0,0,0,1,0,1,0,1,0,372.6204,7.080000,0.055200,7.140000,523502.5101,26.6900,1.7767,10.660,0.0800,1,5263,102960,40.0,60.0,100.0,0.0
29,86,1024,1,0,0,1,1,1,1,1,1,1,1,1,1,1,1,1,1,1,0,1,433.6712,8.240000,0.055400,8.290000,523502.5101,11.0500,1.7667,10.600,0.0600,1,5263,102960,20.0,80.0,10.0,90.0
29,89,1024,0,0,1,0,0,0,1,0,1,0,1,1,1,0,0,0,1,1,1,0,407.8825,7.750000,0.055400,7.810000,523502.5101,26.8100,1.7667,10.600,0.0700,1,5263,102960,30.0,70.0,80.0,20.0
29,92,1024,0,0,0,0,1,1,1,0,0,1,1,1,1,1,1,1,0,1,0,0,415.7770,7.900000,0.055400,7.960000,523502.5101,16.8700,1.7400,10.440,0.2000,1,5263,102960,50.0,50.0,40.0,60.0
29,93,1024,0,1,1,1,0,1,1,0,1,1,1,1,1,1,1,1,1,1,0,1,1000000000.0000,7.890000,0.055400,7.940000,523502.5101,-100.0000,1.7750,10.650,0.0000,1,-1,-1,30.0,70.0,10.0,90.0
29,95,1024,1,0,1,0,0,0,1,0,1,1,0,0,1,0,1,0,1,0,1,0,1000000000.0000,7.660000,0.055400,7.720000,523502.5101,-100.0000,1.7467,10.480,0.1900,1,-1,-1,20.0,80.0,90.0,10.0
29,96,1024,0,0,0,1,1,0,1,0,1,1,1,0,1,1,1,1,1,1,1,0,1000000000.0000,8.180000,0.055400,8.240000,523502.5101,-100.0000,1.7633,10.580,0.0900,1,-1,-1,20.0,80.0,50.0,50.0
29,97,1024,1,0,1,0,1,1,1,1,1,0,1,1,1,1,1,1,1,1,1,0,1000000000.0000,7.910000,0.055400,7.970000,523502.5101,-100.0000,1.7750,10.650,0.0200,1,-1,-1,0.0,100.0,40.0,60.0
30,0,1024,1,0,0,1,0,1,1,1,0,0,0,0,0,0,1,0,1,0,1,0,416.3033,7.910000,0.055400,7.960000,523502.5101,26.5400,1.7733,10.640,0.0500,1,5263,102960,50.0,50.0,70.0,30.0
30,2,1024,1,1,1,0,1,0,1,1,1,1,1,1,1,1,0,0,1,0,1,0,426.3030,8.100000,0.055400,8.160000,523502.5101,16.3400,1.7783,10.670,-0.0100,0,5263,102960,10.0,90.0,50.0,50.0
30,5,1024,1,0,1,1,0,1,1,0,0,0,0,0,0,0,1,0,0,0,1,0,423.6715,8.050000,0.055400,8.110000,523502.5101,26.4900,1.7750,10.650,0.0200,1,5263,102960,50.0,50.0,80.0,20.0
30,7,1024,1,0,1,1,1,0,1,0,1,1,1,0,1,0,1,0,1,0,1,0,416.8296,7.920000,0.055400,7.980000,523502.5101,27.0200,1.7717,10.630,0.0500,1,5263,102960,0.0,100.0,80.0,20.0
30,8,1024,0,0,1,1,1,1,1,0,1,0,0,0,1,1,1,0,0,1,1,0,421.0400,8.000000,0.055400,8.060000,523502.5101,26.6500,1.7783,10.670,0.0000,1,5263,102960,30.0,70.0,60.0,40.0
30,9,1024,1,0,1,0,0,0,1,0,1,0,0,1,1,0,1,1,1,0,0,0,398.4091,7.570000,0.055400,7.630000,523502.5101,26.7000,1.7383,10.430,0.1500,1,5263,102960,30.0,70.0,80.0,20.0
30,15,1024,1,0,0,0,1,1,0,0,1,1,0,0,0,0,1,1,1,1,1,0,407.3562,7.740000,0.055400,7.800000,523502.5101,26.8300,1.7150,10.290,0.3800,1,5263,102960,40.0,60.0,60.0,40.0
30,17,1024,1,0,1,0,0,0,1,0,1,0,1,1,1,0,1,1,1,1,1,0,358.6208,6.814000,0.055400,6.870000,523502.5101,27.0500,1.7767,10.660,0.0200,1,5263,102960,10.0,90.0,70.0,30.0
30,21,1024,1,0,1,1,1,0,1,0,1,1,1,1,1,1,1,0,1,1,1,0,423.1452,8.040000,0.055400,8.090000,523502.5101,27.1600,1.7733,10.640,0.0200,1,5263,102960,0.0,100.0,50.0,50.0
30,24,1024,1,1,1,1,0,0,1,1,1,1,0,0,0,0,0,0,0,0,0,0,418.4085,7.950000,0.055400,8.000000,523502.5101,16.0700,1.7633,10.580,0.1100,1,5263,102960,60.0,40.0,60.0,40.0
30,25,1024,1,0,1,1,1,0,1,0,0,0,1,1,1,1,1,1,1,1,1,0,424.1978,8.060000,0.055400,8.120000,523502.5101,27.3500,1.7733,10.640,0.0300,1,5263,102960,10.0,90.0,50.0,50.0
30,27,1024,0,0,0,1,1,0,1,1,1,1,1,1,1,1,0,0,1,1,1,0,411.5666,7.820000,0.055400,7.880000,523502.5101,26.9100,1.7617,10.570,0.0900,1,5263,102960,30.0,70.0,40.0,60.0
30,28,1024,0,0,1,0,1,0,1,0,1,1,1,0,1,0,1,1,1,0,1,0,1000000000.0000,7.510000,0.055400,7.570000,523502.5101,-100.0000,1.7367,10.420,0.0800,1,-1,-1,10.0,90.0,80.0,20.0
30,29,1024,1,0,1,0,0,0,1,0,1,0,0,1,1,0,0,0,1,0,1,0,392.0935,7.450000,0.055400,7.500000,523502.5101,26.6100,1.7817,10.690,0.0000,1,5263,102960,30.0,70.0,90.0,10.0
30,30,1024,0,0,1,0,1,0,0,0,1,0,1,0,0,0,1,0,0,0,1,0,372.6204,7.080000,0.055200,7.130000,523502.5101,26.5600,1.7800,10.680,0.0100,1,5263,102960,40.0,60.0,100.0,0.0
30,32,1024,1,1,1,1,1,1,1,1,1,1,1,1,1,0,1,1,1,1,1,1,404.7247,7.690000,0.055400,7.750000,523502.5101,3.9500,1.7783,10.670,0.0300,1,5263,102960,0.0,100.0,10.0,90.0
30,35,1024,0,0,0,1,1,1,0,1,1,0,0,0,1,1,1,1,1,1,0,0,427.3556,8.120000,0.055400,8.170000,523502.5101,6.5000,1.7750,10.650,0.0200,1,5263,102960,50.0,50.0,40.0,60.0
30,38,1024,0,0,1,0,0,0,1,1,1,1,1,1,1,1,1,1,1,1,1,0,414.1981,7.870000,0.055400,7.930000,523502.5101,27.7500,1.7750,10.650,0.0500,1,5263,102960,20.0,80.0,40.0,60.0
30,42,1024,0,0,0,0,1,1,1,1,1,1,0,0,0,0,1,1,0,0,1,0,420.5137,7.990000,0.055400,8.040000,523502.5101,26.5200,1.7617,10.570,0.1200,1,5263,102960,50.0,50.0,60.0,40.0
30,44,1024,0,0,1,1,0,0,0,0,1,0,1,1,1,0,0,0,1,1,1,0,406.8299,7.730000,0.055400,7.780000,523502.5101,26.7300,1.7533,10.520,0.1500,1,5263,102960,40.0,60.0,70.0,30.0
30,48,1024,0,0,0,0,0,0,1,0,1,1,1,1,1,1,1,1,1,0,1,0,412.6192,7.840000,0.055400,7.900000,523502.5101,27.5300,1.7450,10.470,0.1900,1,5263,102960,30.0,70.0,60.0,40.0
30,50,1024,1,0,1,1,0,1,1,1,0,0,1,1,0,0,1,1,1,0,1,0,424.1978,8.060000,0.055400,8.110000,523502.5101,26.7200,1.7733,10.640,0.0100,1,5263,102960,30.0,70.0,50.0,50.0
30,55,1024,0,0,1,1,0,0,1,1,1,1,1,0,1,1,1,1,1,1,1,0,1000000000.0000,7.900000,0.055400,7.950000,523502.5101,-100.0000,1.7500,10.500,0.1700,1,-1,-1,20.0,80.0,40.0,60.0
30,57,1024,0,0,0,0,1,1,0,0,1,1,1,1,1,1,1,0,1,0,1,0,1000000000.0000,7.940000,0.055400,8.000000,523502.5101,-100.0000,1.7733,10.640,0.0100,1,-1,-1,30.0,70.0,60.0,40.0
30,58,1024,0,0,1,1,0,0,0,0,0,0,1,1,1,0,1,1,1,0,1,0,1000000000.0000,8.280000,0.055400,8.340000,523502.5101,-100.0000,1.7633,10.580,0.0900,1,-1,-1,40.0,60.0,70.0,30.0
30,63,1024,1,0,1,0,0,0,0,0,1,0,1,1,1,0,1,0,1,0,1,0,391.0409,7.430000,0.055400,7.490000,523502.5101,26.8000,1.7667,10.600,0.0400,1,5263,102960,20.0,80.0,90.0,10.0
30,68,1024,0,0,1,1,0,1,1,0,1,1,1,1,1,1,1,1,1,1,1,0,433.1449,8.230000,0.055400,8.290000,523502.5101,27.7200,1.7583,10.550,0.1000,1,5263,102960,20.0,80.0,30.0,70.0
30,71,1024,0,0,0,0,1,1,0,0,1,1,1,0,0,0,1,1,0,1,1,0,410.5140,7.800000,0.055400,7.860000,523502.5101,16.8400,1.7417,10.450,0.2200,1,5263,102960,50.0,50.0,60.0,40.0
30,72,1024,1,0,1,0,0,0,1,0,1,0,1,0,1,0,1,1,1,0,1,0,408.4088,7.760000,0.055400,7.820000,523502.5101,26.8600,1.7750,10.650,0.0100,1,5263,102960,10.0,90.0,90.0,10.0
30,73,1024,0,0,0,0,0,0,0,0,1,0,1,1,1,0,0,0,1,1,0,0,397.8828,7.560000,0.055400,7.620000,523502.5101,26.6200,1.7633,10.580,0.0600,1,5263,102960,60.0,40.0,80.0,20.0
30,74,1024,0,0,0,0,1,1,1,0,1,1,0,0,0,0,1,1,1,1,1,0,423.6715,8.050000,0.055400,8.100000,523502.5101,26.8300,1.7533,10.520,0.1300,1,5263,102960,40.0,60.0,60.0,40.0
30,75,1024,0,1,0,0,1,0,1,0,1,1,0,0,1,1,1,1,1,1,1,0,423.1452,8.040000,0.055400,8.100000,523502.5101,14.8300,1.7650,10.590,0.0900,1,5263,102960,30.0,70.0,50.0,50.0
30,76,1024,0,0,0,1,0,1,1,1,0,0,0,0,0,0,1,0,0,1,1,0,425.2504,8.080000,0.055400,8.140000,523502.5101,26.3700,1.7617,10.570,0.1400,1,5263,102960,70.0,30.0,60.0,40.0
30,77,1024,0,0,1,0,1,1,1,1,1,1,1,0,1,0,1,1,1,1,1,0,421.0400,8.000000,0.055400,8.060000,523502.5101,27.2700,1.7700,10.620,0.0300,1,5263,102960,10.0,90.0,50.0,50.0
30,78,1024,0,0,0,0,1,1,0,0,1,0,1,1,1,1,1,1,1,0,1,0,414.7244,7.880000,0.055400,7.940000,523502.5101,26.9900,1.7483,10.490,0.2300,1,5263,102960,30.0,70.0,60.0,40.0
30,79,1024,1,0,0,0,0,0,1,0,0,0,0,0,0,0,1,0,0,0,1,0,1000000000.0000,7.240000,0.055200,7.300000,523502.5101,-100.0000,1.7717,10.630,0.0100,1,-1,-1,60.0,40.0,100.0,0.0
30,82,1024,0,0,1,1,1,1,0,0,1,1,1,1,1,1,1,1,1,0,1,0,1000000000.0000,8.570000,0.055400,8.630000,523502.5101,-100.0000,1.7767,10.660,0.0000,1,-1,-1,20.0,80.0,40.0,60.0
30,87,1024,0,0,1,0,1,1,1,1,1,1,1,0,1,0,0,0,1,1,0,0,1000000000.0000,8.130000,0.055400,8.190000,523502.5101,-100.0000,1.7750,10.650,0.0200,1,-1,-1,30.0,70.0,60.0,40.0
30,89,1024,1,0,1,0,0,0,0,0,1,0,1,1,1,0,1,1,1,0,1,0,399.9880,7.600000,0.055400,7.660000,523502.5101,26.8500,1.7767,10.660,0.0300,1,5263,102960,20.0,80.0,80.0,20.0
30,90,1024,1,0,0,0,1,1,1,1,0,1,1,1,1,1,1,1,1,1,1,0,443.6709,8.430000,0.055400,8.480000,523502.5101,6.2800,1.7650,10.590,0.0900,1,5263,102960,20.0,80.0,30.0,70.0
30,93,1024,1,0,0,0,1,1,1,1,0,1,1,1,1,1,1,0,1,1,1,0,424.1978,8.060000,0.055400,8.120000,523502.5101,6.1300,1.7633,10.580,0.0700,1,5263,102960,20.0,80.0,40.0,60.0
30,94,1024,0,0,1,1,0,0,1,1,1,1,1,1,1,1,1,0,1,1,1,0,419.4611,7.970000,0.055400,8.020000,523502.5101,27.1800,1.7433,10.460,0.1900,1,5263,102960,20.0,80.0,40.0,60.0
30,98,1024,0,0,0,0,1,1,1,0,1,0,0,0,1,1,1,1,1,1,0,0,422.0926,8.020000,0.055400,8.080000,523502.5101,26.9800,1.7817,10.690,0.0300,1,5263,102960,40.0,60.0,60.0,40.0
30,99,1024,0,0,1,0,1,0,0,0,1,1,1,0,0,0,1,0,1,0,1,0,400.5143,7.610000,0.055400,7.660000,523502.5101,26.7600,1.7767,10.660,0.0200,1,5263,102960,30.0,70.0,90.0,10.0
185,0,1024,0,0,0,0,0,0,0,0,0,0,0,0,0,0,0,0,0,0,0,0,344.7265,6.550000,0.055000,6.610000,523502.5101,26.3400,2.3083,13.850,-3.1400,0,5263,102960,100.0,0.0,100.0,0.0
185,1,1024,1,1,1,1,1,1,1,1,1,1,1,1,1,1,1,1,1,1,1,1,351.1474,6.672000,0.055400,6.730000,523502.5101,35.5900,1.7050,10.230,0.3500,1,5263,102960,0.0,100.0,0.0,100.0
185,2,1024,1,1,1,1,1,1,1,1,1,1,0,0,0,0,0,0,0,0,0,0,419.4611,7.970000,0.055400,8.020000,523502.5101,17.6600,1.7083,10.250,0.3200,1,5263,102960,50.0,50.0,50.0,50.0
185,3,1024,0,0,0,0,0,0,0,0,0,0,1,1,1,1,1,1,1,1,1,1,405.2510,7.700000,0.055400,7.750000,523502.5101,13.4900,1.7717,10.630,0.0300,1,5263,102960,50.0,50.0,50.0,50.0
185,4,1024,1,0,1,0,1,0,1,0,1,0,1,0,1,0,1,0,1,0,1,0,358.0945,6.804000,0.055200,6.860000,523502.5101,26.7900,1.7733,10.640,0.0900,1,5263,102960,0.0,100.0,100.0,0.0
185,5,1024,0,1,0,1,0,1,0,1,0,1,0,1,0,1,0,1,0,1,0,1,341.0424,6.480000,0.055100,6.540000,523502.5101,9.6800,1.9567,11.740,-1.0500,0,5263,102960,100.0,0.0,0.0,100.0
185,6,1024,1,1,1,1,0,1,1,1,1,0,0,1,0,0,1,0,0,1,0,0,402.6195,7.650000,0.055400,7.710000,523502.5101,15.6000,1.7700,10.620,0.0300,1,5263,102960,50.0,50.0,40.0,60.0
185,7,1024,1,1,0,1,0,0,0,1,1,1,1,1,1,1,1,0,1,0,1,1,422.0926,8.020000,0.055400,8.080000,523502.5101,2.5200,1.7767,10.660,0.0200,1,5263,102960,30.0,70.0,30.0,70.0
185,8,1024,1,1,1,1,0,0,0,0,0,0,0,0,0,0,0,0,0,0,0,0,420.5137,7.990000,0.055400,8.050000,523502.5101,15.6800,1.7650,10.590,0.0900,1,5263,102960,80.0,20.0,80.0,20.0
185,9,1024,1,1,1,1,0,0,0,0,1,1,0,1,1,0,0,0,0,1,1,0,415.2507,7.890000,0.055400,7.950000,523502.5101,3.5400,1.7733,10.640,0.0400,1,5263,102960,50.0,50.0,50.0,50.0
185,10,1024,1,1,0,1,0,0,1,1,1,1,1,1,0,0,0,1,1,1,0,1,426.8293,8.110000,0.055400,8.170000,523502.5101,2.7600,1.7717,10.630,0.0200,1,5263,102960,50.0,50.0,20.0,80.0
185,11,1024,1,1,1,1,1,0,0,0,1,1,0,1,1,0,0,0,1,1,1,0,437.3553,8.310000,0.055400,8.370000,523502.5101,4.0100,1.7783,10.670,0.0000,1,5263,102960,30.0,70.0,50.0,50.0
185,12,1024,1,0,1,0,0,0,1,1,0,1,0,1,1,1,1,1,1,1,1,1,1000000000.0000,7.680000,0.055400,7.740000,523502.5101,-100.0000,1.7650,10.590,0.0000,1,-1,-1,30.0,70.0,30.0,70.0
185,13,1024,0,0,0,0,0,0,0,0,0,0,1,0,0,1,1,0,1,0,0,1,1000000000.0000,7.610000,0.055400,7.660000,523502.5101,-100.0000,1.7783,10.670,0.0100,1,-1,-1,70.0,30.0,80.0,20.0
185,14,1024,0,1,0,0,0,0,1,1,0,0,1,0,0,1,0,0,1,1,0,1,1000000000.0000,8.360000,0.055400,8.420000,523502.5101,-100.0000,1.7700,10.620,0.0200,1,-1,-1,70.0,30.0,50.0,50.0
185,15,1024,0,1,1,0,0,0,0,1,0,1,1,1,0,1,0,0,1,1,1,0,1000000000.0000,7.990000,0.055400,8.050000,523502.5101,-100.0000,1.7767,10.660,0.0100,1,-1,-1,60.0,40.0,40.0,60.0
185,16,1024,1,1,1,0,1,0,0,0,1,1,1,0,1,0,1,0,0,1,0,1,424.1978,8.060000,0.055400,8.120000,523502.5101,2.4100,1.7833,10.700,0.0000,1,5263,102960,30.0,70.0,60.0,40.0
185,17,1024,0,0,0,0,1,0,1,1,0,1,1,0,0,0,0,1,1,0,0,0,421.5663,8.010000,0.055400,8.060000,523502.5101,5.7300,1.7517,10.510,0.1800,1,5263,102960,60.0,40.0,70.0,30.0
185,18,1024,1,1,0,0,0,0,1,1,1,0,0,1,0,0,0,0,0,0,1,1,423.1452,8.040000,0.055400,8.090000,523502.5101,2.4300,1.7717,10.630,0.0200,1,5263,102960,60.0,40.0,60.0,40.0
185,19,1024,1,0,0,0,0,1,0,1,1,1,1,0,0,0,0,1,1,0,1,1,419.9874,7.980000,0.055400,8.030000,523502.5101,9.9700,1.7733,10.640,0.0000,1,5263,102960,50.0,50.0,50.0,50.0
185,20,1024,1,0,0,1,0,0,0,0,1,1,1,1,0,0,1,0,0,0,1,1,442.0920,8.400000,0.055400,8.450000,523502.5101,9.9300,1.7783,10.670,0.0100,1,5263,102960,50.0,50.0,60.0,40.0
185,21,1024,0,1,1,1,0,1,0,1,0,0,0,1,0,0,1,1,0,1,0,0,387.8831,7.370000,0.055400,7.420000,523502.5101,1.2500,1.7667,10.600,0.0800,1,5263,102960,80.0,20.0,30.0,70.0
185,22,1024,1,1,1,1,1,1,0,1,0,0,1,1,1,1,1,1,0,0,1,1,406.8299,7.730000,0.055400,7.790000,523502.5101,2.6600,1.7767,10.660,0.0000,1,5263,102960,30.0,70.0,20.0,80.0
185,23,1024,1,1,0,1,1,1,0,0,1,0,0,0,0,1,0,0,1,0,0,1,424.7241,8.070000,0.055400,8.130000,523502.5101,2.3700,1.7800,10.680,0.0100,1,5263,102960,60.0,40.0,50.0,50.0
185,24,1024,0,1,1,1,0,0,1,0,0,1,1,0,0,0,1,1,0,0,1,1,433.1449,8.230000,0.055400,8.280000,523502.5101,2.3400,1.7767,10.660,0.0100,1,5263,102960,50.0,50.0,50.0,50.0
185,25,1024,1,1,0,0,0,1,0,1,1,1,0,1,0,0,1,0,0,0,0,1,1000000000.0000,7.920000,0.055400,7.970000,523502.5101,-100.0000,1.7767,10.660,0.0100,1,-1,-1,70.0,30.0,40.0,60.0
185,26,1024,1,0,1,1,1,0,0,0,0,0,0,0,1,0,0,0,1,1,1,0,1000000000.0000,7.900000,0.055400,7.950000,523502.5101,-100.0000,1.7733,10.640,0.0200,1,-1,-1,40.0,60.0,80.0,20.0
185,27,1024,0,1,1,0,1,1,0,0,0,0,0,0,1,1,0,1,1,0,1,0,1000000000.0000,8.180000,0.055400,8.230000,523502.5101,-100.0000,1.7600,10.560,0.1100,1,-1,-1,50.0,50.0,60.0,40.0
185,28,1024,0,1,1,1,0,1,0,1,0,0,1,0,0,1,0,1,1,1,0,0,1000000000.0000,7.950000,0.055400,8.000000,523502.5101,-100.0000,1.7767,10.660,0.0000,1,-1,-1,70.0,30.0,30.0,70.0
185,29,1024,0,0,0,0,0,0,0,1,1,1,1,0,1,1,0,0,1,1,1,1,1000000000.0000,7.740000,0.055400,7.800000,523502.5101,-100.0000,1.7800,10.680,0.0000,1,-1,-1,50.0,50.0,50.0,50.0
185,30,1024,0,0,0,0,1,0,1,1,0,0,0,1,0,0,0,1,1,0,1,1,1000000000.0000,7.970000,0.055400,8.030000,523502.5101,-100.0000,1.7717,10.630,0.0400,1,-1,-1,60.0,40.0,60.0,40.0
185,31,1024,1,1,1,1,0,0,1,0,1,1,0,0,1,1,0,1,0,1,1,1,1000000000.0000,8.080000,0.055400,8.140000,523502.5101,-100.0000,1.7717,10.630,0.0200,1,-1,-1,40.0,60.0,30.0,70.0
185,32,1024,0,0,1,1,0,1,1,0,1,0,0,0,0,1,0,1,0,1,0,0,1000000000.0000,8.020000,0.055400,8.070000,523502.5101,-100.0000,1.7700,10.620,0.0500,1,-1,-1,70.0,30.0,50.0,50.0
185,33,1024,1,1,1,0,0,0,1,1,1,1,1,1,0,0,1,1,0,0,0,0,1000000000.0000,8.010000,0.055400,8.070000,523502.5101,-100.0000,1.7550,10.530,0.1400,1,-1,-1,40.0,60.0,50.0,50.0
185,34,1024,0,1,1,0,1,1,0,1,1,0,1,0,0,0,1,0,0,0,0,0,1000000000.0000,7.940000,0.055400,7.990000,523502.5101,-100.0000,1.7633,10.580,-0.0200,0,-1,-1,50.0,50.0,70.0,30.0
185,35,1024,0,1,0,1,1,0,0,1,0,0,1,0,0,0,0,0,0,1,0,1,1000000000.0000,8.110000,0.055400,8.160000,523502.5101,-100.0000,1.7800,10.680,0.0200,1,-1,-1,80.0,20.0,50.0,50.0
185,36,1024,0,1,1,0,0,0,0,0,1,0,0,1,1,1,1,0,0,0,0,0,1000000000.0000,8.070000,0.055400,8.120000,523502.5101,-100.0000,1.7767,10.660,0.0100,1,-1,-1,60.0,40.0,70.0,30.0
185,37,1024,0,0,1,0,1,1,0,0,0,0,1,1,1,0,0,1,1,0,1,0,1000000000.0000,7.930000,0.055400,7.990000,523502.5101,-100.0000,1.7733,10.640,0.0300,1,-1,-1,40.0,60.0,70.0,30.0
185,38,1024,0,0,1,1,1,1,1,1,0,1,0,0,1,1,0,1,0,0,1,0,1000000000.0000,8.360000,0.055400,8.420000,523502.5101,-100.0000,1.7717,10.630,0.0300,1,-1,-1,50.0,50.0,40.0,60.0
185,39,1024,0,0,0,1,1,1,0,0,1,0,0,1,0,1,0,1,0,0,1,1,1000000000.0000,7.920000,0.055400,7.980000,523502.5101,-100.0000,1.7717,10.630,0.0700,1,-1,-1,70.0,30.0,40.0,60.0
185,40,1024,1,0,1,0,1,0,1,1,1,1,0,0,0,0,0,0,0,1,1,1,1000000000.0000,7.800000,0.055400,7.850000,523502.5101,-100.0000,1.7667,10.600,0.0500,1,-1,-1,40.0,60.0,60.0,40.0
185,41,1024,0,0,0,0,0,1,0,0,1,1,1,0,1,1,0,1,0,1,1,0,1000000000.0000,8.380000,0.055400,8.440000,523502.5101,-100.0000,1.7750,10.650,0.0100,1,-1,-1,60.0,40.0,50.0,50.0
185,42,1024,0,0,0,0,1,0,0,0,0,1,0,1,1,0,0,1,0,1,0,1,1000000000.0000,7.810000,0.055400,7.860000,523502.5101,-100.0000,1.7800,10.680,0.0100,1,-1,-1,80.0,20.0,50.0,50.0
185,43,1024,1,0,1,1,1,0,0,1,0,1,1,0,0,0,0,0,0,0,0,1,1000000000.0000,8.040000,0.055400,8.100000,523502.5101,-100.0000,1.7833,10.700,0.0100,1,-1,-1,60.0,40.0,60.0,40.0
185,44,1024,0,1,0,0,0,0,0,1,1,1,0,1,0,1,0,1,1,0,0,0,1000000000.0000,8.070000,0.055400,8.120000,523502.5101,-100.0000,1.7700,10.620,0.0400,1,-1,-1,80.0,20.0,40.0,60.0
185,45,1024,0,0,0,0,1,1,1,0,1,1,0,0,0,0,1,0,1,0,1,1,1000000000.0000,7.760000,0.055400,7.810000,523502.5101,-100.0000,1.7683,10.610,0.0000,1,-1,-1,40.0,60.0,70.0,30.0
185,46,1024,0,0,0,1,1,1,1,1,1,0,0,0,1,0,0,1,0,1,0,0,354.4631,6.735000,0.055400,6.790000,523502.5101,16.4500,1.7350,10.410,0.1500,1,5263,102960,60.0,40.0,50.0,50.0
185,47,1024,1,1,1,0,0,0,1,1,0,0,1,1,0,1,1,1,1,1,1,1,437.3553,8.310000,0.055400,8.370000,523502.5101,5.0300,1.7717,10.630,0.0100,1,5263,102960,30.0,70.0,30.0,70.0
185,48,1024,0,1,0,0,0,0,0,0,1,1,1,1,1,1,0,1,1,1,0,1,417.3559,7.930000,0.055400,7.990000,523502.5101,2.7700,1.7783,10.670,0.0000,1,5263,102960,60.0,40.0,30.0,70.0
185,49,1024,0,1,1,0,0,0,1,0,1,1,1,0,1,1,1,0,1,0,0,0,418.9348,7.960000,0.055400,8.020000,523502.5101,14.6500,1.7667,10.600,0.0600,1,5263,102960,30.0,70.0,70.0,30.0
185,50,1024,0,1,0,0,0,0,1,0,0,0,0,1,1,0,0,0,0,0,0,0,424.7241,8.070000,0.055400,8.130000,523502.5101,13.6100,1.7750,10.650,0.0300,1,5263,102960,80.0,20.0,80.0,20.0
185,51,1024,1,1,0,1,1,0,0,1,1,1,0,1,1,0,1,1,0,1,1,1,411.0403,7.810000,0.055400,7.860000,523502.5101,2.6800,1.7733,10.640,0.0200,1,5263,102960,40.0,60.0,20.0,80.0
185,52,1024,1,0,0,0,1,1,0,0,0,1,0,1,0,1,0,1,0,0,0,1,432.6186,8.220000,0.055400,8.280000,523502.5101,9.8400,1.7850,10.710,0.0000,1,5263,102960,80.0,20.0,40.0,60.0
185,53,1024,1,1,0,0,0,0,0,1,1,1,0,0,1,1,0,1,1,0,1,1,418.4085,7.950000,0.055400,8.010000,523502.5101,2.5300,1.7750,10.650,0.0100,1,5263,102960,50.0,50.0,40.0,60.0
185,54,1024,1,1,0,1,0,1,0,0,0,0,0,1,1,1,1,1,1,1,1,0,422.6189,8.030000,0.055400,8.080000,523502.5101,16.0300,1.7783,10.670,0.0000,1,5263,102960,50.0,50.0,30.0,70.0
185,55,1024,0,0,1,1,0,0,1,1,1,1,0,0,0,1,1,1,0,1,1,1,354.6209,6.738000,0.055400,6.790000,523502.5101,10.7100,1.7767,10.660,0.0200,1,5263,102960,50.0,50.0,30.0,70.0
185,56,1024,1,0,0,1,0,1,1,0,1,1,1,0,0,1,1,1,1,1,0,0,1000000000.0000,8.070000,0.055400,8.120000,523502.5101,-100.0000,1.7650,10.590,0.1000,1,-1,-1,40.0,60.0,40.0,60.0
185,57,1024,1,1,1,0,1,0,0,0,1,0,1,1,1,0,1,1,0,1,1,0,1000000000.0000,7.950000,0.055400,8.000000,523502.5101,-100.0000,1.7383,10.430,0.2200,1,-1,-1,20.0,80.0,60.0,40.0
185,58,1024,1,0,1,0,1,1,0,0,0,1,1,1,1,1,1,0,1,1,0,0,1000000000.0000,7.920000,0.055400,7.970000,523502.5101,-100.0000,1.7750,10.650,0.0200,1,-1,-1,30.0,70.0,50.0,50.0
185,59,1024,0,0,0,1,1,1,0,0,1,1,0,0,0,0,0,0,0,0,0,0,419.4611,7.970000,0.055400,8.030000,523502.5101,26.3600,1.7667,10.600,0.0500,1,5263,102960,80.0,20.0,70.0,30.0
185,60,1024,0,1,0,1,1,0,0,0,0,0,1,0,0,0,1,1,1,0,0,0,424.1978,8.060000,0.055400,8.110000,523502.5101,13.6700,1.7783,10.670,0.0000,1,5263,102960,60.0,40.0,70.0,30.0
185,61,1024,1,0,1,1,0,1,1,1,1,1,1,0,0,1,1,1,0,1,0,0,424.1978,8.060000,0.055400,8.120000,523502.5101,16.5800,1.7750,10.650,0.0100,1,5263,102960,40.0,60.0,30.0,70.0
185,62,1024,1,0,0,0,1,1,0,1,1,1,0,1,1,0,1,0,1,0,0,1,431.5660,8.200000,0.055400,8.260000,523502.5101,9.7900,1.7733,10.640,0.0100,1,5263,102960,40.0,60.0,50.0,50.0
185,63,1024,0,1,0,0,0,1,1,0,1,0,0,0,1,1,0,0,1,1,1,1,429.9871,8.170000,0.055400,8.220000,523502.5101,2.5900,1.7783,10.670,0.0000,1,5263,102960,50.0,50.0,50.0,50.0
185,64,1024,0,0,0,1,0,1,0,0,1,1,0,0,1,1,1,0,0,0,1,1,411.5666,7.820000,0.055400,7.870000,523502.5101,9.9400,1.7717,10.630,0.0200,1,5263,102960,60.0,40.0,50.0,50.0
185,65,1024,0,0,0,1,0,0,0,0,0,0,0,0,0,0,0,0,0,0,0,1,399.4617,7.590000,0.055100,7.650000,523502.5101,9.9300,2.3150,13.890,-3.2200,0,5263,102960,100.0,0.0,80.0,20.0
185,66,1024,0,0,1,0,0,1,1,0,0,0,1,1,0,0,1,1,1,1,1,0,416.8296,7.920000,0.055400,7.980000,523502.5101,26.8400,1.7550,10.530,0.1500,1,5263,102960,40.0,60.0,60.0,40.0
185,67,1024,1,0,0,1,1,0,1,1,0,1,1,1,0,0,0,0,1,1,1,1,1000000000.0000,8.000000,0.055400,8.050000,523502.5101,-100.0000,1.7767,10.660,0.0200,1,-1,-1,40.0,60.0,40.0,60.0
185,68,1024,0,0,0,0,1,0,0,1,1,0,0,1,0,1,1,1,1,1,1,1,1000000000.0000,7.690000,0.055400,7.740000,523502.5101,-100.0000,1.7683,10.610,0.0500,1,-1,-1,50.0,50.0,40.0,60.0
185,69,1024,1,0,1,0,0,1,1,1,0,0,1,0,1,0,0,1,1,0,0,1,1000000000.0000,7.940000,0.055400,7.990000,523502.5101,-100.0000,1.7717,10.630,0.0000,1,-1,-1,40.0,60.0,60.0,40.0
185,70,1024,1,1,0,1,1,1,0,1,1,0,0,1,0,0,0,1,0,0,0,0,1000000000.0000,7.630000,0.055400,7.690000,523502.5101,-100.0000,1.7133,10.280,0.2800,1,-1,-1,70.0,30.0,40.0,60.0
185,71,1024,1,1,0,1,1,1,1,1,1,0,0,0,0,0,1,0,1,0,1,0,1000000000.0000,8.200000,0.055400,8.250000,523502.5101,-100.0000,1.7767,10.660,0.0200,1,-1,-1,30.0,70.0,60.0,40.0
185,72,1024,1,1,1,0,0,1,0,1,0,0,1,0,1,1,1,1,0,0,1,0,416.3033,7.910000,0.055400,7.970000,523502.5101,3.2200,1.7717,10.630,0.0200,1,5263,102960,40.0,60.0,50.0,50.0
185,73,1024,0,1,1,1,1,0,1,0,1,0,0,1,1,1,0,0,1,0,1,0,426.8293,8.110000,0.055400,8.170000,523502.5101,11.8700,1.7717,10.630,0.0500,1,5263,102960,30.0,70.0,60.0,40.0
185,74,1024,1,0,0,1,1,1,1,0,0,1,0,0,0,0,1,0,0,0,0,1,409.9877,7.790000,0.055400,7.850000,523502.5101,9.8500,1.7683,10.610,0.0500,1,5263,102960,60.0,40.0,60.0,40.0
185,75,1024,0,0,1,1,1,0,1,0,0,1,1,0,0,1,0,0,0,1,0,0,429.4608,8.160000,0.055400,8.220000,523502.5101,26.2800,1.7700,10.620,0.1000,1,5263,102960,60.0,40.0,60.0,40.0
185,76,1024,1,0,0,0,0,0,1,1,0,1,1,1,1,1,1,1,0,1,0,1,413.6718,7.860000,0.055400,7.910000,523502.5101,10.4000,1.7583,10.550,0.1200,1,5263,102960,50.0,50.0,30.0,70.0
185,77,1024,1,0,0,0,1,1,0,0,1,1,0,1,0,0,1,1,1,0,1,0,356.9367,6.782000,0.055400,6.830000,523502.5101,6.3700,1.7733,10.640,0.0500,1,5263,102960,40.0,60.0,60.0,40.0
185,78,1024,0,0,0,0,1,1,0,0,1,0,0,0,1,1,0,1,1,1,1,0,411.5666,7.820000,0.055400,7.880000,523502.5101,7.6400,1.7733,10.640,0.0300,1,5263,102960,50.0,50.0,60.0,40.0
185,79,1024,1,0,0,0,0,0,1,0,1,0,0,1,0,0,1,1,1,0,0,0,383.6727,7.290000,0.055400,7.350000,523502.5101,26.6100,1.7800,10.680,0.0000,1,5263,102960,50.0,50.0,80.0,20.0
185,80,1024,0,0,0,0,1,0,1,0,0,1,0,1,0,0,1,0,0,0,1,1,383.1464,7.280000,0.055400,7.340000,523502.5101,9.8700,1.7800,10.680,0.0200,1,5263,102960,60.0,40.0,70.0,30.0
185,81,1024,0,0,0,1,0,0,0,1,1,1,0,0,0,1,1,1,0,1,1,0,418.4085,7.950000,0.055400,8.010000,523502.5101,16.6300,1.7783,10.670,0.0100,1,5263,102960,70.0,30.0,40.0,60.0
185,82,1024,0,1,0,0,0,1,0,1,1,0,0,1,0,1,0,1,1,1,0,1,1000000000.0000,7.940000,0.055400,8.000000,523502.5101,-100.0000,1.7783,10.670,0.0000,1,-1,-1,80.0,20.0,20.0,80.0
185,83,1024,1,0,0,1,1,1,0,0,0,0,1,1,1,1,0,1,0,1,1,0,1000000000.0000,8.130000,0.055400,8.190000,523502.5101,-100.0000,1.7817,10.690,0.0200,1,-1,-1,50.0,50.0,40.0,60.0
185,84,1024,1,1,0,0,0,0,0,0,0,1,0,0,1,0,0,1,1,0,0,1,1000000000.0000,7.940000,0.055400,8.000000,523502.5101,-100.0000,1.7683,10.610,0.0100,1,-1,-1,70.0,30.0,60.0,40.0
185,85,1024,0,0,0,1,1,0,1,0,1,1,1,0,1,0,1,1,1,1,1,0,413.1455,7.850000,0.055400,7.910000,523502.5101,27.0900,1.7750,10.650,0.0100,1,5263,102960,20.0,80.0,60.0,40.0
185,86,1024,1,1,1,1,1,1,0,0,0,0,1,0,0,0,0,1,0,1,1,0,379.4623,7.210000,0.055400,7.270000,523502.5101,5.6800,1.7667,10.600,0.0700,1,5263,102960,50.0,50.0,50.0,50.0
185,87,1024,0,0,1,0,1,1,0,1,1,0,1,0,1,0,1,1,0,0,0,0,414.7244,7.880000,0.055400,7.930000,523502.5101,6.1800,1.7650,10.590,0.0900,1,5263,102960,40.0,60.0,70.0,30.0
185,88,1024,1,0,1,1,0,0,1,1,0,0,0,1,0,0,0,0,0,1,1,0,422.0926,8.020000,0.055400,8.070000,523502.5101,26.2300,1.7783,10.670,0.0000,1,5263,102960,60.0,40.0,60.0,40.0
185,89,1024,1,1,0,1,0,1,1,0,1,0,1,0,1,1,1,0,1,0,0,1,383.6727,7.290000,0.055400,7.340000,523502.5101,2.3900,1.7783,10.670,0.0100,1,5263,102960,30.0,70.0,50.0,50.0
185,90,1024,1,1,1,1,0,0,0,1,1,1,0,0,1,0,1,1,1,0,1,1,402.6195,7.650000,0.055400,7.710000,523502.5101,2.4900,1.7767,10.660,0.0200,1,5263,102960,30.0,70.0,40.0,60.0
185,91,1024,1,1,0,0,0,1,1,1,1,1,1,1,1,1,0,1,0,0,0,0,439.9868,8.360000,0.055400,8.420000,523502.5101,4.5800,1.7300,10.380,0.2000,1,5263,102960,50.0,50.0,30.0,70.0
185,92,1024,1,1,1,0,0,1,0,0,0,0,0,1,1,1,1,1,1,1,1,1,421.0400,8.000000,0.055400,8.060000,523502.5101,6.9600,1.7750,10.650,0.0000,1,5263,102960,40.0,60.0,30.0,70.0
185,93,1024,1,0,0,0,0,0,1,1,1,0,0,0,0,1,1,1,1,1,0,1,415.2507,7.890000,0.055400,7.940000,523502.5101,10.7000,1.7650,10.590,0.0600,1,5263,102960,50.0,50.0,50.0,50.0
185,94,1024,1,1,1,1,1,1,0,1,0,1,0,1,0,1,1,0,1,0,0,0,1000000000.0000,7.790000,0.055400,7.850000,523502.5101,-100.0000,1.7683,10.610,0.0900,1,-1,-1,50.0,50.0,30.0,70.0
185,95,1024,0,0,1,0,1,0,1,0,1,1,1,1,0,1,0,1,1,0,1,0,1000000000.0000,7.700000,0.055400,7.750000,523502.5101,-100.0000,1.7783,10.670,0.0000,1,-1,-1,30.0,70.0,60.0,40.0
185,96,1024,1,0,1,0,1,1,0,1,1,0,0,1,1,1,0,0,1,0,0,0,1000000000.0000,6.700000,0.055400,6.750000,523502.5101,-100.0000,1.7717,10.630,0.0400,1,-1,-1,40.0,60.0,60.0,40.0
185,97,1024,1,1,0,0,0,0,0,0,1,1,1,0,1,1,0,1,1,1,1,1,1000000000.0000,8.140000,0.055400,8.190000,523502.5101,-100.0000,1.7750,10.650,0.0000,1,-1,-1,40.0,60.0,40.0,60.0
185,98,1024,0,1,1,1,0,0,1,1,1,1,1,1,0,1,0,1,0,1,1,0,1000000000.0000,7.870000,0.055400,7.930000,523502.5101,-100.0000,1.7767,10.660,0.0000,1,-1,-1,50.0,50.0,20.0,80.0
186,0,1024,0,0,0,0,0,0,0,0,0,1,0,0,0,0,0,0,0,0,0,0,394.1987,7.490000,0.055100,7.540000,523502.5101,26.3300,2.3783,14.270,-3.6100,0,5263,102960,100.0,0.0,90.0,10.0
186,1,1024,0,0,0,0,1,1,1,1,0,1,1,0,0,0,0,1,1,0,0,0,421.5663,8.010000,0.055400,8.070000,523502.5101,5.6700,1.7783,10.670,0.0100,1,5263,102960,60.0,40.0,60.0,40.0
186,2,1024,0,1,1,0,0,0,0,1,0,1,0,0,0,1,0,0,1,1,1,0,426.8293,8.110000,0.055400,8.160000,523502.5101,2.0600,1.7700,10.620,0.0500,1,5263,102960,70.0,30.0,50.0,50.0
186,3,1024,0,0,0,1,1,1,1,0,1,1,1,0,1,0,1,1,1,1,1,0,444.1972,8.440000,0.055400,8.490000,523502.5101,27.0600,1.7650,10.590,0.0900,1,5263,102960,20.0,80.0,50.0,50.0
186,4,1024,1,1,1,0,0,1,0,0,0,0,1,0,1,1,1,1,0,0,1,0,426.8293,8.110000,0.055400,8.160000,523502.5101,15.8300,1.7767,10.660,0.0000,1,5263,102960,40.0,60.0,60.0,40.0
186,5,1024,1,0,0,0,0,1,0,1,1,1,1,0,1,1,0,1,1,0,1,1,416.3033,7.910000,0.055400,7.970000,523502.5101,10.0700,1.7867,10.720,0.0000,1,5263,102960,40.0,60.0,40.0,60.0
186,6,1024,0,1,0,0,0,1,1,0,1,0,0,0,1,1,0,1,1,1,1,1,427.3556,8.120000,0.055400,8.170000,523502.5101,3.3400,1.7833,10.700,0.0100,1,5263,102960,50.0,50.0,40.0,60.0
186,7,1024,1,0,1,0,0,1,1,1,1,1,1,0,0,1,1,1,0,1,0,0,446.8287,8.490000,0.055400,8.550000,523502.5101,16.5800,1.7817,10.690,0.0100,1,5263,102960,40.0,60.0,40.0,60.0
186,8,1024,0,1,0,1,0,1,0,1,0,1,0,1,0,1,0,1,0,1,1,0,391.0409,7.430000,0.055400,7.480000,523502.5101,-0.0400,1.7683,10.610,0.1000,1,5263,102960,90.0,10.0,10.0,90.0
186,9,1024,1,1,1,1,0,1,1,1,0,1,0,1,0,0,1,0,0,1,0,0,392.6198,7.460000,0.055400,7.520000,523502.5101,1.9300,1.7800,10.680,0.0200,1,5263,102960,60.0,40.0,30.0,70.0
186,10,1024,0,0,0,1,0,0,0,1,1,1,0,0,0,1,1,1,0,1,0,0,427.3556,8.120000,0.055400,8.170000,523502.5101,16.4800,1.7700,10.620,0.0700,1,5263,102960,80.0,20.0,40.0,60.0
186,11,1024,0,0,0,0,1,1,1,0,0,1,0,1,0,0,1,0,0,0,1,1,417.8822,7.940000,0.055400,8.000000,523502.5101,9.8600,1.7650,10.590,0.0700,1,5263,102960,60.0,40.0,60.0,40.0
186,12,1024,1,1,0,0,0,0,0,0,1,0,0,0,0,0,0,0,0,0,0,0,1000000000.0000,8.000000,0.055400,8.050000,523502.5101,-100.0000,1.7750,10.650,0.0200,1,-1,-1,80.0,20.0,90.0,10.0
186,13,1024,1,1,0,1,0,1,0,0,0,0,0,1,1,1,0,0,1,1,1,0,1000000000.0000,7.930000,0.055400,7.990000,523502.5101,-100.0000,1.7650,10.590,0.0800,1,-1,-1,60.0,40.0,40.0,60.0
186,14,1024,0,0,0,0,1,0,1,1,0,1,1,0,0,0,1,0,1,0,0,0,418.4085,7.950000,0.055400,8.000000,523502.5101,5.8800,1.7617,10.570,0.0600,1,5263,102960,50.0,50.0,80.0,20.0
186,15,1024,1,0,1,1,0,0,0,1,0,0,0,1,0,0,0,0,0,1,1,0,415.2507,7.890000,0.055400,7.950000,523502.5101,26.2300,1.7733,10.640,0.0200,1,5263,102960,70.0,30.0,60.0,40.0
186,16,1024,0,0,0,0,0,0,1,1,0,0,1,1,1,1,1,1,1,1,1,1,414.1981,7.870000,0.055400,7.920000,523502.5101,13.6000,1.7683,10.610,0.0100,1,5263,102960,40.0,60.0,40.0,60.0
186,17,1024,1,0,0,0,0,1,0,1,1,1,1,0,0,0,0,1,1,1,1,1,446.3024,8.480000,0.055400,8.540000,523502.5101,10.6100,1.7683,10.610,0.0200,1,5263,102960,50.0,50.0,40.0,60.0
186,18,1024,1,0,0,1,1,1,1,1,1,0,0,0,1,0,0,1,0,1,0,0,418.9348,7.960000,0.055400,8.010000,523502.5101,16.4500,1.7600,10.560,0.1600,1,5263,102960,50.0,50.0,50.0,50.0
186,19,1024,1,1,0,0,0,1,0,1,1,1,0,1,0,0,1,0,1,0,0,1,428.4082,8.140000,0.055400,8.190000,523502.5101,2.2600,1.7767,10.660,0.0100,1,5263,102960,60.0,40.0,40.0,60.0
186,20,1024,0,1,0,0,0,0,1,1,0,0,1,0,0,1,0,1,1,1,0,1,414.7244,7.880000,0.055400,7.940000,523502.5101,2.6500,1.7833,10.700,0.0200,1,5263,102960,70.0,30.0,40.0,60.0
186,21,1024,1,0,0,1,1,1,1,0,0,1,0,0,0,0,1,0,0,0,1,0,424.1978,8.060000,0.055400,8.120000,523502.5101,26.5500,1.7750,10.650,0.0400,1,5263,102960,50.0,50.0,70.0,30.0
186,22,1024,1,1,1,0,1,0,1,0,1,0,1,0,1,0,1,0,1,0,1,0,1000000000.0000,7.240000,0.055400,7.290000,523502.5101,-100.0000,1.7650,10.590,0.0700,1,-1,-1,0.0,100.0,90.0,10.0
186,23,1024,1,0,0,0,0,0,1,1,0,1,1,1,0,0,1,1,0,1,0,1,1000000000.0000,8.110000,0.055400,8.160000,523502.5101,-100.0000,1.7650,10.590,0.0700,1,-1,-1,60.0,40.0,40.0,60.0
186,24,1024,1,1,1,1,1,1,1,1,1,1,1,1,1,1,1,1,0,0,1,1,1000000000.0000,7.210000,0.055400,7.260000,523502.5101,-100.0000,1.7767,10.660,-0.0100,0,-1,-1,10.0,90.0,10.0,90.0
186,25,1024,0,0,0,0,1,0,1,1,0,0,0,1,0,0,0,1,1,1,1,1,1000000000.0000,7.600000,0.055400,7.650000,523502.5101,-100.0000,1.7750,10.650,0.0100,1,-1,-1,60.0,40.0,50.0,50.0
186,26,1024,0,1,0,0,1,1,1,0,1,0,0,0,1,1,0,0,1,1,1,1,1000000000.0000,8.200000,0.055400,8.260000,523502.5101,-100.0000,1.7683,10.610,0.0500,1,-1,-1,40.0,60.0,50.0,50.0
186,27,1024,1,1,1,1,1,0,1,1,1,1,0,0,0,0,0,0,0,0,0,0,1000000000.0000,8.460000,0.055400,8.510000,523502.5101,-100.0000,1.7767,10.660,0.0200,1,-1,-1,50.0,50.0,60.0,40.0
186,28,1024,0,1,1,0,0,0,0,0,1,1,1,1,1,1,0,1,1,1,0,1,433.6712,8.240000,0.055400,8.300000,523502.5101,2.8000,1.7783,10.670,0.0000,1,5263,102960,50.0,50.0,30.0,70.0
186,29,1024,1,0,0,1,1,1,1,0,0,0,0,0,0,0,1,0,0,0,0,1,422.6189,8.030000,0.055400,8.080000,523502.5101,9.8500,1.7733,10.640,0.0400,1,5263,102960,60.0,40.0,70.0,30.0
186,30,1024,1,0,0,0,1,0,0,0,0,1,0,1,0,1,0,1,0,0,0,1,409.9877,7.790000,0.055400,7.840000,523502.5101,9.8600,1.7717,10.630,0.0000,1,5263,102960,80.0,20.0,50.0,50.0
186,31,1024,0,0,0,1,1,1,0,0,1,1,1,1,0,0,0,0,0,0,0,0,418.4085,7.950000,0.055400,8.010000,523502.5101,26.4900,1.7817,10.690,-0.0100,0,5263,102960,70.0,30.0,60.0,40.0
186,32,1024,1,1,1,0,0,1,0,1,0,0,0,1,1,1,1,1,1,1,1,1,431.5660,8.200000,0.055400,8.250000,523502.5101,5.9500,1.7750,10.650,0.0200,1,5263,102960,40.0,60.0,20.0,80.0
186,33,1024,0,0,0,0,0,0,0,0,0,0,1,1,0,0,1,1,1,1,1,1,408.4088,7.760000,0.055400,7.820000,523502.5101,10.8500,1.7600,10.560,0.1300,1,5263,102960,60.0,40.0,60.0,40.0
186,34,1024,1,1,0,1,0,0,1,1,1,1,1,1,0,0,0,0,1,1,0,1,439.9868,8.360000,0.055400,8.420000,523502.5101,2.5500,1.7700,10.620,-0.0400,0,5263,102960,50.0,50.0,30.0,70.0
186,35,1024,0,1,1,1,1,1,0,0,0,0,0,0,1,1,0,1,1,0,1,0,413.6718,7.860000,0.055400,7.910000,523502.5101,2.2300,1.7767,10.660,0.0400,1,5263,102960,50.0,50.0,50.0,50.0
186,36,1024,0,0,0,0,0,1,0,0,1,1,1,0,1,1,0,1,0,1,0,1,412.6192,7.840000,0.055400,7.900000,523502.5101,10.1800,1.7767,10.660,0.0100,1,5263,102960,70.0,30.0,40.0,60.0
186,37,1024,1,0,0,0,0,0,1,1,1,0,1,1,1,1,1,1,0,1,0,1,413.6718,7.860000,0.055400,7.910000,523502.5101,10.6300,1.7750,10.650,0.0100,1,5263,102960,40.0,60.0,40.0,60.0
186,38,1024,0,0,1,0,1,1,0,1,1,0,1,0,1,0,1,1,0,0,1,0,1000000000.0000,8.100000,0.055400,8.150000,523502.5101,-100.0000,1.7717,10.630,0.0500,1,-1,-1,30.0,70.0,70.0,30.0
186,39,1024,1,1,1,1,1,0,0,0,0,0,1,0,0,0,0,1,0,1,1,0,1000000000.0000,8.070000,0.055400,8.130000,523502.5101,-100.0000,1.7717,10.630,0.0000,1,-1,-1,50.0,50.0,60.0,40.0
186,40,1024,1,1,1,1,0,1,1,1,1,1,1,1,1,1,0,1,0,0,0,0,1000000000.0000,7.900000,0.055400,7.950000,523502.5101,-100.0000,1.7767,10.660,0.0200,1,-1,-1,40.0,60.0,20.0,80.0
186,41,1024,1,1,0,1,0,0,0,1,1,1,1,1,1,1,0,1,1,0,1,1,1000000000.0000,7.790000,0.055400,7.850000,523502.5101,-100.0000,1.7767,10.660,0.0100,1,-1,-1,40.0,60.0,20.0,80.0
186,42,1024,0,0,1,0,1,1,1,1,1,0,1,0,1,0,1,1,0,0,0,0,1000000000.0000,7.960000,0.055400,8.020000,523502.5101,-100.0000,1.7733,10.640,0.0300,1,-1,-1,30.0,70.0,70.0,30.0
186,43,1024,0,0,1,1,1,1,0,0,0,1,0,0,1,1,0,1,0,0,1,0,1000000000.0000,8.170000,0.055400,8.230000,523502.5101,-100.0000,1.7833,10.700,0.0300,1,-1,-1,60.0,40.0,50.0,50.0
186,44,1024,0,1,1,1,0,1,0,1,0,0,1,0,0,1,0,1,1,0,0,0,1000000000.0000,7.840000,0.055400,7.900000,523502.5101,-100.0000,1.7783,10.670,0.0000,1,-1,-1,70.0,30.0,40.0,60.0
186,45,1024,0,0,0,0,1,1,0,1,1,1,0,1,1,0,1,0,1,0,0,1,1000000000.0000,8.190000,0.055400,8.250000,523502.5101,-100.0000,1.7783,10.670,0.0000,1,-1,-1,50.0,50.0,50.0,50.0
186,46,1024,0,1,1,0,0,0,1,0,1,1,1,0,1,1,1,0,0,0,0,0,1000000000.0000,8.250000,0.055400,8.300000,523502.5101,-100.0000,1.7700,10.620,0.0400,1,-1,-1,40.0,60.0,70.0,30.0
186,47,1024,0,1,1,1,0,0,1,1,1,1,1,1,0,1,0,0,0,1,1,0,420.5137,7.990000,0.055400,8.040000,523502.5101,2.5300,1.7767,10.660,0.0100,1,5263,102960,50.0,50.0,30.0,70.0
186,48,1024,1,0,0,0,1,1,0,0,1,1,0,1,0,0,1,1,1,0,0,1,434.1975,8.250000,0.055400,8.300000,523502.5101,10.0000,1.7750,10.650,0.0000,1,5263,102960,50.0,50.0,50.0,50.0
186,49,1024,1,0,1,0,0,1,0,0,0,0,0,1,1,1,1,1,1,1,1,1,1000000000.0000,7.950000,0.055400,8.010000,523502.5101,-100.0000,1.7850,10.710,-0.0200,0,-1,-1,40.0,60.0,40.0,60.0
186,50,1024,1,0,0,0,0,0,1,0,1,0,0,1,1,1,1,1,1,0,0,0,1000000000.0000,7.830000,0.055400,7.890000,523502.5101,-100.0000,1.7767,10.660,0.0200,1,-1,-1,40.0,60.0,70.0,30.0
186,51,1024,0,0,0,1,1,1,0,0,1,1,0,0,0,0,0,0,1,1,0,0,1000000000.0000,8.030000,0.055400,8.090000,523502.5101,-100.0000,1.7733,10.640,0.0300,1,-1,-1,70.0,30.0,60.0,40.0
186,52,1024,1,1,1,0,0,0,1,1,0,0,1,1,0,1,1,1,1,0,1,1,1000000000.0000,8.210000,0.055400,8.270000,523502.5101,-100.0000,1.7700,10.620,0.0000,1,-1,-1,30.0,70.0,40.0,60.0
186,53,1024,0,0,1,0,0,1,0,0,0,0,1,1,1,0,0,1,1,0,1,0,1000000000.0000,7.810000,0.055400,7.860000,523502.5101,-100.0000,1.7633,10.580,0.1200,1,-1,-1,50.0,50.0,70.0,30.0
186,54,1024,0,1,0,1,1,1,0,0,0,0,1,0,0,0,1,1,1,0,0,0,1000000000.0000,7.640000,0.055400,7.700000,523502.5101,-100.0000,1.7733,10.640,0.0100,1,-1,-1,60.0,40.0,60.0,40.0
186,55,1024,1,0,0,0,1,0,1,1,1,1,0,0,0,0,0,0,0,1,1,1,1000000000.0000,7.780000,0.055400,7.840000,523502.5101,-100.0000,1.7750,10.650,0.0000,1,-1,-1,50.0,50.0,60.0,40.0
186,56,1024,1,0,0,0,1,1,0,0,1,1,1,0,0,0,1,1,1,0,1,0,1000000000.0000,7.970000,0.055400,8.020000,523502.5101,-100.0000,1.7683,10.610,0.0600,1,-1,-1,30.0,70.0,70.0,30.0
186,57,1024,0,0,0,1,1,1,1,1,1,0,0,1,1,0,0,1,0,1,0,0,429.9871,8.170000,0.055400,8.230000,523502.5101,16.4100,1.7750,10.650,0.0500,1,5263,102960,60.0,40.0,40.0,60.0
186,58,1024,0,1,1,0,0,1,0,1,0,0,1,0,1,1,1,1,0,0,1,0,430.5134,8.180000,0.055400,8.230000,523502.5101,2.7400,1.7733,10.640,0.0400,1,5263,102960,50.0,50.0,50.0,50.0
186,59,1024,0,0,0,0,0,0,1,1,0,1,1,1,1,1,1,1,0,1,0,1,412.0929,7.830000,0.055400,7.890000,523502.5101,10.4000,1.7733,10.640,0.0300,1,5263,102960,60.0,40.0,30.0,70.0
186,61,1024,0,0,0,1,1,0,0,1,1,1,1,0,1,0,1,1,1,1,1,0,416.8296,7.920000,0.055400,7.980000,523502.5101,26.8300,1.7767,10.660,0.0200,1,5263,102960,30.0,70.0,50.0,50.0
186,62,1024,1,0,0,1,0,0,0,0,1,1,0,1,0,0,1,0,0,0,1,1,429.9871,8.170000,0.055400,8.230000,523502.5101,9.8900,1.7800,10.680,0.0000,1,5263,102960,60.0,40.0,60.0,40.0
186,63,1024,0,0,1,1,0,0,1,1,1,1,0,0,0,1,1,1,0,1,0,0,431.0397,8.190000,0.055400,8.250000,523502.5101,16.4500,1.7767,10.660,0.0000,1,5263,102960,60.0,40.0,40.0,60.0
186,64,1024,1,0,1,1,0,0,1,1,1,1,1,0,0,1,1,1,0,1,1,0,424.1978,8.060000,0.055400,8.110000,523502.5101,16.7100,1.7783,10.670,0.0000,1,5263,102960,30.0,70.0,40.0,60.0
186,66,1024,1,1,1,1,0,1,0,0,0,0,0,1,1,1,1,1,1,1,1,0,1000000000.0000,7.760000,0.055400,7.810000,523502.5101,-100.0000,1.7733,10.640,0.0300,1,-1,-1,40.0,60.0,30.0,70.0
186,67,1024,1,0,0,1,1,0,1,1,0,1,1,0,0,0,0,0,1,1,1,1,1000000000.0000,8.120000,0.055400,8.180000,523502.5101,-100.0000,1.7683,10.610,0.0300,1,-1,-1,40.0,60.0,50.0,50.0
186,68,1024,0,0,1,0,0,1,1,0,0,0,1,1,0,0,1,1,1,1,0,0,1000000000.0000,7.920000,0.055400,7.980000,523502.5101,-100.0000,1.7700,10.620,0.0400,1,-1,-1,50.0,50.0,60.0,40.0
