generation,solution_id,fft_size,s0_mult,s0_add,s1_mult,s1_add,s2_mult,s2_add,s3_mult,s3_add,s4_mult,s4_add,s5_mult,s5_add,s6_mult,s6_add,s7_mult,s7_add,energy_nJ_perFFT,dyn_power_mW,static_power_mW,power_mW,area_um2,sqnr_dB,norm_latency,crit_delay_ns,slack_ns,meets_timing,avg_exec_cycles,tot_sim_cycles,fp4_mult_pct,fp8_mult_pct,fp4_add_pct,fp8_add_pct
504,0,256,0,0,0,0,0,0,0,0,0,0,0,0,0,0,0,0,79.0466,6.940000,0.055000,6.990000,294718.9101,6.5000,1.8587,13.940,-3.5500,0,1139,23804,100.0,0.0,100.0,0.0
504,1,256,1,1,1,1,1,1,1,1,1,1,1,1,1,1,1,1,79.9578,7.020000,0.055300,7.080000,294718.9101,36.7000,1.3773,10.330,0.4200,1,1139,23804,0.0,100.0,0.0,100.0
504,2,256,1,1,1,1,1,1,1,1,0,0,0,0,0,0,0,0,90.6644,7.960000,0.055400,8.010000,294718.9101,6.6200,1.4147,10.610,0.1500,1,1139,23804,50.0,50.0,50.0,50.0
504,3,256,0,0,0,0,0,0,0,0,1,1,1,1,1,1,1,1,91.1200,8.000000,0.055400,8.050000,294718.9101,11.5300,1.8987,14.240,-3.8300,0,1139,23804,50.0,50.0,50.0,50.0
504,4,256,1,0,1,0,1,0,1,0,1,0,1,0,1,0,1,0,82.4636,7.240000,0.055200,7.300000,294718.9101,7.3000,1.3053,9.790,0.6000,1,1139,23804,0.0,100.0,100.0,0.0
504,5,256,0,1,0,1,0,1,0,1,0,1,0,1,0,1,0,1,75.6524,6.642000,0.055100,6.700000,294718.9101,10.1300,1.4960,11.220,-0.7700,0,1139,23804,100.0,0.0,0.0,100.0
504,6,256,0,1,1,1,0,1,0,0,0,0,0,0,0,1,1,0,94.1953,8.270000,0.055400,8.320000,294718.9101,4.4200,1.7067,12.800,-2.5500,0,1139,23804,75.0,25.0,50.0,50.0
504,7,256,0,1,0,1,0,0,1,0,0,1,1,1,0,1,1,1,95.5621,8.390000,0.055400,8.440000,294718.9101,2.1600,1.5787,11.840,-1.3700,0,1139,23804,62.5,37.5,25.0,75.0
504,8,256,1,1,1,1,0,0,0,0,0,0,0,0,0,0,0,0,92.0312,8.080000,0.055400,8.140000,294718.9101,5.5200,1.3720,10.290,0.1000,1,1139,23804,75.0,25.0,75.0,25.0
504,9,256,0,0,1,1,0,1,1,0,0,0,0,0,1,0,1,1,94.4231,8.290000,0.055400,8.350000,294718.9101,9.3900,1.6227,12.170,-1.9500,0,1139,23804,50.0,50.0,62.5,37.5
504,10,256,0,1,0,1,1,1,0,0,0,1,0,0,1,1,0,1,93.8536,8.240000,0.055400,8.290000,294718.9101,1.7800,1.6613,12.460,-2.1300,0,1139,23804,75.0,25.0,25.0,75.0
504,11,256,1,1,1,1,0,0,0,1,0,0,0,0,0,1,1,1,95.1065,8.350000,0.055400,8.400000,294718.9101,1.7300,1.4333,10.750,-0.4100,0,1139,23804,62.5,37.5,37.5,62.5
504,12,256,1,0,1,0,1,1,1,0,1,1,0,1,1,0,1,0,96.5872,8.480000,0.055400,8.540000,294718.9101,7.4400,1.5747,11.810,-1.3600,0,1139,23804,12.5,87.5,62.5,37.5
504,13,256,1,0,1,0,1,0,0,1,0,1,0,0,1,1,0,0,95.5621,8.390000,0.055400,8.450000,294718.9101,7.2300,1.4093,10.570,-0.1200,0,1139,23804,50.0,50.0,62.5,37.5
504,14,256,0,0,1,0,0,1,1,0,1,1,1,0,0,0,0,0,95.1065,8.350000,0.055400,8.410000,294718.9101,7.0400,1.7240,12.930,-2.4700,0,1139,23804,50.0,50.0,75.0,25.0
504,15,256,1,1,0,1,0,1,1,1,1,0,1,0,1,0,1,1,92.7146,8.140000,0.055400,8.190000,294718.9101,1.8900,1.6573,12.430,-1.9800,0,1139,23804,25.0,75.0,37.5,62.5
504,16,256,1,0,1,1,1,1,0,0,0,0,1,0,1,0,1,0,95.2204,8.360000,0.055400,8.420000,294718.9101,7.3600,1.4467,10.850,-0.0900,0,1139,23804,25.0,75.0,75.0,25.0
504,17,256,0,0,0,1,1,0,0,1,1,0,1,0,1,0,1,1,93.8536,8.240000,0.055400,8.290000,294718.9101,9.4200,1.6520,12.390,-1.9600,0,1139,23804,37.5,62.5,62.5,37.5
504,18,256,1,0,1,1,0,0,1,1,1,1,1,1,0,1,1,1,98.8652,8.680000,0.055400,8.730000,294718.9101,10.7600,1.4280,10.710,-0.2600,0,1139,23804,25.0,75.0,25.0,75.0
504,19,256,1,1,0,0,1,1,1,1,1,0,0,0,1,0,1,1,95.7899,8.410000,0.055400,8.460000,294718.9101,1.8000,1.4733,11.050,-0.5700,0,1139,23804,25.0,75.0,50.0,50.0
504,20,256,0,1,1,1,1,0,1,0,0,1,0,1,0,0,0,0,95.4482,8.380000,0.055400,8.430000,294718.9101,2.6000,1.5827,11.870,-1.4100,0,1139,23804,62.5,37.5,50.0,50.0
504,21,256,0,0,1,0,0,1,0,1,0,0,0,0,1,0,1,1,94.3092,8.280000,0.055400,8.330000,294718.9101,9.4200,1.6293,12.220,-1.7300,0,1139,23804,62.5,37.5,62.5,37.5
504,22,256,1,1,0,0,1,1,0,1,1,1,0,0,1,0,0,0,92.2590,8.100000,0.055400,8.160000,294718.9101,4.0900,1.4133,10.600,0.1500,1,1139,23804,50.0,50.0,50.0,50.0
504,23,256,0,0,1,0,1,0,0,0,1,1,0,1,0,1,0,1,89.6393,7.870000,0.055400,7.930000,294718.9101,9.5600,1.8867,14.150,-3.7100,0,1139,23804,62.5,37.5,50.0,50.0
504,24,256,0,0,0,1,1,1,0,0,0,0,0,0,0,0,0,1,92.6007,8.130000,0.055400,8.190000,294718.9101,9.0400,1.5720,11.790,-1.4200,0,1139,23804,87.5,12.5,62.5,37.5
504,25,256,1,0,1,0,1,0,0,1,1,0,1,0,0,0,1,1,90.7783,7.970000,0.055400,8.030000,294718.9101,9.3700,1.4093,10.570,-0.1400,0,1139,23804,25.0,75.0,75.0,25.0
504,26,256,0,1,1,0,1,0,1,0,0,0,1,1,1,0,1,0,92.8285,8.150000,0.055400,8.200000,294718.9101,4.2700,1.4347,10.760,-0.3300,0,1139,23804,25.0,75.0,75.0,25.0
504,27,256,0,1,1,0,0,0,0,0,1,1,0,0,1,1,1,1,93.6258,8.220000,0.055400,8.280000,294718.9101,1.9600,1.5427,11.570,-1.1400,0,1139,23804,50.0,50.0,50.0,50.0
504,28,256,0,0,1,1,1,1,1,1,0,0,1,0,1,0,0,0,92.6007,8.130000,0.055400,8.190000,294718.9101,7.2100,1.6120,12.090,-1.6000,0,1139,23804,37.5,62.5,62.5,37.5
505,0,256,0,0,1,1,1,1,1,0,0,0,0,0,1,0,1,1,94.1953,8.270000,0.055400,8.330000,294718.9101,9.3000,1.7280,12.960,-2.4900,0,1139,23804,37.5,62.5,62.5,37.5
505,1,256,0,0,1,0,1,1,0,0,0,0,0,0,0,0,0,1,94.1953,8.270000,0.055400,8.320000,294718.9101,9.0400,1.6040,12.030,-1.6100,0,1139,23804,75.0,25.0,75.0,25.0
505,2,256,1,0,1,0,1,0,0,0,0,1,0,0,1,1,0,0,94.8787,8.330000,0.055400,8.380000,294718.9101,7.2100,1.4107,10.580,0.1800,1,1139,23804,50.0,50.0,75.0,25.0
505,3,256,0,0,0,1,1,0,1,1,1,0,1,0,1,0,1,1,93.6258,8.220000,0.055400,8.270000,294718.9101,9.4500,1.4067,10.550,-0.1400,0,1139,23804,25.0,75.0,62.5,37.5
505,4,256,1,1,1,1,1,1,0,1,0,0,0,0,0,0,0,0,93.1702,8.180000,0.055400,8.240000,294718.9101,4.4300,1.4107,10.580,0.1800,1,1139,23804,62.5,37.5,50.0,50.0
505,5,256,1,0,1,0,0,1,0,1,0,0,0,0,1,0,1,1,93.5119,8.210000,0.055400,8.270000,294718.9101,9.4200,1.4280,10.710,-0.3000,0,1139,23804,50.0,50.0,62.5,37.5
505,6,256,1,0,1,0,1,0,1,0,1,1,1,0,0,1,1,0,93.3980,8.200000,0.055400,8.250000,294718.9101,7.5300,1.5000,11.250,-0.8000,0,1139,23804,12.5,87.5,75.0,25.0
505,7,256,0,0,0,0,0,0,0,0,0,0,1,0,0,0,0,0,84.6277,7.430000,0.055200,7.480000,294718.9101,6.6400,1.2653,9.490,0.9100,1,1139,23804,87.5,12.5,100.0,0.0
505,8,256,1,1,1,0,1,1,0,1,1,1,0,0,1,0,0,0,93.6258,8.220000,0.055400,8.280000,294718.9101,4.2200,1.5720,11.790,-1.3200,0,1139,23804,37.5,62.5,50.0,50.0
505,9,256,1,0,0,0,1,1,0,0,0,0,1,0,1,0,1,0,94.4231,8.290000,0.055400,8.350000,294718.9101,7.3200,1.6627,12.470,-1.7100,0,1139,23804,37.5,62.5,87.5,12.5
505,10,256,0,0,1,1,1,0,0,0,1,1,0,1,0,1,0,1,92.8285,8.150000,0.055400,8.200000,294718.9101,9.5700,1.3787,10.340,0.0700,1,1139,23804,62.5,37.5,37.5,62.5
505,11,256,0,1,0,1,0,1,0,1,1,0,0,1,0,1,0,1,90.2088,7.920000,0.055400,7.980000,294718.9101,1.9500,1.4573,10.930,-0.3900,0,1139,23804,87.5,12.5,12.5,87.5
505,12,256,1,1,0,0,0,1,1,1,1,0,0,0,1,0,1,1,93.6258,8.220000,0.055400,8.280000,294718.9101,1.8200,1.4440,10.830,-0.0700,0,1139,23804,37.5,62.5,50.0,50.0
505,13,256,0,1,0,1,0,0,0,0,1,1,0,0,1,1,1,1,96.2455,8.450000,0.055400,8.510000,294718.9101,1.9700,1.5213,11.410,-1.0000,0,1139,23804,62.5,37.5,37.5,62.5
505,14,256,1,0,1,1,1,1,0,1,0,0,1,0,1,0,1,0,95.2204,8.360000,0.055400,8.410000,294718.9101,6.3400,1.4120,10.590,0.1700,1,1139,23804,25.0,75.0,62.5,37.5
505,15,256,1,1,1,1,1,1,0,1,1,1,1,1,1,1,1,1,82.0080,7.200000,0.055400,7.250000,294718.9101,20.5400,1.5987,11.990,-1.6400,0,1139,23804,12.5,87.5,0.0,100.0
505,16,256,0,1,0,1,0,1,1,1,0,1,0,1,0,1,0,1,82.5775,7.250000,0.055400,7.300000,294718.9101,10.1300,1.7520,13.140,-2.7600,0,1139,23804,87.5,12.5,0.0,100.0
505,17,256,0,0,1,1,0,0,1,1,1,1,1,1,0,1,1,1,94.3092,8.280000,0.055400,8.330000,294718.9101,10.7600,1.4253,10.690,-0.1900,0,1139,23804,37.5,62.5,25.0,75.0
505,18,256,1,0,1,1,0,0,1,1,1,0,1,1,0,1,1,1,97.0428,8.520000,0.055400,8.570000,294718.9101,9.9200,1.6973,12.730,-2.2600,0,1139,23804,25.0,75.0,37.5,62.5
505,19,256,0,0,1,0,0,1,1,0,1,1,0,0,0,0,0,0,90.7783,7.970000,0.055400,8.030000,294718.9101,6.8900,1.4093,10.570,-0.1600,0,1139,23804,62.5,37.5,75.0,25.0
505,20,256,0,0,1,1,0,1,0,1,0,0,0,0,1,0,1,1,95.3343,8.370000,0.055400,8.430000,294718.9101,9.4300,1.4293,10.720,-0.4800,0,1139,23804,62.5,37.5,50.0,50.0
505,21,256,0,0,1,1,0,0,0,0,1,1,1,1,1,1,1,1,94.7648,8.320000,0.055400,8.370000,294718.9101,11.5400,1.4000,10.500,-0.1000,0,1139,23804,37.5,62.5,37.5,62.5
505,22,256,0,0,1,0,1,1,1,1,0,0,1,0,1,0,0,0,91.9173,8.070000,0.055400,8.120000,294718.9101,7.1600,1.4120,10.590,0.1600,1,1139,23804,37.5,62.5,75.0,25.0
505,23,256,1,0,1,0,1,0,0,1,0,1,1,0,0,0,1,1,93.5119,8.210000,0.055400,8.270000,294718.9101,9.2900,1.5400,11.550,-1.1100,0,1139,23804,37.5,62.5,62.5,37.5
505,24,256,1,0,1,1,1,1,0,0,1,1,1,0,1,0,1,0,97.6123,8.570000,0.055400,8.620000,294718.9101,7.5900,1.4427,10.820,-0.0600,0,1139,23804,12.5,87.5,62.5,37.5
505,25,256,1,0,1,1,0,0,1,1,0,0,1,1,0,1,1,1,98.5235,8.650000,0.055400,8.710000,294718.9101,9.9700,1.4160,10.620,0.1400,1,1139,23804,37.5,62.5,37.5,62.5
505,26,256,0,1,1,1,1,1,1,0,0,1,0,1,0,0,0,0,88.8420,7.800000,0.055400,7.850000,294718.9101,3.4500,1.4453,10.840,-0.4500,0,1139,23804,62.5,37.5,37.5,62.5
505,27,256,1,0,1,1,1,0,0,0,0,0,1,0,1,0,1,0,94.7648,8.320000,0.055400,8.370000,294718.9101,7.1600,1.4107,10.580,0.1800,1,1139,23804,25.0,75.0,87.5,12.5
505,28,256,1,1,1,1,1,1,1,1,0,0,0,0,0,0,0,1,87.4752,7.680000,0.055400,7.740000,294718.9101,1.6100,1.2800,9.600,0.8000,1,1139,23804,50.0,50.0,37.5,62.5
505,29,256,0,0,0,1,1,1,0,0,0,0,0,0,0,0,0,0,95.4482,8.380000,0.055400,8.430000,294718.9101,6.7200,1.4013,10.510,-0.2500,0,1139,23804,87.5,12.5,75.0,25.0
506,0,256,0,1,1,0,0,1,0,1,0,1,0,1,0,1,0,1,80.5273,7.070000,0.055400,7.120000,294718.9101,2.5400,1.5787,11.840,-1.4100,0,1139,23804,87.5,12.5,12.5,87.5
506,1,256,0,0,1,1,0,0,0,0,1,1,1,1,1,1,1,0,95.1065,8.350000,0.055400,8.410000,294718.9101,8.0500,1.3733,10.300,0.4600,1,1139,23804,37.5,62.5,50.0,50.0
506,2,256,1,0,1,0,0,1,0,1,0,0,0,0,1,0,0,1,92.0312,8.080000,0.055400,8.130000,294718.9101,9.1400,1.5347,11.510,-0.7500,0,1139,23804,62.5,37.5,62.5,37.5
506,3,256,0,0,0,1,1,1,1,1,1,0,1,0,1,0,1,1,95.5621,8.390000,0.055400,8.450000,294718.9101,9.4500,1.4187,10.640,-0.1500,0,1139,23804,25.0,75.0,50.0,50.0
506,4,256,1,0,0,1,1,0,0,0,0,1,0,0,1,1,0,0,99.5486,8.740000,0.055400,8.790000,294718.9101,7.2500,1.4107,10.580,0.1800,1,1139,23804,62.5,37.5,62.5,37.5
506,5,256,0,1,1,0,0,1,0,1,0,0,0,0,1,0,1,1,90.4366,7.940000,0.055400,8.000000,294718.9101,1.7500,1.3600,10.200,0.1800,1,1139,23804,62.5,37.5,50.0,50.0
506,6,256,1,0,1,1,0,0,0,0,1,1,1,0,1,0,1,1,81.7802,7.180000,0.055400,7.230000,294718.9101,9.3400,1.5200,11.400,-0.9100,0,1139,23804,25.0,75.0,62.5,37.5
506,7,256,0,1,0,1,0,1,0,1,0,1,0,1,0,1,1,1,82.2358,7.220000,0.055400,7.280000,294718.9101,10.6000,1.6587,12.440,-2.0500,0,1139,23804,87.5,12.5,0.0,100.0
506,8,256,1,1,1,1,1,0,1,1,1,1,1,1,1,1,1,1,95.3343,8.370000,0.055400,8.430000,294718.9101,8.0500,1.4667,11.000,-0.5700,0,1139,23804,0.0,100.0,12.5,87.5
506,9,256,0,0,1,1,0,0,1,1,1,1,0,0,0,1,1,1,94.3092,8.280000,0.055400,8.340000,294718.9101,9.6600,1.5960,11.970,-1.5700,0,1139,23804,50.0,50.0,37.5,62.5
506,10,256,1,0,1,0,1,1,0,1,0,0,0,0,1,0,1,1,93.6258,8.220000,0.055400,8.270000,294718.9101,9.4400,1.5600,11.700,-1.2500,0,1139,23804,37.5,62.5,62.5,37.5
506,11,256,1,0,1,0,0,0,1,1,0,0,1,1,0,1,1,1,92.7146,8.140000,0.055400,8.190000,294718.9101,9.9500,1.5280,11.460,-1.0300,0,1139,23804,37.5,62.5,50.0,50.0
506,12,256,0,1,1,1,0,1,1,1,0,1,0,1,0,1,0,1,81.2107,7.130000,0.055300,7.190000,294718.9101,10.0900,1.6680,12.510,-2.0600,0,1139,23804,75.0,25.0,0.0,100.0
506,13,256,1,1,1,1,0,1,1,1,1,1,1,1,1,1,1,1,80.6412,7.080000,0.055400,7.130000,294718.9101,20.6400,1.9747,14.810,-4.4000,0,1139,23804,12.5,87.5,0.0,100.0
506,14,256,1,1,1,1,1,1,0,1,1,1,1,1,0,1,1,1,82.8053,7.270000,0.055400,7.330000,294718.9101,13.5400,1.5587,11.690,-1.2300,0,1139,23804,25.0,75.0,0.0,100.0
506,15,256,0,0,0,1,0,0,0,0,1,1,1,1,1,1,1,1,91.5756,8.040000,0.055400,8.100000,294718.9101,11.5400,1.6147,12.110,-1.7800,0,1139,23804,50.0,50.0,37.5,62.5
506,16,256,0,0,1,0,0,1,1,1,0,0,0,0,1,0,1,1,93.6258,8.220000,0.055400,8.280000,294718.9101,9.4400,1.4147,10.610,0.1500,1,1139,23804,50.0,50.0,62.5,37.5
506,17,256,0,0,1,0,0,1,0,0,0,0,0,0,0,0,0,1,89.1837,7.830000,0.055400,7.890000,294718.9101,9.0400,1.4280,10.710,-0.2500,0,1139,23804,87.5,12.5,75.0,25.0
506,18,256,1,0,1,1,0,1,0,1,0,0,0,0,1,0,1,1,96.5872,8.480000,0.055400,8.530000,294718.9101,9.4300,1.3933,10.450,-0.0300,0,1139,23804,50.0,50.0,50.0,50.0
506,19,256,1,0,0,1,0,0,1,1,1,0,1,1,0,1,1,1,94.6509,8.310000,0.055400,8.370000,294718.9101,9.9200,1.6760,12.570,-2.1300,0,1139,23804,37.5,62.5,37.5,62.5
506,20,256,1,0,1,1,0,0,1,1,1,0,1,1,1,1,1,1,95.6760,8.400000,0.055400,8.460000,294718.9101,10.2600,1.8373,13.780,-3.3200,0,1139,23804,12.5,87.5,37.5,62.5
506,21,256,0,1,1,1,0,1,0,1,0,1,0,1,0,1,0,1,83.8304,7.360000,0.055400,7.420000,294718.9101,10.1600,1.6880,12.660,-2.2700,0,1139,23804,87.5,12.5,0.0,100.0
506,22,256,1,0,1,0,0,1,0,1,0,1,1,0,0,0,1,1,94.8787,8.330000,0.055400,8.390000,294718.9101,9.3600,1.5133,11.350,-0.9800,0,1139,23804,50.0,50.0,50.0,50.0
506,23,256,0,1,0,1,1,0,0,1,0,1,0,1,0,1,0,1,92.2590,8.100000,0.055400,8.150000,294718.9101,2.1800,1.6347,12.260,-1.7700,0,1139,23804,87.5,12.5,12.5,87.5
506,24,256,0,0,1,1,1,1,1,0,0,0,0,1,1,0,1,1,92.9424,8.160000,0.055400,8.210000,294718.9101,9.3800,1.5213,11.410,-1.0000,0,1139,23804,37.5,62.5,50.0,50.0
506,25,256,1,0,1,0,1,0,0,1,1,0,1,0,0,0,0,0,94.5370,8.300000,0.055400,8.360000,294718.9101,6.9900,1.3800,10.350,0.4100,1,1139,23804,37.5,62.5,87.5,12.5
506,26,256,0,1,0,1,0,1,1,1,0,1,0,0,0,1,0,1,90.6644,7.960000,0.055400,8.020000,294718.9101,1.9200,1.5320,11.490,-1.0700,0,1139,23804,87.5,12.5,12.5,87.5
506,27,256,1,0,0,1,1,0,0,1,1,0,1,0,0,0,1,1,95.9038,8.420000,0.055400,8.470000,294718.9101,9.3700,1.6067,12.050,-1.5800,0,1139,23804,37.5,62.5,62.5,37.5
506,28,256,1,0,1,0,1,0,0,1,0,1,1,1,0,0,1,1,91.8034,8.060000,0.055400,8.110000,294718.9101,9.3900,1.5827,11.870,-1.4100,0,1139,23804,37.5,62.5,50.0,50.0
506,29,256,0,0,1,1,0,0,1,1,1,1,1,0,0,1,1,1,94.8787,8.330000,0.055400,8.390000,294718.9101,9.6400,1.5693,11.770,-1.3000,0,1139,23804,37.5,62.5,37.5,62.5
507,0,256,1,0,1,1,0,1,0,1,0,0,0,0,1,1,1,1,93.6258,8.220000,0.055400,8.270000,294718.9101,9.7900,1.3680,10.260,0.1800,1,1139,23804,50.0,50.0,37.5,62.5
507,1,256,1,0,1,1,0,0,0,0,1,1,1,0,1,1,1,1,93.0563,8.170000,0.055400,8.220000,294718.9101,9.7300,1.4133,10.600,0.1600,1,1139,23804,25.0,75.0,50.0,50.0
507,2,256,1,1,1,1,1,1,1,1,0,1,1,1,1,1,1,1,81.5524,7.160000,0.055400,7.210000,294718.9101,17.6400,1.8760,14.070,-3.6000,0,1139,23804,12.5,87.5,0.0,100.0
507,3,256,1,0,1,1,0,0,1,1,0,0,0,0,0,1,1,1,95.5621,8.390000,0.055400,8.450000,294718.9101,9.6600,1.3867,10.400,0.0500,1,1139,23804,50.0,50.0,50.0,50.0
507,4,256,0,1,0,1,0,1,0,1,0,1,0,1,1,0,0,1,92.2590,8.100000,0.055400,8.160000,294718.9101,1.6300,1.8440,13.830,-3.4100,0,1139,23804,87.5,12.5,12.5,87.5
507,5,256,0,0,1,1,0,0,0,1,1,1,1,1,1,1,1,1,95.2204,8.360000,0.055400,8.420000,294718.9101,11.8500,1.4253,10.690,-0.2800,0,1139,23804,37.5,62.5,25.0,75.0
507,6,256,0,0,1,1,1,0,0,0,1,1,0,1,0,1,1,1,93.2841,8.190000,0.055400,8.250000,294718.9101,9.8900,1.4280,10.710,-0.4300,0,1139,23804,50.0,50.0,37.5,62.5
507,7,256,1,0,1,1,1,1,1,1,1,1,1,1,1,1,1,1,92.8285,8.150000,0.055400,8.200000,294718.9101,23.8100,1.4107,10.580,0.1800,1,1139,23804,0.0,100.0,12.5,87.5
507,8,256,1,0,1,0,1,1,1,1,0,0,1,1,0,1,1,1,84.9694,7.460000,0.055400,7.510000,294718.9101,10.1400,1.6267,12.200,-1.7900,0,1139,23804,25.0,75.0,37.5,62.5
507,9,256,0,0,1,0,0,1,0,0,1,1,0,0,0,0,0,1,93.5119,8.210000,0.055400,8.260000,294718.9101,9.0800,1.6640,12.480,-2.0300,0,1139,23804,75.0,25.0,62.5,37.5
507,10,256,0,0,1,1,0,0,0,0,1,1,1,1,1,0,1,1,92.3729,8.110000,0.055400,8.160000,294718.9101,9.6900,1.3920,10.440,-0.0400,0,1139,23804,37.5,62.5,50.0,50.0
507,11,256,0,0,0,1,0,0,0,0,1,1,1,1,1,0,1,1,93.7397,8.230000,0.055400,8.290000,294718.9101,9.6900,1.8520,13.890,-3.4500,0,1139,23804,50.0,50.0,50.0,50.0
507,12,256,0,1,0,1,0,1,0,1,1,1,0,1,0,1,0,1,80.4134,7.060000,0.055400,7.110000,294718.9101,10.1800,1.3867,10.400,0.3500,1,1139,23804,87.5,12.5,0.0,100.0
507,13,256,0,0,1,0,0,1,1,1,0,0,1,1,1,0,1,1,92.1451,8.090000,0.055400,8.150000,294718.9101,9.6200,1.4200,10.650,-0.1800,0,1139,23804,37.5,62.5,50.0,50.0
507,14,256,1,0,1,1,0,1,0,1,0,0,0,0,0,1,1,1,94.4231,8.290000,0.055400,8.340000,294718.9101,9.7400,1.3347,10.010,0.4400,1,1139,23804,62.5,37.5,37.5,62.5
507,15,256,1,0,1,0,0,1,0,0,0,0,0,0,1,0,0,1,91.6895,8.050000,0.055400,8.110000,294718.9101,9.0700,1.6467,12.350,-1.9200,0,1139,23804,62.5,37.5,75.0,25.0
507,16,256,0,0,0,1,1,1,1,1,1,0,1,0,1,0,0,1,96.8150,8.500000,0.055400,8.550000,294718.9101,9.2200,1.5160,11.370,-0.9800,0,1139,23804,37.5,62.5,50.0,50.0
507,17,256,1,1,1,0,0,1,0,1,0,1,1,0,0,0,1,1,93.2841,8.190000,0.055400,8.250000,294718.9101,1.6500,1.5933,11.950,-1.5300,0,1139,23804,50.0,50.0,37.5,62.5
507,18,256,1,0,1,0,1,0,0,1,1,0,1,0,1,0,1,1,91.4617,8.030000,0.055400,8.080000,294718.9101,9.4200,1.6053,12.040,-1.6100,0,1139,23804,12.5,87.5,75.0,25.0
507,19,256,0,0,1,1,1,0,0,1,1,1,0,1,0,1,0,1,92.4868,8.120000,0.055400,8.180000,294718.9101,9.7500,1.7747,13.310,-3.0100,0,1139,23804,62.5,37.5,25.0,75.0
507,20,256,1,0,1,0,0,0,1,1,0,0,0,1,0,1,1,1,91.1200,8.000000,0.055400,8.050000,294718.9101,9.8600,1.3480,10.110,0.3900,1,1139,23804,50.0,50.0,50.0,50.0
507,21,256,0,0,1,0,0,1,1,1,0,0,0,0,0,0,1,1,91.8034,8.060000,0.055400,8.120000,294718.9101,9.4000,1.3907,10.430,0.3300,1,1139,23804,62.5,37.5,62.5,37.5
507,22,256,1,0,1,1,0,1,0,0,0,0,0,0,1,0,1,1,91.2339,8.010000,0.055400,8.060000,294718.9101,9.3600,1.4133,10.600,0.1500,1,1139,23804,50.0,50.0,62.5,37.5
507,23,256,0,1,0,1,0,1,0,1,0,1,1,1,0,1,0,1,80.4134,7.060000,0.055400,7.110000,294718.9101,10.3600,1.6760,12.570,-2.0300,0,1139,23804,87.5,12.5,0.0,100.0
507,25,256,1,0,0,1,0,0,1,1,0,0,1,1,0,1,1,1,95.5621,8.390000,0.055400,8.440000,294718.9101,9.9700,1.4733,11.050,-0.5200,0,1139,23804,50.0,50.0,37.5,62.5
507,26,256,1,0,1,1,1,0,0,1,1,0,1,0,0,0,1,1,99.5486,8.740000,0.055400,8.800000,294718.9101,9.3700,1.4333,10.750,-0.2900,0,1139,23804,25.0,75.0,62.5,37.5
507,27,256,1,0,0,1,0,0,1,1,1,1,1,1,0,1,1,1,94.0814,8.260000,0.055400,8.320000,294718.9101,10.7600,1.5707,11.780,-1.3000,0,1139,23804,37.5,62.5,25.0,75.0
507,29,256,1,0,1,0,0,1,0,1,1,1,0,0,1,0,0,1,94.6509,8.310000,0.055400,8.370000,294718.9101,9.2100,1.5133,11.350,-0.8800,0,1139,23804,50.0,50.0,50.0,50.0
508,0,256,1,0,1,0,1,0,0,1,1,0,1,0,1,1,1,1,94.6509,8.310000,0.055400,8.360000,294718.9101,9.7300,1.5560,11.670,-1.2500,0,1139,23804,12.5,87.5,62.5,37.5
508,1,256,1,0,1,1,0,1,1,1,1,1,1,1,0,1,1,1,91.8034,8.060000,0.055400,8.120000,294718.9101,11.8900,1.7507,13.130,-2.7000,0,1139,23804,25.0,75.0,12.5,87.5
508,2,256,1,1,1,1,1,1,1,1,1,1,0,0,1,1,1,1,98.0679,8.610000,0.055400,8.670000,294718.9101,2.6800,1.4253,10.690,-0.3100,0,1139,23804,12.5,87.5,12.5,87.5
508,3,256,0,0,1,1,0,0,0,0,1,1,0,1,0,1,1,1,95.9038,8.420000,0.055400,8.470000,294718.9101,9.8900,1.3333,10.000,0.4500,1,1139,23804,62.5,37.5,37.5,62.5
508,4,256,1,0,0,1,1,1,1,1,1,0,1,0,1,0,1,1,93.5119,8.210000,0.055400,8.270000,294718.9101,9.4500,1.8253,13.690,-3.3000,0,1139,23804,12.5,87.5,50.0,50.0
508,5,256,1,0,1,0,1,0,0,0,1,0,1,0,0,0,1,1,88.6142,7.780000,0.055400,7.840000,294718.9101,9.3500,1.4053,10.540,-0.0400,0,1139,23804,25.0,75.0,87.5,12.5
508,6,256,1,0,1,1,0,1,0,1,0,0,0,0,0,0,1,1,93.0563,8.170000,0.055400,8.220000,294718.9101,9.3800,1.3493,10.120,0.2200,1,1139,23804,62.5,37.5,50.0,50.0
508,7,256,1,0,1,1,0,0,0,1,0,0,0,0,0,1,1,1,89.2976,7.840000,0.055400,7.890000,294718.9101,9.6600,1.4173,10.630,-0.2600,0,1139,23804,62.5,37.5,50.0,50.0
508,8,256,1,0,1,0,0,1,0,1,0,0,1,1,1,0,1,1,97.2706,8.540000,0.055400,8.600000,294718.9101,9.5900,1.4053,10.540,-0.0800,0,1139,23804,37.5,62.5,50.0,50.0
508,9,256,0,1,0,1,0,1,0,1,1,1,0,1,0,1,1,1,81.3246,7.140000,0.055400,7.190000,294718.9101,10.6600,1.5787,11.840,-1.3700,0,1139,23804,75.0,25.0,0.0,100.0
508,10,256,1,0,1,1,0,0,0,1,0,0,0,0,1,1,1,1,90.4366,7.940000,0.055400,7.990000,294718.9101,9.7000,1.5507,11.630,-0.8700,0,1139,23804,50.0,50.0,50.0,50.0
508,11,256,0,0,1,1,1,0,1,1,1,1,1,1,0,1,1,1,91.8034,8.060000,0.055400,8.120000,294718.9101,10.7600,1.4507,10.880,-0.4500,0,1139,23804,25.0,75.0,25.0,75.0
508,12,256,0,0,1,0,0,0,1,1,0,0,0,1,0,1,1,1,91.9173,8.070000,0.055400,8.130000,294718.9101,9.8600,1.4120,10.590,0.1700,1,1139,23804,62.5,37.5,50.0,50.0
508,13,256,0,0,1,0,0,1,0,0,0,0,0,0,0,0,1,1,82.8053,7.270000,0.055400,7.320000,294718.9101,9.3300,1.5427,11.570,-1.1400,0,1139,23804,75.0,25.0,75.0,25.0
508,14,256,0,1,1,1,1,1,1,1,1,1,1,1,1,1,1,1,81.6663,7.170000,0.055400,7.230000,294718.9101,17.4000,1.4187,10.640,-0.2300,0,1139,23804,12.5,87.5,0.0,100.0
508,15,256,0,0,1,1,0,0,1,1,1,1,1,1,1,1,1,1,94.0814,8.260000,0.055400,8.320000,294718.9101,12.2200,1.4053,10.540,-0.1100,0,1139,23804,25.0,75.0,25.0,75.0
508,16,256,1,0,0,1,0,1,0,1,1,1,0,1,0,1,0,1,95.9038,8.420000,0.055400,8.470000,294718.9101,10.2500,1.3680,10.260,0.1900,1,1139,23804,75.0,25.0,12.5,87.5
508,17,256,1,1,1,1,1,1,1,1,0,0,1,1,1,1,1,1,87.9308,7.720000,0.055400,7.780000,294718.9101,3.4900,1.4187,10.640,-0.2200,0,1139,23804,12.5,87.5,12.5,87.5
508,18,256,1,0,1,1,1,1,1,1,1,1,1,1,0,1,1,1,92.9424,8.160000,0.055400,8.210000,294718.9101,12.0000,1.7253,12.940,-2.4900,0,1139,23804,12.5,87.5,12.5,87.5
508,19,256,1,0,1,0,1,0,1,1,1,0,1,0,0,0,1,1,92.3729,8.110000,0.055400,8.160000,294718.9101,9.4000,1.4373,10.780,-0.3300,0,1139,23804,12.5,87.5,75.0,25.0
508,20,256,1,0,1,1,0,1,0,1,1,1,0,0,1,0,1,1,96.0177,8.430000,0.055400,8.490000,294718.9101,9.4500,1.4293,10.720,0.0400,1,1139,23804,37.5,62.5,37.5,62.5
508,21,256,1,0,1,1,0,0,1,1,1,1,1,1,1,1,1,1,96.0177,8.430000,0.055400,8.480000,294718.9101,12.2200,1.4133,10.600,0.1600,1,1139,23804,12.5,87.5,25.0,75.0
508,22,256,1,0,0,1,0,0,0,1,0,0,1,1,0,1,1,1,93.7397,8.230000,0.055400,8.290000,294718.9101,9.9800,1.3787,10.340,0.0900,1,1139,23804,62.5,37.5,37.5,62.5
508,23,256,1,0,1,1,1,1,1,1,1,1,1,0,1,1,1,1,95.3343,8.370000,0.055400,8.420000,294718.9101,10.0000,1.4187,10.640,-0.1800,0,1139,23804,0.0,100.0,25.0,75.0
508,24,256,0,0,1,1,1,0,0,0,1,1,1,1,0,1,1,1,94.9926,8.340000,0.055400,8.390000,294718.9101,10.2900,1.4200,10.650,-0.1300,0,1139,23804,37.5,62.5,37.5,62.5
508,25,256,0,1,1,1,0,0,1,1,0,0,0,0,0,1,1,1,93.9675,8.250000,0.055400,8.310000,294718.9101,1.8900,1.4120,10.590,0.1600,1,1139,23804,62.5,37.5,37.5,62.5
508,26,256,0,0,0,1,1,0,1,1,1,0,1,1,1,0,1,1,94.4231,8.290000,0.055400,8.340000,294718.9101,9.5500,1.4653,10.990,-0.6300,0,1139,23804,25.0,75.0,50.0,50.0
508,27,256,1,1,1,1,1,1,1,1,1,1,0,1,1,1,1,1,79.5022,6.980000,0.055400,7.040000,294718.9101,15.2100,1.6747,12.560,-2.0800,0,1139,23804,12.5,87.5,0.0,100.0
508,28,256,1,0,1,1,0,0,0,0,1,1,1,1,1,0,1,1,101.3710,8.900000,0.055400,8.960000,294718.9101,9.6900,1.4107,10.580,-0.1200,0,1139,23804,25.0,75.0,50.0,50.0
508,29,256,1,0,1,1,1,1,1,1,0,0,1,1,1,1,1,1,95.7899,8.410000,0.055400,8.470000,294718.9101,10.6400,1.5373,11.530,-1.0900,0,1139,23804,12.5,87.5,25.0,75.0
509,0,256,1,1,1,1,0,0,1,1,1,1,1,1,1,1,1,1,93.1702,8.180000,0.055400,8.230000,294718.9101,6.1100,1.5453,11.590,-1.1700,0,1139,23804,12.5,87.5,12.5,87.5
509,1,256,0,1,0,1,0,0,0,1,1,1,0,1,0,1,0,1,87.7030,7.700000,0.055400,7.750000,294718.9101,2.0000,1.4173,10.630,-0.1700,0,1139,23804,87.5,12.5,12.5,87.5
509,2,256,1,0,1,0,0,0,1,1,1,1,0,1,0,1,1,1,93.6258,8.220000,0.055400,8.270000,294718.9101,10.2200,1.4080,10.560,0.2000,1,1139,23804,37.5,62.5,37.5,62.5
509,4,256,1,0,1,1,0,0,1,1,1,1,0,0,0,1,1,1,95.9038,8.420000,0.055400,8.470000,294718.9101,9.6600,1.4867,11.150,-0.7300,0,1139,23804,37.5,62.5,37.5,62.5
509,5,256,0,0,1,1,1,1,1,1,1,1,1,1,1,1,1,1,91.2339,8.010000,0.055400,8.070000,294718.9101,23.8100,1.2600,9.450,0.9400,1,1139,23804,12.5,87.5,12.5,87.5
509,6,256,0,0,1,0,0,1,1,1,0,0,0,1,0,1,1,1,95.2204,8.360000,0.055400,8.420000,294718.9101,10.0200,1.4093,10.570,-0.0900,0,1139,23804,62.5,37.5,37.5,62.5
509,7,256,1,0,1,1,0,0,1,1,0,0,1,1,1,1,1,1,93.5119,8.210000,0.055400,8.270000,294718.9101,10.4100,1.5067,11.300,-0.7400,0,1139,23804,25.0,75.0,37.5,62.5
509,8,256,1,0,1,1,0,0,0,1,0,0,1,1,0,1,1,1,92.1451,8.090000,0.055400,8.140000,294718.9101,9.9800,1.5133,11.350,-0.8800,0,1139,23804,50.0,50.0,37.5,62.5
509,9,256,0,0,1,1,1,0,0,0,0,0,1,1,0,1,1,1,94.4231,8.290000,0.055400,8.350000,294718.9101,9.9500,1.5080,11.310,-0.8500,0,1139,23804,50.0,50.0,50.0,50.0
509,10,256,1,0,0,1,0,1,0,1,1,1,1,1,0,1,0,1,86.6779,7.610000,0.055400,7.660000,294718.9101,10.7400,1.4133,10.600,0.1600,1,1139,23804,62.5,37.5,12.5,87.5
509,11,256,0,1,1,1,1,1,0,0,1,1,1,1,1,1,1,1,90.3227,7.930000,0.055400,7.990000,294718.9101,3.7200,1.4107,10.580,0.1800,1,1139,23804,25.0,75.0,12.5,87.5
509,12,256,1,0,1,1,0,0,0,0,1,1,0,1,1,0,1,1,94.1953,8.270000,0.055400,8.320000,294718.9101,9.5700,1.5960,11.970,-1.5000,0,1139,23804,37.5,62.5,50.0,50.0
509,13,256,0,0,1,1,0,0,1,1,1,1,1,1,1,0,1,1,92.9424,8.160000,0.055400,8.220000,294718.9101,9.7500,1.3533,10.150,0.3500,1,1139,23804,25.0,75.0,37.5,62.5
509,14,256,0,1,0,1,0,1,0,1,1,1,1,0,0,1,0,1,90.0949,7.910000,0.055400,7.970000,294718.9101,2.0200,1.6027,12.020,-1.5500,0,1139,23804,75.0,25.0,12.5,87.5
509,15,256,1,0,1,1,1,1,1,1,1,1,0,1,1,1,1,1,92.9424,8.160000,0.055400,8.220000,294718.9101,12.1300,1.4613,10.960,-0.6700,0,1139,23804,12.5,87.5,12.5,87.5
509,16,256,1,0,0,1,0,1,1,1,1,1,0,1,0,1,0,1,95.9038,8.420000,0.055400,8.480000,294718.9101,10.3600,1.5613,11.710,-1.2700,0,1139,23804,62.5,37.5,12.5,87.5
509,19,256,0,1,1,1,1,1,0,1,1,1,1,1,1,1,1,1,80.5273,7.070000,0.055400,7.130000,294718.9101,15.5600,1.4427,10.820,-0.3800,0,1139,23804,25.0,75.0,0.0,100.0
509,20,256,0,1,0,1,0,1,1,1,1,1,0,1,0,1,0,1,80.9829,7.110000,0.055400,7.170000,294718.9101,10.2900,1.5680,11.760,-1.3000,0,1139,23804,75.0,25.0,0.0,100.0
509,21,256,0,0,1,1,0,0,1,1,1,1,0,1,0,1,1,1,91.5756,8.040000,0.055400,8.090000,294718.9101,10.2300,1.4880,11.160,-0.8100,0,1139,23804,50.0,50.0,25.0,75.0
509,22,256,1,0,1,1,0,1,0,1,0,0,1,1,1,1,1,1,97.4984,8.560000,0.055400,8.610000,294718.9101,10.4900,1.4507,10.880,-0.4300,0,1139,23804,37.5,62.5,25.0,75.0
509,23,256,1,0,1,1,0,0,0,0,0,0,1,1,0,1,1,1,93.2841,8.190000,0.055400,8.250000,294718.9101,9.9500,1.4920,11.190,-0.7400,0,1139,23804,50.0,50.0,50.0,50.0
509,24,256,1,0,1,1,0,0,1,1,1,1,0,0,1,1,1,1,93.1702,8.180000,0.055400,8.240000,294718.9101,9.8100,1.3840,10.380,0.0800,1,1139,23804,25.0,75.0,37.5,62.5
509,25,256,0,1,1,1,0,0,1,1,1,1,1,1,0,1,1,1,91.8034,8.060000,0.055400,8.110000,294718.9101,3.2500,1.4453,10.840,-0.4600,0,1139,23804,37.5,62.5,12.5,87.5
509,27,256,1,0,1,0,0,0,1,1,0,0,0,1,1,1,1,1,91.8034,8.060000,0.055400,8.110000,294718.9101,10.0200,1.5653,11.740,-1.3400,0,1139,23804,37.5,62.5,50.0,50.0
509,28,256,0,0,0,1,0,0,0,1,0,0,1,1,0,1,1,1,89.9810,7.900000,0.055400,7.960000,294718.9101,9.9800,1.6493,12.370,-1.9000,0,1139,23804,75.0,25.0,37.5,62.5
509,29,256,0,0,1,1,0,0,1,1,0,0,0,1,0,1,1,1,92.6007,8.130000,0.055400,8.190000,294718.9101,9.8800,1.6160,12.120,-1.6700,0,1139,23804,62.5,37.5,37.5,62.5
510,0,256,0,1,0,1,1,1,1,1,1,1,1,1,1,1,1,1,80.6412,7.080000,0.055300,7.140000,294718.9101,16.4300,1.4147,10.610,0.1500,1,1139,23804,25.0,75.0,0.0,100.0
510,1,256,1,1,0,1,1,1,1,1,1,1,1,1,1,1,1,1,83.0331,7.290000,0.055400,7.340000,294718.9101,21.2100,1.8440,13.830,-3.4100,0,1139,23804,12.5,87.5,0.0,100.0
510,2,256,1,0,1,0,1,1,1,1,1,1,1,1,1,1,1,1,92.3729,8.110000,0.055400,8.170000,294718.9101,23.8000,1.4080,10.560,0.2000,1,1139,23804,0.0,100.0,25.0,75.0
510,3,256,1,0,1,1,0,0,1,1,1,1,1,1,1,0,1,1,96.3594,8.460000,0.055400,8.510000,294718.9101,9.7500,1.6093,12.070,-1.8100,0,1139,23804,12.5,87.5,37.5,62.5
510,4,256,0,0,0,1,1,1,1,1,1,1,1,1,1,1,1,1,93.6258,8.220000,0.055400,8.270000,294718.9101,23.8100,1.6653,12.490,-1.7300,0,1139,23804,25.0,75.0,12.5,87.5
510,5,256,1,0,1,1,0,0,0,0,1,1,1,1,1,1,1,1,91.8034,8.060000,0.055400,8.110000,294718.9101,11.5400,1.4160,10.620,-0.1600,0,1139,23804,25.0,75.0,37.5,62.5
510,6,256,0,1,0,1,0,1,0,1,0,0,0,1,0,1,0,1,85.7667,7.530000,0.055100,7.590000,294718.9101,2.0300,1.5733,11.800,-1.3600,0,1139,23804,100.0,0.0,12.5,87.5
510,8,256,1,0,0,0,0,0,0,1,0,0,1,1,0,1,1,1,88.6142,7.780000,0.055400,7.840000,294718.9101,9.9600,1.4680,11.010,-0.6300,0,1139,23804,62.5,37.5,50.0,50.0
510,9,256,0,1,1,1,0,1,0,1,1,1,0,1,0,1,0,1,80.8690,7.100000,0.055400,7.160000,294718.9101,10.2400,1.4520,10.890,-0.3800,0,1139,23804,75.0,25.0,0.0,100.0
510,10,256,1,0,1,1,0,0,1,1,0,0,0,1,0,1,1,1,95.6760,8.400000,0.055400,8.460000,294718.9101,9.8800,1.3933,10.450,-0.0100,0,1139,23804,50.0,50.0,37.5,62.5
510,11,256,0,0,1,0,0,0,1,1,1,1,0,1,0,1,1,1,91.3478,8.020000,0.055400,8.080000,294718.9101,10.2200,1.5867,11.900,-1.6100,0,1139,23804,50.0,50.0,37.5,62.5
510,12,256,1,0,1,1,0,1,0,1,1,1,1,1,0,1,0,1,93.8536,8.240000,0.055400,8.290000,294718.9101,10.7400,1.4400,10.800,-0.0500,0,1139,23804,50.0,50.0,12.5,87.5
510,13,256,0,0,1,0,0,1,1,1,0,0,0,1,1,1,1,1,91.4617,8.030000,0.055400,8.090000,294718.9101,10.2400,1.6160,12.120,-1.3600,0,1139,23804,50.0,50.0,37.5,62.5
510,14,256,0,0,1,0,0,1,1,1,1,1,0,1,0,1,1,1,91.3478,8.020000,0.055400,8.080000,294718.9101,10.9300,1.4547,10.910,-0.4900,0,1139,23804,50.0,50.0,25.0,75.0
510,15,256,1,0,0,1,0,1,1,1,1,1,1,1,0,1,0,1,99.6625,8.750000,0.055400,8.810000,294718.9101,10.8600,1.4960,11.220,-0.7700,0,1139,23804,50.0,50.0,12.5,87.5
510,16,256,1,1,1,1,1,0,0,0,1,1,1,1,0,1,1,1,99.3208,8.720000,0.055400,8.770000,294718.9101,2.9400,1.4120,10.590,0.1700,1,1139,23804,25.0,75.0,25.0,75.0
510,17,256,1,0,1,1,0,0,1,1,1,1,0,1,1,1,1,1,96.9289,8.510000,0.055400,8.570000,294718.9101,10.9300,1.4107,10.580,-0.1100,0,1139,23804,25.0,75.0,25.0,75.0
510,18,256,0,0,1,0,0,1,1,1,0,0,1,1,0,1,1,1,92.9424,8.160000,0.055400,8.220000,294718.9101,10.1000,1.6773,12.580,-2.1800,0,1139,23804,50.0,50.0,37.5,62.5
510,19,256,1,0,1,1,0,1,1,1,0,0,0,0,1,1,1,1,93.3980,8.200000,0.055400,8.260000,294718.9101,9.8400,1.7000,12.750,-2.2900,0,1139,23804,37.5,62.5,37.5,62.5
510,20,256,0,0,1,1,1,1,1,1,1,1,1,0,1,1,1,1,98.6374,8.660000,0.055400,8.710000,294718.9101,10.0000,1.4160,10.620,-0.2100,0,1139,23804,12.5,87.5,25.0,75.0
510,21,256,1,0,1,1,1,1,0,1,1,1,1,1,1,1,1,1,92.8285,8.150000,0.055400,8.210000,294718.9101,14.3800,1.7360,13.020,-2.6200,0,1139,23804,12.5,87.5,12.5,87.5
510,22,256,1,0,1,0,0,1,1,1,0,0,0,1,0,1,1,1,97.7262,8.580000,0.055400,8.630000,294718.9101,10.0200,1.5480,11.610,-1.1800,0,1139,23804,50.0,50.0,37.5,62.5
510,23,256,1,0,0,1,1,0,0,1,1,1,0,1,0,1,0,1,95.7899,8.410000,0.055400,8.470000,294718.9101,9.7500,1.9040,14.280,-3.9000,0,1139,23804,62.5,37.5,25.0,75.0
510,24,256,0,0,1,1,0,1,0,0,1,1,1,1,0,1,1,1,83.6026,7.340000,0.055400,7.390000,294718.9101,10.4000,1.4067,10.550,0.2100,1,1139,23804,50.0,50.0,25.0,75.0
510,25,256,1,0,1,1,1,1,1,1,0,0,1,0,1,1,1,1,95.4482,8.380000,0.055400,8.430000,294718.9101,9.8500,1.6440,12.330,-1.8700,0,1139,23804,12.5,87.5,37.5,62.5
510,26,256,0,1,1,1,0,0,1,1,1,1,1,1,1,1,1,1,93.8536,8.240000,0.055400,8.300000,294718.9101,4.6200,1.3933,10.450,-0.0900,0,1139,23804,25.0,75.0,12.5,87.5
510,27,256,0,0,1,1,1,1,0,0,1,1,0,1,0,1,1,1,94.0814,8.260000,0.055400,8.320000,294718.9101,9.9800,1.5027,11.270,-0.8600,0,1139,23804,50.0,50.0,25.0,75.0
510,28,256,1,0,1,0,0,0,1,1,1,1,1,1,0,1,1,1,96.9289,8.510000,0.055400,8.570000,294718.9101,10.7400,1.6400,12.300,-1.8700,0,1139,23804,25.0,75.0,37.5,62.5
510,29,256,0,0,1,1,0,0,0,0,1,1,0,1,1,1,1,1,93.6258,8.220000,0.055400,8.270000,294718.9101,10.4100,1.7173,12.880,-2.5600,0,1139,23804,50.0,50.0,37.5,62.5
511,1,256,1,0,0,1,0,1,0,1,0,0,1,1,0,1,1,1,95.7899,8.410000,0.055400,8.470000,294718.9101,10.0800,1.4107,10.580,0.1700,1,1139,23804,62.5,37.5,25.0,75.0
511,3,256,0,1,1,1,0,0,1,1,0,0,0,1,0,1,1,1,94.4231,8.290000,0.055400,8.350000,294718.9101,2.2400,1.5280,11.460,-0.9800,0,1139,23804,62.5,37.5,25.0,75.0
511,5,256,1,0,0,1,0,1,0,1,0,0,0,1,0,1,0,1,96.2455,8.450000,0.055400,8.510000,294718.9101,9.7800,1.6067,12.050,-1.6500,0,1139,23804,87.5,12.5,25.0,75.0
511,6,256,1,1,1,1,1,1,0,0,1,1,1,1,1,1,1,1,89.6393,7.870000,0.055400,7.920000,294718.9101,4.4000,1.5547,11.660,-1.2200,0,1139,23804,12.5,87.5,12.5,87.5
511,7,256,1,0,0,1,0,0,1,1,0,0,0,1,0,1,1,1,89.8671,7.890000,0.055400,7.950000,294718.9101,9.8800,1.4133,10.600,-0.2000,0,1139,23804,62.5,37.5,37.5,62.5
511,8,256,1,0,1,0,1,1,1,1,0,0,0,1,0,1,1,1,96.5872,8.480000,0.055400,8.540000,294718.9101,10.0300,1.3707,10.280,0.1000,1,1139,23804,37.5,62.5,37.5,62.5
511,9,256,0,1,0,1,1,1,1,0,1,1,0,1,0,1,0,1,89.4115,7.850000,0.055400,7.910000,294718.9101,1.8200,1.7360,13.020,-2.6600,0,1139,23804,62.5,37.5,12.5,87.5
511,10,256,1,0,0,1,1,1,0,1,1,1,1,1,0,1,0,1,94.7648,8.320000,0.055400,8.380000,294718.9101,10.7100,1.3253,9.940,0.5100,1,1139,23804,50.0,50.0,12.5,87.5
511,11,256,0,0,1,0,0,0,0,1,0,0,0,1,0,1,1,1,89.9810,7.900000,0.055400,7.950000,294718.9101,9.9200,1.4147,10.610,-0.1900,0,1139,23804,75.0,25.0,50.0,50.0
511,15,256,0,1,0,1,0,0,1,1,1,1,1,1,1,1,1,1,88.8420,7.800000,0.055400,7.860000,294718.9101,4.0200,1.4267,10.700,-0.2300,0,1139,23804,37.5,62.5,12.5,87.5
511,16,256,0,0,1,1,0,0,1,1,0,0,1,1,0,1,1,1,90.3227,7.930000,0.055400,7.980000,294718.9101,9.9700,1.4133,10.600,-0.2000,0,1139,23804,50.0,50.0,37.5,62.5
511,17,256,0,0,1,0,0,1,1,1,0,0,0,1,1,0,1,1,91.2339,8.010000,0.055400,8.060000,294718.9101,9.5800,1.4093,10.570,0.1800,1,1139,23804,50.0,50.0,50.0,50.0
511,18,256,1,0,0,1,0,0,0,1,0,0,1,1,1,1,1,1,91.8034,8.060000,0.055400,8.110000,294718.9101,10.3700,1.4667,11.000,-0.5300,0,1139,23804,50.0,50.0,37.5,62.5
511,20,256,1,0,0,0,1,1,1,1,1,1,1,1,1,1,1,1,97.1567,8.530000,0.055400,8.590000,294718.9101,23.8000,1.5587,11.690,-1.2200,0,1139,23804,12.5,87.5,25.0,75.0
511,21,256,0,0,0,1,0,0,0,0,1,1,0,1,0,1,1,1,94.3092,8.280000,0.055400,8.340000,294718.9101,9.8900,1.5200,11.400,-0.9700,0,1139,23804,75.0,25.0,37.5,62.5
511,23,256,1,0,1,0,1,1,0,1,1,1,1,1,1,1,1,1,97.2706,8.540000,0.055400,8.590000,294718.9101,14.3600,1.6187,12.140,-1.7100,0,1139,23804,12.5,87.5,25.0,75.0
511,24,256,0,1,1,1,1,1,1,1,1,1,1,0,1,1,1,1,90.0949,7.910000,0.055400,7.960000,294718.9101,2.0700,1.3920,10.440,0.0400,1,1139,23804,12.5,87.5,12.5,87.5
511,25,256,0,0,1,0,0,1,1,1,0,0,0,1,0,1,0,0,93.6258,8.220000,0.055400,8.270000,294718.9101,7.2700,1.8973,14.230,-3.7600,0,1139,23804,75.0,25.0,50.0,50.0
511,27,256,0,1,0,1,0,1,0,1,1,1,1,1,0,1,0,1,81.5524,7.160000,0.055300,7.210000,294718.9101,10.6600,1.4920,11.190,-0.7700,0,1139,23804,75.0,25.0,0.0,100.0
511,28,256,0,0,1,1,1,0,1,1,1,1,1,1,1,1,1,1,95.7899,8.410000,0.055400,8.460000,294718.9101,12.2200,1.4293,10.720,-0.2300,0,1139,23804,12.5,87.5,25.0,75.0
511,29,256,0,0,1,1,0,0,0,0,1,1,1,1,0,1,1,1,93.3980,8.200000,0.055400,8.250000,294718.9101,10.2900,1.6600,12.450,-2.1900,0,1139,23804,50.0,50.0,37.5,62.5
512,0,256,1,0,1,0,0,1,0,1,0,0,1,1,0,1,1,1,95.7899,8.410000,0.055400,8.470000,294718.9101,10.0600,1.4133,10.600,-0.1400,0,1139,23804,50.0,50.0,37.5,62.5
512,1,256,1,0,0,1,1,1,0,1,0,0,1,1,0,1,0,1,93.6258,8.220000,0.055400,8.280000,294718.9101,9.7200,1.4147,10.610,0.1500,1,1139,23804,62.5,37.5,25.0,75.0
512,3,256,1,0,0,1,0,0,1,1,1,1,0,1,0,1,1,1,97.4984,8.560000,0.055400,8.610000,294718.9101,10.2300,1.4467,10.850,-0.0900,0,1139,23804,50.0,50.0,25.0,75.0
512,4,256,1,0,1,1,0,0,1,1,1,1,1,1,1,1,0,1,93.8536,8.240000,0.055400,8.290000,294718.9101,10.5100,1.4040,10.530,-0.1000,0,1139,23804,25.0,75.0,25.0,75.0
512,5,256,1,0,1,1,1,1,0,0,1,1,1,1,1,1,1,1,99.5486,8.740000,0.055400,8.800000,294718.9101,11.6800,1.4800,11.100,-0.7100,0,1139,23804,12.5,87.5,25.0,75.0
512,6,256,0,1,0,1,0,1,1,0,1,1,0,1,0,1,0,1,91.1200,8.000000,0.055400,8.060000,294718.9101,1.9000,1.8547,13.910,-3.4900,0,1139,23804,75.0,25.0,12.5,87.5
512,7,256,1,0,0,1,1,1,1,1,1,1,1,1,1,1,1,1,97.7262,8.580000,0.055400,8.640000,294718.9101,23.8100,1.4547,10.910,-0.4700,0,1139,23804,12.5,87.5,12.5,87.5
512,8,256,1,1,1,0,0,1,1,1,1,1,0,1,0,1,1,1,91.8034,8.060000,0.055400,8.120000,294718.9101,3.7200,1.4120,10.590,0.1700,1,1139,23804,37.5,62.5,12.5,87.5
512,9,256,0,0,0,1,0,1,0,0,0,0,1,1,0,1,1,1,84.0582,7.380000,0.055400,7.440000,294718.9101,10.0000,1.5547,11.660,-1.3700,0,1139,23804,75.0,25.0,37.5,62.5
512,10,256,1,0,1,0,0,1,0,1,1,1,0,1,0,1,0,1,94.7648,8.320000,0.055400,8.370000,294718.9101,10.2300,1.9667,14.750,-4.3200,0,1139,23804,62.5,37.5,25.0,75.0
512,12,256,1,1,1,1,1,1,1,1,1,1,1,1,0,1,1,1,81.5524,7.160000,0.055300,7.220000,294718.9101,14.5100,1.5427,11.570,-1.1900,0,1139,23804,12.5,87.5,0.0,100.0
512,13,256,1,0,1,1,0,1,0,1,1,1,0,1,0,1,0,1,95.9038,8.420000,0.055400,8.480000,294718.9101,10.2500,1.9293,14.470,-4.0800,0,1139,23804,62.5,37.5,12.5,87.5
512,14,256,1,0,0,1,0,0,0,1,0,0,1,1,0,1,0,0,96.8150,8.500000,0.055400,8.550000,294718.9101,7.3800,1.5067,11.300,-0.8600,0,1139,23804,75.0,25.0,50.0,50.0
512,16,256,0,0,1,1,0,1,1,1,1,1,1,1,1,1,1,1,92.4868,8.120000,0.055400,8.180000,294718.9101,23.8600,1.4133,10.600,0.1600,1,1139,23804,25.0,75.0,12.5,87.5
512,17,256,1,0,0,1,1,1,0,1,0,0,1,1,0,1,1,1,93.6258,8.220000,0.055400,8.280000,294718.9101,10.0400,1.3907,10.430,0.0500,1,1139,23804,50.0,50.0,25.0,75.0
512,18,256,0,0,1,1,0,1,0,0,1,1,1,1,0,1,0,1,93.1702,8.180000,0.055400,8.230000,294718.9101,9.8100,1.4213,10.660,0.1000,1,1139,23804,62.5,37.5,25.0,75.0
512,19,256,1,0,0,1,0,1,0,1,1,1,1,1,1,0,0,1,94.8787,8.330000,0.055400,8.380000,294718.9101,9.5600,1.4093,10.570,0.1900,1,1139,23804,50.0,50.0,25.0,75.0
512,20,256,1,0,0,1,1,1,0,1,1,1,1,1,0,1,1,1,86.2223,7.570000,0.055400,7.630000,294718.9101,11.6200,1.5573,11.680,-1.2100,0,1139,23804,37.5,62.5,12.5,87.5
512,21,256,1,0,0,1,0,0,0,1,0,0,0,1,0,1,1,1,97.6123,8.570000,0.055400,8.630000,294718.9101,9.9300,1.4587,10.940,-0.5300,0,1139,23804,75.0,25.0,37.5,62.5
512,24,256,1,0,0,1,1,1,1,1,0,0,0,1,0,1,1,1,94.0814,8.260000,0.055400,8.320000,294718.9101,10.0500,1.3653,10.240,0.2200,1,1139,23804,50.0,50.0,25.0,75.0
512,25,256,1,0,1,0,1,1,1,1,0,0,0,1,0,1,0,1,94.0814,8.260000,0.055400,8.310000,294718.9101,9.7600,1.4360,10.770,-0.3500,0,1139,23804,50.0,50.0,37.5,62.5
512,26,256,1,0,0,1,0,1,0,1,1,1,1,1,0,1,1,1,94.6509,8.310000,0.055400,8.360000,294718.9101,11.6500,1.6320,12.240,-1.4800,0,1139,23804,50.0,50.0,12.5,87.5
512,27,256,0,0,1,0,0,0,1,1,1,1,1,1,1,1,1,1,90.8922,7.980000,0.055400,8.030000,294718.9101,12.2000,1.4120,10.590,0.1700,1,1139,23804,25.0,75.0,37.5,62.5
512,29,256,1,0,1,0,0,1,1,1,1,1,0,1,0,1,1,1,93.8536,8.240000,0.055400,8.300000,294718.9101,10.9300,1.3920,10.440,-0.0100,0,1139,23804,37.5,62.5,25.0,75.0
513,0,256,1,0,0,1,1,1,0,1,0,0,0,1,0,1,1,1,91.1200,8.000000,0.055400,8.060000,294718.9101,10.0000,1.3867,10.400,0.3700,1,1139,23804,62.5,37.5,25.0,75.0
513,1,256,1,0,0,1,0,0,0,1,0,0,1,1,0,1,0,1,89.4115,7.850000,0.055400,7.910000,294718.9101,9.6500,1.5240,11.430,-0.9500,0,1139,23804,75.0,25.0,37.5,62.5
513,3,256,1,0,0,1,0,1,0,1,1,1,0,1,0,1,1,1,95.4482,8.380000,0.055400,8.430000,294718.9101,10.7700,1.5640,11.730,-1.3100,0,1139,23804,62.5,37.5,12.5,87.5
513,4,256,1,0,1,0,1,1,1,1,1,1,0,1,0,1,1,1,95.2204,8.360000,0.055400,8.420000,294718.9101,11.0400,1.5667,11.750,-1.3600,0,1139,23804,25.0,75.0,25.0,75.0
513,7,256,1,1,0,1,0,1,0,1,1,1,0,1,0,1,1,1,81.6663,7.170000,0.055400,7.230000,294718.9101,11.2900,1.3493,10.120,0.6400,1,1139,23804,62.5,37.5,0.0,100.0
513,8,256,0,0,1,1,0,1,1,1,1,1,1,1,1,1,0,1,94.4231,8.290000,0.055400,8.350000,294718.9101,11.5200,1.4093,10.570,0.1900,1,1139,23804,37.5,62.5,12.5,87.5
513,9,256,1,1,1,1,1,1,1,1,1,1,1,1,1,1,1,0,89.9810,7.900000,0.055400,7.960000,294718.9101,11.6500,1.4147,10.610,0.1500,1,1139,23804,0.0,100.0,12.5,87.5
513,10,256,0,0,1,1,0,1,0,0,0,0,1,1,0,1,1,1,96.3594,8.460000,0.055400,8.510000,294718.9101,10.0000,1.6720,12.540,-2.0400,0,1139,23804,62.5,37.5,37.5,62.5
513,11,256,1,0,1,0,0,0,0,1,1,1,0,1,0,1,1,1,91.3478,8.020000,0.055400,8.080000,294718.9101,10.1000,1.4613,10.960,-0.4600,0,1139,23804,50.0,50.0,37.5,62.5
513,13,256,0,0,0,1,1,1,0,1,0,0,1,1,0,1,1,1,91.3478,8.020000,0.055400,8.080000,294718.9101,10.0400,1.7387,13.040,-2.7200,0,1139,23804,62.5,37.5,25.0,75.0
513,14,256,1,0,1,1,1,1,1,1,0,0,0,1,0,1,1,1,95.5621,8.390000,0.055400,8.450000,294718.9101,10.0500,1.4440,10.830,-0.0700,0,1139,23804,37.5,62.5,25.0,75.0
513,15,256,1,0,1,1,0,1,1,1,1,1,1,1,1,1,1,1,93.8536,8.240000,0.055400,8.290000,294718.9101,23.8600,1.6000,12.000,-1.5400,0,1139,23804,12.5,87.5,12.5,87.5
513,17,256,1,0,1,1,0,1,0,0,1,1,1,1,0,1,1,1,96.3594,8.460000,0.055400,8.520000,294718.9101,10.4000,1.3840,10.380,0.0700,1,1139,23804,37.5,62.5,25.0,75.0
513,18,256,1,0,0,1,0,0,1,1,1,1,1,1,1,1,1,1,93.9675,8.250000,0.055400,8.300000,294718.9101,12.2200,1.4120,10.590,0.1700,1,1139,23804,25.0,75.0,25.0,75.0
513,19,256,1,0,1,1,1,1,0,1,1,1,1,1,0,1,0,1,95.6760,8.400000,0.055400,8.450000,294718.9101,10.7100,1.4320,10.740,-0.2700,0,1139,23804,37.5,62.5,12.5,87.5
513,21,256,1,0,0,1,1,1,0,1,1,1,1,1,1,1,0,1,96.2455,8.450000,0.055400,8.510000,294718.9101,11.3900,1.3333,10.000,0.4300,1,1139,23804,37.5,62.5,12.5,87.5
513,22,256,0,1,1,0,1,1,1,1,1,1,1,1,1,1,1,1,91.0061,7.990000,0.055400,8.050000,294718.9101,8.1900,1.6013,12.010,-1.2600,0,1139,23804,12.5,87.5,12.5,87.5
513,27,256,1,0,0,1,1,1,0,1,1,1,0,1,0,1,0,1,93.9675,8.250000,0.055400,8.310000,294718.9101,10.2400,1.8253,13.690,-3.2600,0,1139,23804,62.5,37.5,12.5,87.5
513,28,256,0,0,1,0,1,1,1,1,1,1,1,1,1,1,1,1,93.2841,8.190000,0.055400,8.240000,294718.9101,23.8000,1.3627,10.220,0.2700,1,1139,23804,12.5,87.5,25.0,75.0
514,0,256,1,0,1,1,0,1,0,0,1,1,0,0,0,1,1,1,97.2706,8.540000,0.055400,8.600000,294718.9101,9.6200,1.4080,10.560,-0.1000,0,1139,23804,50.0,50.0,37.5,62.5
514,1,256,1,1,0,1,0,1,0,1,1,1,0,1,0,1,0,1,80.8690,7.100000,0.055300,7.150000,294718.9101,10.3700,1.4147,10.610,0.1500,1,1139,23804,75.0,25.0,0.0,100.0
514,3,256,1,0,1,0,1,1,1,1,0,0,0,1,1,1,1,1,97.0428,8.520000,0.055400,8.570000,294718.9101,10.2400,1.5987,11.990,-1.5700,0,1139,23804,25.0,75.0,37.5,62.5
514,5,256,1,1,0,1,1,1,1,1,0,0,0,1,0,1,1,1,91.2339,8.010000,0.055400,8.060000,294718.9101,2.5800,1.4827,11.120,-0.7300,0,1139,23804,50.0,50.0,12.5,87.5
514,8,256,1,1,0,1,1,1,0,1,1,1,1,1,1,1,0,1,83.4887,7.330000,0.055400,7.390000,294718.9101,12.1200,1.3853,10.390,0.3700,1,1139,23804,37.5,62.5,0.0,100.0
514,10,256,0,0,1,1,1,1,1,1,1,1,1,1,0,1,1,1,98.0679,8.610000,0.055400,8.670000,294718.9101,12.0000,1.6093,12.070,-1.6900,0,1139,23804,25.0,75.0,12.5,87.5
514,15,256,0,0,1,1,0,1,1,1,1,1,0,1,1,1,0,1,96.4733,8.470000,0.055400,8.530000,294718.9101,10.7800,1.4093,10.570,0.1800,1,1139,23804,50.0,50.0,12.5,87.5
514,16,256,1,1,1,0,1,1,1,1,1,1,1,1,1,1,1,1,91.5756,8.040000,0.055400,8.100000,294718.9101,11.7600,1.4120,10.590,0.1700,1,1139,23804,0.0,100.0,12.5,87.5
514,17,256,1,1,0,1,0,1,0,1,1,1,1,1,0,1,1,1,82.0080,7.200000,0.055400,7.260000,294718.9101,12.6000,1.2813,9.610,0.8100,1,1139,23804,50.0,50.0,0.0,100.0
514,18,256,0,1,0,1,0,1,0,1,1,1,0,1,1,1,0,1,80.0717,7.030000,0.055300,7.080000,294718.9101,10.4600,1.6187,12.140,-1.7400,0,1139,23804,75.0,25.0,0.0,100.0
514,19,256,1,0,0,1,1,1,0,1,0,0,0,1,1,1,1,1,96.4733,8.470000,0.055400,8.520000,294718.9101,10.1200,1.4533,10.900,-0.5100,0,1139,23804,50.0,50.0,25.0,75.0
514,20,256,0,1,0,1,1,1,1,1,1,0,1,1,0,1,1,1,91.8034,8.060000,0.055400,8.110000,294718.9101,2.3000,1.4320,10.740,-0.2900,0,1139,23804,37.5,62.5,12.5,87.5
514,22,256,0,1,0,1,1,1,1,1,1,1,0,1,1,1,1,1,81.5524,7.160000,0.055400,7.210000,294718.9101,12.1100,1.4120,10.590,0.1600,1,1139,23804,37.5,62.5,0.0,100.0
514,23,256,0,0,0,1,0,1,0,1,1,1,0,1,0,1,0,1,97.7262,8.580000,0.055400,8.640000,294718.9101,10.2500,1.5747,11.810,-1.4700,0,1139,23804,87.5,12.5,12.5,87.5
514,26,256,1,1,0,1,0,1,1,1,1,1,0,1,0,1,1,1,82.1219,7.210000,0.055400,7.270000,294718.9101,11.6300,1.3827,10.370,0.3900,1,1139,23804,50.0,50.0,0.0,100.0
514,27,256,1,1,1,1,1,1,1,1,1,1,1,1,1,1,0,1,81.2107,7.130000,0.055400,7.190000,294718.9101,12.9100,1.4120,10.590,-0.1200,0,1139,23804,12.5,87.5,0.0,100.0
514,28,256,0,0,1,1,0,1,1,1,0,0,1,1,1,1,1,1,94.4231,8.290000,0.055400,8.350000,294718.9101,10.6100,1.4173,10.630,0.1200,1,1139,23804,37.5,62.5,25.0,75.0
515,1,256,0,0,0,1,1,1,0,1,1,1,1,1,0,1,0,1,95.2204,8.360000,0.055400,8.420000,294718.9101,10.7100,1.4147,10.610,0.1500,1,1139,23804,62.5,37.5,12.5,87.5
515,2,256,1,0,0,1,1,1,1,0,0,0,0,1,0,1,1,1,92.8285,8.150000,0.055400,8.210000,294718.9101,9.9000,1.4547,10.910,-0.5000,0,1139,23804,50.0,50.0,37.5,62.5
515,3,256,0,0,1,0,1,1,1,1,1,1,1,1,1,1,0,1,95.1065,8.350000,0.055400,8.410000,294718.9101,11.5200,1.5613,11.710,-1.4200,0,1139,23804,25.0,75.0,25.0,75.0
515,6,256,0,0,1,0,0,1,1,1,1,1,0,0,1,1,1,1,94.5370,8.300000,0.055400,8.350000,294718.9101,9.8900,1.3920,10.440,-0.0500,0,1139,23804,37.5,62.5,37.5,62.5
515,7,256,1,0,0,1,0,1,0,1,0,0,0,1,0,1,1,1,93.0563,8.170000,0.055400,8.220000,294718.9101,10.0400,1.4240,10.680,-0.2700,0,1139,23804,75.0,25.0,25.0,75.0
515,8,256,0,0,1,0,0,1,1,1,1,1,1,1,1,1,1,1,96.2455,8.450000,0.055400,8.510000,294718.9101,23.8400,1.4147,10.610,-0.1600,0,1139,23804,25.0,75.0,25.0,75.0
515,9,256,1,0,0,1,1,1,1,1,1,1,1,1,1,1,0,1,93.5119,8.210000,0.055400,8.270000,294718.9101,11.5400,1.3827,10.370,0.0700,1,1139,23804,25.0,75.0,12.5,87.5
515,12,256,1,1,0,1,0,1,0,1,1,1,1,1,1,1,0,1,81.5524,7.160000,0.055400,7.220000,294718.9101,11.7100,1.3973,10.480,0.0000,1,1139,23804,50.0,50.0,0.0,100.0
515,13,256,1,1,0,1,0,0,0,1,1,1,0,1,0,1,1,1,90.4366,7.940000,0.055400,8.000000,294718.9101,2.6500,1.4360,10.770,-0.3000,0,1139,23804,62.5,37.5,12.5,87.5
515,14,256,0,1,0,1,1,1,0,1,1,1,0,1,0,1,0,1,80.7551,7.090000,0.055400,7.150000,294718.9101,10.1000,1.4907,11.180,-0.6500,0,1139,23804,75.0,25.0,0.0,100.0
515,15,256,0,0,1,1,1,1,1,1,1,1,1,1,1,1,0,1,98.2957,8.630000,0.055400,8.680000,294718.9101,11.5400,1.5707,11.780,-1.4200,0,1139,23804,25.0,75.0,12.5,87.5
515,16,256,0,0,0,1,0,0,0,1,1,1,0,1,0,1,0,1,91.2339,8.010000,0.055400,8.070000,294718.9101,9.7500,1.6373,12.280,-1.5300,0,1139,23804,87.5,12.5,25.0,75.0
515,18,256,1,0,0,1,0,0,0,1,1,1,1,1,0,1,0,1,94.9926,8.340000,0.055400,8.390000,294718.9101,9.9600,1.4413,10.810,-0.0500,0,1139,23804,62.5,37.5,25.0,75.0
515,19,256,1,1,0,1,0,1,1,1,1,1,1,1,0,0,1,1,89.4115,7.850000,0.055400,7.910000,294718.9101,2.2300,1.3920,10.440,-0.0200,0,1139,23804,37.5,62.5,12.5,87.5
515,25,256,1,1,0,1,0,1,1,1,1,1,1,1,0,1,1,1,82.8053,7.270000,0.055400,7.330000,294718.9101,13.0300,1.5320,11.490,-1.0000,0,1139,23804,37.5,62.5,0.0,100.0
515,26,256,1,0,1,1,0,1,0,0,1,1,0,1,0,1,1,1,93.0563,8.170000,0.055400,8.230000,294718.9101,9.9900,1.3840,10.380,0.0500,1,1139,23804,50.0,50.0,25.0,75.0
515,27,256,0,0,1,0,0,0,1,1,1,1,0,1,1,1,1,1,93.0563,8.170000,0.055400,8.230000,294718.9101,10.9200,1.6907,12.680,-1.9200,0,1139,23804,37.5,62.5,37.5,62.5
515,29,256,0,0,1,1,0,1,1,1,1,1,1,1,0,1,1,1,93.5119,8.210000,0.055400,8.270000,294718.9101,11.8900,1.4400,10.800,-0.4400,0,1139,23804,37.5,62.5,12.5,87.5
516,0,256,0,0,0,1,0,1,0,0,1,1,1,1,0,1,1,1,94.4231,8.290000,0.055400,8.340000,294718.9101,10.4000,1.3720,10.290,0.0300,1,1139,23804,62.5,37.5,25.0,75.0
516,1,256,0,0,1,1,0,1,1,1,1,1,0,1,1,1,1,1,95.4482,8.380000,0.055400,8.430000,294718.9101,12.0300,1.4760,11.070,-0.6800,0,1139,23804,37.5,62.5,12.5,87.5
516,4,256,1,1,0,1,1,1,0,1,1,1,1,1,1,1,1,1,80.0717,7.030000,0.055300,7.080000,294718.9101,18.6700,1.7387,13.040,-2.5200,0,1139,23804,25.0,75.0,0.0,100.0
516,5,256,1,1,1,1,0,1,1,1,1,1,1,1,1,1,1,0,92.0312,8.080000,0.055400,8.140000,294718.9101,8.1700,1.5200,11.400,-0.9500,0,1139,23804,12.5,87.5,12.5,87.5
516,7,256,1,0,0,0,0,1,0,0,1,1,1,1,0,1,1,1,92.8285,8.150000,0.055400,8.200000,294718.9101,10.3900,1.5600,11.700,-1.2200,0,1139,23804,50.0,50.0,37.5,62.5
516,8,256,1,1,1,1,0,1,0,1,1,1,1,1,0,1,1,1,80.6412,7.080000,0.055400,7.130000,294718.9101,12.8200,1.4080,10.560,0.1900,1,1139,23804,37.5,62.5,0.0,100.0
516,9,256,1,1,1,1,0,1,0,1,1,1,1,1,1,1,0,1,80.1856,7.040000,0.055400,7.100000,294718.9101,11.9900,1.3973,10.480,0.2700,1,1139,23804,37.5,62.5,0.0,100.0
516,10,256,1,0,1,1,0,1,0,0,1,1,1,1,0,1,0,1,95.6760,8.400000,0.055400,8.450000,294718.9101,9.8100,1.4120,10.590,0.1700,1,1139,23804,50.0,50.0,25.0,75.0
516,11,256,1,0,0,1,1,1,1,1,0,0,0,1,0,1,0,1,95.3343,8.370000,0.055400,8.420000,294718.9101,9.7800,1.4133,10.600,0.1600,1,1139,23804,62.5,37.5,25.0,75.0
516,13,256,1,1,0,1,1,1,0,1,1,1,0,1,0,1,1,1,81.3246,7.140000,0.055400,7.190000,294718.9101,11.6800,1.4347,10.760,-0.3400,0,1139,23804,50.0,50.0,0.0,100.0
516,14,256,1,1,0,1,1,1,0,1,1,1,1,1,0,1,1,1,81.4385,7.150000,0.055400,7.210000,294718.9101,13.1400,1.4227,10.670,-0.2000,0,1139,23804,37.5,62.5,0.0,100.0
516,15,256,0,0,1,1,1,1,0,0,1,1,1,1,0,1,1,1,97.2706,8.540000,0.055400,8.600000,294718.9101,10.3900,1.6747,12.560,-2.1300,0,1139,23804,37.5,62.5,25.0,75.0
516,18,256,1,0,0,1,1,1,0,1,1,1,1,1,1,1,1,1,97.3845,8.550000,0.055400,8.610000,294718.9101,14.3800,1.4053,10.540,-0.1300,0,1139,23804,25.0,75.0,12.5,87.5
516,20,256,1,0,0,1,1,1,0,1,0,0,0,1,0,1,0,1,93.5119,8.210000,0.055400,8.260000,294718.9101,9.7600,1.4387,10.790,-0.3800,0,1139,23804,75.0,25.0,25.0,75.0
516,22,256,1,1,1,1,0,1,0,0,1,1,1,1,0,1,1,1,88.0447,7.730000,0.055400,7.780000,294718.9101,2.7700,1.4307,10.730,0.0300,1,1139,23804,37.5,62.5,12.5,87.5
516,24,256,1,0,0,1,0,1,0,1,1,1,1,1,1,1,0,1,94.0814,8.260000,0.055400,8.320000,294718.9101,11.4100,1.3880,10.410,0.0500,1,1139,23804,50.0,50.0,12.5,87.5
516,25,256,1,0,0,1,0,1,1,1,0,0,0,1,0,1,1,1,94.6509,8.310000,0.055400,8.370000,294718.9101,10.0300,1.7027,12.770,-2.0100,0,1139,23804,62.5,37.5,25.0,75.0
516,27,256,1,1,0,1,1,1,1,1,1,1,0,1,0,1,1,1,80.6412,7.080000,0.055400,7.140000,294718.9101,11.9700,1.4000,10.500,-0.1400,0,1139,23804,37.5,62.5,0.0,100.0
516,28,256,0,0,0,1,0,1,1,1,1,1,1,1,1,1,0,1,94.7648,8.320000,0.055400,8.370000,294718.9101,11.5200,1.4107,10.580,0.1800,1,1139,23804,50.0,50.0,12.5,87.5
516,29,256,1,0,0,1,0,1,1,1,1,1,1,1,1,1,1,1,94.6509,8.310000,0.055400,8.360000,294718.9101,23.8600,1.4320,10.740,-0.2600,0,1139,23804,25.0,75.0,12.5,87.5
517,1,256,1,0,1,1,1,1,0,1,1,1,1,1,1,1,0,1,103.8768,9.120000,0.055400,9.180000,294718.9101,11.3900,1.4120,10.590,-0.2700,0,1139,23804,25.0,75.0,12.5,87.5
517,4,256,1,1,0,1,0,1,0,0,1,1,0,1,0,1,1,1,86.1084,7.560000,0.055400,7.620000,294718.9101,2.1300,1.6307,12.230,-1.4700,0,1139,23804,62.5,37.5,12.5,87.5
517,5,256,1,1,0,1,0,1,0,1,1,1,1,1,1,1,1,1,83.9443,7.370000,0.055400,7.420000,294718.9101,16.5700,1.3840,10.380,0.3800,1,1139,23804,37.5,62.5,0.0,100.0
517,6,256,1,1,1,1,1,1,0,1,1,1,1,1,1,1,1,0,96.5872,8.480000,0.055400,8.530000,294718.9101,7.0700,1.6613,12.460,-2.0000,0,1139,23804,12.5,87.5,12.5,87.5
517,8,256,1,0,1,1,1,1,0,1,0,0,1,1,0,1,1,1,90.5505,7.950000,0.055400,8.010000,294718.9101,10.0400,1.3693,10.270,0.1100,1,1139,23804,37.5,62.5,25.0,75.0
517,15,256,1,1,0,1,0,1,0,1,1,1,0,1,1,1,0,1,81.2107,7.130000,0.055400,7.190000,294718.9101,10.8000,1.4120,10.590,0.1700,1,1139,23804,62.5,37.5,0.0,100.0
517,16,256,1,1,0,1,1,1,0,1,0,0,0,1,0,1,1,1,84.8555,7.450000,0.055400,7.510000,294718.9101,2.7000,1.3787,10.340,0.1000,1,1139,23804,62.5,37.5,12.5,87.5
517,25,256,0,0,0,1,0,1,0,0,1,1,0,1,0,1,1,1,95.7899,8.410000,0.055400,8.470000,294718.9101,9.9900,1.4480,10.860,-0.5600,0,1139,23804,75.0,25.0,25.0,75.0
517,26,256,1,1,0,1,0,1,1,1,1,1,1,1,1,1,0,1,81.2107,7.130000,0.055400,7.190000,294718.9101,11.9100,1.3573,10.180,0.1200,1,1139,23804,37.5,62.5,0.0,100.0
517,27,256,1,0,0,1,1,1,1,1,0,0,0,1,1,1,1,1,98.8652,8.680000,0.055400,8.730000,294718.9101,10.2600,1.4973,11.230,-0.8100,0,1139,23804,37.5,62.5,25.0,75.0
517,28,256,0,0,1,0,0,0,1,1,1,1,1,1,0,1,1,1,89.7532,7.880000,0.055400,7.930000,294718.9101,10.7400,1.7493,13.120,-2.7000,0,1139,23804,37.5,62.5,37.5,62.5
518,0,256,1,1,0,1,0,1,0,1,1,1,1,1,0,1,0,1,81.8941,7.190000,0.055400,7.250000,294718.9101,10.9100,1.3867,10.400,0.3600,1,1139,23804,62.5,37.5,0.0,100.0
518,2,256,1,1,0,1,0,1,1,1,1,1,1,1,0,1,0,1,84.5138,7.420000,0.055400,7.470000,294718.9101,11.0300,1.3667,10.250,0.5100,1,1139,23804,50.0,50.0,0.0,100.0
518,3,256,1,0,0,1,0,1,0,1,1,1,0,1,1,1,0,1,94.1953,8.270000,0.055400,8.330000,294718.9101,10.6800,1.6293,12.220,-1.7800,0,1139,23804,62.5,37.5,12.5,87.5
518,4,256,1,0,1,1,1,1,0,1,1,1,1,1,0,1,1,1,96.7011,8.490000,0.055400,8.550000,294718.9101,11.6200,1.4133,10.600,0.1600,1,1139,23804,25.0,75.0,12.5,87.5
518,5,256,1,0,1,0,1,1,1,1,1,1,0,1,1,1,1,1,94.0814,8.260000,0.055400,8.320000,294718.9101,12.1100,1.6747,12.560,-2.1200,0,1139,23804,12.5,87.5,25.0,75.0
518,6,256,0,1,0,1,1,1,1,1,1,1,0,1,0,1,1,1,82.3497,7.230000,0.055400,7.280000,294718.9101,11.0100,1.4107,10.580,0.1700,1,1139,23804,50.0,50.0,0.0,100.0
518,7,256,1,1,0,1,0,1,0,1,0,0,1,1,0,1,1,1,90.3227,7.930000,0.055400,7.980000,294718.9101,2.3100,1.5693,11.770,-1.3000,0,1139,23804,62.5,37.5,12.5,87.5
518,8,256,1,1,0,1,1,1,0,1,1,1,0,1,1,1,0,1,80.5273,7.070000,0.055300,7.120000,294718.9101,11.0700,1.4120,10.590,0.1700,1,1139,23804,50.0,50.0,0.0,100.0
518,9,256,0,1,0,1,0,1,0,1,1,1,1,1,1,1,1,1,81.2107,7.130000,0.055400,7.190000,294718.9101,14.1500,1.5267,11.450,-1.0100,0,1139,23804,50.0,50.0,0.0,100.0
518,13,256,1,1,1,1,0,1,0,1,1,1,0,1,0,1,1,1,82.4636,7.240000,0.055400,7.300000,294718.9101,11.5000,1.4480,10.860,-0.4000,0,1139,23804,50.0,50.0,0.0,100.0
518,14,256,0,1,0,1,0,1,1,1,1,1,1,1,1,1,1,1,84.0582,7.380000,0.055400,7.440000,294718.9101,15.8700,1.3213,9.910,0.8500,1,1139,23804,37.5,62.5,0.0,100.0
518,15,256,0,0,1,0,0,0,1,1,0,1,1,1,1,1,1,1,92.3729,8.110000,0.055400,8.170000,294718.9101,10.9400,1.4120,10.590,0.1700,1,1139,23804,37.5,62.5,37.5,62.5
518,18,256,0,0,1,0,0,0,1,1,1,1,1,1,1,1,0,1,93.6258,8.220000,0.055400,8.280000,294718.9101,10.4900,1.6667,12.500,-1.7400,0,1139,23804,37.5,62.5,37.5,62.5
518,20,256,1,0,1,1,1,1,0,1,0,0,0,1,0,1,1,1,92.6007,8.130000,0.055400,8.190000,294718.9101,10.0000,1.4373,10.780,-0.0300,0,1139,23804,50.0,50.0,25.0,75.0
518,23,256,1,1,0,1,0,1,0,1,1,1,0,1,1,1,1,1,83.6026,7.340000,0.055400,7.390000,294718.9101,12.5600,1.4040,10.530,0.2200,1,1139,23804,50.0,50.0,0.0,100.0
518,25,256,1,0,0,1,0,1,0,0,1,1,0,1,0,1,0,1,94.0814,8.260000,0.055400,8.310000,294718.9101,9.6400,1.4213,10.660,-0.2000,0,1139,23804,75.0,25.0,25.0,75.0
518,27,256,0,0,1,1,1,1,1,1,0,0,1,1,1,1,1,1,94.4231,8.290000,0.055400,8.350000,294718.9101,10.6400,1.3960,10.470,-0.0400,0,1139,23804,25.0,75.0,25.0,75.0
518,29,256,0,0,1,1,0,1,0,1,1,1,1,1,1,1,1,1,97.1567,8.530000,0.055400,8.590000,294718.9101,14.4100,1.3360,10.020,0.3900,1,1139,23804,37.5,62.5,12.5,87.5
519,0,256,1,1,0,1,0,1,0,1,1,1,0,1,0,1,0,0,89.4115,7.850000,0.055400,7.900000,294718.9101,3.3500,1.5480,11.610,-1.2500,0,1139,23804,75.0,25.0,12.5,87.5
519,1,256,1,0,1,1,1,1,1,1,0,0,1,1,0,1,1,1,100.6876,8.840000,0.055400,8.900000,294718.9101,10.1600,1.4000,10.500,-0.0100,0,1139,23804,25.0,75.0,25.0,75.0
519,3,256,1,1,0,1,0,0,1,1,1,1,1,1,1,1,1,1,93.6258,8.220000,0.055400,8.280000,294718.9101,5.1800,1.4000,10.500,-0.1000,0,1139,23804,25.0,75.0,12.5,87.5
519,6,256,1,0,0,1,0,1,0,1,1,1,1,1,1,1,1,1,92.3729,8.110000,0.055400,8.160000,294718.9101,14.4100,1.4520,10.890,-0.3900,0,1139,23804,37.5,62.5,12.5,87.5
519,8,256,0,1,0,1,0,1,1,1,1,1,0,1,1,1,1,1,82.4636,7.240000,0.055400,7.290000,294718.9101,12.0000,1.3733,10.300,0.1900,1,1139,23804,50.0,50.0,0.0,100.0
519,11,256,0,0,0,1,0,1,0,1,1,1,1,1,1,1,1,1,94.3092,8.280000,0.055400,8.340000,294718.9101,14.4100,1.6907,12.680,-2.2200,0,1139,23804,50.0,50.0,12.5,87.5
519,12,256,1,0,0,1,1,1,1,1,0,0,1,1,0,1,1,1,99.8903,8.770000,0.055400,8.820000,294718.9101,10.1600,1.4600,10.950,-0.5800,0,1139,23804,37.5,62.5,25.0,75.0
519,13,256,1,1,0,1,0,0,0,1,1,1,1,1,1,1,1,1,91.2339,8.010000,0.055400,8.070000,294718.9101,4.6700,1.4040,10.530,0.2300,1,1139,23804,37.5,62.5,12.5,87.5
519,16,256,0,0,0,1,0,1,0,1,1,1,0,1,0,1,1,1,93.9675,8.250000,0.055400,8.310000,294718.9101,10.7700,1.5933,11.950,-1.4700,0,1139,23804,75.0,25.0,12.5,87.5
519,20,256,1,1,1,1,1,1,0,1,0,0,1,1,0,1,1,1,91.0061,7.990000,0.055400,8.040000,294718.9101,2.5800,1.5733,11.800,-1.3800,0,1139,23804,37.5,62.5,12.5,87.5
519,21,256,0,0,1,1,0,1,0,1,1,1,0,1,1,1,1,1,93.9675,8.250000,0.055400,8.310000,294718.9101,11.7000,1.4120,10.590,0.1700,1,1139,23804,50.0,50.0,12.5,87.5
519,22,256,1,0,0,1,1,1,1,1,1,1,1,1,0,1,0,1,95.9038,8.420000,0.055400,8.470000,294718.9101,10.8800,1.4147,10.610,-0.1600,0,1139,23804,37.5,62.5,12.5,87.5
519,23,256,1,0,0,1,0,1,1,1,1,1,0,1,0,1,1,1,94.5370,8.300000,0.055400,8.360000,294718.9101,10.9500,1.4093,10.570,0.1800,1,1139,23804,50.0,50.0,12.5,87.5
519,24,256,0,1,0,1,1,1,1,1,0,0,0,1,0,1,1,1,90.6644,7.960000,0.055400,8.010000,294718.9101,2.3100,1.3973,10.480,0.0000,1,1139,23804,62.5,37.5,12.5,87.5
519,25,256,1,1,0,1,1,0,0,1,1,1,1,1,1,1,1,1,92.8285,8.150000,0.055400,8.200000,294718.9101,5.4400,1.4200,10.650,-0.2000,0,1139,23804,25.0,75.0,12.5,87.5
519,26,256,1,1,1,1,0,1,0,1,1,1,0,1,1,1,0,1,83.7165,7.350000,0.055400,7.400000,294718.9101,10.9300,1.3867,10.400,0.3500,1,1139,23804,50.0,50.0,0.0,100.0
520,0,256,1,1,1,0,0,1,0,1,1,1,1,1,0,1,1,1,95.6760,8.400000,0.055400,8.450000,294718.9101,4.6900,1.3760,10.320,0.1200,1,1139,23804,37.5,62.5,12.5,87.5
520,11,256,1,1,0,1,0,1,1,1,1,1,1,1,1,1,1,1,82.5775,7.250000,0.055400,7.310000,294718.9101,18.8600,1.4653,10.990,-0.5200,0,1139,23804,25.0,75.0,0.0,100.0
520,13,256,1,1,1,1,1,1,0,1,1,1,0,1,1,1,0,1,84.1721,7.390000,0.055400,7.440000,294718.9101,11.3000,1.5200,11.400,-1.0500,0,1139,23804,37.5,62.5,0.0,100.0
520,15,256,0,1,0,1,1,1,1,1,1,1,1,1,1,1,0,1,82.0080,7.200000,0.055400,7.250000,294718.9101,11.4600,1.4147,10.610,0.1500,1,1139,23804,37.5,62.5,0.0,100.0
520,16,256,0,1,1,1,0,1,0,1,1,1,1,1,1,1,0,1,81.3246,7.140000,0.055400,7.190000,294718.9101,11.4000,1.3667,10.250,0.5100,1,1139,23804,50.0,50.0,0.0,100.0
520,21,256,1,1,1,0,1,1,0,1,1,1,1,1,1,1,0,1,96.0177,8.430000,0.055400,8.490000,294718.9101,4.1200,1.3827,10.370,-0.0200,0,1139,23804,25.0,75.0,12.5,87.5
520,26,256,0,0,1,1,0,1,1,1,1,0,1,1,1,1,1,1,99.2069,8.710000,0.055400,8.770000,294718.9101,10.4500,1.5640,11.730,-1.2900,0,1139,23804,25.0,75.0,25.0,75.0
521,0,256,1,1,1,1,0,1,1,1,1,1,0,1,0,1,1,1,83.1470,7.300000,0.055400,7.350000,294718.9101,11.9100,1.3520,10.140,0.2400,1,1139,23804,37.5,62.5,0.0,100.0
521,1,256,1,1,1,0,1,1,1,1,1,1,1,1,0,1,1,1,95.1065,8.350000,0.055400,8.400000,294718.9101,5.2000,1.5720,11.790,-1.4300,0,1139,23804,12.5,87.5,12.5,87.5
521,3,256,1,0,1,0,1,1,1,1,1,1,1,1,0,1,1,1,93.7397,8.230000,0.055400,8.290000,294718.9101,11.9800,1.5720,11.790,-1.3400,0,1139,23804,12.5,87.5,25.0,75.0
521,6,256,1,1,1,1,0,1,0,1,1,1,1,1,0,1,0,1,80.7551,7.090000,0.055300,7.140000,294718.9101,11.0500,1.4133,10.600,0.1500,1,1139,23804,50.0,50.0,0.0,100.0
521,9,256,0,0,1,1,0,1,0,1,1,1,1,1,1,1,0,1,94.7648,8.320000,0.055400,8.380000,294718.9101,11.4100,1.4133,10.600,0.1600,1,1139,23804,50.0,50.0,12.5,87.5
521,10,256,0,0,1,1,1,1,1,1,1,1,0,1,1,1,1,1,92.2590,8.100000,0.055400,8.160000,294718.9101,12.1300,1.7120,12.840,-2.4600,0,1139,23804,25.0,75.0,12.5,87.5
521,11,256,0,1,0,1,1,1,0,1,1,1,0,1,1,1,0,1,82.9192,7.280000,0.055400,7.340000,294718.9101,10.4100,1.4147,10.610,0.1500,1,1139,23804,62.5,37.5,0.0,100.0
521,14,256,0,0,0,1,0,1,0,1,1,1,1,1,1,1,0,1,91.4617,8.030000,0.055400,8.090000,294718.9101,11.4100,1.3947,10.460,0.3000,1,1139,23804,62.5,37.5,12.5,87.5
521,15,256,0,0,1,1,0,1,0,1,1,1,1,1,0,1,1,1,94.4231,8.290000,0.055400,8.340000,294718.9101,11.6500,1.3467,10.100,0.2100,1,1139,23804,50.0,50.0,12.5,87.5
521,16,256,1,1,0,1,0,1,1,1,1,1,0,1,1,1,1,1,82.1219,7.210000,0.055400,7.260000,294718.9101,13.1100,1.2787,9.590,0.8000,1,1139,23804,37.5,62.5,0.0,100.0
521,21,256,1,1,0,1,1,1,1,1,1,1,0,1,1,1,0,1,83.1470,7.300000,0.055400,7.350000,294718.9101,11.3200,1.3827,10.370,0.0700,1,1139,23804,37.5,62.5,0.0,100.0
521,24,256,0,0,0,0,0,1,0,1,1,1,1,1,1,1,1,1,91.8034,8.060000,0.055400,8.120000,294718.9101,14.3900,1.5173,11.380,-0.8600,0,1139,23804,50.0,50.0,25.0,75.0
521,25,256,1,1,1,0,1,1,1,1,1,1,0,0,1,1,1,1,95.5621,8.390000,0.055400,8.450000,294718.9101,2.3300,1.6373,12.280,-1.8000,0,1139,23804,12.5,87.5,25.0,75.0
521,26,256,1,0,1,0,0,1,0,1,1,1,1,1,1,1,0,1,90.7783,7.970000,0.055400,8.030000,294718.9101,11.3900,1.4880,11.160,-0.7000,0,1139,23804,37.5,62.5,25.0,75.0
521,28,256,1,0,0,1,1,1,1,1,1,1,0,1,0,1,1,1,85.3111,7.490000,0.055400,7.550000,294718.9101,11.0600,1.4133,10.600,0.1500,1,1139,23804,37.5,62.5,12.5,87.5
522,0,256,0,1,0,1,1,1,0,1,1,1,1,1,1,1,1,1,81.2107,7.130000,0.055400,7.190000,294718.9101,14.3000,1.4133,10.600,0.1600,1,1139,23804,37.5,62.5,0.0,100.0
522,3,256,0,0,1,1,1,1,1,1,1,0,1,1,1,1,1,1,94.5370,8.300000,0.055400,8.350000,294718.9101,10.4600,1.4107,10.580,0.1800,1,1139,23804,12.5,87.5,25.0,75.0
522,4,256,1,1,0,1,0,1,0,1,1,1,1,1,0,1,0,0,88.2725,7.750000,0.055400,7.800000,294718.9101,3.7400,1.4027,10.520,-0.1200,0,1139,23804,62.5,37.5,12.5,87.5
522,9,256,1,1,1,1,0,1,1,1,1,1,1,1,0,1,1,1,84.2860,7.400000,0.055400,7.460000,294718.9101,13.5400,1.7093,12.820,-2.4100,0,1139,23804,25.0,75.0,0.0,100.0
522,13,256,0,0,1,1,1,1,1,1,1,1,1,1,0,0,1,1,92.6007,8.130000,0.055400,8.180000,294718.9101,9.8300,1.4040,10.530,-0.0600,0,1139,23804,25.0,75.0,25.0,75.0
522,20,256,0,0,0,1,0,1,1,1,1,1,1,1,1,1,1,1,93.8536,8.240000,0.055400,8.300000,294718.9101,23.8600,1.3387,10.040,0.4000,1,1139,23804,37.5,62.5,12.5,87.5
522,24,256,0,1,1,1,0,1,0,1,0,0,1,1,1,1,0,1,107.8633,9.470000,0.055400,9.530000,294718.9101,2.3400,1.4187,10.640,-0.2300,0,1139,23804,62.5,37.5,12.5,87.5
522,25,256,1,0,1,1,1,1,1,1,1,1,1,1,1,1,0,1,95.2204,8.360000,0.055400,8.420000,294718.9101,11.5400,1.5307,11.480,-1.1500,0,1139,23804,12.5,87.5,12.5,87.5
522,26,256,1,1,0,1,1,1,0,1,1,1,0,1,0,0,0,1,91.6895,8.050000,0.055400,8.110000,294718.9101,1.6300,1.7293,12.970,-2.5400,0,1139,23804,62.5,37.5,12.5,87.5
522,27,256,1,1,1,1,0,1,0,1,1,1,1,1,1,1,1,1,80.4134,7.060000,0.055300,7.120000,294718.9101,17.9200,1.5307,11.480,-1.0300,0,1139,23804,25.0,75.0,0.0,100.0
523,0,256,0,1,1,1,0,1,1,1,1,1,1,1,1,1,1,1,80.6412,7.080000,0.055300,7.140000,294718.9101,16.8200,1.4080,10.560,0.2000,1,1139,23804,25.0,75.0,0.0,100.0
523,3,256,1,1,1,1,1,1,0,1,1,1,1,1,1,1,0,1,83.4887,7.330000,0.055300,7.380000,294718.9101,12.4800,1.3827,10.370,0.3800,1,1139,23804,25.0,75.0,0.0,100.0
523,14,256,0,0,0,1,1,1,0,1,1,1,0,1,1,1,1,0,96.0177,8.430000,0.055400,8.490000,294718.9101,6.9600,1.4413,10.810,-0.3900,0,1139,23804,50.0,50.0,25.0,75.0
523,19,256,1,0,0,1,0,0,1,1,1,1,1,1,1,1,0,1,93.1702,8.180000,0.055400,8.230000,294718.9101,10.5100,1.4453,10.840,-0.3100,0,1139,23804,37.5,62.5,25.0,75.0
523,24,256,1,0,1,1,0,1,0,1,1,1,1,1,1,1,0,1,91.3478,8.020000,0.055400,8.080000,294718.9101,11.4100,1.4227,10.670,-0.1200,0,1139,23804,37.5,62.5,12.5,87.5
523,26,256,0,0,1,0,1,1,0,1,1,1,1,1,1,1,1,1,92.8285,8.150000,0.055400,8.200000,294718.9101,14.3600,1.5573,11.680,-1.2200,0,1139,23804,25.0,75.0,25.0,75.0
523,28,256,1,1,1,0,0,1,0,1,1,1,1,1,1,1,0,1,92.7146,8.140000,0.055400,8.190000,294718.9101,4.0700,1.5147,11.360,-0.9000,0,1139,23804,37.5,62.5,12.5,87.5
524,0,256,0,0,1,1,1,1,0,1,1,1,1,1,0,1,1,1,94.6509,8.310000,0.055400,8.370000,294718.9101,11.6200,1.8547,13.910,-3.4900,0,1139,23804,37.5,62.5,12.5,87.5
524,6,256,0,0,0,1,0,1,0,1,1,1,0,1,0,1,0,0,95.1065,8.350000,0.055400,8.400000,294718.9101,5.8800,1.5173,11.380,-0.9700,0,1139,23804,87.5,12.5,25.0,75.0
524,7,256,1,1,1,0,0,1,0,1,1,1,1,1,1,1,1,1,91.1200,8.000000,0.055400,8.050000,294718.9101,8.7400,1.4107,10.580,0.1800,1,1139,23804,25.0,75.0,12.5,87.5
524,10,256,1,0,0,1,1,1,0,1,1,1,1,1,1,1,0,0,98.8652,8.680000,0.055400,8.740000,294718.9101,7.4000,1.4120,10.590,0.1700,1,1139,23804,37.5,62.5,25.0,75.0
524,12,256,1,0,1,0,1,1,1,1,1,1,1,1,1,1,1,0,95.3343,8.370000,0.055400,8.420000,294718.9101,17.9800,1.4307,10.730,0.0300,1,1139,23804,0.0,100.0,37.5,62.5
524,15,256,1,1,0,1,1,1,0,1,1,1,0,1,1,1,1,1,79.6161,6.990000,0.055400,7.050000,294718.9101,13.4300,1.3773,10.330,0.0400,1,1139,23804,37.5,62.5,0.0,100.0
524,17,256,1,1,0,1,1,1,1,1,1,1,1,1,1,1,0,1,83.3748,7.320000,0.055400,7.370000,294718.9101,12.4400,1.4147,10.610,0.1500,1,1139,23804,25.0,75.0,0.0,100.0
524,18,256,1,0,1,0,1,1,1,1,1,1,1,1,1,1,0,1,92.7146,8.140000,0.055400,8.200000,294718.9101,11.5200,1.4867,11.150,-0.7400,0,1139,23804,12.5,87.5,25.0,75.0
524,21,256,1,1,1,1,0,1,1,1,1,1,0,1,1,1,1,1,83.2609,7.310000,0.055400,7.370000,294718.9101,13.7900,1.3773,10.330,0.2800,1,1139,23804,25.0,75.0,0.0,100.0
524,24,256,0,1,0,1,0,1,1,1,1,1,1,1,1,1,0,1,81.3246,7.140000,0.055400,7.190000,294718.9101,11.3100,1.3493,10.120,0.6400,1,1139,23804,50.0,50.0,0.0,100.0
525,6,256,1,0,1,0,1,1,1,1,1,1,0,1,1,1,1,0,97.4984,8.560000,0.055400,8.620000,294718.9101,7.5200,1.6947,12.710,-2.2700,0,1139,23804,12.5,87.5,37.5,62.5
525,7,256,0,1,0,1,0,1,1,0,1,1,1,1,1,1,1,1,89.1837,7.830000,0.055400,7.880000,294718.9101,3.5800,1.4107,10.580,0.1700,1,1139,23804,37.5,62.5,12.5,87.5
525,8,256,1,1,1,1,0,1,0,1,1,1,0,1,0,1,0,1,82.8053,7.270000,0.055400,7.320000,294718.9101,10.4300,1.7880,13.410,-2.9500,0,1139,23804,62.5,37.5,0.0,100.0
525,9,256,0,0,1,1,1,1,0,1,1,1,1,1,1,1,0,1,95.5621,8.390000,0.055400,8.440000,294718.9101,11.3900,1.4120,10.590,0.1600,1,1139,23804,37.5,62.5,12.5,87.5
525,12,256,1,0,1,0,0,1,1,1,1,1,1,1,1,1,1,0,97.4984,8.560000,0.055400,8.620000,294718.9101,17.9200,1.4093,10.570,-0.1400,0,1139,23804,12.5,87.5,37.5,62.5
525,16,256,1,1,0,1,1,1,1,1,1,1,0,1,1,1,1,1,81.8941,7.190000,0.055300,7.250000,294718.9101,13.8700,1.7240,12.930,-2.5800,0,1139,23804,25.0,75.0,0.0,100.0
525,18,256,1,1,0,1,0,1,1,1,1,1,0,1,1,1,0,1,81.4385,7.150000,0.055400,7.200000,294718.9101,10.9200,1.4213,10.660,0.1000,1,1139,23804,50.0,50.0,0.0,100.0
525,20,256,0,1,0,1,0,1,0,1,1,1,0,1,1,1,1,1,81.0968,7.120000,0.055400,7.180000,294718.9101,11.5100,1.5067,11.300,-0.8300,0,1139,23804,62.5,37.5,0.0,100.0
525,22,256,0,0,0,1,0,1,0,1,1,1,1,1,0,1,1,1,95.9038,8.420000,0.055400,8.480000,294718.9101,11.6500,1.4667,11.000,-0.5600,0,1139,23804,62.5,37.5,12.5,87.5
525,25,256,0,1,1,1,0,1,1,1,1,1,1,1,1,1,0,1,81.8941,7.190000,0.055400,7.240000,294718.9101,11.5400,1.4147,10.610,0.1400,1,1139,23804,37.5,62.5,0.0,100.0
526,3,256,1,1,0,1,1,1,0,1,1,1,1,1,0,1,0,1,84.3999,7.410000,0.055400,7.460000,294718.9101,11.1400,1.3867,10.400,0.3500,1,1139,23804,50.0,50.0,0.0,100.0
526,4,256,0,1,0,1,0,1,0,0,1,1,0,1,1,1,1,1,91.2339,8.010000,0.055400,8.060000,294718.9101,2.7000,1.4133,10.600,0.1500,1,1139,23804,62.5,37.5,12.5,87.5
526,15,256,0,0,1,1,1,1,0,1,1,1,1,1,1,1,1,1,93.2841,8.190000,0.055400,8.240000,294718.9101,14.3800,1.4227,10.670,-0.2100,0,1139,23804,25.0,75.0,12.5,87.5
526,19,256,0,0,1,1,0,1,0,1,1,1,0,0,1,1,1,1,100.4598,8.820000,0.055400,8.880000,294718.9101,9.8800,1.4240,10.680,-0.3600,0,1139,23804,50.0,50.0,25.0,75.0
526,23,256,0,0,1,1,1,1,1,1,1,1,0,0,1,1,1,1,96.9289,8.510000,0.055400,8.570000,294718.9101,9.9300,1.3747,10.310,0.4500,1,1139,23804,25.0,75.0,25.0,75.0
527,0,256,0,1,0,1,0,1,1,1,1,1,1,1,0,1,0,1,81.7802,7.180000,0.055400,7.240000,294718.9101,10.7800,1.7080,12.810,-2.3000,0,1139,23804,62.5,37.5,0.0,100.0
527,1,256,1,1,0,0,0,1,0,1,1,1,1,1,1,1,0,1,91.1200,8.000000,0.055400,8.060000,294718.9101,4.0200,1.5253,11.440,-1.0500,0,1139,23804,50.0,50.0,12.5,87.5
527,5,256,1,1,1,1,0,1,1,1,1,1,1,1,1,1,0,1,80.7551,7.090000,0.055400,7.150000,294718.9101,12.3700,1.6320,12.240,-1.7500,0,1139,23804,25.0,75.0,0.0,100.0
527,6,256,1,0,0,1,0,1,1,1,1,1,1,1,1,1,0,1,94.9926,8.340000,0.055400,8.400000,294718.9101,11.5200,1.4120,10.590,0.1600,1,1139,23804,37.5,62.5,12.5,87.5
527,10,256,0,1,0,1,0,1,0,1,1,1,1,1,1,1,0,1,82.4636,7.240000,0.055400,7.300000,294718.9101,11.2000,1.5493,11.620,-1.2300,0,1139,23804,62.5,37.5,0.0,100.0
527,17,256,0,1,1,1,1,0,0,1,1,1,1,1,1,1,0,1,93.3980,8.200000,0.055400,8.260000,294718.9101,2.8600,1.5307,11.480,-1.0400,0,1139,23804,37.5,62.5,12.5,87.5
527,22,256,0,1,1,1,0,1,0,1,1,1,1,1,1,1,1,1,82.4636,7.240000,0.055400,7.290000,294718.9101,15.1400,1.4133,10.600,0.1500,1,1139,23804,37.5,62.5,0.0,100.0
528,2,256,1,1,1,1,0,1,0,1,1,1,0,1,1,1,1,1,81.6663,7.170000,0.055400,7.230000,294718.9101,13.0100,1.4373,10.780,-0.0200,0,1139,23804,37.5,62.5,0.0,100.0
528,15,256,1,1,1,0,0,1,0,1,1,1,0,1,1,1,1,1,95.3343,8.370000,0.055400,8.430000,294718.9101,4.9300,1.7120,12.840,-2.3700,0,1139,23804,37.5,62.5,12.5,87.5
528,18,256,1,1,1,0,1,1,0,1,1,1,0,1,1,1,1,1,93.2841,8.190000,0.055400,8.240000,294718.9101,5.0000,1.4280,10.710,-0.2900,0,1139,23804,25.0,75.0,12.5,87.5
528,22,256,1,0,1,0,1,1,1,1,1,1,1,1,1,1,0,0,97.1567,8.530000,0.055400,8.580000,294718.9101,17.3500,1.4760,11.070,-0.6100,0,1139,23804,12.5,87.5,37.5,62.5
529,0,256,0,1,1,1,0,1,1,1,1,1,1,1,0,1,1,1,82.1219,7.210000,0.055400,7.270000,294718.9101,12.3100,1.4133,10.600,0.1600,1,1139,23804,37.5,62.5,0.0,100.0
529,6,256,0,1,0,1,0,1,1,1,0,0,1,1,1,1,1,1,93.3980,8.200000,0.055400,8.260000,294718.9101,2.8700,1.4333,10.750,-0.2700,0,1139,23804,50.0,50.0,12.5,87.5
529,9,256,0,1,1,1,0,1,1,1,1,1,0,1,1,1,1,1,80.6412,7.080000,0.055400,7.130000,294718.9101,12.5700,1.6627,12.470,-1.9700,0,1139,23804,37.5,62.5,0.0,100.0
529,10,256,0,0,0,1,1,1,1,1,1,1,1,1,0,1,0,1,94.6509,8.310000,0.055400,8.360000,294718.9101,10.8800,1.2507,9.380,0.9400,1,1139,23804,50.0,50.0,12.5,87.5
529,14,256,0,1,0,1,0,1,1,1,1,1,1,1,0,1,1,1,80.6412,7.080000,0.055400,7.140000,294718.9101,11.9200,1.3667,10.250,0.2600,1,1139,23804,50.0,50.0,0.0,100.0
529,15,256,1,1,0,1,1,1,1,1,1,1,1,1,0,1,0,1,81.0968,7.120000,0.055400,7.170000,294718.9101,11.2300,1.3933,10.450,0.0200,1,1139,23804,37.5,62.5,0.0,100.0
529,27,256,1,1,0,1,0,1,1,1,1,1,1,1,0,1,0,0,89.6393,7.870000,0.055400,7.920000,294718.9101,4.8600,1.3907,10.430,0.1100,1,1139,23804,50.0,50.0,12.5,87.5
530,13,256,0,1,1,0,0,1,1,1,1,1,1,1,1,1,1,1,89.0698,7.820000,0.055400,7.880000,294718.9101,7.9700,1.5093,11.320,-0.8400,0,1139,23804,25.0,75.0,12.5,87.5
530,17,256,0,1,0,1,1,1,0,1,1,1,0,1,1,1,1,1,80.6412,7.080000,0.055400,7.140000,294718.9101,11.6400,1.3600,10.200,0.1600,1,1139,23804,50.0,50.0,0.0,100.0
530,18,256,1,1,1,1,0,1,0,1,1,1,1,1,0,0,0,1,91.0061,7.990000,0.055400,8.040000,294718.9101,1.8100,1.4133,10.600,-0.1600,0,1139,23804,50.0,50.0,12.5,87.5
530,23,256,0,0,0,1,1,1,1,1,1,1,1,1,0,1,1,1,94.5370,8.300000,0.055400,8.360000,294718.9101,12.0000,1.4947,11.210,-0.7900,0,1139,23804,37.5,62.5,12.5,87.5
530,28,256,1,0,0,0,1,1,0,1,1,1,1,1,0,1,0,1,93.9675,8.250000,0.055400,8.310000,294718.9101,10.6900,1.3773,10.330,0.1200,1,1139,23804,50.0,50.0,25.0,75.0
530,29,256,0,0,0,1,0,1,0,1,1,1,1,1,0,1,0,1,94.1953,8.270000,0.055400,8.330000,294718.9101,10.7400,1.5373,11.530,-1.0400,0,1139,23804,75.0,25.0,12.5,87.5
531,5,256,0,1,0,1,0,1,1,1,1,1,1,1,1,0,1,1,89.6393,7.870000,0.055400,7.930000,294718.9101,2.3400,1.3987,10.490,-0.0900,0,1139,23804,37.5,62.5,12.5,87.5
531,11,256,1,0,0,1,1,1,0,1,1,1,0,1,1,1,0,1,95.4482,8.380000,0.055400,8.430000,294718.9101,10.6400,1.4373,10.780,-0.0200,0,1139,23804,50.0,50.0,12.5,87.5
531,13,256,0,0,1,0,1,1,1,1,1,1,1,1,0,1,1,1,93.9675,8.250000,0.055400,8.300000,294718.9101,11.9800,1.7933,13.450,-2.9900,0,1139,23804,25.0,75.0,25.0,75.0
531,18,256,1,1,1,1,0,0,1,1,1,1,0,1,1,1,1,1,94.4231,8.290000,0.055400,8.350000,294718.9101,4.4400,1.8680,14.010,-3.6100,0,1139,23804,25.0,75.0,12.5,87.5
531,23,256,0,0,0,1,1,1,0,0,1,1,1,1,0,1,0,1,92.4868,8.120000,0.055400,8.180000,294718.9101,9.8000,1.4067,10.550,-0.2400,0,1139,23804,62.5,37.5,25.0,75.0
532,0,256,0,0,1,1,1,1,0,0,1,1,1,1,1,1,1,1,96.7011,8.490000,0.055400,8.550000,294718.9101,11.6800,1.3920,10.440,0.0200,1,1139,23804,25.0,75.0,25.0,75.0
532,4,256,0,0,0,1,0,1,1,1,1,1,0,0,1,1,1,1,94.0814,8.260000,0.055400,8.320000,294718.9101,9.9000,1.4627,10.970,-0.5600,0,1139,23804,50.0,50.0,25.0,75.0
532,7,256,1,0,1,0,0,1,1,1,1,1,1,1,1,1,1,1,94.5370,8.300000,0.055400,8.360000,294718.9101,23.8400,1.4307,10.730,-0.2800,0,1139,23804,12.5,87.5,25.0,75.0
532,9,256,0,1,1,1,1,1,1,1,1,1,1,1,0,0,1,1,89.0698,7.820000,0.055400,7.870000,294718.9101,2.2700,1.4400,10.800,-0.4100,0,1139,23804,25.0,75.0,12.5,87.5
532,11,256,0,0,1,1,0,1,0,0,1,1,1,1,1,1,1,1,92.1451,8.090000,0.055400,8.150000,294718.9101,11.6900,1.3547,10.160,0.6000,1,1139,23804,37.5,62.5,25.0,75.0
532,24,256,0,0,0,1,0,0,1,1,1,1,1,1,0,1,0,1,97.6123,8.570000,0.055400,8.630000,294718.9101,10.0700,1.3613,10.210,0.1800,1,1139,23804,62.5,37.5,25.0,75.0
533,0,256,0,1,0,0,0,1,1,1,1,1,1,1,1,1,1,1,89.4115,7.850000,0.055400,7.910000,294718.9101,7.7700,1.3520,10.140,0.1900,1,1139,23804,37.5,62.5,12.5,87.5
533,1,256,0,0,0,1,1,1,0,0,1,1,1,1,0,1,1,1,92.0312,8.080000,0.055400,8.140000,294718.9101,10.3900,1.5200,11.400,-0.9900,0,1139,23804,50.0,50.0,25.0,75.0
533,2,256,0,0,1,0,1,0,1,1,1,1,1,1,1,1,1,1,90.3227,7.930000,0.055400,7.990000,294718.9101,12.2000,1.5987,11.990,-1.2200,0,1139,23804,12.5,87.5,37.5,62.5
533,5,256,1,1,1,1,0,1,0,0,1,1,0,1,0,1,0,1,85.6528,7.520000,0.055400,7.570000,294718.9101,2.0100,1.4107,10.580,0.1800,1,1139,23804,62.5,37.5,12.5,87.5
533,7,256,0,0,1,0,1,1,1,1,0,0,1,1,1,1,1,1,93.1702,8.180000,0.055400,8.230000,294718.9101,10.6200,1.4280,10.710,-0.2500,0,1139,23804,25.0,75.0,37.5,62.5
533,8,256,1,1,0,1,0,1,1,1,1,0,1,1,1,1,1,1,94.0814,8.260000,0.055400,8.320000,294718.9101,3.0500,1.3893,10.420,0.0300,1,1139,23804,25.0,75.0,12.5,87.5
533,10,256,0,1,0,1,0,1,1,1,1,1,0,1,1,1,0,1,83.7165,7.350000,0.055400,7.400000,294718.9101,10.6000,1.4133,10.600,0.1600,1,1139,23804,62.5,37.5,0.0,100.0
533,11,256,0,0,0,1,0,1,1,1,1,1,0,1,1,1,1,1,93.9675,8.250000,0.055400,8.300000,294718.9101,12.0300,1.4133,10.600,0.1500,1,1139,23804,50.0,50.0,12.5,87.5
533,14,256,0,1,0,1,0,1,1,1,0,0,0,1,0,1,0,1,92.8285,8.150000,0.055400,8.200000,294718.9101,2.0300,1.6560,12.420,-1.9800,0,1139,23804,87.5,12.5,12.5,87.5
533,15,256,0,0,1,1,1,1,1,1,1,1,1,1,0,1,0,1,93.3980,8.200000,0.055400,8.260000,294718.9101,10.8800,1.7227,12.920,-2.5900,0,1139,23804,37.5,62.5,12.5,87.5
533,16,256,0,1,0,1,1,1,0,1,1,1,1,1,0,1,0,1,82.0080,7.200000,0.055400,7.260000,294718.9101,10.6200,1.6813,12.610,-2.2200,0,1139,23804,62.5,37.5,0.0,100.0
533,26,256,0,0,0,1,1,1,1,1,1,1,1,1,1,1,0,1,95.2204,8.360000,0.055400,8.420000,294718.9101,11.5400,1.3880,10.410,0.0300,1,1139,23804,37.5,62.5,12.5,87.5
533,29,256,0,1,0,1,1,1,1,1,1,1,1,1,0,1,0,0,92.4868,8.120000,0.055400,8.170000,294718.9101,3.2000,1.3787,10.340,0.1300,1,1139,23804,50.0,50.0,12.5,87.5
534,5,256,0,0,1,1,0,1,0,1,1,1,1,1,0,1,0,1,91.8034,8.060000,0.055400,8.120000,294718.9101,10.7400,1.4133,10.600,0.1500,1,1139,23804,62.5,37.5,12.5,87.5
534,13,256,1,0,1,1,0,1,0,1,1,1,1,1,1,1,1,1,94.7648,8.320000,0.055400,8.370000,294718.9101,14.4100,1.4120,10.590,0.1700,1,1139,23804,25.0,75.0,12.5,87.5
534,16,256,0,1,0,1,1,0,0,1,1,1,0,1,0,1,0,1,90.6644,7.960000,0.055400,8.010000,294718.9101,2.0500,1.3760,10.320,0.1400,1,1139,23804,75.0,25.0,12.5,87.5
534,19,256,0,0,0,1,0,1,1,1,1,1,1,1,0,1,0,1,93.1702,8.180000,0.055400,8.230000,294718.9101,10.8600,1.6307,12.230,-1.8400,0,1139,23804,62.5,37.5,12.5,87.5
534,22,256,1,1,1,1,0,1,0,0,1,1,0,1,1,1,1,1,85.3111,7.490000,0.055400,7.550000,294718.9101,2.9600,1.5680,11.760,-1.2500,0,1139,23804,37.5,62.5,12.5,87.5
534,27,256,0,0,0,1,1,1,0,1,1,1,0,1,1,1,1,1,94.1953,8.270000,0.055400,8.330000,294718.9101,11.6400,1.4280,10.710,-0.3200,0,1139,23804,50.0,50.0,12.5,87.5
535,8,256,0,0,1,0,1,1,1,1,1,1,0,1,1,1,1,1,93.8536,8.240000,0.055400,8.290000,294718.9101,12.1100,1.4093,10.570,0.1900,1,1139,23804,25.0,75.0,25.0,75.0
535,9,256,1,1,1,1,0,1,1,1,1,1,0,1,0,1,0,1,80.5273,7.070000,0.055400,7.120000,294718.9101,10.7500,1.2347,9.260,1.2700,1,1139,23804,50.0,50.0,0.0,100.0
535,19,256,1,1,1,1,1,1,0,1,1,1,0,1,1,1,1,1,86.2223,7.570000,0.055400,7.630000,294718.9101,13.9700,1.4933,11.200,-0.7800,0,1139,23804,25.0,75.0,0.0,100.0
535,21,256,1,0,0,1,1,1,0,1,1,1,1,1,1,1,1,0,97.2706,8.540000,0.055400,8.600000,294718.9101,7.9500,1.6107,12.080,-1.3200,0,1139,23804,25.0,75.0,25.0,75.0
535,26,256,0,1,0,1,0,1,1,1,1,1,1,1,0,0,1,1,89.6393,7.870000,0.055400,7.930000,294718.9101,2.1000,1.3960,10.470,-0.0200,0,1139,23804,50.0,50.0,12.5,87.5
535,28,256,0,0,0,1,0,1,1,1,1,1,1,1,0,1,1,1,92.3729,8.110000,0.055400,8.160000,294718.9101,11.8900,1.4093,10.570,0.1800,1,1139,23804,50.0,50.0,12.5,87.5
536,1,256,1,0,0,1,0,1,1,1,1,1,0,1,1,1,1,1,93.5119,8.210000,0.055400,8.270000,294718.9101,12.0300,1.4120,10.590,0.1600,1,1139,23804,37.5,62.5,12.5,87.5
536,6,256,1,1,0,1,0,1,1,1,1,1,0,1,0,1,0,1,81.7802,7.180000,0.055400,7.230000,294718.9101,10.5100,1.6347,12.260,-1.9900,0,1139,23804,62.5,37.5,0.0,100.0
536,15,256,0,1,1,1,1,1,0,1,1,1,0,1,1,1,1,1,81.5524,7.160000,0.055400,7.220000,294718.9101,12.2400,1.7693,13.270,-2.8400,0,1139,23804,37.5,62.5,0.0,100.0
536,16,256,1,1,0,1,1,1,0,1,1,1,0,1,1,1,0,0,92.8285,8.150000,0.055400,8.210000,294718.9101,3.5600,1.4093,10.570,0.1800,1,1139,23804,50.0,50.0,12.5,87.5
536,19,256,1,1,1,1,0,1,1,1,1,1,1,1,0,1,0,1,81.5524,7.160000,0.055400,7.220000,294718.9101,11.3400,1.3827,10.370,0.3800,1,1139,23804,37.5,62.5,0.0,100.0
536,26,256,0,0,1,1,0,1,1,1,1,1,0,1,0,1,1,1,84.1721,7.390000,0.055400,7.450000,294718.9101,10.9500,1.4093,10.570,0.1800,1,1139,23804,50.0,50.0,12.5,87.5
537,0,256,0,1,0,1,1,1,1,1,1,1,1,1,0,1,0,1,80.1856,7.040000,0.055300,7.090000,294718.9101,10.7600,1.4120,10.590,0.1700,1,1139,23804,50.0,50.0,0.0,100.0
537,15,256,1,0,0,1,1,1,0,1,1,1,0,0,0,1,0,1,98.6374,8.660000,0.055400,8.720000,294718.9101,9.5600,1.4307,10.730,-0.3100,0,1139,23804,62.5,37.5,25.0,75.0
537,20,256,0,1,0,1,0,0,1,1,1,1,0,1,0,1,0,1,89.9810,7.900000,0.055400,7.950000,294718.9101,2.0300,1.6893,12.670,-2.2500,0,1139,23804,75.0,25.0,12.5,87.5
537,23,256,1,1,1,1,0,1,1,1,1,1,0,1,1,1,0,1,81.2107,7.130000,0.055300,7.180000,294718.9101,11.2700,1.3747,10.310,0.1000,1,1139,23804,37.5,62.5,0.0,100.0
537,29,256,0,1,0,1,0,1,0,1,1,1,1,1,0,1,1,1,79.9578,7.020000,0.055400,7.070000,294718.9101,11.6100,1.4800,11.100,-0.6200,0,1139,23804,62.5,37.5,0.0,100.0
538,1,256,1,1,1,0,0,1,1,1,1,1,0,1,1,1,1,1,93.2841,8.190000,0.055400,8.250000,294718.9101,5.2400,1.4133,10.600,0.1600,1,1139,23804,25.0,75.0,12.5,87.5
538,4,256,0,0,1,0,0,1,0,1,1,1,1,1,1,1,1,1,94.3092,8.280000,0.055400,8.330000,294718.9101,14.3900,1.3507,10.130,0.3400,1,1139,23804,37.5,62.5,25.0,75.0
538,15,256,0,0,1,1,1,1,0,1,0,0,1,1,1,1,1,1,92.3729,8.110000,0.055400,8.160000,294718.9101,10.4400,1.3680,10.260,0.0600,1,1139,23804,37.5,62.5,25.0,75.0
538,16,256,1,1,1,1,0,1,0,0,1,1,1,1,1,1,0,1,91.2339,8.010000,0.055400,8.070000,294718.9101,2.5600,1.3880,10.410,0.0600,1,1139,23804,37.5,62.5,12.5,87.5
539,2,256,0,0,0,1,1,1,0,1,1,1,1,1,1,1,0,1,93.0563,8.170000,0.055400,8.230000,294718.9101,11.3900,1.4120,10.590,0.1600,1,1139,23804,50.0,50.0,12.5,87.5
539,6,256,0,0,0,1,0,1,0,0,1,1,1,1,1,1,1,1,96.9289,8.510000,0.055400,8.570000,294718.9101,11.6900,1.5973,11.980,-1.7200,0,1139,23804,50.0,50.0,25.0,75.0
539,8,256,0,1,0,1,0,1,1,1,1,1,0,0,1,1,1,1,89.5254,7.860000,0.055400,7.920000,294718.9101,2.3100,1.4440,10.830,-0.5100,0,1139,23804,50.0,50.0,12.5,87.5
539,11,256,1,1,0,0,0,1,1,1,1,1,1,1,1,1,0,1,91.2339,8.010000,0.055400,8.070000,294718.9101,4.1300,1.8213,13.660,-3.1800,0,1139,23804,37.5,62.5,12.5,87.5
540,6,256,0,0,1,1,0,1,1,1,1,1,0,1,0,1,0,1,95.3343,8.370000,0.055400,8.430000,294718.9101,10.3600,1.4093,10.570,0.1900,1,1139,23804,62.5,37.5,12.5,87.5
540,8,256,1,1,0,1,0,1,0,1,1,1,0,1,1,1,0,0,89.2976,7.840000,0.055400,7.900000,294718.9101,3.5400,1.4387,10.790,-0.4600,0,1139,23804,62.5,37.5,12.5,87.5
540,15,256,0,0,1,0,0,1,0,1,1,1,1,1,0,1,1,1,94.0814,8.260000,0.055400,8.320000,294718.9101,11.6300,1.3280,9.960,0.4900,1,1139,23804,50.0,50.0,25.0,75.0
541,2,256,0,1,0,1,1,1,0,1,1,1,0,1,0,1,1,1,80.9829,7.110000,0.055400,7.170000,294718.9101,10.7800,2.0333,15.250,-4.7800,0,1139,23804,62.5,37.5,0.0,100.0
541,6,256,0,0,0,1,0,1,1,1,1,1,1,1,1,1,0,0,96.9289,8.510000,0.055400,8.560000,294718.9101,17.4800,1.3773,10.330,0.0200,1,1139,23804,50.0,50.0,25.0,75.0
541,9,256,1,1,0,1,1,1,0,1,0,0,0,1,1,1,1,1,88.9559,7.810000,0.055400,7.870000,294718.9101,3.0000,1.5667,11.750,-1.2500,0,1139,23804,50.0,50.0,12.5,87.5
541,16,256,0,0,0,1,1,0,1,1,1,1,1,1,1,1,1,1,92.1451,8.090000,0.055400,8.140000,294718.9101,12.2200,1.4040,10.530,0.2200,1,1139,23804,25.0,75.0,25.0,75.0
541,23,256,0,0,0,1,1,1,1,1,1,1,0,0,0,1,0,1,94.7648,8.320000,0.055400,8.380000,294718.9101,9.5600,1.5933,11.950,-1.6700,0,1139,23804,62.5,37.5,25.0,75.0
542,5,256,1,1,1,1,1,1,1,1,1,1,0,1,0,1,0,1,84.0582,7.380000,0.055300,7.440000,294718.9101,10.9200,1.4600,10.950,-0.5800,0,1139,23804,37.5,62.5,0.0,100.0
542,12,256,0,0,0,0,1,1,1,1,1,1,1,1,0,1,0,1,90.0949,7.910000,0.055400,7.960000,294718.9101,10.8700,1.4253,10.690,0.0700,1,1139,23804,50.0,50.0,25.0,75.0
542,26,256,0,1,1,1,0,1,1,1,1,1,1,0,1,1,1,1,89.4115,7.850000,0.055400,7.900000,294718.9101,2.1800,1.4200,10.650,-0.3500,0,1139,23804,25.0,75.0,12.5,87.5
543,1,256,0,0,1,1,1,1,1,1,1,1,0,0,0,1,1,1,95.1065,8.350000,0.055400,8.410000,294718.9101,9.7900,1.4133,10.600,0.1600,1,1139,23804,37.5,62.5,25.0,75.0
543,13,256,1,1,0,1,0,1,1,1,0,0,1,1,1,1,1,1,91.8034,8.060000,0.055400,8.120000,294718.9101,3.2300,1.4707,11.030,-0.5900,0,1139,23804,37.5,62.5,12.5,87.5
543,23,256,0,0,0,1,0,1,1,1,0,0,1,1,1,1,1,1,92.0312,8.080000,0.055400,8.140000,294718.9101,10.6100,1.4187,10.640,0.1100,1,1139,23804,50.0,50.0,25.0,75.0
543,25,256,1,0,1,0,1,1,1,1,1,1,1,1,0,0,1,1,95.3343,8.370000,0.055400,8.420000,294718.9101,9.8200,1.4813,11.110,-0.6400,0,1139,23804,12.5,87.5,37.5,62.5
544,0,256,1,1,1,1,0,1,0,0,1,1,0,1,0,1,1,1,90.4366,7.940000,0.055400,7.990000,294718.9101,2.4100,1.4680,11.010,-0.5200,0,1139,23804,50.0,50.0,12.5,87.5
544,3,256,0,0,1,0,0,1,1,1,1,1,1,1,0,1,1,1,92.1451,8.090000,0.055400,8.140000,294718.9101,11.8700,1.4120,10.590,0.1700,1,1139,23804,37.5,62.5,25.0,75.0
544,19,256,0,0,1,1,0,1,0,1,0,0,0,1,1,1,1,1,94.1953,8.270000,0.055400,8.330000,294718.9101,10.1600,1.4267,10.700,-0.4100,0,1139,23804,62.5,37.5,25.0,75.0
544,20,256,1,1,1,1,1,1,1,1,1,1,1,1,1,1,0,0,91.4617,8.030000,0.055400,8.090000,294718.9101,9.6200,1.6227,12.170,-1.8000,0,1139,23804,12.5,87.5,12.5,87.5
544,26,256,0,1,0,1,0,1,0,1,1,1,0,1,1,0,0,1,85.6528,7.520000,0.055400,7.570000,294718.9101,1.7300,1.5680,11.760,-1.3500,0,1139,23804,75.0,25.0,12.5,87.5
545,4,256,0,0,0,1,1,1,1,1,1,1,0,1,0,1,0,1,94.9926,8.340000,0.055400,8.400000,294718.9101,10.3700,1.4000,10.500,0.2500,1,1139,23804,62.5,37.5,12.5,87.5
545,6,256,1,1,1,1,0,1,1,0,1,1,0,1,0,1,0,1,90.5505,7.950000,0.055400,8.000000,294718.9101,2.0200,1.4107,10.580,0.1800,1,1139,23804,50.0,50.0,12.5,87.5
545,12,256,1,1,1,0,0,1,1,1,1,1,1,1,1,1,0,1,94.4231,8.290000,0.055400,8.340000,294718.9101,4.2100,1.6400,12.300,-1.5400,0,1139,23804,25.0,75.0,12.5,87.5
545,13,256,1,1,1,1,1,1,1,1,1,1,1,1,0,1,0,1,81.6663,7.170000,0.055400,7.220000,294718.9101,11.6500,1.3853,10.390,0.3700,1,1139,23804,25.0,75.0,0.0,100.0
545,20,256,1,1,1,1,1,1,0,1,1,1,1,1,0,1,0,1,80.5273,7.070000,0.055400,7.120000,294718.9101,11.3300,1.4933,11.200,-0.7500,0,1139,23804,37.5,62.5,0.0,100.0
545,29,256,0,1,1,0,0,1,0,0,1,1,1,1,0,1,1,1,90.7783,7.970000,0.055400,8.020000,294718.9101,2.5400,1.8400,13.800,-3.3200,0,1139,23804,50.0,50.0,25.0,75.0
546,18,256,1,1,0,1,1,1,0,1,1,1,0,1,0,0,1,1,93.2841,8.190000,0.055400,8.250000,294718.9101,2.0400,1.4107,10.580,0.1800,1,1139,23804,50.0,50.0,12.5,87.5
546,19,256,1,0,1,0,0,1,1,1,1,1,1,1,1,1,0,1,95.9038,8.420000,0.055400,8.470000,294718.9101,11.5100,1.5947,11.960,-1.5100,0,1139,23804,25.0,75.0,25.0,75.0
546,25,256,1,1,0,1,0,0,0,1,1,1,0,1,1,1,1,1,92.0312,8.080000,0.055400,8.140000,294718.9101,3.4400,1.6120,12.090,-1.7000,0,1139,23804,50.0,50.0,12.5,87.5
547,0,256,0,1,1,0,0,1,0,1,1,1,0,1,0,1,0,1,89.0698,7.820000,0.055400,7.880000,294718.9101,2.4500,1.4080,10.560,-0.1300,0,1139,23804,75.0,25.0,12.5,87.5
547,1,256,1,1,1,1,0,1,0,1,0,0,1,1,1,1,0,1,91.3478,8.020000,0.055400,8.070000,294718.9101,2.3300,1.4173,10.630,-0.1500,0,1139,23804,50.0,50.0,12.5,87.5
547,5,256,0,0,0,1,0,1,0,1,1,1,1,1,0,0,1,1,94.9926,8.340000,0.055400,8.390000,294718.9101,9.8900,1.4107,10.580,0.1900,1,1139,23804,62.5,37.5,25.0,75.0
547,9,256,1,1,1,1,1,0,1,1,1,1,0,1,0,1,0,1,89.8671,7.890000,0.055400,7.950000,294718.9101,2.5500,1.6147,12.110,-1.7300,0,1139,23804,37.5,62.5,12.5,87.5
547,17,256,0,1,0,0,1,1,0,1,1,1,0,1,0,1,0,1,94.7648,8.320000,0.055400,8.380000,294718.9101,2.3900,1.5880,11.910,-1.5800,0,1139,23804,75.0,25.0,12.5,87.5
547,18,256,1,1,0,1,1,1,0,1,1,1,1,0,1,1,1,1,90.0949,7.910000,0.055400,7.970000,294718.9101,2.2300,1.7933,13.450,-3.0000,0,1139,23804,25.0,75.0,12.5,87.5
549,15,256,0,0,1,0,0,1,0,1,1,1,0,1,0,1,1,1,94.9926,8.340000,0.055400,8.390000,294718.9101,10.7500,1.4133,10.600,0.1600,1,1139,23804,62.5,37.5,25.0,75.0
549,16,256,0,0,1,1,0,1,0,1,0,1,1,1,1,1,1,1,92.3729,8.110000,0.055400,8.160000,294718.9101,12.1900,1.3253,9.940,0.5300,1,1139,23804,50.0,50.0,12.5,87.5
549,22,256,0,1,0,1,0,1,0,1,1,1,0,0,0,1,0,1,91.2339,8.010000,0.055400,8.060000,294718.9101,1.8600,1.5800,11.850,-1.5000,0,1139,23804,87.5,12.5,12.5,87.5
550,0,256,0,1,0,1,1,1,1,1,1,1,0,1,0,1,0,1,80.8690,7.100000,0.055400,7.160000,294718.9101,10.2300,1.4080,10.560,0.1900,1,1139,23804,62.5,37.5,0.0,100.0
550,10,256,0,1,1,1,1,1,0,1,1,1,1,1,1,1,0,1,80.2995,7.050000,0.055400,7.110000,294718.9101,11.4900,1.3267,9.950,0.5000,1,1139,23804,37.5,62.5,0.0,100.0
550,24,256,0,1,0,1,0,1,1,1,0,1,1,1,1,1,1,1,81.2107,7.130000,0.055400,7.190000,294718.9101,12.4800,1.3853,10.390,0.3700,1,1139,23804,50.0,50.0,0.0,100.0
550,28,256,1,1,0,1,0,1,0,1,1,1,1,1,1,1,0,0,88.1586,7.740000,0.055400,7.800000,294718.9101,4.5400,1.4267,10.700,-0.2800,0,1139,23804,50.0,50.0,12.5,87.5
550,29,256,1,1,1,1,0,0,0,1,1,1,1,1,1,1,0,1,90.3227,7.930000,0.055400,7.980000,294718.9101,3.1200,1.6093,12.070,-1.6300,0,1139,23804,37.5,62.5,12.5,87.5
551,7,256,0,1,0,1,1,1,0,1,1,1,0,0,0,1,0,1,90.5505,7.950000,0.055400,8.010000,294718.9101,1.8200,1.4120,10.590,0.1700,1,1139,23804,75.0,25.0,12.5,87.5
551,11,256,0,0,1,1,0,1,1,1,0,1,1,1,1,1,1,1,93.5119,8.210000,0.055400,8.260000,294718.9101,12.7300,1.4107,10.580,0.1700,1,1139,23804,37.5,62.5,12.5,87.5
551,12,256,0,1,0,1,0,1,1,1,1,1,1,1,1,1,0,0,93.0563,8.170000,0.055400,8.230000,294718.9101,3.9000,1.5920,11.940,-1.1900,0,1139,23804,50.0,50.0,12.5,87.5
551,14,256,0,0,1,1,0,1,0,1,0,1,1,1,1,1,0,1,94.8787,8.330000,0.055400,8.390000,294718.9101,10.9200,1.4120,10.590,0.1600,1,1139,23804,62.5,37.5,12.5,87.5
551,28,256,0,0,0,1,0,1,1,1,0,0,1,1,1,1,0,1,94.6509,8.310000,0.055400,8.370000,294718.9101,10.1300,1.5907,11.930,-1.6400,0,1139,23804,62.5,37.5,25.0,75.0
552,0,256,1,1,0,1,1,1,0,1,0,1,0,1,1,1,1,1,82.4636,7.240000,0.055400,7.300000,294718.9101,12.7500,1.4093,10.570,0.1800,1,1139,23804,50.0,50.0,0.0,100.0
552,6,256,0,1,1,1,1,1,1,1,1,1,1,1,1,1,0,1,82.4636,7.240000,0.055400,7.300000,294718.9101,11.9400,1.3667,10.250,0.5100,1,1139,23804,25.0,75.0,0.0,100.0
552,13,256,0,1,1,1,0,1,1,1,1,1,0,1,0,1,1,1,83.1470,7.300000,0.055400,7.360000,294718.9101,11.2200,1.4200,10.650,0.1100,1,1139,23804,50.0,50.0,0.0,100.0
552,21,256,1,1,1,1,0,1,1,1,1,1,0,1,0,0,0,1,89.5254,7.860000,0.055400,7.910000,294718.9101,1.7700,1.4053,10.540,-0.1400,0,1139,23804,50.0,50.0,12.5,87.5
553,4,256,1,1,1,1,0,1,1,1,1,1,0,0,0,1,1,1,88.6142,7.780000,0.055400,7.840000,294718.9101,2.2600,1.4400,10.800,-0.5100,0,1139,23804,37.5,62.5,12.5,87.5
553,11,256,0,1,0,1,0,1,1,1,1,1,0,1,0,1,1,1,81.7802,7.180000,0.055400,7.230000,294718.9101,10.9600,1.6947,12.710,-2.3000,0,1139,23804,62.5,37.5,0.0,100.0
553,16,256,0,0,1,1,0,1,0,1,1,1,1,1,0,0,1,1,93.2841,8.190000,0.055400,8.250000,294718.9101,9.8900,1.4013,10.510,-0.0800,0,1139,23804,50.0,50.0,25.0,75.0
554,5,256,0,0,0,1,1,1,1,1,1,1,1,1,1,0,0,1,92.3729,8.110000,0.055400,8.170000,294718.9101,9.4800,1.3893,10.420,0.0100,1,1139,23804,37.5,62.5,25.0,75.0
554,6,256,0,1,1,1,1,1,1,1,1,1,1,1,0,1,0,1,81.2107,7.130000,0.055400,7.180000,294718.9101,11.0700,1.4133,10.600,0.1600,1,1139,23804,37.5,62.5,0.0,100.0
554,9,256,0,1,0,1,1,1,0,1,1,1,1,1,1,1,0,1,82.2358,7.220000,0.055400,7.280000,294718.9101,11.1700,1.4120,10.590,0.1700,1,1139,23804,50.0,50.0,0.0,100.0
554,12,256,0,1,1,1,0,1,0,1,0,1,1,1,1,1,1,1,81.0968,7.120000,0.055400,7.170000,294718.9101,12.9600,1.3667,10.250,0.1800,1,1139,23804,50.0,50.0,0.0,100.0
554,13,256,0,0,0,1,1,1,1,1,0,1,1,1,0,1,0,1,93.2841,8.190000,0.055400,8.250000,294718.9101,10.5600,1.6653,12.490,-2.0100,0,1139,23804,62.5,37.5,12.5,87.5
554,16,256,0,0,1,1,0,1,1,1,1,1,1,1,0,0,1,1,93.0563,8.170000,0.055400,8.220000,294718.9101,9.8700,1.3760,10.320,0.0600,1,1139,23804,37.5,62.5,25.0,75.0
555,4,256,0,0,1,1,1,1,0,1,0,1,1,1,1,1,1,1,95.7899,8.410000,0.055400,8.470000,294718.9101,12.1300,1.4640,10.980,-0.6000,0,1139,23804,37.5,62.5,12.5,87.5
555,10,256,0,1,0,1,0,1,0,1,0,1,1,1,1,1,1,1,83.1470,7.300000,0.055400,7.360000,294718.9101,12.0100,1.3907,10.430,0.0200,1,1139,23804,62.5,37.5,0.0,100.0
555,22,256,0,0,1,1,1,1,0,1,0,1,1,1,0,0,1,1,96.8150,8.500000,0.055400,8.550000,294718.9101,9.5400,1.4200,10.650,0.1100,1,1139,23804,50.0,50.0,25.0,75.0
555,24,256,1,1,0,1,1,1,1,1,1,1,1,1,0,1,1,1,83.7165,7.350000,0.055400,7.400000,294718.9101,13.4000,1.3640,10.230,0.2500,1,1139,23804,25.0,75.0,0.0,100.0
555,29,256,0,1,1,1,0,1,1,1,1,1,1,1,0,0,1,1,89.8671,7.890000,0.055400,7.940000,294718.9101,2.1400,1.3800,10.350,0.4100,1,1139,23804,37.5,62.5,12.5,87.5
556,3,256,1,1,0,1,1,0,1,1,1,1,0,1,1,1,1,1,94.4231,8.290000,0.055400,8.340000,294718.9101,4.3000,1.7240,12.930,-2.4600,0,1139,23804,25.0,75.0,12.5,87.5
556,7,256,0,0,0,1,1,1,1,1,1,1,1,1,0,0,0,1,93.0563,8.170000,0.055400,8.220000,294718.9101,9.5200,1.4133,10.600,0.1600,1,1139,23804,50.0,50.0,25.0,75.0
556,9,256,1,1,1,1,0,1,0,1,0,1,1,1,1,1,1,1,79.2402,6.957000,0.055400,7.010000,294718.9101,14.3100,1.3840,10.380,0.3800,1,1139,23804,37.5,62.5,0.0,100.0
556,13,256,0,1,1,1,1,1,0,1,1,1,1,1,1,1,0,0,95.1065,8.350000,0.055400,8.410000,294718.9101,3.3000,1.3733,10.300,0.1000,1,1139,23804,37.5,62.5,12.5,87.5
556,17,256,1,1,0,1,1,1,1,1,1,1,1,1,1,0,1,1,85.8806,7.540000,0.055400,7.600000,294718.9101,2.5800,1.6360,12.270,-1.8700,0,1139,23804,12.5,87.5,12.5,87.5
556,21,256,0,0,0,1,1,1,1,1,0,0,1,1,0,1,0,1,95.4482,8.380000,0.055400,8.440000,294718.9101,9.7900,1.6333,12.250,-1.8200,0,1139,23804,62.5,37.5,25.0,75.0
556,29,256,0,0,1,1,0,1,1,1,1,1,0,0,1,1,1,1,93.3980,8.200000,0.055400,8.260000,294718.9101,9.9000,1.7987,13.490,-3.0100,0,1139,23804,37.5,62.5,25.0,75.0
557,3,256,1,1,1,1,0,1,1,1,0,1,1,1,1,1,1,1,80.5273,7.070000,0.055400,7.120000,294718.9101,15.2300,1.3453,10.090,0.2800,1,1139,23804,25.0,75.0,0.0,100.0
557,4,256,1,1,1,1,0,1,1,1,1,1,0,1,0,1,0,0,93.5119,8.210000,0.055400,8.270000,294718.9101,4.1500,1.6027,12.020,-1.6000,0,1139,23804,50.0,50.0,12.5,87.5
557,5,256,0,1,0,1,0,1,0,0,1,1,0,1,0,1,0,1,90.2088,7.920000,0.055400,7.980000,294718.9101,1.8800,1.8000,13.500,-2.9900,0,1139,23804,87.5,12.5,12.5,87.5
557,8,256,1,1,1,1,0,1,1,0,1,1,0,1,0,1,1,1,87.9308,7.720000,0.055400,7.780000,294718.9101,2.4600,1.4107,10.580,0.1800,1,1139,23804,37.5,62.5,12.5,87.5
557,9,256,0,0,1,0,1,1,1,1,0,1,1,1,1,1,1,1,99.0930,8.700000,0.055400,8.760000,294718.9101,12.8100,1.4973,11.230,-0.7700,0,1139,23804,25.0,75.0,25.0,75.0
557,10,256,0,0,1,1,0,1,0,1,0,0,1,1,1,1,1,1,93.9675,8.250000,0.055400,8.300000,294718.9101,10.4900,1.7947,13.460,-3.1800,0,1139,23804,50.0,50.0,25.0,75.0
557,11,256,1,1,1,1,0,1,0,1,0,1,1,1,0,0,1,1,90.4366,7.940000,0.055400,8.000000,294718.9101,2.0900,1.5307,11.480,-1.1200,0,1139,23804,50.0,50.0,12.5,87.5
557,20,256,1,1,0,1,0,1,0,1,0,1,1,1,1,1,1,1,82.6914,7.260000,0.055400,7.320000,294718.9101,13.6000,1.4440,10.830,-0.4200,0,1139,23804,50.0,50.0,0.0,100.0
557,24,256,0,0,0,1,0,1,0,1,0,1,1,1,1,1,1,1,92.2590,8.100000,0.055400,8.150000,294718.9101,12.1900,1.4093,10.570,0.1900,1,1139,23804,62.5,37.5,12.5,87.5
558,0,256,0,0,1,0,1,1,0,0,1,1,1,1,1,1,0,1,93.6258,8.220000,0.055400,8.280000,294718.9101,10.2300,1.5507,11.630,-1.1500,0,1139,23804,37.5,62.5,37.5,62.5
558,6,256,1,1,0,1,0,1,0,1,0,1,1,1,0,1,1,1,82.6914,7.260000,0.055400,7.310000,294718.9101,11.8100,1.5440,11.580,-1.1700,0,1139,23804,62.5,37.5,0.0,100.0
558,8,256,1,1,1,1,0,1,1,1,0,1,0,1,1,1,1,1,83.9443,7.370000,0.055400,7.430000,294718.9101,12.7100,1.3440,10.080,0.3400,1,1139,23804,37.5,62.5,0.0,100.0
558,9,256,1,1,1,1,0,1,1,1,0,0,0,1,0,1,0,1,91.0061,7.990000,0.055400,8.050000,294718.9101,2.1300,1.4693,11.020,-0.6700,0,1139,23804,62.5,37.5,12.5,87.5
558,10,256,1,1,0,1,1,1,1,1,0,1,1,1,0,1,0,1,81.4385,7.150000,0.055400,7.200000,294718.9101,10.8300,1.3707,10.280,0.2200,1,1139,23804,50.0,50.0,0.0,100.0
558,11,256,0,1,0,1,1,0,1,1,1,1,1,1,1,1,0,1,90.4366,7.940000,0.055400,8.000000,294718.9101,2.8700,1.6133,12.100,-1.3500,0,1139,23804,37.5,62.5,12.5,87.5
558,15,256,1,1,1,1,0,1,1,1,0,1,1,1,0,0,1,1,91.5756,8.040000,0.055400,8.100000,294718.9101,2.1200,1.4253,10.690,-0.1900,0,1139,23804,37.5,62.5,12.5,87.5
558,16,256,0,0,1,1,1,1,1,1,1,1,1,1,1,0,1,1,90.5505,7.950000,0.055400,8.000000,294718.9101,9.9100,1.4480,10.860,-0.4400,0,1139,23804,12.5,87.5,25.0,75.0
558,18,256,0,0,1,1,0,1,0,1,0,1,1,1,1,1,0,0,94.4231,8.290000,0.055400,8.350000,294718.9101,6.0200,1.4813,11.110,-0.6800,0,1139,23804,62.5,37.5,25.0,75.0
558,24,256,0,1,1,1,0,1,1,1,0,1,1,1,1,1,1,1,82.2358,7.220000,0.055400,7.270000,294718.9101,13.3700,1.1773,8.830,1.5100,1,1139,23804,37.5,62.5,0.0,100.0
559,8,256,1,1,0,0,0,1,1,1,1,1,0,1,0,1,1,1,97.7262,8.580000,0.055400,8.640000,294718.9101,3.6700,1.4240,10.680,-0.3500,0,1139,23804,50.0,50.0,12.5,87.5
559,9,256,0,1,1,1,1,1,1,1,0,1,1,1,1,1,1,1,82.5775,7.250000,0.055300,7.310000,294718.9101,13.8400,1.4107,10.580,0.1800,1,1139,23804,25.0,75.0,0.0,100.0
559,11,256,0,1,1,1,0,1,1,1,0,1,1,1,0,1,1,1,81.8941,7.190000,0.055400,7.240000,294718.9101,11.5300,1.6467,12.350,-1.8900,0,1139,23804,50.0,50.0,0.0,100.0
559,15,256,1,1,1,1,1,1,0,1,0,1,1,1,1,1,1,1,81.0968,7.120000,0.055400,7.170000,294718.9101,15.5700,1.3707,10.280,0.0300,1,1139,23804,25.0,75.0,0.0,100.0
559,17,256,0,1,1,1,1,1,0,1,0,1,1,1,1,1,1,1,81.2107,7.130000,0.055400,7.180000,294718.9101,13.0500,1.7253,12.940,-2.4900,0,1139,23804,37.5,62.5,0.0,100.0
559,19,256,0,0,1,1,0,1,0,1,0,1,0,1,1,1,1,1,96.4733,8.470000,0.055400,8.530000,294718.9101,11.2000,1.4120,10.590,0.1700,1,1139,23804,62.5,37.5,12.5,87.5
560,3,256,1,1,0,1,1,1,0,1,0,1,1,1,1,1,1,1,82.9192,7.280000,0.055400,7.340000,294718.9101,14.8000,1.3653,10.240,0.1200,1,1139,23804,37.5,62.5,0.0,100.0
560,8,256,1,1,1,1,0,1,1,1,0,1,1,1,0,1,1,1,84.3999,7.410000,0.055400,7.470000,294718.9101,12.5300,1.2667,9.500,0.8700,1,1139,23804,37.5,62.5,0.0,100.0
560,13,256,1,1,1,0,0,1,1,1,1,1,0,1,0,1,0,1,93.0563,8.170000,0.055400,8.230000,294718.9101,2.7200,1.3587,10.190,0.2900,1,1139,23804,50.0,50.0,12.5,87.5
560,15,256,0,1,1,1,0,1,1,1,0,1,0,0,1,1,1,1,90.2088,7.920000,0.055400,7.980000,294718.9101,2.0800,1.6667,12.500,-2.2000,0,1139,23804,50.0,50.0,12.5,87.5
560,16,256,0,0,1,1,1,1,1,1,1,1,1,1,1,1,0,0,95.9038,8.420000,0.055400,8.480000,294718.9101,17.5400,1.3733,10.300,0.1700,1,1139,23804,25.0,75.0,25.0,75.0
560,19,256,0,1,1,1,1,1,0,1,0,1,1,1,1,1,0,1,81.6663,7.170000,0.055300,7.220000,294718.9101,11.0200,1.4280,10.710,-0.2300,0,1139,23804,50.0,50.0,0.0,100.0
560,23,256,1,1,1,1,0,1,0,1,0,1,0,1,1,1,1,1,84.6277,7.430000,0.055300,7.490000,294718.9101,12.2600,1.4120,10.590,0.1700,1,1139,23804,50.0,50.0,0.0,100.0
560,27,256,1,1,0,1,0,1,1,1,0,1,0,1,1,1,1,1,81.5524,7.160000,0.055400,7.210000,294718.9101,12.2700,1.6867,12.650,-2.1700,0,1139,23804,50.0,50.0,0.0,100.0
561,2,256,0,0,0,0,0,1,0,1,1,1,0,1,1,1,1,1,95.2204,8.360000,0.055400,8.410000,294718.9101,11.6800,1.3293,9.970,0.7900,1,1139,23804,62.5,37.5,25.0,75.0
561,8,256,0,1,0,1,1,1,1,1,1,1,1,1,0,1,1,1,82.8053,7.270000,0.055400,7.320000,294718.9101,12.0400,1.6453,12.340,-1.8900,0,1139,23804,37.5,62.5,0.0,100.0
561,11,256,1,1,1,1,1,1,1,1,0,1,1,1,0,1,1,1,78.3860,6.882000,0.055300,6.940000,294718.9101,13.1500,1.4880,11.160,-0.6600,0,1139,23804,25.0,75.0,0.0,100.0
561,18,256,0,0,1,1,1,1,1,1,0,1,1,1,1,1,1,1,94.5370,8.300000,0.055400,8.350000,294718.9101,12.8300,1.3800,10.350,-0.0500,0,1139,23804,25.0,75.0,12.5,87.5
562,8,256,1,1,0,1,1,0,0,1,1,1,1,1,0,1,1,1,92.2590,8.100000,0.055400,8.150000,294718.9101,3.5900,1.5533,11.650,-1.2100,0,1139,23804,37.5,62.5,12.5,87.5
562,16,256,0,0,1,1,0,1,1,1,0,1,1,1,0,1,1,1,98.0679,8.610000,0.055400,8.660000,294718.9101,11.2000,1.6840,12.630,-2.3200,0,1139,23804,50.0,50.0,12.5,87.5
563,2,256,1,1,1,1,0,1,0,1,1,1,0,0,1,1,1,1,91.3478,8.020000,0.055400,8.080000,294718.9101,2.2300,1.3880,10.410,0.0000,1,1139,23804,37.5,62.5,12.5,87.5
563,7,256,1,1,1,1,0,1,0,1,0,1,1,1,1,1,0,1,81.6663,7.170000,0.055400,7.220000,294718.9101,11.4200,1.3480,10.110,0.6500,1,1139,23804,50.0,50.0,0.0,100.0
563,24,256,0,1,0,0,0,1,1,1,0,1,1,1,1,1,1,1,90.0949,7.910000,0.055400,7.970000,294718.9101,4.9300,1.4373,10.780,-0.3800,0,1139,23804,50.0,50.0,12.5,87.5
563,29,256,1,1,0,1,0,1,1,1,0,1,1,1,0,1,1,1,83.0331,7.290000,0.055400,7.350000,294718.9101,12.1800,1.4147,10.610,0.1400,1,1139,23804,50.0,50.0,0.0,100.0
564,4,256,1,1,0,1,1,1,0,1,1,1,1,1,0,0,1,1,93.1702,8.180000,0.055400,8.240000,294718.9101,2.2500,1.5187,11.390,-0.9400,0,1139,23804,37.5,62.5,12.5,87.5
564,8,256,0,0,0,1,0,1,1,1,0,1,1,1,1,1,1,1,95.4482,8.380000,0.055400,8.440000,294718.9101,12.7300,1.4107,10.580,0.1800,1,1139,23804,50.0,50.0,12.5,87.5
564,12,256,0,1,1,1,0,1,1,1,0,1,1,1,0,0,1,1,87.1335,7.650000,0.055400,7.710000,294718.9101,1.9500,1.4080,10.560,-0.1400,0,1139,23804,50.0,50.0,12.5,87.5
564,13,256,1,1,1,1,0,1,1,1,0,1,0,1,0,1,0,1,82.5775,7.250000,0.055400,7.310000,294718.9101,10.4600,1.4107,10.580,0.1700,1,1139,23804,62.5,37.5,0.0,100.0
564,18,256,0,0,0,1,1,1,1,1,1,0,1,1,0,1,0,1,96.2455,8.450000,0.055400,8.510000,294718.9101,9.7300,1.4253,10.690,-0.3500,0,1139,23804,50.0,50.0,25.0,75.0
564,21,256,1,1,1,1,1,1,1,1,1,1,1,1,0,0,1,1,94.5370,8.300000,0.055400,8.360000,294718.9101,2.5600,1.3987,10.490,-0.1600,0,1139,23804,12.5,87.5,12.5,87.5
565,12,256,1,1,1,1,0,1,1,1,0,1,1,1,1,1,0,1,80.0717,7.030000,0.055300,7.080000,294718.9101,11.6600,1.6080,12.060,-1.7100,0,1139,23804,37.5,62.5,0.0,100.0
565,15,256,0,0,0,1,1,1,0,1,0,1,1,1,1,1,1,1,92.4868,8.120000,0.055400,8.180000,294718.9101,12.1300,1.4080,10.560,0.2000,1,1139,23804,50.0,50.0,12.5,87.5
565,26,256,1,1,0,1,0,0,0,1,1,1,1,1,1,1,0,1,93.3980,8.200000,0.055400,8.250000,294718.9101,2.8100,1.4853,11.140,-0.6500,0,1139,23804,50.0,50.0,12.5,87.5
565,27,256,0,1,1,1,0,1,0,1,1,0,1,1,1,1,1,1,91.2339,8.010000,0.055400,8.070000,294718.9101,2.5500,1.6120,12.090,-1.6400,0,1139,23804,37.5,62.5,12.5,87.5
566,4,256,1,0,1,1,0,1,1,1,1,1,0,1,0,1,0,1,95.3343,8.370000,0.055400,8.430000,294718.9101,10.3600,1.4160,10.620,0.1400,1,1139,23804,50.0,50.0,12.5,87.5
566,16,256,1,1,1,1,0,1,0,1,0,1,1,1,0,1,1,1,83.4887,7.330000,0.055400,7.390000,294718.9101,12.0700,1.3867,10.400,0.3600,1,1139,23804,50.0,50.0,0.0,100.0
566,29,256,1,1,1,1,1,1,0,1,0,1,1,1,1,1,0,1,83.0331,7.290000,0.055400,7.340000,294718.9101,11.7600,1.4080,10.560,-0.1600,0,1139,23804,37.5,62.5,0.0,100.0
567,6,256,0,1,0,1,0,1,0,1,1,1,0,1,0,1,0,0,90.0949,7.910000,0.055400,7.960000,294718.9101,1.9900,1.6853,12.640,-2.2600,0,1139,23804,87.5,12.5,12.5,87.5
567,9,256,0,1,1,1,0,1,1,1,0,1,1,1,1,1,0,1,84.8555,7.450000,0.055400,7.510000,294718.9101,11.1100,1.4120,10.590,0.1700,1,1139,23804,50.0,50.0,0.0,100.0
567,10,256,0,1,1,1,0,1,1,1,0,1,0,1,1,1,1,1,82.5775,7.250000,0.055400,7.300000,294718.9101,11.6900,1.3667,10.250,0.1300,1,1139,23804,50.0,50.0,0.0,100.0
568,6,256,1,1,1,1,0,1,1,1,0,1,1,1,0,1,0,1,79.2744,6.960000,0.055400,7.020000,294718.9101,10.9200,1.3800,10.350,0.4100,1,1139,23804,50.0,50.0,0.0,100.0
568,8,256,1,1,1,1,1,1,0,1,0,1,1,1,0,1,1,1,82.0080,7.200000,0.055400,7.250000,294718.9101,12.5900,1.4053,10.540,0.2200,1,1139,23804,37.5,62.5,0.0,100.0
568,10,256,1,1,0,1,0,1,1,0,1,1,1,1,1,1,1,1,91.3478,8.020000,0.055400,8.070000,294718.9101,3.4800,1.5200,11.400,-0.9900,0,1139,23804,25.0,75.0,12.5,87.5
568,24,256,1,1,0,1,1,1,0,1,0,1,1,1,1,1,0,1,83.6026,7.340000,0.055400,7.390000,294718.9101,11.6100,1.3853,10.390,0.3700,1,1139,23804,50.0,50.0,0.0,100.0
568,25,256,1,1,0,1,0,1,0,1,0,1,1,1,1,1,1,0,93.6258,8.220000,0.055400,8.270000,294718.9101,3.9400,1.4827,11.120,-0.6500,0,1139,23804,50.0,50.0,12.5,87.5
569,0,256,1,1,0,1,0,1,1,1,0,1,1,1,1,1,1,1,81.2107,7.130000,0.055400,7.180000,294718.9101,14.5200,1.5333,11.500,-1.1000,0,1139,23804,37.5,62.5,0.0,100.0
569,10,256,1,1,1,0,0,1,1,1,0,1,1,1,1,1,1,1,98.6374,8.660000,0.055400,8.720000,294718.9101,6.8400,1.3747,10.310,0.1300,1,1139,23804,25.0,75.0,12.5,87.5
569,23,256,0,0,0,0,1,1,1,1,1,1,1,1,1,1,1,1,93.1702,8.180000,0.055400,8.230000,294718.9101,23.8000,1.3813,10.360,0.3900,1,1139,23804,25.0,75.0,25.0,75.0
570,1,256,1,1,0,1,1,1,0,1,0,1,1,1,0,1,1,1,83.8304,7.360000,0.055400,7.410000,294718.9101,12.2900,1.3867,10.400,0.3500,1,1139,23804,50.0,50.0,0.0,100.0
570,8,256,0,1,0,1,1,1,0,1,0,1,1,1,1,1,1,1,81.2107,7.130000,0.055400,7.190000,294718.9101,12.1300,1.3667,10.250,0.2400,1,1139,23804,50.0,50.0,0.0,100.0
570,9,256,0,0,0,1,1,1,0,1,0,0,1,1,0,1,0,1,94.9926,8.340000,0.055400,8.390000,294718.9101,9.7200,1.6160,12.120,-1.8300,0,1139,23804,75.0,25.0,25.0,75.0
570,15,256,0,0,0,0,1,1,1,1,1,1,0,1,1,1,1,1,92.7146,8.140000,0.055400,8.200000,294718.9101,12.1100,1.4440,10.830,-0.5800,0,1139,23804,37.5,62.5,25.0,75.0
570,17,256,0,1,0,0,1,1,1,1,1,1,1,1,1,1,1,1,92.4868,8.120000,0.055400,8.170000,294718.9101,7.9600,1.3867,10.400,0.0900,1,1139,23804,25.0,75.0,12.5,87.5
570,19,256,1,1,1,1,1,1,1,1,1,1,0,1,0,1,1,1,80.7551,7.090000,0.055400,7.140000,294718.9101,12.5900,1.4200,10.650,0.1000,1,1139,23804,25.0,75.0,0.0,100.0
570,21,256,0,1,0,0,1,1,0,1,1,1,1,1,1,1,0,1,90.8922,7.980000,0.055400,8.040000,294718.9101,3.3800,1.4107,10.580,0.1800,1,1139,23804,50.0,50.0,12.5,87.5
570,27,256,0,1,1,1,0,1,0,1,0,0,1,1,1,1,1,1,88.3864,7.760000,0.055400,7.820000,294718.9101,2.7700,1.4133,10.600,0.1600,1,1139,23804,50.0,50.0,12.5,87.5
571,0,256,0,0,0,0,1,1,0,1,1,1,1,1,1,1,1,1,92.7146,8.140000,0.055400,8.200000,294718.9101,14.3600,1.4147,10.610,0.1500,1,1139,23804,37.5,62.5,25.0,75.0
571,8,256,0,1,0,0,1,1,0,1,1,1,0,1,1,1,1,1,81.3246,7.140000,0.055400,7.200000,294718.9101,3.7400,1.6200,12.150,-1.8000,0,1139,23804,50.0,50.0,12.5,87.5
571,10,256,0,0,0,0,0,1,1,1,1,1,1,1,1,1,1,1,93.1702,8.180000,0.055400,8.240000,294718.9101,23.8400,1.4133,10.600,0.1600,1,1139,23804,37.5,62.5,25.0,75.0
571,12,256,0,1,0,1,1,1,0,1,0,1,0,1,1,1,1,1,80.8690,7.100000,0.055400,7.150000,294718.9101,11.2800,1.5560,11.670,-1.2700,0,1139,23804,62.5,37.5,0.0,100.0
571,17,256,1,1,0,1,1,1,1,1,0,1,1,1,1,1,1,1,80.9829,7.110000,0.055400,7.170000,294718.9101,15.1400,1.3840,10.380,0.3800,1,1139,23804,25.0,75.0,0.0,100.0
572,11,256,0,0,1,1,1,1,1,1,1,1,1,1,0,1,0,0,95.7899,8.410000,0.055400,8.470000,294718.9101,16.5100,1.4053,10.540,0.2200,1,1139,23804,37.5,62.5,25.0,75.0
572,15,256,0,1,1,1,0,1,1,1,1,1,0,1,0,1,0,1,80.5273,7.070000,0.055400,7.120000,294718.9101,10.2900,1.4107,10.580,0.1700,1,1139,23804,62.5,37.5,0.0,100.0
572,17,256,1,1,0,1,0,1,0,1,0,1,1,1,1,1,0,1,81.4385,7.150000,0.055400,7.200000,294718.9101,11.1700,1.4053,10.540,-0.1800,0,1139,23804,62.5,37.5,0.0,100.0
572,29,256,0,1,1,1,1,0,1,1,1,1,1,1,1,1,1,1,88.9559,7.810000,0.055400,7.870000,294718.9101,5.5200,1.4080,10.560,0.2000,1,1139,23804,12.5,87.5,12.5,87.5
573,3,256,1,1,1,1,1,1,0,1,0,1,1,1,1,1,0,0,92.0312,8.080000,0.055400,8.140000,294718.9101,3.9800,1.3827,10.370,0.0800,1,1139,23804,37.5,62.5,12.5,87.5
573,11,256,0,0,0,1,1,1,1,1,1,1,1,1,1,1,0,0,96.4733,8.470000,0.055400,8.530000,294718.9101,17.5400,1.4213,10.660,0.1000,1,1139,23804,37.5,62.5,25.0,75.0
573,13,256,0,1,0,0,0,1,0,1,1,1,0,1,0,1,0,1,90.8922,7.980000,0.055400,8.040000,294718.9101,2.4100,1.5227,11.420,-1.0800,0,1139,23804,87.5,12.5,12.5,87.5
573,14,256,1,1,0,0,0,1,1,1,1,1,0,1,0,1,0,1,92.1451,8.090000,0.055400,8.150000,294718.9101,2.7000,1.4613,10.960,-0.5700,0,1139,23804,62.5,37.5,12.5,87.5
573,17,256,0,0,1,1,0,1,1,1,1,1,1,1,1,1,0,0,97.0428,8.520000,0.055400,8.580000,294718.9101,17.4800,1.4867,11.150,-0.8300,0,1139,23804,37.5,62.5,25.0,75.0
573,20,256,1,1,1,1,0,1,0,1,0,1,0,0,1,1,1,1,94.3092,8.280000,0.055400,8.340000,294718.9101,2.1800,1.3693,10.270,0.1900,1,1139,23804,50.0,50.0,12.5,87.5
573,24,256,1,1,0,0,1,1,1,1,1,1,1,1,1,1,0,0,93.7397,8.230000,0.055400,8.290000,294718.9101,7.5100,1.5840,11.880,-1.6400,0,1139,23804,25.0,75.0,25.0,75.0
573,25,256,1,1,1,1,0,0,0,1,1,1,1,1,1,1,1,1,85.6528,7.520000,0.055400,7.580000,294718.9101,5.4500,1.6480,12.360,-1.9200,0,1139,23804,25.0,75.0,12.5,87.5
574,1,256,1,1,0,1,0,1,0,1,1,1,1,1,1,0,1,1,86.3362,7.580000,0.055400,7.630000,294718.9101,2.4700,1.4120,10.590,0.1700,1,1139,23804,37.5,62.5,12.5,87.5
574,4,256,1,1,0,1,1,0,1,1,1,1,1,1,1,1,1,1,91.3478,8.020000,0.055400,8.070000,294718.9101,6.4600,1.4760,11.070,-0.6500,0,1139,23804,12.5,87.5,12.5,87.5
574,15,256,1,1,0,0,1,1,1,1,1,1,1,1,1,1,1,1,93.1702,8.180000,0.055400,8.240000,294718.9101,11.3500,1.4507,10.880,-0.4500,0,1139,23804,12.5,87.5,12.5,87.5
574,24,256,0,1,1,1,1,1,0,1,1,1,1,1,0,0,0,1,87.5891,7.690000,0.055400,7.750000,294718.9101,1.6100,1.4640,10.980,-0.2200,0,1139,23804,50.0,50.0,12.5,87.5
575,5,256,0,1,0,1,0,1,0,1,1,1,0,1,0,0,0,1,91.5756,8.040000,0.055400,8.100000,294718.9101,1.6400,1.4880,11.160,-0.7700,0,1139,23804,87.5,12.5,12.5,87.5
575,19,256,1,1,1,1,0,1,1,1,0,1,0,1,0,1,1,1,82.3497,7.230000,0.055400,7.280000,294718.9101,11.5500,1.3787,10.340,0.0700,1,1139,23804,50.0,50.0,0.0,100.0
576,2,256,0,1,1,1,0,1,0,1,1,1,1,1,0,1,0,1,80.8690,7.100000,0.055400,7.160000,294718.9101,10.7000,1.4093,10.570,0.1800,1,1139,23804,62.5,37.5,0.0,100.0
576,5,256,0,1,1,1,0,1,1,1,0,1,1,1,1,1,1,0,91.9173,8.070000,0.055400,8.130000,294718.9101,2.9900,1.4067,10.550,-0.1200,0,1139,23804,37.5,62.5,12.5,87.5
576,20,256,1,1,1,1,0,1,0,0,0,1,1,1,1,1,1,1,91.2339,8.010000,0.055400,8.070000,294718.9101,3.0200,1.4107,10.580,-0.2600,0,1139,23804,37.5,62.5,12.5,87.5
576,25,256,1,1,0,1,0,1,1,1,0,0,0,1,0,1,1,1,84.2860,7.400000,0.055400,7.460000,294718.9101,2.6400,1.4160,10.620,-0.1900,0,1139,23804,62.5,37.5,12.5,87.5
577,3,256,0,1,1,1,1,1,0,1,1,1,1,1,0,1,0,1,82.4636,7.240000,0.055400,7.300000,294718.9101,10.7100,1.3627,10.220,0.5400,1,1139,23804,50.0,50.0,0.0,100.0
577,10,256,1,1,1,1,0,1,0,1,0,0,1,1,1,1,1,1,95.3343,8.370000,0.055400,8.430000,294718.9101,2.7600,1.4827,11.120,-0.8000,0,1139,23804,37.5,62.5,12.5,87.5
577,23,256,1,1,0,1,0,0,0,1,1,1,0,1,0,1,0,1,93.5119,8.210000,0.055400,8.260000,294718.9101,2.0800,1.4520,10.890,-0.5100,0,1139,23804,75.0,25.0,12.5,87.5
577,29,256,0,0,1,1,1,1,0,1,1,1,1,1,1,1,0,0,98.2957,8.630000,0.055400,8.690000,294718.9101,7.4000,1.4120,10.590,0.1700,1,1139,23804,37.5,62.5,25.0,75.0
578,0,256,0,0,0,0,1,1,0,1,0,0,1,1,1,1,1,1,91.1200,8.000000,0.055400,8.050000,294718.9101,10.4200,1.4333,10.750,-0.3700,0,1139,23804,50.0,50.0,37.5,62.5
578,4,256,1,1,1,1,0,1,1,1,1,1,0,1,1,1,0,0,96.4733,8.470000,0.055400,8.520000,294718.9101,4.3100,1.4160,10.620,0.1400,1,1139,23804,37.5,62.5,12.5,87.5
578,8,256,1,1,0,1,1,1,0,0,0,1,1,1,0,1,1,1,87.3613,7.670000,0.055400,7.720000,294718.9101,2.3500,1.3760,10.320,0.4400,1,1139,23804,50.0,50.0,12.5,87.5
579,1,256,0,0,0,1,0,0,1,1,1,1,1,1,1,1,1,1,95.1065,8.350000,0.055400,8.410000,294718.9101,12.2200,1.4013,10.510,-0.0600,0,1139,23804,37.5,62.5,25.0,75.0
579,11,256,1,1,1,0,0,1,0,1,1,1,0,1,0,1,0,1,93.7397,8.230000,0.055400,8.290000,294718.9101,2.6500,1.6200,12.150,-1.7700,0,1139,23804,62.5,37.5,12.5,87.5
579,12,256,0,0,1,1,1,1,1,1,1,1,0,1,1,1,0,0,97.1567,8.530000,0.055400,8.590000,294718.9101,6.9200,1.4000,10.500,-0.1000,0,1139,23804,37.5,62.5,25.0,75.0
579,14,256,1,1,0,0,0,1,1,1,1,1,1,1,1,1,1,1,92.8285,8.150000,0.055400,8.210000,294718.9101,10.7100,1.4107,10.580,0.1800,1,1139,23804,25.0,75.0,12.5,87.5
579,18,256,1,1,1,1,0,1,0,0,0,1,1,1,0,1,1,1,89.7532,7.880000,0.055400,7.930000,294718.9101,2.5000,1.4280,10.710,-0.2800,0,1139,23804,50.0,50.0,12.5,87.5
579,27,256,0,1,0,1,0,1,0,1,1,1,0,1,1,1,1,0,88.0447,7.730000,0.055400,7.780000,294718.9101,3.1500,1.6267,12.200,-1.4400,0,1139,23804,62.5,37.5,12.5,87.5
580,8,256,0,0,0,0,1,1,1,1,0,1,1,1,1,1,1,1,93.5119,8.210000,0.055400,8.270000,294718.9101,12.8100,1.6627,12.470,-1.7200,0,1139,23804,37.5,62.5,25.0,75.0
580,9,256,0,1,1,1,1,1,0,1,0,0,1,1,1,1,0,1,91.5756,8.040000,0.055400,8.100000,294718.9101,2.1900,1.3880,10.410,0.0700,1,1139,23804,50.0,50.0,12.5,87.5
580,21,256,0,0,1,1,0,1,1,1,0,1,1,1,0,1,0,1,92.7146,8.140000,0.055400,8.210000,294718.9101,10.5300,1.4760,11.070,-0.6400,0,1139,23804,62.5,37.5,12.5,87.5
580,24,256,1,1,1,1,0,1,0,1,0,1,1,1,1,1,0,0,93.9675,8.250000,0.055400,8.310000,294718.9101,3.8600,1.4093,10.570,0.1800,1,1139,23804,50.0,50.0,12.5,87.5
580,25,256,0,0,0,1,1,1,1,1,1,1,1,1,0,1,0,0,96.5872,8.480000,0.055400,8.540000,294718.9101,16.5100,1.6267,12.200,-1.6900,0,1139,23804,50.0,50.0,25.0,75.0
580,27,256,0,0,1,1,0,1,0,1,1,1,1,1,1,1,0,0,95.9038,8.420000,0.055400,8.480000,294718.9101,7.4300,1.4107,10.580,0.1800,1,1139,23804,50.0,50.0,25.0,75.0
581,19,256,1,1,0,1,0,0,0,1,1,1,1,1,0,1,1,1,90.5505,7.950000,0.055400,8.010000,294718.9101,3.2400,1.4840,11.130,-0.8700,0,1139,23804,50.0,50.0,12.5,87.5
581,24,256,1,1,1,1,0,1,1,1,0,0,1,1,1,1,1,1,93.3980,8.200000,0.055400,8.250000,294718.9101,3.0300,1.4307,10.730,-0.2600,0,1139,23804,25.0,75.0,12.5,87.5
581,25,256,1,1,1,1,0,1,0,1,0,1,1,0,1,1,1,1,92.9424,8.160000,0.055400,8.220000,294718.9101,2.0000,1.4320,10.740,-0.3200,0,1139,23804,37.5,62.5,12.5,87.5
581,27,256,0,0,0,0,1,1,1,1,1,1,1,1,1,1,0,1,93.7397,8.230000,0.055400,8.280000,294718.9101,11.5200,1.3920,10.440,-0.0400,0,1139,23804,37.5,62.5,25.0,75.0
582,4,256,0,1,1,1,1,1,1,1,1,1,1,1,1,1,0,0,88.0447,7.730000,0.055400,7.780000,294718.9101,4.4700,1.3653,10.240,0.1600,1,1139,23804,25.0,75.0,12.5,87.5
582,11,256,1,1,1,1,0,1,1,1,0,0,0,1,0,1,1,1,89.9810,7.900000,0.055400,7.960000,294718.9101,2.4300,1.5000,11.250,-0.8300,0,1139,23804,50.0,50.0,12.5,87.5
582,24,256,0,0,0,0,1,1,1,1,1,1,1,1,0,1,1,1,93.8536,8.240000,0.055400,8.290000,294718.9101,11.9800,1.3973,10.480,0.2800,1,1139,23804,37.5,62.5,25.0,75.0
583,27,256,0,0,1,1,0,1,0,1,1,1,1,1,0,0,0,1,95.6760,8.400000,0.055400,8.450000,294718.9101,9.6200,1.6640,12.480,-2.1700,0,1139,23804,62.5,37.5,25.0,75.0
584,12,256,0,1,1,1,0,1,1,1,0,1,1,0,1,1,1,1,88.9559,7.810000,0.055400,7.870000,294718.9101,1.9500,1.6440,12.330,-1.9300,0,1139,23804,37.5,62.5,12.5,87.5
584,13,256,1,1,1,1,1,1,0,1,0,1,0,1,1,1,1,1,81.8941,7.190000,0.055400,7.240000,294718.9101,12.9300,1.4213,10.660,0.0900,1,1139,23804,37.5,62.5,0.0,100.0
584,15,256,1,1,1,1,0,1,0,1,0,1,1,1,0,1,0,1,85.7667,7.530000,0.055400,7.590000,294718.9101,10.7000,1.3867,10.400,0.3600,1,1139,23804,62.5,37.5,0.0,100.0
584,26,256,0,0,1,1,0,1,0,0,0,1,1,1,1,1,1,1,94.5370,8.300000,0.055400,8.350000,294718.9101,10.5100,1.3987,10.490,0.0500,1,1139,23804,50.0,50.0,25.0,75.0
585,17,256,0,0,1,1,1,1,1,1,0,1,1,1,1,1,0,0,96.0177,8.430000,0.055400,8.480000,294718.9101,6.1500,1.4120,10.590,0.1700,1,1139,23804,37.5,62.5,25.0,75.0
586,1,256,1,1,1,1,0,0,1,1,1,1,0,1,0,1,1,1,93.2841,8.190000,0.055400,8.250000,294718.9101,3.2100,1.3747,10.310,0.1000,1,1139,23804,37.5,62.5,12.5,87.5
586,20,256,0,0,0,1,0,1,0,1,1,1,1,1,1,0,1,1,94.0814,8.260000,0.055400,8.320000,294718.9101,9.9600,1.5747,11.810,-1.4100,0,1139,23804,50.0,50.0,25.0,75.0
586,26,256,0,0,1,1,0,1,1,1,1,1,1,1,0,1,0,1,96.1316,8.440000,0.055400,8.500000,294718.9101,10.8600,1.3947,10.460,0.3000,1,1139,23804,50.0,50.0,12.5,87.5
587,1,256,0,0,1,1,0,0,1,1,1,1,1,1,1,1,0,0,95.3343,8.370000,0.055400,8.420000,294718.9101,7.9600,1.4253,10.690,-0.2900,0,1139,23804,37.5,62.5,37.5,62.5
587,19,256,0,0,1,1,0,1,0,1,1,1,1,1,1,1,1,0,95.1065,8.350000,0.055400,8.400000,294718.9101,7.9800,1.4000,10.500,-0.0300,0,1139,23804,37.5,62.5,25.0,75.0
587,22,256,1,1,0,0,1,1,1,1,0,1,1,1,1,1,1,1,92.7146,8.140000,0.055400,8.200000,294718.9101,6.9300,1.4747,11.060,-0.7300,0,1139,23804,25.0,75.0,12.5,87.5
588,22,256,0,0,0,1,1,1,1,1,0,1,1,1,1,1,1,1,92.4868,8.120000,0.055400,8.170000,294718.9101,12.8300,1.4120,10.590,0.1700,1,1139,23804,37.5,62.5,12.5,87.5
589,19,256,0,0,0,0,1,1,1,1,1,1,1,1,1,1,0,0,93.7397,8.230000,0.055400,8.280000,294718.9101,17.3500,1.4613,10.960,-0.5600,0,1139,23804,37.5,62.5,37.5,62.5
591,8,256,0,0,0,1,0,0,0,1,1,1,1,1,1,1,1,1,90.0949,7.910000,0.055400,7.970000,294718.9101,11.8500,1.5880,11.910,-1.4800,0,1139,23804,50.0,50.0,25.0,75.0
591,27,256,0,1,0,1,1,1,1,1,0,1,1,1,1,1,1,1,82.2358,7.220000,0.055400,7.270000,294718.9101,12.7300,1.3280,9.960,0.8000,1,1139,23804,37.5,62.5,0.0,100.0
592,12,256,1,1,1,1,1,1,1,0,0,1,1,1,1,1,1,1,94.0814,8.260000,0.055400,8.310000,294718.9101,3.9300,1.5533,11.650,-1.1800,0,1139,23804,12.5,87.5,12.5,87.5
592,21,256,0,0,0,0,0,1,1,1,0,1,1,1,1,1,1,1,94.4231,8.290000,0.055400,8.340000,294718.9101,12.7000,1.4093,10.570,-0.0600,0,1139,23804,50.0,50.0,25.0,75.0
592,24,256,1,1,1,1,0,1,1,1,1,1,0,1,1,0,0,1,90.2088,7.920000,0.055400,7.970000,294718.9101,1.8200,1.3867,10.400,0.0400,1,1139,23804,37.5,62.5,12.5,87.5
592,28,256,0,0,0,0,0,1,1,1,1,1,1,1,1,1,0,1,91.6895,8.050000,0.055400,8.100000,294718.9101,11.5100,1.4173,10.630,-0.2700,0,1139,23804,50.0,50.0,25.0,75.0
593,6,256,0,1,0,1,1,1,1,1,0,1,1,1,0,1,1,1,83.8304,7.360000,0.055400,7.420000,294718.9101,11.3500,1.3707,10.280,0.1500,1,1139,23804,50.0,50.0,0.0,100.0
593,17,256,1,1,0,0,0,1,0,1,1,1,1,1,1,1,1,1,92.4868,8.120000,0.055400,8.180000,294718.9101,8.5100,1.4093,10.570,0.1800,1,1139,23804,37.5,62.5,12.5,87.5
593,25,256,0,1,1,1,0,1,1,1,0,1,1,1,1,1,0,0,88.9559,7.810000,0.055400,7.860000,294718.9101,2.2000,1.6693,12.520,-1.7700,0,1139,23804,50.0,50.0,12.5,87.5
594,19,256,1,1,1,1,0,1,1,1,0,1,1,1,0,1,0,0,93.1702,8.180000,0.055400,8.240000,294718.9101,3.9000,1.6240,12.180,-1.4200,0,1139,23804,50.0,50.0,12.5,87.5
595,7,256,0,1,0,0,0,1,0,1,1,1,1,1,1,1,0,1,88.5003,7.770000,0.055400,7.820000,294718.9101,3.4000,1.7453,13.090,-2.8100,0,1139,23804,62.5,37.5,12.5,87.5
595,12,256,1,1,1,1,0,1,1,1,1,0,1,1,1,1,1,1,91.5756,8.040000,0.055400,8.100000,294718.9101,2.9600,1.4400,10.800,-0.4000,0,1139,23804,12.5,87.5,12.5,87.5
595,16,256,0,0,0,0,1,1,1,1,1,1,1,1,1,0,1,1,96.1316,8.440000,0.055400,8.490000,294718.9101,9.9000,1.4093,10.570,0.1900,1,1139,23804,25.0,75.0,37.5,62.5
595,19,256,0,0,0,1,0,1,1,0,1,1,1,1,0,1,0,1,93.3980,8.200000,0.055400,8.260000,294718.9101,9.8600,1.7387,13.040,-2.7500,0,1139,23804,62.5,37.5,25.0,75.0
595,20,256,0,0,1,1,0,1,1,1,0,0,1,1,0,1,1,1,96.4733,8.470000,0.055400,8.520000,294718.9101,10.1200,1.6000,12.000,-1.5800,0,1139,23804,50.0,50.0,25.0,75.0
595,26,256,0,1,1,1,0,1,0,1,1,1,1,1,0,1,1,1,80.5273,7.070000,0.055400,7.130000,294718.9101,12.0100,1.4093,10.570,0.1900,1,1139,23804,50.0,50.0,0.0,100.0
597,2,256,0,1,0,1,1,1,1,1,0,1,1,1,1,1,0,0,92.1451,8.090000,0.055400,8.150000,294718.9101,2.3500,1.3973,10.480,-0.0100,0,1139,23804,50.0,50.0,12.5,87.5
597,7,256,0,0,1,1,0,1,1,0,1,1,1,1,1,1,1,1,95.1065,8.350000,0.055400,8.410000,294718.9101,11.7500,1.4093,10.570,0.1800,1,1139,23804,25.0,75.0,25.0,75.0
597,19,256,0,1,1,1,0,1,0,1,0,1,0,1,1,1,1,1,81.7802,7.180000,0.055300,7.240000,294718.9101,11.7500,1.8173,13.630,-3.1600,0,1139,23804,62.5,37.5,0.0,100.0
598,18,256,0,1,0,1,1,1,1,1,0,1,1,1,1,1,0,1,80.9829,7.110000,0.055400,7.170000,294718.9101,10.9300,1.4133,10.600,0.1600,1,1139,23804,50.0,50.0,0.0,100.0
598,27,256,1,1,0,0,0,1,0,1,0,1,1,1,1,1,1,1,90.4366,7.940000,0.055400,7.990000,294718.9101,5.9700,1.4093,10.570,0.1800,1,1139,23804,50.0,50.0,12.5,87.5
599,0,256,0,1,0,0,0,1,1,1,1,1,0,1,0,1,0,1,91.4617,8.030000,0.055400,8.080000,294718.9101,2.4800,1.8240,13.680,-3.3500,0,1139,23804,75.0,25.0,12.5,87.5
599,11,256,1,1,1,1,1,0,1,1,0,1,1,1,0,1,0,1,99.8903,8.770000,0.055400,8.830000,294718.9101,2.6200,1.4453,10.840,-0.3700,0,1139,23804,37.5,62.5,12.5,87.5
599,16,256,0,1,1,1,0,1,0,1,0,1,0,0,1,1,1,1,91.5756,8.040000,0.055400,8.100000,294718.9101,2.1700,1.4307,10.730,-0.2600,0,1139,23804,62.5,37.5,12.5,87.5
599,17,256,1,1,0,1,1,1,0,1,0,0,1,1,1,1,1,1,97.7262,8.580000,0.055400,8.630000,294718.9101,3.4000,1.3573,10.180,0.2000,1,1139,23804,37.5,62.5,12.5,87.5
600,5,256,1,1,1,1,0,1,0,1,0,1,0,1,1,1,0,1,83.9443,7.370000,0.055400,7.420000,294718.9101,10.7100,1.5107,11.330,-0.8600,0,1139,23804,62.5,37.5,0.0,100.0
600,8,256,1,1,1,1,0,0,0,1,0,1,1,1,1,1,1,1,89.4115,7.850000,0.055400,7.900000,294718.9101,4.4400,1.6093,12.070,-1.5800,0,1139,23804,37.5,62.5,12.5,87.5
600,10,256,1,1,1,1,0,1,0,1,0,1,1,1,1,0,1,1,90.3227,7.930000,0.055400,7.980000,294718.9101,2.1500,1.4107,10.580,-0.0400,0,1139,23804,37.5,62.5,12.5,87.5
600,18,256,0,1,0,1,1,1,0,0,0,1,1,1,1,1,1,1,91.9173,8.070000,0.055400,8.130000,294718.9101,2.8500,1.3147,9.860,0.5600,1,1139,23804,50.0,50.0,12.5,87.5
601,7,256,1,1,1,1,0,1,0,1,0,1,0,0,1,1,0,1,90.6644,7.960000,0.055400,8.010000,294718.9101,1.9300,1.3933,10.450,0.0100,1,1139,23804,62.5,37.5,12.5,87.5
601,26,256,0,1,0,1,1,1,1,1,0,1,0,1,1,1,1,1,79.8439,7.010000,0.055300,7.060000,294718.9101,11.3600,1.5307,11.480,-1.0900,0,1139,23804,50.0,50.0,0.0,100.0
602,8,256,0,1,1,1,0,1,0,1,0,1,1,1,1,1,0,1,81.5524,7.160000,0.055400,7.220000,294718.9101,11.0600,1.3333,10.000,0.4700,1,1139,23804,62.5,37.5,0.0,100.0
602,27,256,1,1,0,1,1,1,1,1,0,0,1,1,1,1,1,1,92.8285,8.150000,0.055400,8.210000,294718.9101,3.4200,1.4560,10.920,-0.6100,0,1139,23804,25.0,75.0,12.5,87.5
