generation,solution_id,fft_size,s0_mult,s0_add,s1_mult,s1_add,s2_mult,s2_add,s3_mult,s3_add,s4_mult,s4_add,s5_mult,s5_add,s6_mult,s6_add,s7_mult,s7_add,s8_mult,s8_add,energy_nJ_perFFT,dyn_power_mW,static_power_mW,power_mW,area_um2,sqnr_dB,norm_latency,crit_delay_ns,slack_ns,meets_timing,avg_exec_cycles,tot_sim_cycles,fp4_mult_pct,fp8_mult_pct,fp4_add_pct,fp8_add_pct
155,0,512,0,0,0,0,0,0,0,0,0,0,0,0,0,0,0,0,0,0,167.1471,6.870000,0.055000,6.920000,523502.5101,26.4500,2.0505,13.670,-2.9900,0,2433,49302,100.0,0.0,100.0,0.0
155,1,512,1,1,1,1,1,1,1,1,1,1,1,1,1,1,1,1,1,1,184.4214,7.580000,0.055400,7.640000,523502.5101,36.6900,1.5690,10.460,0.1500,1,2433,49302,0.0,100.0,0.0,100.0
155,2,512,1,1,1,1,1,1,1,1,0,0,0,0,0,0,0,0,0,0,190.0173,7.810000,0.055400,7.860000,523502.5101,18.7100,1.6035,10.690,0.0000,1,2433,49302,55.6,44.4,55.6,44.4
155,3,512,0,0,0,0,0,0,0,0,1,1,1,1,1,1,1,1,1,1,191.9637,7.890000,0.055400,7.940000,523502.5101,14.1300,1.5855,10.570,0.0300,1,2433,49302,44.4,55.6,44.4,55.6
155,4,512,1,0,1,0,1,0,1,0,1,0,1,0,1,0,1,0,1,0,183.4482,7.540000,0.055200,7.600000,523502.5101,27.0200,1.6005,10.670,0.0600,1,2433,49302,0.0,100.0,100.0,0.0
155,5,512,0,1,0,1,0,1,0,1,0,1,0,1,0,1,0,1,0,1,158.0720,6.497000,0.055100,6.550000,523502.5101,10.0800,1.7685,11.790,-1.0700,0,2433,49302,100.0,0.0,0.0,100.0
155,6,512,0,0,1,1,0,0,0,1,0,0,0,0,0,0,0,0,0,0,195.6132,8.040000,0.055400,8.090000,523502.5101,26.4200,1.5945,10.630,0.0500,1,2433,49302,88.9,11.1,77.8,22.2
155,7,512,0,1,1,1,1,1,0,1,0,1,1,0,0,0,1,0,1,1,188.0709,7.730000,0.055400,7.780000,523502.5101,2.3200,1.5975,10.650,0.0200,1,2433,49302,44.4,55.6,33.3,66.7
155,8,512,1,1,1,1,0,0,0,0,0,0,0,0,0,0,0,0,0,0,196.3431,8.070000,0.055400,8.130000,523502.5101,17.0700,1.5855,10.570,-0.0500,0,2433,49302,77.8,22.2,77.8,22.2
155,9,512,0,1,1,1,0,1,0,1,0,1,0,0,1,0,1,0,0,1,191.7204,7.880000,0.055400,7.940000,523502.5101,2.3800,1.5960,10.640,0.0200,1,2433,49302,66.7,33.3,33.3,66.7
155,10,512,0,0,1,0,0,0,0,1,1,0,0,1,1,1,1,0,1,0,193.1802,7.940000,0.055400,8.000000,523502.5101,27.0000,1.5930,10.620,0.0600,1,2433,49302,44.4,55.6,66.7,33.3
155,11,512,0,1,1,0,1,0,1,0,1,1,1,1,0,1,1,1,1,1,203.6421,8.370000,0.055400,8.430000,523502.5101,4.1000,1.6005,10.670,0.0300,1,2433,49302,22.2,77.8,33.3,66.7
155,12,512,1,0,0,0,0,0,0,1,0,0,1,1,1,0,1,0,0,1,190.2606,7.820000,0.055400,7.880000,523502.5101,10.0300,1.5945,10.630,0.0500,1,2433,49302,55.6,44.4,66.7,33.3
155,13,512,1,0,1,1,1,1,1,0,0,0,1,1,1,0,1,0,0,0,200.7225,8.250000,0.055400,8.300000,523502.5101,26.9000,1.5810,10.540,0.1200,1,2433,49302,22.2,77.8,66.7,33.3
155,14,512,1,1,0,0,0,0,1,1,0,1,0,1,1,0,0,1,0,1,199.5060,8.200000,0.055400,8.250000,523502.5101,2.5100,1.5960,10.640,0.0100,1,2433,49302,66.7,33.3,33.3,66.7
155,15,512,1,0,0,1,0,0,1,1,0,0,1,1,1,0,1,0,1,0,194.3967,7.990000,0.055400,8.050000,523502.5101,26.8300,1.5480,10.320,0.3300,1,2433,49302,33.3,66.7,66.7,33.3
155,16,512,1,1,0,1,1,1,1,0,0,1,0,0,1,0,1,0,1,1,196.3431,8.070000,0.055400,8.120000,523502.5101,2.6900,1.5945,10.630,0.0000,1,2433,49302,33.3,66.7,44.4,55.6
155,17,512,1,1,0,1,1,0,0,1,1,1,1,1,0,1,0,0,1,1,193.1802,7.940000,0.055400,7.990000,523502.5101,2.6000,1.5945,10.630,0.0000,1,2433,49302,44.4,55.6,22.2,77.8
155,18,512,0,1,0,0,0,1,0,0,0,1,0,0,1,0,0,1,0,0,195.3699,8.030000,0.055400,8.090000,523502.5101,13.9100,1.5900,10.600,0.0500,1,2433,49302,88.9,11.1,55.6,44.4
155,19,512,0,1,1,1,1,1,0,1,1,1,0,1,1,0,1,0,0,1,192.6936,7.920000,0.055400,7.980000,523502.5101,2.2800,1.5930,10.620,0.0100,1,2433,49302,44.4,55.6,22.2,77.8
155,20,512,0,1,0,0,1,0,1,0,0,1,1,1,0,1,0,0,0,1,196.5864,8.080000,0.055400,8.140000,523502.5101,2.3100,1.5795,10.530,0.1300,1,2433,49302,66.7,33.3,44.4,55.6
155,21,512,1,1,0,0,0,1,0,1,0,0,0,0,0,1,1,0,0,1,196.3431,8.070000,0.055400,8.130000,523502.5101,2.5100,1.5975,10.650,0.0200,1,2433,49302,77.8,22.2,44.4,55.6
155,22,512,0,1,1,0,1,0,0,1,0,0,0,0,1,0,1,0,1,0,173.9595,7.150000,0.055400,7.210000,523502.5101,14.6600,1.5960,10.640,0.0200,1,2433,49302,44.4,55.6,77.8,22.2
155,23,512,1,0,1,0,0,1,1,0,0,0,0,0,1,0,1,1,1,1,195.3699,8.030000,0.055400,8.090000,523502.5101,10.4500,1.5930,10.620,0.0000,1,2433,49302,33.3,66.7,66.7,33.3
155,24,512,0,0,0,1,1,0,1,1,0,1,0,0,0,0,1,0,0,0,197.5596,8.120000,0.055400,8.170000,523502.5101,6.3600,1.5945,10.630,0.0200,1,2433,49302,66.7,33.3,66.7,33.3
155,25,512,1,1,0,0,1,0,1,1,0,0,0,1,1,1,0,1,0,1,198.7761,8.170000,0.055400,8.220000,523502.5101,2.9300,1.6005,10.670,0.0200,1,2433,49302,55.6,44.4,33.3,66.7
155,26,512,0,1,1,1,0,0,1,1,1,1,0,1,1,1,1,0,1,0,176.6358,7.260000,0.055400,7.310000,523502.5101,3.3500,1.5885,10.590,0.0700,1,2433,49302,33.3,66.7,33.3,66.7
155,27,512,1,0,1,0,0,1,0,1,1,0,0,1,0,0,0,0,0,1,200.2359,8.230000,0.055400,8.280000,523502.5101,10.0600,1.5960,10.640,0.0100,1,2433,49302,66.7,33.3,55.6,44.4
155,28,512,0,1,1,1,0,1,0,0,1,0,0,0,0,1,0,0,1,0,194.8833,8.010000,0.055400,8.070000,523502.5101,15.1300,1.5960,10.640,0.0100,1,2433,49302,66.7,33.3,55.6,44.4
155,29,512,0,0,0,0,0,1,1,1,1,1,1,1,1,1,1,1,0,1,199.7493,8.210000,0.055400,8.270000,523502.5101,11.4900,1.5930,10.620,0.0400,1,2433,49302,44.4,55.6,22.2,77.8
155,30,512,0,0,0,1,1,0,0,1,0,0,0,0,0,1,0,0,0,1,195.8565,8.050000,0.055400,8.110000,523502.5101,10.0700,1.5975,10.650,0.0100,1,2433,49302,88.9,11.1,55.6,44.4
155,31,512,0,0,0,1,1,0,0,1,1,0,1,1,1,0,0,0,1,1,204.3720,8.400000,0.055400,8.450000,523502.5101,10.0800,1.5990,10.660,0.0000,1,2433,49302,44.4,55.6,55.6,44.4
155,32,512,1,0,1,0,0,0,1,0,1,0,1,0,0,0,0,1,0,0,182.9616,7.520000,0.055400,7.570000,523502.5101,26.4800,1.6020,10.680,0.0000,1,2433,49302,44.4,55.6,88.9,11.1
155,33,512,0,0,0,0,1,0,0,0,1,0,0,1,0,1,1,0,0,0,190.7472,7.840000,0.055400,7.900000,523502.5101,7.5000,1.6005,10.670,0.0000,1,2433,49302,66.7,33.3,77.8,22.2
155,34,512,1,0,0,0,0,1,1,1,1,1,1,1,1,1,0,0,0,1,202.4256,8.320000,0.055400,8.380000,523502.5101,10.2500,1.5915,10.610,0.0600,1,2433,49302,44.4,55.6,33.3,66.7
155,35,512,1,1,0,1,0,0,0,1,1,1,0,0,0,0,1,0,0,0,1000000000.0000,7.910000,0.055400,7.970000,523502.5101,-100.0000,1.5915,10.610,0.0400,1,-1,-1,66.7,33.3,55.6,44.4
155,36,512,0,1,1,1,1,1,0,1,0,1,1,1,1,0,1,0,0,0,1000000000.0000,8.000000,0.055400,8.060000,523502.5101,-100.0000,1.5975,10.650,0.0200,1,-1,-1,44.4,55.6,33.3,66.7
155,37,512,0,0,1,0,0,0,0,1,0,1,1,0,1,0,0,1,0,1,206.8050,8.500000,0.055400,8.560000,523502.5101,10.0400,1.5900,10.600,0.0600,1,2433,49302,66.7,33.3,55.6,44.4
155,38,512,1,0,0,1,1,0,1,1,1,0,0,1,0,0,1,0,0,1,197.5596,8.120000,0.055400,8.180000,523502.5101,10.1100,1.5930,10.620,0.0300,1,2433,49302,44.4,55.6,55.6,44.4
155,39,512,0,0,0,1,0,0,1,0,1,0,1,0,1,1,0,1,0,1,200.7225,8.250000,0.055400,8.310000,523502.5101,10.2400,1.5945,10.630,0.0100,1,2433,49302,55.6,44.4,55.6,44.4
155,40,512,1,0,0,0,0,1,0,1,1,0,0,0,0,0,0,1,0,0,192.2070,7.900000,0.055400,7.950000,523502.5101,6.5000,1.5810,10.540,0.1100,1,2433,49302,77.8,22.2,66.7,33.3
155,41,512,1,1,0,0,1,0,1,1,1,1,1,0,0,1,1,1,1,1,203.3988,8.360000,0.055400,8.420000,523502.5101,3.7100,1.5915,10.610,0.0700,1,2433,49302,22.2,77.8,33.3,66.7
155,42,512,0,1,0,0,0,0,1,1,1,0,1,0,0,0,0,1,1,0,198.2895,8.150000,0.055400,8.210000,523502.5101,14.3600,1.5900,10.600,0.0600,1,2433,49302,55.6,44.4,66.7,33.3
155,43,512,0,1,1,0,0,1,0,1,0,0,0,0,1,0,1,0,0,0,200.2359,8.230000,0.055400,8.290000,523502.5101,3.5800,1.5930,10.620,0.0400,1,2433,49302,66.7,33.3,66.7,33.3
155,44,512,1,1,0,1,1,1,0,0,1,1,0,0,1,0,0,0,1,0,201.4524,8.280000,0.055400,8.330000,523502.5101,16.6200,1.6035,10.690,0.0100,1,2433,49302,44.4,55.6,55.6,44.4
155,45,512,0,0,0,1,1,1,0,0,1,1,1,0,1,1,1,1,1,1,198.5328,8.160000,0.055400,8.220000,523502.5101,10.9200,1.5915,10.610,0.0000,1,2433,49302,33.3,66.7,33.3,66.7
155,46,512,1,1,1,1,1,0,1,0,0,0,0,1,0,1,1,1,0,0,199.0194,8.180000,0.055400,8.240000,523502.5101,5.5100,1.6035,10.690,0.0100,1,2433,49302,44.4,55.6,44.4,55.6
155,47,512,0,0,0,1,0,0,0,0,1,1,1,0,0,1,1,1,1,0,202.4256,8.320000,0.055400,8.380000,523502.5101,26.7400,1.5840,10.560,0.0800,1,2433,49302,55.6,44.4,55.6,44.4
155,48,512,0,1,1,0,1,1,1,1,1,0,0,1,1,0,1,0,0,0,194.6400,8.000000,0.055400,8.050000,523502.5101,14.6400,1.6005,10.670,0.0100,1,2433,49302,33.3,66.7,55.6,44.4
155,49,512,0,0,0,1,1,0,1,0,0,1,0,1,1,0,0,0,1,0,196.0998,8.060000,0.055400,8.120000,523502.5101,6.7500,1.5915,10.610,0.0300,1,2433,49302,55.6,44.4,66.7,33.3
155,50,512,0,0,1,0,1,0,0,1,1,1,1,1,1,1,0,1,0,1,196.3431,8.070000,0.055400,8.130000,523502.5101,10.8800,1.5975,10.650,0.0300,1,2433,49302,44.4,55.6,33.3,66.7
155,51,512,1,1,1,1,1,1,0,0,1,0,1,0,0,0,0,0,0,1,201.9390,8.300000,0.055400,8.360000,523502.5101,2.6300,1.6005,10.670,0.0000,1,2433,49302,44.4,55.6,55.6,44.4
155,52,512,1,0,0,1,0,0,1,1,1,0,1,1,1,0,0,0,1,0,196.8297,8.090000,0.055400,8.150000,523502.5101,27.0100,1.5960,10.640,0.0300,1,2433,49302,33.3,66.7,66.7,33.3
155,53,512,0,0,0,1,0,1,1,1,1,1,1,1,0,0,0,0,0,0,199.7493,8.210000,0.055400,8.260000,523502.5101,26.8900,1.5795,10.530,0.1500,1,2433,49302,66.7,33.3,44.4,55.6
155,54,512,1,0,0,1,0,0,1,0,0,0,0,1,1,0,1,1,1,1,195.3699,8.030000,0.055400,8.080000,523502.5101,10.4600,1.5915,10.610,0.0200,1,2433,49302,44.4,55.6,55.6,44.4
155,55,512,1,0,0,1,1,0,0,0,1,0,1,1,1,0,0,1,0,1,195.3699,8.030000,0.055400,8.090000,523502.5101,10.1400,1.5930,10.620,0.0200,1,2433,49302,44.4,55.6,55.6,44.4
155,56,512,1,0,0,0,1,0,0,0,0,0,1,1,0,1,1,0,1,1,190.0173,7.810000,0.055400,7.870000,523502.5101,10.2200,1.5675,10.450,0.1900,1,2433,49302,44.4,55.6,66.7,33.3
155,57,512,0,1,1,0,0,1,1,1,0,0,1,1,1,1,1,1,0,1,195.3699,8.030000,0.055400,8.090000,523502.5101,3.4400,1.5975,10.650,0.0100,1,2433,49302,44.4,55.6,22.2,77.8
155,58,512,1,0,0,1,0,0,0,0,0,0,1,1,0,0,0,1,1,1,192.9369,7.930000,0.055400,7.980000,523502.5101,10.3200,1.5990,10.660,0.0000,1,2433,49302,66.7,33.3,55.6,44.4
155,59,512,1,1,1,1,1,0,1,0,0,1,1,1,1,1,0,1,1,0,1000000000.0000,8.110000,0.055400,8.160000,523502.5101,-100.0000,1.5975,10.650,0.0000,1,-1,-1,22.2,77.8,33.3,66.7
155,60,512,0,0,0,0,0,1,0,1,0,0,1,1,1,0,1,0,1,0,198.2895,8.150000,0.055400,8.200000,523502.5101,7.1600,1.5945,10.630,0.0100,1,2433,49302,55.6,44.4,66.7,33.3
155,61,512,1,1,1,1,0,1,1,1,1,1,0,1,1,1,1,0,0,1,182.2317,7.490000,0.055400,7.550000,523502.5101,2.6800,1.5870,10.580,0.0800,1,2433,49302,33.3,66.7,11.1,88.9
155,62,512,0,1,0,0,0,1,0,1,1,0,1,1,0,1,0,0,1,1,195.6132,8.040000,0.055400,8.090000,523502.5101,2.4300,1.5750,10.500,-0.0200,0,2433,49302,66.7,33.3,33.3,66.7
155,63,512,0,0,0,1,0,1,1,1,1,0,0,1,0,1,0,1,1,1,199.9926,8.220000,0.055400,8.280000,523502.5101,10.7500,1.5915,10.610,0.0200,1,2433,49302,66.7,33.3,22.2,77.8
155,64,512,1,1,1,0,0,0,0,0,1,1,1,0,0,1,0,1,1,1,198.5328,8.160000,0.055400,8.210000,523502.5101,3.2600,1.6035,10.690,0.0000,1,2433,49302,44.4,55.6,44.4,55.6
155,65,512,0,1,1,0,1,1,0,1,1,0,0,0,0,1,1,1,1,0,211.4277,8.690000,0.055400,8.750000,523502.5101,3.3700,1.5795,10.530,0.0400,1,2433,49302,44.4,55.6,44.4,55.6
155,66,512,0,0,1,1,1,1,0,0,0,1,1,0,0,0,1,1,0,1,206.8050,8.500000,0.055400,8.560000,523502.5101,10.1700,1.5930,10.620,0.0000,1,2433,49302,55.6,44.4,44.4,55.6
155,67,512,1,0,1,0,1,1,1,0,0,0,0,0,1,1,0,1,1,0,198.7761,8.170000,0.055400,8.220000,523502.5101,16.9000,1.5930,10.620,0.0700,1,2433,49302,33.3,66.7,66.7,33.3
155,68,512,0,1,0,0,1,0,1,0,0,0,0,0,1,0,1,1,1,0,198.2895,8.150000,0.055400,8.200000,523502.5101,14.6000,1.5885,10.590,0.1000,1,2433,49302,44.4,55.6,77.8,22.2
155,69,512,1,1,1,0,1,1,0,0,0,0,0,1,0,0,0,1,1,1,195.6132,8.040000,0.055400,8.090000,523502.5101,2.9300,1.5900,10.600,0.0300,1,2433,49302,55.6,44.4,44.4,55.6
155,70,512,1,0,0,1,1,1,0,0,1,0,1,1,0,1,1,1,1,1,202.9122,8.340000,0.055400,8.400000,523502.5101,11.2900,1.5975,10.650,0.0200,1,2433,49302,33.3,66.7,33.3,66.7
155,71,512,1,1,1,1,0,0,1,1,1,0,1,0,0,0,0,0,0,0,1000000000.0000,7.930000,0.055400,7.990000,523502.5101,-100.0000,1.5915,10.610,0.0300,1,-1,-1,44.4,55.6,66.7,33.3
155,72,512,1,1,1,0,0,1,0,1,1,1,1,1,0,0,0,1,0,0,1000000000.0000,8.020000,0.055400,8.070000,523502.5101,-100.0000,1.5810,10.540,0.1000,1,-1,-1,55.6,44.4,33.3,66.7
155,73,512,1,0,1,0,0,0,0,0,0,1,0,0,0,1,1,1,0,1,187.8276,7.720000,0.055400,7.780000,523502.5101,10.4200,1.5945,10.630,0.0100,1,2433,49302,66.7,33.3,55.6,44.4
155,74,512,1,1,0,1,0,0,0,1,1,0,0,0,1,1,0,1,0,0,199.5060,8.200000,0.055400,8.250000,523502.5101,7.0300,1.5975,10.650,0.0200,1,2433,49302,66.7,33.3,44.4,55.6
155,75,512,0,1,0,1,1,1,0,0,0,1,0,0,0,0,1,0,0,0,189.5307,7.790000,0.055400,7.840000,523502.5101,13.0600,1.5960,10.640,0.0000,1,2433,49302,77.8,22.2,55.6,44.4
155,76,512,0,0,0,1,0,1,1,1,0,0,0,0,0,0,0,1,1,0,199.2627,8.190000,0.055400,8.250000,523502.5101,26.4200,1.5735,10.490,0.1900,1,2433,49302,77.8,22.2,55.6,44.4
155,77,512,0,0,0,0,1,1,1,1,0,0,1,0,0,0,1,0,1,1,193.9101,7.970000,0.055400,8.020000,523502.5101,10.0600,1.5960,10.640,0.0100,1,2433,49302,44.4,55.6,66.7,33.3
155,78,512,1,1,1,1,0,1,0,0,1,0,0,0,0,0,1,1,1,1,200.4792,8.240000,0.055400,8.290000,523502.5101,3.2100,1.5960,10.640,0.0500,1,2433,49302,44.4,55.6,44.4,55.6
155,79,512,0,0,1,1,0,0,1,0,1,0,0,1,0,0,0,0,0,1,194.8833,8.010000,0.055400,8.070000,523502.5101,10.0900,1.5840,10.560,0.0000,1,2433,49302,66.7,33.3,66.7,33.3
155,80,512,0,1,1,1,1,1,1,0,0,1,0,0,1,1,1,1,1,0,202.1823,8.310000,0.055400,8.360000,523502.5101,13.9500,1.6005,10.670,0.0000,1,2433,49302,33.3,66.7,33.3,66.7
155,81,512,0,0,0,1,1,1,0,1,0,1,0,1,1,0,0,0,1,1,194.6400,8.000000,0.055400,8.050000,523502.5101,9.9700,1.5990,10.660,0.0100,1,2433,49302,66.7,33.3,33.3,66.7
155,82,512,0,1,0,1,1,0,0,1,1,0,1,0,1,0,1,1,0,1,191.2338,7.860000,0.055400,7.910000,523502.5101,2.5600,1.5915,10.610,0.0200,1,2433,49302,44.4,55.6,44.4,55.6
155,83,512,1,0,0,0,1,0,1,0,0,1,1,0,1,1,1,0,0,0,182.2317,7.490000,0.055400,7.550000,523502.5101,26.8600,1.5885,10.590,0.0900,1,2433,49302,33.3,66.7,77.8,22.2
155,84,512,0,0,1,1,0,0,0,0,0,1,1,1,1,1,0,1,0,0,197.0730,8.100000,0.055400,8.160000,523502.5101,16.9000,1.5990,10.660,0.0200,1,2433,49302,66.7,33.3,44.4,55.6
155,85,512,1,0,1,0,1,1,1,1,1,0,0,1,0,0,0,1,0,1,200.9658,8.260000,0.055400,8.320000,523502.5101,10.1900,1.6020,10.680,0.0000,1,2433,49302,44.4,55.6,44.4,55.6
155,86,512,0,1,1,1,0,0,0,0,0,1,1,1,1,0,1,0,0,1,201.6957,8.290000,0.055400,8.340000,523502.5101,2.4700,1.5975,10.650,0.0200,1,2433,49302,55.6,44.4,44.4,55.6
155,87,512,0,0,0,0,0,1,0,0,0,1,0,1,1,1,1,0,1,1,196.5864,8.080000,0.055400,8.140000,523502.5101,10.2100,1.5960,10.640,0.0600,1,2433,49302,66.7,33.3,44.4,55.6
155,88,512,1,0,1,0,0,0,1,0,0,0,1,0,0,1,1,0,0,1,190.9905,7.850000,0.055400,7.900000,523502.5101,10.0000,1.5960,10.640,0.0200,1,2433,49302,44.4,55.6,77.8,22.2
155,89,512,1,0,1,1,1,1,0,0,1,0,1,0,0,0,1,1,1,1,199.5060,8.200000,0.055400,8.260000,523502.5101,10.4000,1.5945,10.630,0.0100,1,2433,49302,22.2,77.8,55.6,44.4
155,90,512,1,0,0,1,1,0,1,1,1,1,0,1,0,1,1,0,0,0,205.3452,8.440000,0.055400,8.500000,523502.5101,6.6200,1.6020,10.680,0.0100,1,2433,49302,44.4,55.6,44.4,55.6
155,91,512,0,0,1,1,1,0,1,1,0,1,0,1,1,1,1,1,0,0,208.5081,8.570000,0.055400,8.630000,523502.5101,5.7300,1.5990,10.660,0.0100,1,2433,49302,44.4,55.6,33.3,66.7
155,92,512,1,1,0,1,1,1,1,1,0,1,0,0,1,1,0,1,0,1,193.6668,7.960000,0.055400,8.010000,523502.5101,2.8500,1.6035,10.690,0.0300,1,2433,49302,55.6,44.4,11.1,88.9
155,93,512,1,0,0,0,1,1,0,0,0,1,0,1,0,0,0,1,1,1,196.8297,8.090000,0.055400,8.140000,523502.5101,10.3400,1.5945,10.630,0.0000,1,2433,49302,66.7,33.3,44.4,55.6
155,94,512,1,1,1,1,0,0,1,1,1,1,0,1,0,0,1,0,0,1,195.8565,8.050000,0.055400,8.100000,523502.5101,2.6300,1.5915,10.610,0.0700,1,2433,49302,44.4,55.6,33.3,66.7
155,95,512,1,1,1,1,0,0,1,1,1,0,0,1,1,0,1,1,0,1,200.2359,8.230000,0.055400,8.290000,523502.5101,2.8100,1.5975,10.650,0.0100,1,2433,49302,33.3,66.7,33.3,66.7
155,96,512,1,0,0,1,0,0,1,1,1,1,0,0,1,0,1,0,1,1,198.5328,8.160000,0.055400,8.220000,523502.5101,10.1100,1.5945,10.630,0.0200,1,2433,49302,33.3,66.7,55.6,44.4
155,97,512,0,1,1,1,0,0,0,1,1,1,0,0,0,1,1,1,1,0,198.7761,8.170000,0.055400,8.230000,523502.5101,15.5600,1.5975,10.650,0.0000,1,2433,49302,55.6,44.4,33.3,66.7
155,98,512,1,1,0,1,0,1,1,1,0,0,1,1,0,1,1,0,0,0,184.9080,7.600000,0.055400,7.650000,523502.5101,4.9200,1.5870,10.580,0.0800,1,2433,49302,55.6,44.4,33.3,66.7
156,0,512,1,1,0,1,0,0,0,1,0,0,0,0,1,1,0,1,0,0,199.9926,8.220000,0.055400,8.280000,523502.5101,6.7900,1.5945,10.630,0.0100,1,2433,49302,77.8,22.2,44.4,55.6
156,1,512,1,0,1,0,0,1,1,0,0,0,0,0,1,0,1,0,1,1,188.8008,7.760000,0.055400,7.810000,523502.5101,10.0800,1.5990,10.660,0.0100,1,2433,49302,33.3,66.7,77.8,22.2
156,2,512,0,0,0,1,1,0,1,1,1,0,1,1,1,0,0,0,1,1,191.9637,7.890000,0.055400,7.950000,523502.5101,10.1000,1.5810,10.540,0.1100,1,2433,49302,33.3,66.7,55.6,44.4
156,3,512,1,0,0,0,1,0,1,0,1,0,1,0,1,1,1,0,0,0,187.8276,7.720000,0.055400,7.780000,523502.5101,26.8800,1.5990,10.660,0.0100,1,2433,49302,22.2,77.8,88.9,11.1
156,4,512,1,0,1,1,1,1,0,0,1,0,1,0,0,0,1,0,1,1,198.5328,8.160000,0.055400,8.220000,523502.5101,10.0600,1.5960,10.640,0.0200,1,2433,49302,22.2,77.8,66.7,33.3
156,5,512,1,1,1,1,0,0,1,1,1,1,0,1,0,0,1,0,0,0,194.1534,7.980000,0.055400,8.030000,523502.5101,4.7800,1.5975,10.650,0.0300,1,2433,49302,44.4,55.6,44.4,55.6
156,6,512,0,0,0,1,0,0,0,0,1,1,1,0,0,1,0,1,1,0,196.3431,8.070000,0.055400,8.120000,523502.5101,16.7800,1.5960,10.640,0.0000,1,2433,49302,66.7,33.3,55.6,44.4
156,7,512,1,0,1,0,1,1,1,0,1,0,1,0,0,0,0,1,0,0,192.2070,7.900000,0.055400,7.950000,523502.5101,26.5300,1.5840,10.560,0.0900,1,2433,49302,33.3,66.7,77.8,22.2
156,8,512,0,0,0,1,0,0,0,0,1,1,1,1,1,1,1,1,1,1,202.1823,8.310000,0.055400,8.360000,523502.5101,14.1300,1.5930,10.620,0.0600,1,2433,49302,44.4,55.6,33.3,66.7
156,9,512,1,0,0,0,1,1,0,0,0,1,0,1,0,0,1,1,1,1,193.6668,7.960000,0.055400,8.010000,523502.5101,10.4400,1.5990,10.660,0.0100,1,2433,49302,55.6,44.4,44.4,55.6
156,10,512,0,1,0,1,1,1,0,0,0,1,0,0,0,0,1,0,1,0,195.1266,8.020000,0.055400,8.080000,523502.5101,13.2000,1.5900,10.600,0.0600,1,2433,49302,66.7,33.3,55.6,44.4
156,11,512,0,0,0,1,1,0,0,1,1,1,0,0,0,1,0,0,0,1,199.9926,8.220000,0.055400,8.270000,523502.5101,10.1000,1.5870,10.580,0.0700,1,2433,49302,77.8,22.2,44.4,55.6
156,12,512,0,0,1,0,0,0,0,1,1,0,0,1,1,1,1,1,1,0,191.2338,7.860000,0.055400,7.910000,523502.5101,27.0500,1.5930,10.620,0.0500,1,2433,49302,44.4,55.6,55.6,44.4
156,13,512,0,1,0,0,0,1,0,0,0,1,1,1,1,0,0,1,0,0,196.8297,8.090000,0.055400,8.140000,523502.5101,14.2000,1.5975,10.650,0.0000,1,2433,49302,77.8,22.2,44.4,55.6
156,14,512,0,1,1,0,1,1,1,1,1,0,0,1,1,0,1,0,1,0,203.1555,8.350000,0.055400,8.400000,523502.5101,14.8200,1.5930,10.620,0.0200,1,2433,49302,22.2,77.8,55.6,44.4
156,15,512,1,0,1,0,0,1,1,0,1,1,0,0,1,0,1,1,1,1,190.0173,7.810000,0.055400,7.870000,523502.5101,10.4700,1.5960,10.640,0.0000,1,2433,49302,22.2,77.8,55.6,44.4
156,16,512,1,0,0,0,0,1,1,1,1,1,1,1,0,0,0,0,0,1,199.5060,8.200000,0.055400,8.260000,523502.5101,10.0500,1.5750,10.500,0.0700,1,2433,49302,55.6,44.4,44.4,55.6
156,17,512,1,0,1,0,0,1,0,1,1,1,0,1,0,0,0,0,0,1,200.2359,8.230000,0.055400,8.290000,523502.5101,10.0700,1.6020,10.680,0.0000,1,2433,49302,66.7,33.3,44.4,55.6
156,18,512,0,0,0,1,0,0,0,0,1,1,1,0,0,0,1,1,1,0,193.9101,7.970000,0.055400,8.030000,523502.5101,26.8300,1.5630,10.420,0.2700,1,2433,49302,55.6,44.4,66.7,33.3
156,19,512,0,1,1,0,1,0,0,1,0,0,0,0,1,0,1,0,0,1,193.9101,7.970000,0.055400,8.030000,523502.5101,2.4600,1.5975,10.650,0.0100,1,2433,49302,55.6,44.4,66.7,33.3
156,20,512,1,1,1,1,0,0,1,1,1,1,0,1,0,1,1,0,0,1,200.9658,8.260000,0.055400,8.320000,523502.5101,2.6100,1.5915,10.610,0.0800,1,2433,49302,44.4,55.6,22.2,77.8
156,21,512,1,0,1,0,1,1,1,0,0,0,0,0,0,1,0,1,1,0,196.8297,8.090000,0.055400,8.150000,523502.5101,16.6000,1.5795,10.530,0.0400,1,2433,49302,44.4,55.6,66.7,33.3
156,22,512,1,0,0,1,0,0,0,1,0,0,1,1,1,0,1,0,1,0,199.5060,8.200000,0.055400,8.250000,523502.5101,26.8900,1.5960,10.640,0.0300,1,2433,49302,44.4,55.6,66.7,33.3
156,23,512,0,1,1,1,1,1,1,1,0,0,0,0,0,0,0,0,0,0,189.7740,7.800000,0.055400,7.850000,523502.5101,13.6600,1.5930,10.620,0.0400,1,2433,49302,66.7,33.3,55.6,44.4
156,24,512,1,1,0,1,0,0,0,0,0,0,0,0,0,0,0,0,0,0,196.5864,8.080000,0.055400,8.130000,523502.5101,16.7300,1.5990,10.660,0.0200,1,2433,49302,88.9,11.1,77.8,22.2
156,25,512,0,1,0,1,0,1,1,1,1,1,1,1,0,0,0,0,0,0,191.4771,7.870000,0.055400,7.920000,523502.5101,3.5400,1.5945,10.630,0.0400,1,2433,49302,66.7,33.3,33.3,66.7
156,26,512,1,1,1,1,1,1,1,1,1,1,1,1,1,0,1,1,1,1,193.1802,7.940000,0.055400,8.000000,523502.5101,3.4300,1.5945,10.630,0.0500,1,2433,49302,0.0,100.0,11.1,88.9
156,27,512,1,0,0,0,0,0,0,0,0,0,0,0,0,0,0,0,0,0,175.1760,7.200000,0.055200,7.260000,523502.5101,26.4500,1.5945,10.630,0.0100,1,2433,49302,88.9,11.1,100.0,0.0
156,28,512,1,0,0,0,1,0,1,1,1,0,0,1,0,0,1,0,0,1,195.1266,8.020000,0.055400,8.070000,523502.5101,10.1100,1.5960,10.640,0.0000,1,2433,49302,44.4,55.6,66.7,33.3
156,29,512,1,0,0,0,1,0,0,0,1,0,1,1,0,1,1,0,1,1,192.2070,7.900000,0.055400,7.960000,523502.5101,10.2300,1.5915,10.610,0.0600,1,2433,49302,33.3,66.7,66.7,33.3
156,30,512,0,0,0,0,1,1,1,1,0,0,1,0,0,0,1,1,1,1,197.8029,8.130000,0.055400,8.180000,523502.5101,10.4400,1.5945,10.630,0.0200,1,2433,49302,44.4,55.6,55.6,44.4
156,31,512,1,1,1,1,1,1,0,1,0,0,0,0,0,0,0,0,0,0,196.3431,8.070000,0.055400,8.120000,523502.5101,5.3700,1.5870,10.580,0.0500,1,2433,49302,66.7,33.3,55.6,44.4
156,32,512,1,0,1,0,1,0,1,0,0,1,1,0,1,0,1,0,1,0,186.3678,7.660000,0.055400,7.720000,523502.5101,26.8900,1.5750,10.500,0.1400,1,2433,49302,11.1,88.9,88.9,11.1
156,33,512,0,1,1,0,1,0,0,1,0,0,0,0,1,0,1,1,1,0,1000000000.0000,8.030000,0.055400,8.090000,523502.5101,-100.0000,1.5915,10.610,0.0300,1,-1,-1,44.4,55.6,66.7,33.3
156,34,512,0,1,0,0,0,1,0,0,0,1,0,0,0,0,0,1,0,1,1000000000.0000,1000.000000,0.000000,1000.000000,523502.5101,-100.0000,2.0625,13.750,-3.0900,0,-1,-1,100.0,0.0,44.4,55.6
156,35,512,0,0,0,1,0,1,1,1,0,0,0,0,0,0,1,1,1,0,1000000000.0000,8.030000,0.055400,8.080000,523502.5101,-100.0000,1.5675,10.450,0.1100,1,-1,-1,66.7,33.3,55.6,44.4
156,36,512,0,0,0,1,0,0,0,0,1,1,1,0,1,1,1,1,1,1,194.3967,7.990000,0.055400,8.050000,523502.5101,10.9200,1.5975,10.650,0.0000,1,2433,49302,44.4,55.6,44.4,55.6
156,37,512,0,0,0,0,0,1,1,1,1,1,1,1,0,0,0,0,0,0,201.9390,8.300000,0.055400,8.360000,523502.5101,26.8900,1.5975,10.650,0.0200,1,2433,49302,66.7,33.3,55.6,44.4
156,38,512,0,1,0,0,1,0,1,0,0,0,0,0,1,0,0,1,1,0,194.1534,7.980000,0.055400,8.040000,523502.5101,14.3500,1.5915,10.610,0.0300,1,2433,49302,55.6,44.4,77.8,22.2
156,39,512,0,1,1,1,0,0,0,1,1,1,0,0,0,1,1,1,0,0,197.5596,8.120000,0.055400,8.180000,523502.5101,15.3300,1.5960,10.640,0.0200,1,2433,49302,66.7,33.3,33.3,66.7
156,40,512,1,1,0,1,1,1,0,0,0,0,0,0,1,0,0,0,1,0,199.7493,8.210000,0.055400,8.270000,523502.5101,16.5300,1.6065,10.710,0.0100,1,2433,49302,55.6,44.4,66.7,33.3
156,41,512,1,0,0,1,1,1,0,0,1,0,1,1,0,1,1,0,1,1,197.8029,8.130000,0.055400,8.180000,523502.5101,10.2300,1.5840,10.560,0.0800,1,2433,49302,33.3,66.7,44.4,55.6
156,42,512,0,0,0,0,0,0,0,0,1,1,0,0,1,1,1,1,1,1,198.7761,8.170000,0.055400,8.230000,523502.5101,11.1100,1.5990,10.660,0.0100,1,2433,49302,55.6,44.4,55.6,44.4
156,43,512,0,1,1,0,1,1,0,1,1,0,0,0,0,1,1,1,0,0,195.3699,8.030000,0.055400,8.090000,523502.5101,3.0800,1.5975,10.650,0.0100,1,2433,49302,55.6,44.4,44.4,55.6
156,44,512,1,0,0,1,0,0,1,1,0,0,0,0,1,0,1,0,1,1,197.0730,8.100000,0.055400,8.150000,523502.5101,10.0700,1.5975,10.650,0.0200,1,2433,49302,44.4,55.6,66.7,33.3
156,45,512,0,0,1,1,0,0,1,0,1,0,0,1,1,1,0,0,0,1,196.5864,8.080000,0.055400,8.140000,523502.5101,10.1100,1.5930,10.620,-0.0100,0,2433,49302,55.6,44.4,55.6,44.4
156,46,512,0,0,0,1,1,1,0,0,1,0,1,0,1,1,1,1,1,1,202.1823,8.310000,0.055400,8.370000,523502.5101,10.9200,1.5975,10.650,0.0000,1,2433,49302,33.3,66.7,44.4,55.6
156,47,512,0,0,0,1,1,0,1,1,0,1,0,0,0,1,1,0,0,0,194.6400,8.000000,0.055400,8.050000,523502.5101,6.1600,1.6035,10.690,0.0000,1,2433,49302,66.7,33.3,55.6,44.4
156,48,512,0,0,1,0,0,0,0,1,0,1,1,0,1,0,0,1,1,0,201.2091,8.270000,0.055400,8.330000,523502.5101,6.3100,1.5975,10.650,0.0100,1,2433,49302,55.6,44.4,66.7,33.3
156,49,512,0,1,0,0,0,1,0,1,1,0,1,1,0,0,0,0,1,1,199.5060,8.200000,0.055400,8.260000,523502.5101,2.4000,1.5960,10.640,0.0100,1,2433,49302,66.7,33.3,44.4,55.6
156,50,512,1,0,1,0,0,0,1,0,0,0,1,0,1,1,1,0,0,1,188.5575,7.750000,0.055400,7.810000,523502.5101,10.0800,1.5930,10.620,0.0500,1,2433,49302,33.3,66.7,77.8,22.2
156,51,512,0,0,1,0,1,0,1,1,1,1,1,1,1,1,0,1,0,1,194.1534,7.980000,0.055400,8.040000,523502.5101,10.9200,1.5780,10.520,0.1400,1,2433,49302,33.3,66.7,33.3,66.7
156,52,512,1,1,1,0,1,0,1,0,1,1,1,1,0,1,1,1,1,1,195.1266,8.020000,0.055400,8.080000,523502.5101,4.9700,1.5975,10.650,0.0200,1,2433,49302,11.1,88.9,33.3,66.7
156,53,512,0,0,1,1,1,0,0,1,1,0,1,1,1,0,0,0,1,1,169.5801,6.970000,0.055400,7.020000,523502.5101,10.0800,1.5720,10.480,0.1700,1,2433,49302,33.3,66.7,55.6,44.4
156,54,512,0,0,0,0,1,0,1,0,0,0,0,0,1,0,1,1,1,0,192.2070,7.900000,0.055400,7.960000,523502.5101,26.9100,1.5945,10.630,0.0300,1,2433,49302,44.4,55.6,88.9,11.1
156,55,512,1,0,0,1,0,0,1,1,1,0,1,1,1,1,0,0,1,0,204.8586,8.420000,0.055400,8.480000,523502.5101,27.0300,1.5960,10.640,0.0400,1,2433,49302,33.3,66.7,55.6,44.4
156,56,512,0,0,1,0,0,0,0,0,0,1,0,0,0,1,1,1,0,1,190.2606,7.820000,0.055400,7.880000,523502.5101,10.4200,1.5870,10.580,0.0500,1,2433,49302,77.8,22.2,55.6,44.4
156,57,512,1,1,0,1,1,0,1,1,1,1,1,0,0,1,1,1,1,1,196.3431,8.070000,0.055400,8.120000,523502.5101,3.7800,1.5975,10.650,0.0000,1,2433,49302,22.2,77.8,22.2,77.8
156,58,512,1,0,0,0,0,0,0,1,1,0,1,1,1,0,1,0,0,1,192.9369,7.930000,0.055400,7.980000,523502.5101,10.0600,1.5960,10.640,0.0300,1,2433,49302,44.4,55.6,66.7,33.3
156,59,512,0,0,1,0,0,0,0,0,1,1,1,1,1,1,1,1,1,1,190.5039,7.830000,0.055400,7.890000,523502.5101,14.1300,1.5825,10.550,0.1100,1,2433,49302,33.3,66.7,44.4,55.6
156,60,512,1,0,0,0,1,0,1,0,0,1,1,0,1,1,1,1,0,0,177.6090,7.300000,0.055400,7.350000,523502.5101,26.8500,1.5825,10.550,0.1000,1,2433,49302,33.3,66.7,66.7,33.3
156,61,512,1,1,0,1,0,0,0,1,1,0,1,0,1,1,0,1,0,0,200.4792,8.240000,0.055400,8.300000,523502.5101,7.0700,1.5960,10.640,0.0400,1,2433,49302,55.6,44.4,44.4,55.6
156,62,512,0,0,1,1,0,0,0,1,1,1,0,0,0,0,0,0,0,0,203.1555,8.350000,0.055400,8.410000,523502.5101,26.6800,1.5870,10.580,0.1400,1,2433,49302,77.8,22.2,66.7,33.3
156,63,512,0,0,1,0,1,0,1,1,1,0,1,0,1,0,1,0,1,0,190.5039,7.830000,0.055400,7.890000,523502.5101,27.0800,1.5840,10.560,0.0600,1,2433,49302,11.1,88.9,88.9,11.1
156,64,512,0,1,1,1,0,1,0,0,0,1,0,0,1,0,0,1,0,0,187.3410,7.700000,0.055400,7.750000,523502.5101,14.9600,1.6005,10.670,0.0100,1,2433,49302,77.8,22.2,44.4,55.6
156,65,512,0,0,1,0,1,0,0,1,0,0,0,0,1,0,1,0,1,0,193.4235,7.950000,0.055400,8.000000,523502.5101,26.8000,1.5375,10.250,0.3900,1,2433,49302,44.4,55.6,88.9,11.1
156,66,512,0,1,1,1,1,1,1,0,0,1,0,0,0,1,1,1,1,0,198.0462,8.140000,0.055400,8.200000,523502.5101,13.6100,1.5945,10.630,0.0600,1,2433,49302,44.4,55.6,33.3,66.7
156,67,512,1,0,0,1,0,0,1,1,1,0,1,1,1,0,0,0,0,1,203.1555,8.350000,0.055400,8.400000,523502.5101,10.0400,1.5945,10.630,0.0100,1,2433,49302,44.4,55.6,55.6,44.4
156,68,512,1,0,0,1,1,1,0,0,0,0,1,1,0,0,0,1,1,1,198.5328,8.160000,0.055400,8.220000,523502.5101,10.3200,1.5990,10.660,0.0000,1,2433,49302,55.6,44.4,44.4,55.6
156,69,512,1,0,0,1,0,0,1,0,0,0,0,1,1,0,0,1,1,1,197.0730,8.100000,0.055400,8.150000,523502.5101,10.3500,1.5720,10.480,0.2000,1,2433,49302,55.6,44.4,55.6,44.4
156,70,512,0,1,1,0,1,1,1,1,0,0,0,1,1,0,1,0,0,0,204.3720,8.400000,0.055400,8.450000,523502.5101,14.2500,1.6020,10.680,0.0100,1,2433,49302,44.4,55.6,55.6,44.4
156,71,512,1,1,0,0,0,0,0,0,1,1,1,0,0,1,0,1,1,1,197.8029,8.130000,0.055400,8.190000,523502.5101,3.2400,1.6020,10.680,0.0000,1,2433,49302,55.6,44.4,44.4,55.6
156,72,512,0,1,1,1,0,0,0,1,1,1,0,0,0,1,1,0,1,0,1000000000.0000,8.250000,0.055400,8.310000,523502.5101,-100.0000,1.5960,10.640,0.0200,1,-1,-1,55.6,44.4,44.4,55.6
156,73,512,0,0,1,1,1,1,0,0,0,1,0,0,0,0,1,1,0,1,198.7761,8.170000,0.055400,8.230000,523502.5101,10.2400,1.5975,10.650,0.0000,1,2433,49302,66.7,33.3,44.4,55.6
156,74,512,0,0,0,0,0,1,1,1,0,0,1,1,1,1,1,1,0,1,197.3163,8.110000,0.055400,8.160000,523502.5101,11.2000,1.5975,10.650,0.0000,1,2433,49302,55.6,44.4,33.3,66.7
156,75,512,0,0,0,1,0,1,1,0,1,0,0,1,0,1,0,1,1,1,197.3163,8.110000,0.055400,8.170000,523502.5101,10.7100,1.5960,10.640,0.0100,1,2433,49302,66.7,33.3,33.3,66.7
156,76,512,1,1,0,0,1,1,1,1,0,0,0,0,0,0,0,0,0,0,197.5596,8.120000,0.055400,8.170000,523502.5101,16.6600,1.5900,10.600,0.0600,1,2433,49302,66.7,33.3,66.7,33.3
156,77,512,0,0,0,1,0,0,0,0,0,0,1,0,0,1,1,1,1,0,186.8544,7.680000,0.055400,7.740000,523502.5101,26.5100,1.5855,10.570,0.1000,1,2433,49302,66.7,33.3,66.7,33.3
156,78,512,0,1,0,1,1,0,1,1,0,1,0,0,0,0,1,0,0,0,199.2627,8.190000,0.055400,8.240000,523502.5101,2.5500,1.5810,10.540,0.1200,1,2433,49302,66.7,33.3,55.6,44.4
156,79,512,1,0,0,0,1,0,0,0,0,0,1,1,1,1,1,0,1,1,194.1534,7.980000,0.055400,8.040000,523502.5101,10.4800,1.5945,10.630,0.0600,1,2433,49302,33.3,66.7,66.7,33.3
156,80,512,0,1,0,1,0,1,0,1,0,1,0,1,0,1,0,1,1,0,193.4235,7.950000,0.055400,8.000000,523502.5101,1.1900,1.5975,10.650,0.0000,1,2433,49302,88.9,11.1,11.1,88.9
156,81,512,0,0,1,0,0,0,0,1,0,1,1,0,1,0,1,1,0,1,193.9101,7.970000,0.055400,8.030000,523502.5101,10.1100,1.5975,10.650,0.0300,1,2433,49302,55.6,44.4,55.6,44.4
156,82,512,1,0,0,1,0,0,1,1,0,0,1,1,1,0,1,0,1,1,199.2627,8.190000,0.055400,8.250000,523502.5101,10.0700,1.6035,10.690,0.0000,1,2433,49302,33.3,66.7,55.6,44.4
156,83,512,0,0,0,1,0,1,1,1,0,0,0,0,0,0,1,0,1,0,192.6936,7.920000,0.055400,7.970000,523502.5101,26.6200,1.5975,10.650,0.0300,1,2433,49302,66.7,33.3,66.7,33.3
156,84,512,1,0,0,1,0,0,1,0,1,0,1,0,1,1,0,1,0,1,1000000000.0000,8.130000,0.055400,8.190000,523502.5101,-100.0000,1.5930,10.620,0.0400,1,-1,-1,44.4,55.6,55.6,44.4
156,85,512,0,0,0,1,1,1,0,1,0,0,0,0,0,1,0,0,0,1,200.4792,8.240000,0.055400,8.300000,523502.5101,10.0400,1.5975,10.650,0.0000,1,2433,49302,88.9,11.1,44.4,55.6
156,86,512,0,1,1,0,1,1,1,1,1,0,0,0,1,0,1,0,0,0,203.6421,8.370000,0.055400,8.430000,523502.5101,14.7600,1.5825,10.550,0.1200,1,2433,49302,33.3,66.7,66.7,33.3
156,87,512,0,1,1,1,1,1,0,0,1,0,1,0,0,0,1,1,1,1,201.2091,8.270000,0.055400,8.330000,523502.5101,2.8900,1.5945,10.630,0.0000,1,2433,49302,33.3,66.7,44.4,55.6
156,88,512,1,0,0,1,0,0,1,1,1,1,0,0,1,0,1,0,1,0,195.8565,8.050000,0.055400,8.100000,523502.5101,27.1800,1.5960,10.640,0.0200,1,2433,49302,33.3,66.7,66.7,33.3
156,89,512,0,0,0,0,1,0,0,0,1,0,0,1,0,1,0,1,0,0,187.0977,7.690000,0.055400,7.750000,523502.5101,6.9800,1.5810,10.540,0.0900,1,2433,49302,77.8,22.2,66.7,33.3
156,90,512,0,0,0,0,1,1,0,0,0,1,0,1,0,0,0,1,1,1,192.9369,7.930000,0.055400,7.980000,523502.5101,10.3400,1.5960,10.640,0.0400,1,2433,49302,77.8,22.2,44.4,55.6
156,91,512,1,0,0,1,1,0,0,0,1,0,1,1,0,1,1,1,1,1,202.9122,8.340000,0.055400,8.390000,523502.5101,11.3000,1.5750,10.500,0.1500,1,2433,49302,33.3,66.7,44.4,55.6
156,92,512,0,1,1,1,0,1,0,0,1,0,0,1,0,1,0,0,1,0,198.5328,8.160000,0.055400,8.210000,523502.5101,3.3600,1.5990,10.660,0.0300,1,2433,49302,66.7,33.3,44.4,55.6
156,93,512,1,0,1,0,1,0,0,1,0,0,0,0,1,0,1,0,1,0,189.7740,7.800000,0.055400,7.850000,523502.5101,26.8000,1.5780,10.520,0.1500,1,2433,49302,33.3,66.7,88.9,11.1
156,94,512,1,0,1,1,0,1,1,0,0,0,0,0,1,0,1,1,1,1,203.3988,8.360000,0.055400,8.410000,523502.5101,10.4500,1.5915,10.610,0.0400,1,2433,49302,33.3,66.7,55.6,44.4
156,95,512,0,1,1,0,0,1,0,0,1,0,0,0,0,1,0,0,1,0,195.3699,8.030000,0.055400,8.090000,523502.5101,14.1200,1.5960,10.640,0.0300,1,2433,49302,66.7,33.3,66.7,33.3
156,96,512,1,0,0,0,1,0,1,0,0,1,1,0,1,0,1,0,0,0,181.9884,7.480000,0.055400,7.530000,523502.5101,26.7900,1.5705,10.470,0.1100,1,2433,49302,33.3,66.7,88.9,11.1
156,97,512,1,0,0,1,0,0,1,1,0,0,1,1,1,1,1,0,1,0,212.4009,8.730000,0.055400,8.790000,523502.5101,27.0200,1.5900,10.600,0.0400,1,2433,49302,33.3,66.7,55.6,44.4
156,98,512,1,1,1,1,1,1,0,0,1,0,1,0,0,0,0,0,1,1,1000000000.0000,8.090000,0.055400,8.140000,523502.5101,-100.0000,1.5825,10.550,0.1600,1,-1,-1,33.3,66.7,55.6,44.4
156,99,512,1,0,0,0,1,1,0,0,0,1,0,1,0,0,0,1,0,1,192.4503,7.910000,0.055400,7.970000,523502.5101,10.1100,1.5990,10.660,0.0100,1,2433,49302,77.8,22.2,44.4,55.6
157,0,512,0,0,1,0,0,0,0,1,1,0,1,0,1,0,0,1,0,1,192.4503,7.910000,0.055400,7.970000,523502.5101,10.1000,1.5945,10.630,-0.0200,0,2433,49302,55.6,44.4,66.7,33.3
157,1,512,0,0,0,0,1,0,1,0,0,1,1,0,1,1,1,1,0,0,185.6379,7.630000,0.055400,7.690000,523502.5101,26.8500,1.5960,10.640,0.0300,1,2433,49302,44.4,55.6,66.7,33.3
157,2,512,1,0,1,1,0,1,1,1,1,1,1,1,0,0,0,0,0,1,203.6421,8.370000,0.055400,8.420000,523502.5101,10.0500,1.5810,10.540,0.0300,1,2433,49302,44.4,55.6,33.3,66.7
157,3,512,1,0,0,1,1,1,1,0,0,0,0,1,1,0,1,1,1,1,201.2091,8.270000,0.055400,8.330000,523502.5101,10.4600,1.6005,10.670,0.0100,1,2433,49302,33.3,66.7,44.4,55.6
157,4,512,0,0,1,0,0,0,0,0,0,1,1,0,0,1,1,1,0,1,182.9616,7.520000,0.055400,7.580000,523502.5101,10.3300,1.5975,10.650,0.0200,1,2433,49302,66.7,33.3,55.6,44.4
157,5,512,1,0,1,1,0,0,1,1,0,0,1,1,1,1,1,0,1,0,204.3720,8.400000,0.055400,8.450000,523502.5101,27.0200,1.5945,10.630,0.0200,1,2433,49302,22.2,77.8,55.6,44.4
157,6,512,1,0,1,0,0,0,1,0,0,0,1,0,0,1,1,0,1,0,177.6090,7.300000,0.055400,7.360000,523502.5101,26.7400,1.5945,10.630,0.0000,1,2433,49302,33.3,66.7,88.9,11.1
157,7,512,0,0,1,0,0,0,1,0,1,1,1,1,1,1,1,1,1,1,196.3431,8.070000,0.055400,8.120000,523502.5101,14.3300,1.5960,10.640,0.0200,1,2433,49302,22.2,77.8,44.4,55.6
157,8,512,0,1,0,1,1,1,1,1,1,0,0,1,1,0,1,0,0,0,190.0173,7.810000,0.055400,7.870000,523502.5101,13.1500,1.5930,10.620,0.0100,1,2433,49302,44.4,55.6,44.4,55.6
157,9,512,0,1,1,0,0,1,0,0,0,1,0,0,0,0,0,0,1,0,198.2895,8.150000,0.055400,8.200000,523502.5101,14.1300,1.5900,10.600,0.0800,1,2433,49302,77.8,22.2,66.7,33.3
157,10,512,1,0,0,1,1,1,1,0,0,0,0,1,1,0,0,1,1,1,203.8854,8.380000,0.055400,8.440000,523502.5101,10.3500,1.5900,10.600,0.0400,1,2433,49302,44.4,55.6,44.4,55.6
157,11,512,0,0,0,0,0,0,0,0,1,1,1,0,1,1,1,1,1,1,190.0173,7.810000,0.055400,7.870000,523502.5101,10.9200,1.5990,10.660,0.0200,1,2433,49302,44.4,55.6,55.6,44.4
157,12,512,1,0,0,1,1,0,1,0,1,0,1,0,1,1,1,0,0,0,198.5328,8.160000,0.055400,8.220000,523502.5101,26.8800,1.5990,10.660,0.0100,1,2433,49302,22.2,77.8,77.8,22.2
157,13,512,0,1,1,0,1,1,1,1,0,0,1,0,1,0,1,0,0,0,196.0998,8.060000,0.055400,8.110000,523502.5101,14.5400,1.5960,10.640,0.0100,1,2433,49302,33.3,66.7,66.7,33.3
157,14,512,1,0,0,1,0,0,1,1,1,1,0,0,1,0,1,0,0,1,206.3184,8.480000,0.055400,8.530000,523502.5101,10.0700,1.5975,10.650,0.0200,1,2433,49302,44.4,55.6,55.6,44.4
157,15,512,0,0,0,0,1,0,1,0,0,0,0,0,1,0,0,1,1,0,189.0441,7.770000,0.055400,7.820000,523502.5101,26.7200,1.5825,10.550,0.1100,1,2433,49302,55.6,44.4,88.9,11.1
157,16,512,0,1,1,0,0,0,0,1,1,1,0,0,0,1,1,1,0,0,202.9122,8.340000,0.055400,8.390000,523502.5101,14.4200,1.5945,10.630,0.0300,1,2433,49302,66.7,33.3,44.4,55.6
157,17,512,0,0,1,0,0,0,0,0,1,1,1,1,1,1,0,0,1,1,189.0441,7.770000,0.055400,7.830000,523502.5101,10.3300,1.5795,10.530,0.0800,1,2433,49302,44.4,55.6,55.6,44.4
157,18,512,0,0,1,0,1,0,0,1,0,0,0,0,1,0,1,1,1,0,197.5596,8.120000,0.055400,8.170000,523502.5101,26.7600,1.5990,10.660,0.0200,1,2433,49302,44.4,55.6,77.8,22.2
157,19,512,0,1,0,0,0,1,0,0,1,0,0,0,0,1,0,0,1,0,192.9369,7.930000,0.055400,7.980000,523502.5101,14.0400,1.5945,10.630,0.0100,1,2433,49302,77.8,22.2,66.7,33.3
157,20,512,0,0,1,0,1,0,1,1,1,0,1,1,1,0,1,0,1,0,188.8008,7.760000,0.055400,7.810000,523502.5101,27.1300,1.5525,10.350,0.2900,1,2433,49302,11.1,88.9,77.8,22.2
157,21,512,1,0,0,1,0,0,1,1,1,1,1,1,1,0,0,0,1,0,196.3431,8.070000,0.055400,8.130000,523502.5101,27.2300,1.5975,10.650,0.0400,1,2433,49302,33.3,66.7,55.6,44.4
157,22,512,1,0,1,1,1,0,0,0,0,0,1,1,1,1,1,0,1,1,195.6132,8.040000,0.055400,8.090000,523502.5101,10.4800,1.6005,10.670,0.0200,1,2433,49302,22.2,77.8,55.6,44.4
157,23,512,1,0,0,1,0,0,1,1,0,1,1,1,1,1,0,0,1,0,173.2296,7.120000,0.055400,7.180000,523502.5101,6.4900,1.5960,10.640,0.0200,1,2433,49302,44.4,55.6,44.4,55.6
157,24,512,0,0,1,0,0,0,0,1,0,0,0,1,1,1,1,1,1,0,195.1266,8.020000,0.055400,8.080000,523502.5101,26.7800,1.5945,10.630,0.0100,1,2433,49302,55.6,44.4,55.6,44.4
157,25,512,1,0,1,0,1,0,1,1,1,1,1,1,1,1,0,1,0,1,193.1802,7.940000,0.055400,7.990000,523502.5101,10.9200,1.5990,10.660,0.0000,1,2433,49302,22.2,77.8,33.3,66.7
157,26,512,1,1,0,1,0,0,0,0,1,1,0,0,1,0,1,1,1,0,195.8565,8.050000,0.055400,8.100000,523502.5101,17.3900,1.6020,10.680,0.0100,1,2433,49302,44.4,55.6,55.6,44.4
157,27,512,1,0,0,0,0,1,0,0,0,0,1,1,0,1,1,0,1,1,193.1802,7.940000,0.055400,8.000000,523502.5101,10.2200,1.5945,10.630,0.0000,1,2433,49302,55.6,44.4,55.6,44.4
157,28,512,1,0,0,0,1,0,1,0,0,1,0,0,1,1,1,0,0,0,188.0709,7.730000,0.055400,7.780000,523502.5101,26.8600,1.5975,10.650,0.0300,1,2433,49302,44.4,55.6,77.8,22.2
157,29,512,0,0,0,1,0,0,0,0,0,1,1,1,1,1,0,1,0,0,199.2627,8.190000,0.055400,8.250000,523502.5101,16.9000,1.5555,10.370,0.3100,1,2433,49302,77.8,22.2,44.4,55.6
157,30,512,0,1,0,0,1,0,1,0,0,0,0,0,1,0,0,1,0,1,194.3967,7.990000,0.055400,8.050000,523502.5101,2.4400,1.5915,10.610,0.0600,1,2433,49302,66.7,33.3,66.7,33.3
157,31,512,1,0,1,0,0,1,0,0,1,1,0,0,1,0,1,1,1,1,192.6936,7.920000,0.055400,7.970000,523502.5101,10.4700,1.6005,10.670,0.0000,1,2433,49302,33.3,66.7,55.6,44.4
157,32,512,0,0,1,0,0,0,0,0,1,1,1,0,0,1,0,1,1,0,193.4235,7.950000,0.055400,8.010000,523502.5101,16.7800,1.5945,10.630,0.0300,1,2433,49302,55.6,44.4,66.7,33.3
157,33,512,0,0,0,0,0,0,0,0,0,0,1,1,1,1,1,1,1,1,195.8565,8.050000,0.055400,8.110000,523502.5101,12.6400,1.5930,10.620,0.0500,1,2433,49302,55.6,44.4,55.6,44.4
157,34,512,1,0,0,0,1,1,0,0,1,0,0,1,0,0,0,1,0,1,193.4235,7.950000,0.055400,8.010000,523502.5101,10.1700,1.5945,10.630,0.0100,1,2433,49302,66.7,33.3,55.6,44.4
157,35,512,0,1,1,0,0,0,1,1,1,0,0,0,1,0,1,0,0,0,195.8565,8.050000,0.055400,8.110000,523502.5101,14.8400,1.5795,10.530,0.1600,1,2433,49302,44.4,55.6,77.8,22.2
157,36,512,1,0,0,1,0,0,0,1,0,0,1,1,1,0,1,0,0,1,202.9122,8.340000,0.055400,8.400000,523502.5101,10.0300,1.5930,10.620,0.0300,1,2433,49302,55.6,44.4,55.6,44.4
157,37,512,1,1,0,0,1,1,0,0,0,0,0,0,1,0,0,0,1,0,198.7761,8.170000,0.055400,8.220000,523502.5101,16.6500,1.5765,10.510,0.1700,1,2433,49302,55.6,44.4,77.8,22.2
157,38,512,0,0,0,1,0,0,0,0,1,1,0,1,0,1,1,1,1,0,204.3720,8.400000,0.055400,8.460000,523502.5101,6.3800,1.5960,10.640,0.0200,1,2433,49302,66.7,33.3,44.4,55.6
157,40,512,0,1,0,0,0,1,1,1,1,1,1,1,0,0,0,0,0,0,195.8565,8.050000,0.055400,8.100000,523502.5101,14.5400,1.5900,10.600,0.0800,1,2433,49302,66.7,33.3,44.4,55.6
157,41,512,1,0,1,1,1,0,1,0,1,0,0,1,1,0,1,0,1,0,204.3720,8.400000,0.055400,8.450000,523502.5101,26.9700,1.5480,10.320,0.3600,1,2433,49302,11.1,88.9,77.8,22.2
157,42,512,1,1,0,1,0,0,0,0,0,0,0,0,0,0,1,1,0,0,201.6957,8.290000,0.055400,8.340000,523502.5101,16.8900,1.5915,10.610,0.0400,1,2433,49302,77.8,22.2,66.7,33.3
157,43,512,0,0,0,0,0,1,1,1,1,1,1,1,1,1,1,0,0,1,195.6132,8.040000,0.055400,8.090000,523502.5101,10.3700,1.5930,10.620,0.0400,1,2433,49302,44.4,55.6,33.3,66.7
157,44,512,1,0,1,0,1,0,1,0,0,1,1,0,1,1,1,1,0,0,211.4277,8.690000,0.055400,8.750000,523502.5101,26.8500,1.5930,10.620,0.0200,1,2433,49302,22.2,77.8,66.7,33.3
157,45,512,1,0,0,1,0,0,1,1,1,0,1,0,1,1,0,0,1,0,200.9658,8.260000,0.055400,8.320000,523502.5101,26.8000,1.5930,10.620,0.0500,1,2433,49302,33.3,66.7,66.7,33.3
157,46,512,0,0,0,0,0,0,1,0,1,0,1,1,1,1,1,1,1,1,189.2874,7.780000,0.055400,7.830000,523502.5101,12.7600,1.5975,10.650,0.0000,1,2433,49302,33.3,66.7,55.6,44.4
157,47,512,0,0,0,0,1,0,0,1,1,0,1,1,1,0,0,0,0,0,201.2091,8.270000,0.055400,8.320000,523502.5101,26.7400,1.5975,10.650,0.0100,1,2433,49302,55.6,44.4,77.8,22.2
157,48,512,1,1,0,1,0,0,0,0,0,0,0,0,0,0,1,0,0,0,191.7204,7.880000,0.055400,7.940000,523502.5101,16.9200,1.5855,10.570,0.0900,1,2433,49302,77.8,22.2,77.8,22.2
157,49,512,0,0,1,0,0,0,0,1,0,1,1,0,0,0,0,1,0,1,197.8029,8.130000,0.055400,8.190000,523502.5101,10.0600,1.5930,10.620,0.0200,1,2433,49302,77.8,22.2,55.6,44.4
157,51,512,1,1,0,1,0,0,0,0,1,1,1,1,1,1,1,1,1,1,199.2627,8.190000,0.055400,8.250000,523502.5101,7.8400,1.6005,10.670,0.0200,1,2433,49302,33.3,66.7,22.2,77.8
157,52,512,1,0,0,1,1,0,1,1,1,0,0,0,1,1,0,0,1,0,202.9122,8.340000,0.055400,8.400000,523502.5101,26.8300,1.5975,10.650,0.0200,1,2433,49302,33.3,66.7,66.7,33.3
157,53,512,0,1,1,0,1,1,1,1,1,0,1,0,1,0,1,0,0,0,197.8029,8.130000,0.055400,8.180000,523502.5101,14.9200,1.5945,10.630,0.0200,1,2433,49302,22.2,77.8,66.7,33.3
157,55,512,0,0,1,1,1,0,1,0,1,0,1,1,1,0,0,0,1,1,197.3163,8.110000,0.055400,8.170000,523502.5101,10.0900,1.6005,10.670,0.0000,1,2433,49302,22.2,77.8,66.7,33.3
157,56,512,0,0,1,0,0,0,0,1,1,0,0,1,0,0,1,1,1,0,197.3163,8.110000,0.055400,8.160000,523502.5101,26.8400,1.5825,10.550,0.1300,1,2433,49302,55.6,44.4,66.7,33.3
157,57,512,1,0,0,0,1,0,0,1,0,0,1,0,1,1,1,0,0,0,188.3142,7.740000,0.055400,7.790000,523502.5101,26.6100,1.5960,10.640,0.0300,1,2433,49302,44.4,55.6,77.8,22.2
157,58,512,0,1,1,0,1,1,1,1,0,0,0,1,1,1,1,0,0,0,199.0194,8.180000,0.055400,8.230000,523502.5101,14.2000,1.5825,10.550,0.1000,1,2433,49302,44.4,55.6,44.4,55.6
157,59,512,0,0,1,0,0,0,0,0,1,1,0,0,1,1,1,1,1,1,190.2606,7.820000,0.055400,7.870000,523502.5101,11.1100,1.5975,10.650,0.0300,1,2433,49302,44.4,55.6,55.6,44.4
157,60,512,1,1,1,1,0,0,1,1,0,0,0,0,0,0,0,0,0,0,193.4235,7.950000,0.055400,8.000000,523502.5101,17.1600,1.5930,10.620,0.0300,1,2433,49302,66.7,33.3,66.7,33.3
157,61,512,0,0,0,0,0,1,1,1,1,1,1,1,0,1,0,0,0,0,200.7225,8.250000,0.055400,8.310000,523502.5101,7.7000,1.6005,10.670,0.0100,1,2433,49302,66.7,33.3,44.4,55.6
157,62,512,0,0,1,0,0,0,0,0,1,0,0,1,1,1,1,0,1,0,1000000000.0000,7.680000,0.055400,7.730000,523502.5101,-100.0000,1.5930,10.620,0.0300,1,-1,-1,44.4,55.6,77.8,22.2
157,63,512,0,1,1,0,1,1,1,1,1,0,0,1,1,0,0,1,1,0,200.9658,8.260000,0.055400,8.320000,523502.5101,14.4800,1.5900,10.600,0.0400,1,2433,49302,33.3,66.7,44.4,55.6
157,64,512,0,1,0,1,1,1,0,0,0,1,0,0,0,0,0,0,1,0,193.9101,7.970000,0.055400,8.030000,523502.5101,12.9700,1.5975,10.650,0.0100,1,2433,49302,77.8,22.2,55.6,44.4
157,65,512,1,0,1,0,0,0,1,0,1,0,1,0,1,0,0,1,0,0,189.0441,7.770000,0.055400,7.830000,523502.5101,26.6800,1.5975,10.650,0.0100,1,2433,49302,33.3,66.7,88.9,11.1
157,66,512,0,0,1,0,1,0,1,1,1,0,1,0,1,0,1,1,1,0,192.6936,7.920000,0.055400,7.980000,523502.5101,27.0500,1.5840,10.560,0.1100,1,2433,49302,11.1,88.9,77.8,22.2
157,67,512,0,0,0,1,1,1,0,0,1,1,0,0,1,0,0,0,1,0,200.2359,8.230000,0.055400,8.290000,523502.5101,26.7800,1.5765,10.510,0.1600,1,2433,49302,55.6,44.4,66.7,33.3
157,68,512,1,0,0,1,0,0,0,0,1,0,1,1,0,1,1,1,1,1,201.6957,8.290000,0.055400,8.340000,523502.5101,11.3000,1.5960,10.640,0.0200,1,2433,49302,44.4,55.6,44.4,55.6
157,69,512,1,0,1,0,1,0,1,0,0,1,0,1,1,0,1,0,1,0,191.7204,7.880000,0.055400,7.940000,523502.5101,6.9300,1.5975,10.650,0.0100,1,2433,49302,22.2,77.8,77.8,22.2
157,70,512,0,0,0,1,0,0,0,0,1,1,0,0,0,0,1,0,1,0,196.5864,8.080000,0.055400,8.140000,523502.5101,26.9300,1.5915,10.610,0.0100,1,2433,49302,66.7,33.3,77.8,22.2
157,71,512,1,0,1,1,1,1,0,1,0,0,1,1,1,0,1,0,0,0,194.3967,7.990000,0.055400,8.050000,523502.5101,6.8800,1.5930,10.620,0.0400,1,2433,49302,33.3,66.7,55.6,44.4
157,72,512,0,0,0,1,0,1,1,1,0,0,0,0,1,1,0,1,1,0,194.3967,7.990000,0.055400,8.040000,523502.5101,16.8200,1.5900,10.600,0.0700,1,2433,49302,66.7,33.3,44.4,55.6
157,73,512,0,1,1,0,1,0,0,1,0,1,0,0,1,0,1,0,1,0,196.8297,8.090000,0.055400,8.150000,523502.5101,3.3000,1.5810,10.540,0.0300,1,2433,49302,44.4,55.6,66.7,33.3
157,74,512,0,1,0,0,1,0,1,0,0,0,1,1,1,0,0,1,1,0,195.6132,8.040000,0.055400,8.100000,523502.5101,14.6300,1.5960,10.640,0.0300,1,2433,49302,44.4,55.6,66.7,33.3
157,75,512,1,0,0,0,0,0,1,1,0,0,1,1,1,1,1,0,1,0,198.5328,8.160000,0.055400,8.220000,523502.5101,27.0200,1.6005,10.670,0.0200,1,2433,49302,33.3,66.7,66.7,33.3
157,76,512,1,0,0,1,1,1,1,1,0,0,1,1,1,0,1,0,1,0,197.3163,8.110000,0.055400,8.170000,523502.5101,26.9200,1.5990,10.660,0.0200,1,2433,49302,22.2,77.8,55.6,44.4
157,77,512,1,0,0,0,1,1,0,1,0,1,0,1,0,0,0,1,0,1,199.0194,8.180000,0.055400,8.230000,523502.5101,10.0500,1.5765,10.510,-0.0100,0,2433,49302,77.8,22.2,33.3,66.7
157,78,512,1,0,0,0,1,1,0,0,0,1,0,1,0,0,1,0,0,1,203.6421,8.370000,0.055400,8.430000,523502.5101,10.0700,1.5810,10.540,0.1400,1,2433,49302,66.7,33.3,55.6,44.4
157,79,512,1,0,1,0,0,0,1,0,0,1,1,0,1,0,1,0,1,0,188.8008,7.760000,0.055400,7.810000,523502.5101,26.8900,1.5780,10.520,0.1200,1,2433,49302,22.2,77.8,88.9,11.1
157,80,512,1,0,0,1,0,0,1,1,1,0,0,0,1,0,0,0,1,0,191.7204,7.880000,0.055400,7.940000,523502.5101,26.9000,1.5855,10.570,0.1200,1,2433,49302,44.4,55.6,77.8,22.2
157,81,512,1,0,1,1,1,1,1,0,0,0,1,1,0,0,1,0,0,0,199.9926,8.220000,0.055400,8.270000,523502.5101,26.6400,1.5990,10.660,0.0200,1,2433,49302,33.3,66.7,66.7,33.3
157,82,512,0,1,1,1,0,1,0,0,0,0,0,0,1,0,0,1,0,0,196.5864,8.080000,0.055400,8.140000,523502.5101,14.9200,1.5915,10.610,0.0400,1,2433,49302,77.8,22.2,55.6,44.4
157,83,512,0,1,0,0,0,1,1,1,0,1,0,0,1,0,0,1,0,0,190.9905,7.850000,0.055400,7.900000,523502.5101,2.4600,1.5690,10.460,0.1900,1,2433,49302,77.8,22.2,44.4,55.6
157,84,512,0,1,0,1,1,1,1,1,0,1,0,0,0,0,1,0,1,0,189.7740,7.800000,0.055400,7.860000,523502.5101,2.2200,1.5930,10.620,0.0100,1,2433,49302,55.6,44.4,44.4,55.6
157,85,512,0,0,0,1,0,0,0,0,0,0,1,0,1,0,1,1,1,0,200.7225,8.250000,0.055400,8.310000,523502.5101,26.7000,1.5810,10.540,0.1400,1,2433,49302,55.6,44.4,77.8,22.2
157,86,512,0,0,1,1,1,0,0,1,0,0,0,0,0,0,0,0,0,0,195.3699,8.030000,0.055400,8.090000,523502.5101,26.4200,1.6095,10.730,-0.0400,0,2433,49302,77.8,22.2,77.8,22.2
157,87,512,0,0,1,0,1,0,0,1,0,1,1,0,1,0,0,1,0,1,197.0730,8.100000,0.055400,8.160000,523502.5101,10.0400,1.5975,10.650,0.0100,1,2433,49302,55.6,44.4,55.6,44.4
157,88,512,1,1,0,1,0,0,0,0,0,0,1,1,0,0,0,0,0,0,194.8833,8.010000,0.055400,8.070000,523502.5101,16.6900,1.5840,10.560,0.0900,1,2433,49302,77.8,22.2,66.7,33.3
157,89,512,1,0,0,0,0,0,0,0,0,0,0,0,1,0,0,0,0,0,171.7698,7.060000,0.055200,7.120000,523502.5101,26.5300,1.6110,10.740,0.0100,1,2433,49302,77.8,22.2,100.0,0.0
157,90,512,0,0,1,0,0,0,0,1,1,0,0,1,1,1,0,1,1,0,189.0441,7.770000,0.055400,7.830000,523502.5101,16.9100,1.5990,10.660,0.0000,1,2433,49302,55.6,44.4,55.6,44.4
157,91,512,1,0,1,0,0,0,1,0,0,1,1,0,1,1,1,0,0,1,195.8565,8.050000,0.055400,8.100000,523502.5101,10.0700,1.5960,10.640,0.0100,1,2433,49302,33.3,66.7,66.7,33.3
157,92,512,0,0,0,1,0,1,0,0,0,0,0,0,0,0,0,1,1,0,204.8586,8.420000,0.055400,8.470000,523502.5101,26.4400,1.5915,10.610,0.0600,1,2433,49302,88.9,11.1,66.7,33.3
157,93,512,0,0,0,1,0,1,0,0,0,0,0,0,0,0,1,0,1,0,196.0998,8.060000,0.055400,8.110000,523502.5101,26.6800,1.5345,10.230,0.4400,1,2433,49302,77.8,22.2,77.8,22.2
157,94,512,1,0,0,1,0,0,1,0,0,0,0,1,0,1,0,1,1,1,203.8854,8.380000,0.055400,8.440000,523502.5101,10.6900,1.5915,10.610,0.0100,1,2433,49302,66.7,33.3,44.4,55.6
157,95,512,1,0,0,0,0,0,1,0,0,1,1,0,1,1,1,0,0,0,190.2606,7.820000,0.055400,7.880000,523502.5101,26.8600,1.5795,10.530,0.1600,1,2433,49302,44.4,55.6,77.8,22.2
157,96,512,0,1,1,0,0,0,0,1,0,0,0,0,1,0,1,0,1,0,197.3163,8.110000,0.055400,8.160000,523502.5101,14.6600,1.5975,10.650,0.0000,1,2433,49302,55.6,44.4,77.8,22.2
157,97,512,0,1,1,0,1,1,0,1,1,0,0,1,1,0,1,0,1,0,207.7782,8.540000,0.055400,8.590000,523502.5101,3.7500,1.5945,10.630,0.0000,1,2433,49302,33.3,66.7,55.6,44.4
157,98,512,1,0,0,0,1,0,0,1,0,0,1,1,1,0,1,0,0,1,1000000000.0000,8.010000,0.055400,8.070000,523502.5101,-100.0000,1.5990,10.660,0.0100,1,-1,-1,44.4,55.6,66.7,33.3
157,99,512,0,0,1,1,1,0,1,1,1,0,1,1,1,0,0,0,1,1,197.8029,8.130000,0.055400,8.180000,523502.5101,10.1000,1.5960,10.640,0.0000,1,2433,49302,22.2,77.8,55.6,44.4
158,0,512,1,0,0,1,0,0,1,1,0,0,0,0,1,1,1,0,1,0,198.2895,8.150000,0.055400,8.200000,523502.5101,26.7700,1.6020,10.680,0.0000,1,2433,49302,44.4,55.6,66.7,33.3
158,1,512,1,0,0,1,0,0,1,1,1,1,1,1,1,1,0,0,1,0,203.1555,8.350000,0.055400,8.410000,523502.5101,27.2200,1.5990,10.660,0.0000,1,2433,49302,33.3,66.7,44.4,55.6
158,2,512,0,0,1,0,1,1,0,1,1,0,0,1,1,1,0,1,1,0,199.5060,8.200000,0.055400,8.250000,523502.5101,6.5000,1.5630,10.420,0.2200,1,2433,49302,44.4,55.6,44.4,55.6
158,3,512,1,0,1,1,1,1,1,0,0,0,0,0,1,0,1,0,0,0,199.0194,8.180000,0.055400,8.240000,523502.5101,26.7500,1.5945,10.630,0.0400,1,2433,49302,33.3,66.7,77.8,22.2
158,4,512,1,0,0,1,0,0,1,1,1,0,0,0,0,1,0,0,1,0,201.9390,8.300000,0.055400,8.360000,523502.5101,26.6200,1.5855,10.570,0.1200,1,2433,49302,55.6,44.4,66.7,33.3
158,5,512,0,1,1,0,1,0,1,0,0,1,1,0,1,1,1,1,0,0,197.5596,8.120000,0.055400,8.180000,523502.5101,14.6200,1.5960,10.640,0.0100,1,2433,49302,33.3,66.7,55.6,44.4
158,6,512,0,0,0,1,0,0,0,1,1,1,1,0,0,0,1,1,1,0,192.4503,7.910000,0.055400,7.960000,523502.5101,26.7800,1.5330,10.220,0.4300,1,2433,49302,55.6,44.4,55.6,44.4
158,7,512,1,1,1,1,1,1,1,1,1,1,0,0,1,1,1,1,1,1,191.9637,7.890000,0.055400,7.940000,523502.5101,4.8900,1.5945,10.630,0.0200,1,2433,49302,11.1,88.9,11.1,88.9
158,8,512,0,0,1,1,1,0,0,1,1,0,1,1,0,0,0,0,1,1,198.7761,8.170000,0.055400,8.220000,523502.5101,10.0700,1.5885,10.590,0.1200,1,2433,49302,44.4,55.6,55.6,44.4
158,9,512,0,0,1,0,1,0,1,1,1,0,1,0,1,0,0,1,1,0,199.0194,8.180000,0.055400,8.240000,523502.5101,26.9000,1.6020,10.680,0.0000,1,2433,49302,22.2,77.8,77.8,22.2
158,10,512,0,1,1,0,1,1,1,1,0,0,1,1,1,1,1,0,0,0,200.2359,8.230000,0.055400,8.290000,523502.5101,14.6900,1.5990,10.660,0.0100,1,2433,49302,33.3,66.7,44.4,55.6
158,11,512,1,0,0,1,0,0,1,1,0,0,1,1,1,0,0,0,1,0,193.9101,7.970000,0.055400,8.030000,523502.5101,26.6700,1.5960,10.640,0.0000,1,2433,49302,44.4,55.6,66.7,33.3
158,12,512,0,0,0,1,1,0,1,1,1,0,1,1,1,0,1,0,1,0,213.3741,8.770000,0.055400,8.830000,523502.5101,27.1300,1.5945,10.630,0.0100,1,2433,49302,22.2,77.8,66.7,33.3
158,13,512,1,1,0,0,0,1,0,0,0,0,0,0,1,0,0,0,1,0,196.8297,8.090000,0.055400,8.150000,523502.5101,16.6700,1.5945,10.630,0.0300,1,2433,49302,66.7,33.3,77.8,22.2
158,14,512,1,0,0,0,0,0,0,0,0,0,0,0,0,0,1,0,0,0,173.4729,7.130000,0.055200,7.190000,523502.5101,26.6100,1.6035,10.690,0.0200,1,2433,49302,77.8,22.2,100.0,0.0
158,15,512,0,0,0,0,1,0,1,0,0,0,0,0,1,0,0,1,0,1,178.5822,7.340000,0.055400,7.390000,523502.5101,10.1300,1.5915,10.610,0.0400,1,2433,49302,66.7,33.3,77.8,22.2
158,16,512,0,0,1,0,0,0,0,0,0,1,0,0,0,1,0,0,0,1,195.3699,8.030000,0.055400,8.080000,523502.5101,10.0600,1.5960,10.640,0.0100,1,2433,49302,88.9,11.1,66.7,33.3
158,17,512,1,0,0,1,0,0,1,0,1,1,0,0,1,0,1,0,1,0,202.1823,8.310000,0.055400,8.360000,523502.5101,27.0900,1.5945,10.630,0.0100,1,2433,49302,33.3,66.7,77.8,22.2
158,18,512,0,1,0,1,1,1,1,1,0,0,1,1,1,0,1,0,1,0,195.8565,8.050000,0.055400,8.110000,523502.5101,13.4100,1.5915,10.610,0.0500,1,2433,49302,33.3,66.7,44.4,55.6
158,19,512,0,0,0,0,0,1,1,1,1,1,1,1,0,1,1,0,0,0,199.0194,8.180000,0.055400,8.230000,523502.5101,7.9500,1.5945,10.630,0.0200,1,2433,49302,55.6,44.4,44.4,55.6
158,20,512,0,1,1,1,0,1,1,0,0,1,0,0,1,0,0,1,0,0,191.4771,7.870000,0.055400,7.930000,523502.5101,14.7200,1.5945,10.630,0.0100,1,2433,49302,66.7,33.3,44.4,55.6
158,21,512,1,1,0,0,1,1,0,0,0,1,0,0,1,0,0,0,1,0,190.5039,7.830000,0.055400,7.890000,523502.5101,16.6900,1.6050,10.700,-0.2000,0,2433,49302,55.6,44.4,66.7,33.3
158,22,512,1,0,0,1,1,0,0,0,1,0,1,1,1,1,1,1,1,1,197.8029,8.130000,0.055400,8.180000,523502.5101,12.7000,1.5975,10.650,0.0200,1,2433,49302,22.2,77.8,44.4,55.6
158,23,512,1,0,0,0,0,0,0,1,0,1,1,1,1,0,1,0,0,0,194.8833,8.010000,0.055400,8.070000,523502.5101,6.6100,1.5945,10.630,0.0000,1,2433,49302,55.6,44.4,66.7,33.3
158,24,512,1,1,1,1,1,1,1,1,1,1,1,1,1,1,0,1,1,1,175.1760,7.200000,0.055400,7.250000,523502.5101,13.4200,1.5375,10.250,0.3100,1,2433,49302,11.1,88.9,0.0,100.0
158,25,512,1,0,1,1,0,1,1,1,1,1,1,1,0,0,0,0,0,0,195.3699,8.030000,0.055400,8.090000,523502.5101,26.8900,1.6020,10.680,0.0000,1,2433,49302,44.4,55.6,44.4,55.6
158,26,512,0,1,1,0,1,0,0,1,0,0,1,1,1,0,1,0,1,0,194.1534,7.980000,0.055400,8.040000,523502.5101,14.8400,1.5915,10.610,0.0500,1,2433,49302,33.3,66.7,66.7,33.3
158,27,512,1,0,1,1,0,1,1,1,1,0,1,1,0,0,0,0,0,1,200.2359,8.230000,0.055400,8.280000,523502.5101,10.0100,1.5975,10.650,0.0100,1,2433,49302,44.4,55.6,44.4,55.6
158,28,512,1,0,1,0,0,0,1,0,0,0,0,0,0,1,0,1,1,0,194.6400,8.000000,0.055400,8.050000,523502.5101,16.7100,1.5960,10.640,0.0100,1,2433,49302,55.6,44.4,77.8,22.2
158,29,512,1,1,1,1,1,1,1,1,0,0,1,1,0,0,0,0,0,0,193.4235,7.950000,0.055400,8.010000,523502.5101,18.8600,1.5930,10.620,0.0400,1,2433,49302,44.4,55.6,44.4,55.6
158,30,512,0,0,1,1,0,0,0,0,0,0,0,0,0,0,0,0,0,0,192.4503,7.910000,0.055400,7.960000,523502.5101,26.4500,1.5960,10.640,0.0100,1,2433,49302,88.9,11.1,88.9,11.1
158,31,512,1,0,1,0,0,1,1,0,0,0,1,1,1,0,1,0,1,1,192.6936,7.920000,0.055400,7.970000,523502.5101,10.0800,1.5990,10.660,0.0500,1,2433,49302,22.2,77.8,66.7,33.3
158,32,512,0,0,0,1,0,1,0,0,0,0,0,0,1,0,1,0,1,0,200.9658,8.260000,0.055400,8.310000,523502.5101,26.7800,1.5990,10.660,0.0000,1,2433,49302,66.7,33.3,77.8,22.2
158,33,512,1,0,1,0,0,0,1,0,1,0,1,0,0,0,1,0,0,0,172.7430,7.100000,0.055200,7.160000,523502.5101,26.7300,1.6080,10.720,0.0100,1,2433,49302,33.3,66.7,100.0,0.0
158,34,512,1,1,0,1,0,0,0,0,0,0,0,1,0,0,0,0,0,0,1000000000.0000,8.000000,0.055400,8.060000,523502.5101,-100.0000,1.5795,10.530,0.1400,1,-1,-1,88.9,11.1,66.7,33.3
158,35,512,0,1,1,0,0,0,1,1,1,0,0,0,1,0,1,1,0,0,1000000000.0000,8.190000,0.055400,8.240000,523502.5101,-100.0000,1.5840,10.560,0.0200,1,-1,-1,44.4,55.6,66.7,33.3
158,36,512,1,0,0,1,1,0,1,1,1,0,0,0,1,1,1,0,1,0,212.4009,8.730000,0.055400,8.780000,523502.5101,27.0600,1.5945,10.630,0.0400,1,2433,49302,22.2,77.8,66.7,33.3
158,37,512,0,0,1,0,0,1,1,1,1,1,1,1,0,0,0,0,0,0,195.3699,8.030000,0.055400,8.080000,523502.5101,26.8900,1.6005,10.670,0.0100,1,2433,49302,55.6,44.4,55.6,44.4
158,38,512,1,0,0,0,1,1,1,1,1,1,1,1,0,0,0,0,0,1,194.6400,8.000000,0.055400,8.060000,523502.5101,10.0500,1.5945,10.630,0.0200,1,2433,49302,44.4,55.6,44.4,55.6
158,39,512,1,0,1,1,1,1,1,0,0,0,1,1,0,0,0,0,0,0,200.2359,8.230000,0.055400,8.290000,523502.5101,26.5000,1.5885,10.590,0.0600,1,2433,49302,44.4,55.6,66.7,33.3
158,40,512,1,0,1,0,0,0,1,0,0,0,1,0,1,1,1,0,1,0,185.8812,7.640000,0.055400,7.700000,523502.5101,26.9300,1.5945,10.630,0.0400,1,2433,49302,22.2,77.8,88.9,11.1
158,41,512,0,0,1,1,0,0,0,1,0,0,0,0,0,0,1,1,0,0,195.8565,8.050000,0.055400,8.100000,523502.5101,26.5400,1.5945,10.630,0.0200,1,2433,49302,77.8,22.2,66.7,33.3
158,42,512,1,0,1,0,0,1,1,1,0,0,0,0,1,0,1,0,1,1,198.2895,8.150000,0.055400,8.200000,523502.5101,10.0700,1.5930,10.620,0.0000,1,2433,49302,33.3,66.7,66.7,33.3
158,43,512,1,0,0,1,1,1,0,0,0,1,0,0,0,0,1,0,0,0,192.6936,7.920000,0.055400,7.980000,523502.5101,26.4800,1.5930,10.620,0.0300,1,2433,49302,66.7,33.3,66.7,33.3
158,44,512,0,0,1,0,0,0,0,0,0,1,1,0,0,0,1,1,0,1,191.9637,7.890000,0.055400,7.950000,523502.5101,10.1700,1.5960,10.640,0.0200,1,2433,49302,66.7,33.3,66.7,33.3
158,45,512,1,0,0,0,1,0,0,0,0,1,1,0,1,1,1,1,0,0,192.6936,7.920000,0.055400,7.970000,523502.5101,26.6800,1.5975,10.650,0.0200,1,2433,49302,44.4,55.6,66.7,33.3
158,46,512,1,0,0,0,1,1,0,0,0,0,0,1,0,0,1,0,0,1,1000000000.0000,7.930000,0.055400,7.980000,523502.5101,-100.0000,1.5945,10.630,0.0300,1,-1,-1,66.7,33.3,66.7,33.3
158,47,512,0,0,1,0,0,0,0,1,1,0,0,1,0,1,0,1,1,0,192.6936,7.920000,0.055400,7.970000,523502.5101,7.1300,1.5900,10.600,0.0700,1,2433,49302,66.7,33.3,55.6,44.4
158,48,512,1,0,1,1,1,1,1,0,0,0,1,1,1,0,1,0,0,1,212.6442,8.740000,0.055400,8.790000,523502.5101,10.0400,1.5765,10.510,0.1200,1,2433,49302,22.2,77.8,55.6,44.4
158,49,512,0,0,0,1,0,0,0,0,0,1,1,1,1,1,1,1,0,0,199.0194,8.180000,0.055400,8.240000,523502.5101,27.0100,1.5765,10.510,0.1700,1,2433,49302,66.7,33.3,44.4,55.6
158,50,512,0,1,1,1,1,1,1,1,0,0,0,0,0,0,0,0,0,1,200.9658,8.260000,0.055400,8.320000,523502.5101,2.5100,1.5855,10.570,0.1000,1,2433,49302,66.7,33.3,44.4,55.6
158,51,512,1,1,1,0,1,0,0,1,0,0,0,0,1,0,1,0,1,0,194.6400,8.000000,0.055400,8.060000,523502.5101,17.0700,1.5990,10.660,0.0200,1,2433,49302,33.3,66.7,77.8,22.2
158,52,512,0,0,0,0,1,0,0,1,1,0,1,1,1,0,0,0,1,1,199.5060,8.200000,0.055400,8.260000,523502.5101,10.0800,1.5945,10.630,0.0000,1,2433,49302,44.4,55.6,66.7,33.3
158,53,512,0,1,1,0,1,0,0,1,0,0,0,0,1,0,1,0,0,0,197.0730,8.100000,0.055400,8.150000,523502.5101,14.5000,1.5945,10.630,0.0100,1,2433,49302,55.6,44.4,77.8,22.2
158,54,512,1,0,0,1,1,1,1,1,1,0,1,0,1,1,0,0,1,0,196.8297,8.090000,0.055400,8.150000,523502.5101,26.9200,1.5990,10.660,0.0000,1,2433,49302,22.2,77.8,55.6,44.4
158,55,512,0,0,1,0,0,0,1,1,1,0,1,0,1,0,1,1,1,0,197.3163,8.110000,0.055400,8.160000,523502.5101,27.0500,1.5795,10.530,0.0400,1,2433,49302,22.2,77.8,77.8,22.2
158,57,512,1,0,0,0,1,0,0,0,1,0,1,1,0,1,1,1,1,1,204.8586,8.420000,0.055400,8.470000,523502.5101,11.3000,1.5960,10.640,0.0100,1,2433,49302,33.3,66.7,55.6,44.4
158,58,512,1,0,0,1,1,0,1,1,1,0,0,0,1,1,0,0,0,0,199.5060,8.200000,0.055400,8.260000,523502.5101,26.7300,1.5975,10.650,0.0200,1,2433,49302,44.4,55.6,66.7,33.3
158,59,512,1,0,0,1,0,0,0,1,1,1,1,1,1,0,1,1,1,0,195.8565,8.050000,0.055400,8.110000,523502.5101,27.0900,1.6020,10.680,0.0000,1,2433,49302,33.3,66.7,44.4,55.6
158,60,512,1,0,1,1,1,1,1,1,1,1,1,1,0,0,0,0,0,1,197.3163,8.110000,0.055400,8.170000,523502.5101,10.0500,1.5930,10.620,0.0500,1,2433,49302,33.3,66.7,33.3,66.7
158,61,512,0,0,0,1,0,0,0,0,0,0,0,0,0,1,1,1,1,0,200.4792,8.240000,0.055400,8.290000,523502.5101,26.6200,1.5855,10.570,0.0900,1,2433,49302,77.8,22.2,66.7,33.3
158,62,512,0,0,0,0,0,0,0,1,1,0,0,1,1,1,1,1,1,0,194.3967,7.990000,0.055400,8.050000,523502.5101,27.0500,1.5930,10.620,0.0100,1,2433,49302,55.6,44.4,55.6,44.4
158,63,512,1,1,0,0,0,0,0,0,1,1,0,0,1,0,1,1,1,0,196.3431,8.070000,0.055400,8.120000,523502.5101,17.4100,1.5945,10.630,0.0200,1,2433,49302,44.4,55.6,66.7,33.3
158,64,512,1,0,1,0,0,1,1,0,1,0,0,0,1,0,1,1,1,1,194.3967,7.990000,0.055400,8.050000,523502.5101,10.4700,1.5990,10.660,0.0100,1,2433,49302,22.2,77.8,66.7,33.3
158,65,512,1,0,0,0,1,0,0,1,0,0,1,0,1,1,0,0,0,0,194.3967,7.990000,0.055400,8.040000,523502.5101,26.3900,1.5915,10.610,0.0200,1,2433,49302,55.6,44.4,77.8,22.2
158,66,512,1,0,0,1,0,0,0,0,1,1,0,0,0,0,1,0,1,0,198.0462,8.140000,0.055400,8.200000,523502.5101,26.9300,1.5975,10.650,0.0100,1,2433,49302,55.6,44.4,77.8,22.2
158,67,512,1,0,1,1,0,0,0,1,0,0,1,1,1,0,1,0,0,1,200.7225,8.250000,0.055400,8.310000,523502.5101,10.0300,1.5930,10.620,0.0400,1,2433,49302,44.4,55.6,55.6,44.4
158,68,512,1,0,1,0,1,0,1,0,0,1,1,0,1,1,1,1,1,0,187.5843,7.710000,0.055400,7.770000,523502.5101,26.9800,1.5780,10.520,0.0400,1,2433,49302,11.1,88.9,66.7,33.3
158,69,512,0,1,0,1,0,0,0,0,0,1,0,0,0,0,1,0,0,0,195.8565,8.050000,0.055400,8.100000,523502.5101,13.9800,1.5975,10.650,0.0000,1,2433,49302,88.9,11.1,66.7,33.3
158,70,512,0,0,0,0,1,0,0,0,1,1,1,1,1,1,1,1,1,1,190.7472,7.840000,0.055400,7.890000,523502.5101,14.1300,1.5780,10.520,0.1000,1,2433,49302,33.3,66.7,44.4,55.6
158,71,512,0,1,0,0,1,1,1,1,0,1,0,0,0,0,0,0,0,0,201.4524,8.280000,0.055400,8.330000,523502.5101,2.3300,1.5990,10.660,0.0000,1,2433,49302,77.8,22.2,55.6,44.4
158,72,512,1,0,0,1,0,0,1,0,0,1,1,0,1,1,1,0,0,0,201.6957,8.290000,0.055400,8.340000,523502.5101,26.8600,1.5960,10.640,0.0400,1,2433,49302,44.4,55.6,66.7,33.3
158,73,512,0,0,0,1,0,0,0,0,0,1,1,1,1,1,0,1,1,0,194.8833,8.010000,0.055400,8.060000,523502.5101,17.0800,1.5855,10.570,0.1100,1,2433,49302,66.7,33.3,44.4,55.6
158,74,512,0,0,1,0,0,0,1,1,1,0,0,1,1,1,0,1,1,0,197.5596,8.120000,0.055400,8.180000,523502.5101,16.9700,1.5930,10.620,0.0600,1,2433,49302,44.4,55.6,55.6,44.4
158,75,512,1,1,1,1,0,1,1,1,1,1,1,1,1,1,1,1,1,1,179.0688,7.360000,0.055400,7.410000,523502.5101,20.8900,1.5210,10.140,0.4300,1,2433,49302,11.1,88.9,0.0,100.0
158,76,512,1,1,1,1,1,1,1,1,0,0,1,0,0,0,0,0,0,0,189.7740,7.800000,0.055400,7.860000,523502.5101,18.8100,1.5870,10.580,0.1100,1,2433,49302,44.4,55.6,55.6,44.4
158,77,512,1,0,1,0,0,1,1,1,1,1,1,1,0,0,0,0,0,1,200.4792,8.240000,0.055400,8.300000,523502.5101,10.0500,1.5960,10.640,0.0100,1,2433,49302,44.4,55.6,44.4,55.6
158,78,512,0,0,0,1,0,0,1,0,1,0,1,1,1,1,1,1,1,1,200.7225,8.250000,0.055400,8.300000,523502.5101,12.7600,1.5945,10.630,0.0100,1,2433,49302,33.3,66.7,44.4,55.6
158,79,512,1,0,0,0,0,0,0,0,1,1,0,0,1,0,0,0,0,0,177.3657,7.290000,0.055400,7.350000,523502.5101,26.7300,1.5900,10.600,0.0800,1,2433,49302,66.7,33.3,88.9,11.1
158,80,512,1,0,0,1,0,0,1,1,1,1,1,1,0,0,0,0,1,0,200.2359,8.230000,0.055400,8.280000,523502.5101,26.9300,1.5975,10.650,0.0100,1,2433,49302,44.4,55.6,55.6,44.4
158,81,512,1,0,1,1,0,1,1,1,1,1,1,1,0,0,0,0,1,0,193.1802,7.940000,0.055400,7.990000,523502.5101,27.0400,1.5990,10.660,0.0100,1,2433,49302,33.3,66.7,44.4,55.6
158,82,512,0,0,1,1,0,0,0,1,0,1,1,1,1,0,0,0,1,1,195.8565,8.050000,0.055400,8.100000,523502.5101,10.0500,1.5975,10.650,0.0400,1,2433,49302,55.6,44.4,44.4,55.6
158,83,512,0,0,0,0,1,0,1,0,0,0,1,0,1,1,1,1,0,0,187.8276,7.720000,0.055400,7.770000,523502.5101,26.8400,1.5795,10.530,0.1500,1,2433,49302,44.4,55.6,77.8,22.2
158,84,512,0,0,1,0,1,0,1,1,0,0,1,1,1,1,0,1,0,1,195.6132,8.040000,0.055400,8.090000,523502.5101,10.5800,1.5915,10.610,0.0300,1,2433,49302,44.4,55.6,44.4,55.6
158,85,512,0,0,1,0,0,0,0,1,1,0,0,1,0,0,0,1,1,0,193.6668,7.960000,0.055400,8.010000,523502.5101,26.5700,1.6050,10.700,0.0100,1,2433,49302,66.7,33.3,66.7,33.3
158,86,512,0,0,0,1,0,0,0,0,1,1,1,0,1,0,1,1,1,0,197.0730,8.100000,0.055400,8.150000,523502.5101,26.9200,1.5765,10.510,0.0500,1,2433,49302,44.4,55.6,66.7,33.3
158,87,512,1,0,0,1,0,0,1,1,1,0,1,1,1,1,0,0,0,1,199.0194,8.180000,0.055400,8.240000,523502.5101,10.2300,1.5915,10.610,0.0400,1,2433,49302,44.4,55.6,44.4,55.6
158,88,512,1,0,0,1,1,0,1,1,0,0,1,1,1,0,1,0,1,0,205.8318,8.460000,0.055400,8.510000,523502.5101,26.8300,1.6005,10.670,0.0100,1,2433,49302,22.2,77.8,66.7,33.3
158,89,512,1,0,0,0,1,0,0,0,0,1,1,1,0,1,1,0,1,1,184.1781,7.570000,0.055400,7.630000,523502.5101,10.2200,1.6035,10.690,-0.0200,0,2433,49302,44.4,55.6,55.6,44.4
158,90,512,1,0,1,0,0,0,0,0,1,1,1,1,1,1,1,1,1,1,189.5307,7.790000,0.055400,7.850000,523502.5101,14.1300,1.5960,10.640,0.0100,1,2433,49302,22.2,77.8,44.4,55.6
158,91,512,0,0,1,0,0,0,0,0,0,1,1,0,0,1,1,1,0,0,189.5307,7.790000,0.055400,7.850000,523502.5101,26.4100,1.5945,10.630,0.1000,1,2433,49302,66.7,33.3,66.7,33.3
158,92,512,0,0,1,0,0,0,1,0,0,0,1,0,0,1,1,0,1,0,190.0173,7.810000,0.055400,7.870000,523502.5101,26.7400,1.5990,10.660,0.0200,1,2433,49302,44.4,55.6,88.9,11.1
158,93,512,0,1,1,0,1,1,1,1,1,0,0,0,1,0,1,0,0,1,202.4256,8.320000,0.055400,8.370000,523502.5101,2.4900,1.5795,10.530,0.1400,1,2433,49302,33.3,66.7,55.6,44.4
158,94,512,0,0,0,0,1,0,1,0,0,1,1,0,1,1,1,1,0,1,196.0998,8.060000,0.055400,8.110000,523502.5101,10.5000,1.5975,10.650,0.0000,1,2433,49302,44.4,55.6,55.6,44.4
158,95,512,1,0,1,0,0,0,0,1,1,0,0,1,1,1,0,1,1,0,198.0462,8.140000,0.055400,8.200000,523502.5101,16.9100,1.6020,10.680,0.0000,1,2433,49302,44.4,55.6,55.6,44.4
158,96,512,1,0,0,0,0,0,0,1,0,0,1,1,1,0,1,0,0,0,191.7204,7.880000,0.055400,7.930000,523502.5101,26.8000,1.5870,10.580,0.0700,1,2433,49302,55.6,44.4,77.8,22.2
158,97,512,0,0,0,0,0,1,1,1,0,0,1,1,0,0,0,0,0,0,201.2091,8.270000,0.055400,8.330000,523502.5101,26.3800,1.6005,10.670,0.0100,1,2433,49302,77.8,22.2,66.7,33.3
158,98,512,1,1,0,0,1,1,0,0,1,1,0,0,1,0,0,0,1,0,201.9390,8.300000,0.055400,8.360000,523502.5101,16.9500,1.5975,10.650,0.0000,1,2433,49302,44.4,55.6,66.7,33.3
158,99,512,0,0,0,1,1,0,1,1,1,0,1,0,1,0,1,1,1,0,196.5864,8.080000,0.055400,8.130000,523502.5101,27.0500,1.5990,10.660,0.0100,1,2433,49302,22.2,77.8,66.7,33.3
159,0,512,1,0,0,0,1,0,0,1,0,1,1,0,1,1,1,0,0,0,206.3184,8.480000,0.055400,8.540000,523502.5101,6.3300,1.5975,10.650,0.0700,1,2433,49302,44.4,55.6,66.7,33.3
159,1,512,0,1,1,0,0,0,1,1,0,0,0,0,1,0,1,0,0,0,202.6689,8.330000,0.055400,8.390000,523502.5101,14.3700,1.5915,10.610,0.0800,1,2433,49302,55.6,44.4,77.8,22.2
159,3,512,1,0,1,1,0,0,1,0,1,0,1,0,0,0,0,1,0,0,203.8854,8.380000,0.055400,8.430000,523502.5101,26.4800,1.6005,10.670,0.0300,1,2433,49302,44.4,55.6,77.8,22.2
159,4,512,1,0,1,0,0,0,0,0,0,1,1,0,0,1,1,1,0,0,195.6132,8.040000,0.055400,8.100000,523502.5101,26.4100,1.5765,10.510,0.1400,1,2433,49302,55.6,44.4,66.7,33.3
159,5,512,1,1,1,1,1,1,1,1,0,0,0,0,0,0,0,0,1,0,190.5039,7.830000,0.055400,7.890000,523502.5101,18.9100,1.5795,10.530,0.0300,1,2433,49302,44.4,55.6,55.6,44.4
159,6,512,1,0,0,0,0,0,0,0,1,1,0,0,1,0,1,0,0,0,189.0441,7.770000,0.055400,7.830000,523502.5101,26.9200,1.5780,10.520,0.0400,1,2433,49302,55.6,44.4,88.9,11.1
159,7,512,0,1,0,1,1,0,1,1,0,0,0,0,1,1,1,0,1,0,199.0194,8.180000,0.055400,8.240000,523502.5101,14.1200,1.5990,10.660,0.0100,1,2433,49302,44.4,55.6,55.6,44.4
159,8,512,0,0,0,1,1,0,0,0,1,0,1,1,0,1,1,1,1,1,197.3163,8.110000,0.055400,8.160000,523502.5101,11.3000,1.5975,10.650,0.0000,1,2433,49302,44.4,55.6,44.4,55.6
159,9,512,0,0,0,0,0,0,0,1,1,0,0,1,1,0,1,1,1,0,191.9637,7.890000,0.055400,7.950000,523502.5101,26.9100,1.5900,10.600,0.0400,1,2433,49302,55.6,44.4,66.7,33.3
159,10,512,1,0,0,1,0,0,1,0,1,1,1,1,1,1,0,0,1,0,198.5328,8.160000,0.055400,8.220000,523502.5101,27.2600,1.5960,10.640,0.0100,1,2433,49302,33.3,66.7,55.6,44.4
159,11,512,1,1,0,0,1,1,1,0,0,0,0,0,1,0,0,0,1,0,199.0194,8.180000,0.055400,8.230000,523502.5101,16.9500,1.5915,10.610,0.0600,1,2433,49302,44.4,55.6,77.8,22.2
159,12,512,1,1,1,1,0,1,1,1,1,1,1,1,1,1,0,1,1,1,176.8791,7.270000,0.055400,7.320000,523502.5101,12.7600,1.5195,10.130,0.4400,1,2433,49302,22.2,77.8,0.0,100.0
159,13,512,0,0,0,1,0,1,0,0,0,0,0,0,1,1,1,0,1,0,1000000000.0000,8.130000,0.055400,8.190000,523502.5101,-100.0000,1.5930,10.620,0.0100,1,-1,-1,66.7,33.3,66.7,33.3
159,14,512,1,0,0,1,0,0,1,0,0,0,0,0,1,0,1,0,1,0,198.7761,8.170000,0.055400,8.220000,523502.5101,26.9400,1.5990,10.660,0.0100,1,2433,49302,44.4,55.6,88.9,11.1
159,16,512,0,0,0,1,0,1,0,0,1,1,1,0,0,0,1,1,1,0,200.2359,8.230000,0.055400,8.280000,523502.5101,26.8200,1.5975,10.650,0.0100,1,2433,49302,55.6,44.4,55.6,44.4
159,17,512,0,0,0,1,0,0,0,0,1,1,0,0,0,0,1,0,0,1,196.3431,8.070000,0.055400,8.130000,523502.5101,10.1200,1.5945,10.630,0.0200,1,2433,49302,77.8,22.2,66.7,33.3
159,18,512,0,0,1,1,0,0,0,1,1,0,1,1,1,0,0,0,1,1,195.8565,8.050000,0.055400,8.110000,523502.5101,10.0800,1.5975,10.650,0.0100,1,2433,49302,44.4,55.6,55.6,44.4
159,19,512,0,0,1,0,0,0,0,0,0,1,1,0,1,0,1,1,0,1,189.0441,7.770000,0.055400,7.820000,523502.5101,10.1500,1.5840,10.560,0.0300,1,2433,49302,55.6,44.4,66.7,33.3
159,20,512,0,0,0,0,1,0,1,0,0,0,0,0,1,0,0,0,1,0,173.7162,7.140000,0.055200,7.190000,523502.5101,26.7500,1.6140,10.760,0.0000,1,2433,49302,55.6,44.4,100.0,0.0
159,21,512,1,0,0,1,0,0,1,1,1,1,1,1,1,0,0,0,0,0,193.9101,7.970000,0.055400,8.020000,523502.5101,27.0800,1.5930,10.620,0.0600,1,2433,49302,44.4,55.6,55.6,44.4
159,22,512,1,0,0,1,0,0,1,0,0,0,1,1,1,0,0,1,1,1,195.6132,8.040000,0.055400,8.090000,523502.5101,10.3900,1.5825,10.550,0.0800,1,2433,49302,44.4,55.6,55.6,44.4
159,23,512,1,0,0,0,1,0,1,0,0,0,1,0,1,1,1,1,0,0,191.7204,7.880000,0.055400,7.940000,523502.5101,26.8400,1.5915,10.610,0.0700,1,2433,49302,33.3,66.7,77.8,22.2
159,25,512,1,0,0,0,0,0,0,1,0,0,1,1,1,1,1,0,1,0,193.1802,7.940000,0.055400,8.000000,523502.5101,27.0400,1.6005,10.670,0.0100,1,2433,49302,44.4,55.6,66.7,33.3
159,26,512,1,1,1,0,1,1,1,1,1,1,1,1,1,1,0,1,1,1,1000000000.0000,8.270000,0.055400,8.330000,523502.5101,-100.0000,1.5960,10.640,0.0100,1,-1,-1,11.1,88.9,11.1,88.9
159,27,512,0,0,0,1,0,0,1,1,0,0,1,1,1,0,1,0,1,0,1000000000.0000,8.300000,0.055400,8.350000,523502.5101,-100.0000,1.5945,10.630,0.0300,1,-1,-1,44.4,55.6,66.7,33.3
159,28,512,0,0,0,1,0,1,0,0,0,0,0,0,0,0,1,0,0,0,195.6132,8.040000,0.055400,8.090000,523502.5101,26.5800,1.5990,10.660,0.0000,1,2433,49302,88.9,11.1,77.8,22.2
159,29,512,0,1,1,0,1,1,1,1,1,0,0,0,1,0,0,0,0,0,198.5328,8.160000,0.055400,8.210000,523502.5101,14.5000,1.6020,10.680,0.0000,1,2433,49302,44.4,55.6,66.7,33.3
159,30,512,0,0,0,1,0,0,0,0,1,0,1,0,0,1,1,1,1,0,191.2338,7.860000,0.055400,7.920000,523502.5101,26.7100,1.5990,10.660,0.0100,1,2433,49302,55.6,44.4,66.7,33.3
159,31,512,1,0,0,0,1,0,1,0,0,0,0,0,1,0,0,1,0,1,190.9905,7.850000,0.055400,7.910000,523502.5101,10.1300,1.5990,10.660,0.0100,1,2433,49302,55.6,44.4,77.8,22.2
159,32,512,0,0,1,0,0,0,1,1,1,0,1,0,1,1,1,1,1,0,196.0998,8.060000,0.055400,8.110000,523502.5101,27.0400,1.5960,10.640,0.0000,1,2433,49302,22.2,77.8,66.7,33.3
159,33,512,1,0,1,1,1,1,1,1,0,0,1,1,1,0,1,0,0,0,205.8318,8.460000,0.055400,8.520000,523502.5101,26.8000,1.5960,10.640,0.0100,1,2433,49302,22.2,77.8,55.6,44.4
159,34,512,1,0,0,0,0,0,0,0,0,1,1,0,1,1,1,0,0,0,184.4214,7.580000,0.055400,7.630000,523502.5101,26.6700,1.5930,10.620,0.0400,1,2433,49302,55.6,44.4,77.8,22.2
159,35,512,0,1,1,1,0,1,0,0,0,1,0,0,1,0,1,1,0,0,194.3967,7.990000,0.055400,8.050000,523502.5101,15.2000,1.5375,10.250,0.3100,1,2433,49302,66.7,33.3,44.4,55.6
159,36,512,0,0,0,0,0,0,0,1,1,0,0,1,0,0,1,1,1,0,195.8565,8.050000,0.055400,8.110000,523502.5101,26.8400,1.5960,10.640,0.0000,1,2433,49302,66.7,33.3,66.7,33.3
159,37,512,1,0,0,1,0,0,1,1,1,0,1,1,1,1,1,0,1,0,207.5349,8.530000,0.055400,8.590000,523502.5101,27.2800,1.6005,10.670,0.0200,1,2433,49302,22.2,77.8,55.6,44.4
159,38,512,1,1,1,1,0,0,1,1,1,1,1,1,1,1,1,1,1,1,1000000000.0000,7.900000,0.055400,7.950000,523502.5101,-100.0000,1.5975,10.650,0.0100,1,-1,-1,11.1,88.9,11.1,88.9
159,39,512,0,0,0,1,1,0,0,0,0,1,1,1,1,1,0,1,0,0,1000000000.0000,7.810000,0.055400,7.870000,523502.5101,-100.0000,1.5735,10.490,0.2000,1,-1,-1,66.7,33.3,44.4,55.6
159,40,512,0,0,1,0,1,0,0,1,0,0,0,0,0,1,1,0,1,0,193.1802,7.940000,0.055400,7.990000,523502.5101,26.5700,1.5945,10.630,0.0100,1,2433,49302,55.6,44.4,77.8,22.2
159,41,512,1,0,1,1,0,1,1,1,1,1,1,1,0,0,0,1,0,0,198.7761,8.170000,0.055400,8.220000,523502.5101,26.8300,1.5960,10.640,0.0300,1,2433,49302,44.4,55.6,33.3,66.7
159,42,512,1,0,0,0,1,0,1,0,0,1,1,0,1,1,1,1,1,0,198.0462,8.140000,0.055400,8.200000,523502.5101,26.9800,1.5975,10.650,0.0200,1,2433,49302,22.2,77.8,66.7,33.3
159,43,512,1,0,0,1,0,0,1,1,1,1,0,1,1,1,0,0,1,0,198.7761,8.170000,0.055400,8.230000,523502.5101,6.9400,1.6020,10.680,0.0000,1,2433,49302,44.4,55.6,44.4,55.6
159,44,512,0,0,1,0,0,0,1,1,1,0,0,1,1,1,1,0,1,0,194.3967,7.990000,0.055400,8.040000,523502.5101,27.0200,1.5930,10.620,0.0200,1,2433,49302,33.3,66.7,66.7,33.3
159,46,512,0,0,1,0,0,0,0,0,0,1,1,1,1,1,0,1,0,0,193.4235,7.950000,0.055400,8.010000,523502.5101,16.9000,1.5930,10.620,0.0500,1,2433,49302,66.7,33.3,55.6,44.4
159,47,512,0,0,0,1,0,1,1,1,1,1,1,1,0,0,1,0,0,0,201.2091,8.270000,0.055400,8.330000,523502.5101,27.0900,1.5960,10.640,0.0000,1,2433,49302,55.6,44.4,44.4,55.6
159,48,512,0,0,0,1,0,0,1,1,1,0,1,1,1,1,0,0,1,0,202.6689,8.330000,0.055400,8.380000,523502.5101,27.0300,1.5930,10.620,0.0500,1,2433,49302,44.4,55.6,55.6,44.4
159,49,512,0,0,1,0,1,0,1,1,1,1,1,1,1,1,0,1,1,0,199.0194,8.180000,0.055400,8.230000,523502.5101,17.4300,1.5990,10.660,0.0000,1,2433,49302,22.2,77.8,44.4,55.6
159,50,512,1,0,1,1,1,0,1,0,1,1,0,1,1,0,1,0,1,0,192.4503,7.910000,0.055400,7.970000,523502.5101,7.0500,1.5975,10.650,0.0200,1,2433,49302,11.1,88.9,66.7,33.3
159,51,512,1,0,0,1,0,0,1,1,1,0,0,0,1,0,1,1,1,0,201.4524,8.280000,0.055400,8.330000,523502.5101,27.0200,1.5930,10.620,0.0300,1,2433,49302,33.3,66.7,66.7,33.3
159,52,512,1,0,1,0,0,0,0,0,0,1,1,0,0,1,1,1,0,1,189.5307,7.790000,0.055400,7.840000,523502.5101,10.3300,1.6005,10.670,0.0100,1,2433,49302,55.6,44.4,55.6,44.4
159,53,512,0,1,1,0,1,1,1,1,1,0,0,0,1,0,1,1,0,0,197.8029,8.130000,0.055400,8.180000,523502.5101,14.6600,1.5990,10.660,0.0000,1,2433,49302,33.3,66.7,55.6,44.4
159,54,512,0,0,1,0,0,0,0,0,0,1,1,0,0,1,1,1,1,0,190.7472,7.840000,0.055400,7.890000,523502.5101,26.5400,1.5930,10.620,0.0300,1,2433,49302,55.6,44.4,66.7,33.3
159,55,512,0,0,0,0,0,0,0,0,0,1,1,0,0,1,1,1,0,1,185.6379,7.630000,0.055400,7.680000,523502.5101,10.3300,1.6035,10.690,0.0100,1,2433,49302,77.8,22.2,55.6,44.4
159,56,512,1,0,0,1,0,1,1,1,1,1,1,1,0,0,0,0,0,0,195.6132,8.040000,0.055400,8.100000,523502.5101,26.8900,1.6005,10.670,0.0100,1,2433,49302,55.6,44.4,44.4,55.6
159,57,512,1,0,1,0,0,0,1,0,1,0,1,0,0,0,0,1,1,1,185.1513,7.610000,0.055400,7.660000,523502.5101,10.3400,1.5975,10.650,0.0200,1,2433,49302,33.3,66.7,77.8,22.2
159,58,512,0,0,0,1,1,0,0,0,0,1,1,1,1,1,1,1,0,0,192.6936,7.920000,0.055400,7.980000,523502.5101,27.0100,1.5810,10.540,0.1200,1,2433,49302,55.6,44.4,44.4,55.6
159,59,512,0,0,0,0,0,0,0,1,0,1,0,1,1,1,1,1,1,0,196.0998,8.060000,0.055400,8.110000,523502.5101,5.9100,1.5960,10.640,0.0400,1,2433,49302,66.7,33.3,44.4,55.6
159,60,512,0,0,0,1,1,0,1,1,1,0,1,1,1,1,1,0,1,0,195.1266,8.020000,0.055400,8.080000,523502.5101,27.2800,1.5945,10.630,0.0100,1,2433,49302,22.2,77.8,55.6,44.4
159,62,512,0,1,1,1,0,1,0,0,0,1,1,1,1,0,0,1,0,0,1000000000.0000,7.930000,0.055400,7.980000,523502.5101,-100.0000,1.5900,10.600,0.0700,1,-1,-1,66.7,33.3,33.3,66.7
159,63,512,1,0,0,1,1,0,1,0,0,1,0,1,1,1,1,1,1,0,193.6668,7.960000,0.055400,8.010000,523502.5101,6.9700,1.5585,10.390,0.2100,1,2433,49302,33.3,66.7,44.4,55.6
159,64,512,1,0,1,0,0,1,1,0,0,0,0,0,1,0,0,0,1,1,1000000000.0000,8.020000,0.055400,8.070000,523502.5101,-100.0000,1.5855,10.570,0.0500,1,-1,-1,44.4,55.6,77.8,22.2
159,66,512,0,0,0,1,0,0,0,0,0,0,1,0,1,0,0,0,1,0,1000000000.0000,7.880000,0.055400,7.940000,523502.5101,-100.0000,1.6005,10.670,0.0100,1,-1,-1,66.7,33.3,88.9,11.1
159,67,512,0,0,1,0,1,0,1,1,1,0,0,0,1,0,1,0,1,0,191.2338,7.860000,0.055400,7.910000,523502.5101,27.0900,1.5600,10.400,0.1700,1,2433,49302,22.2,77.8,88.9,11.1
159,68,512,1,0,0,0,0,0,0,0,0,0,0,0,1,1,0,0,0,0,191.7204,7.880000,0.055400,7.940000,523502.5101,26.5300,1.5780,10.520,0.0500,1,2433,49302,77.8,22.2,88.9,11.1
159,69,512,0,0,0,0,1,0,0,0,1,1,1,1,1,1,1,0,1,1,195.8565,8.050000,0.055400,8.100000,523502.5101,10.5200,1.6095,10.730,-0.0700,0,2433,49302,33.3,66.7,55.6,44.4
159,70,512,0,0,0,0,1,0,1,0,0,0,0,0,1,0,0,1,0,0,184.6647,7.590000,0.055400,7.640000,523502.5101,26.6000,1.5975,10.650,0.0100,1,2433,49302,66.7,33.3,88.9,11.1
159,71,512,1,1,0,1,0,0,0,1,1,1,1,0,0,0,1,1,1,0,197.3163,8.110000,0.055400,8.170000,523502.5101,17.2400,1.5975,10.650,0.0500,1,2433,49302,44.4,55.6,44.4,55.6
159,72,512,1,0,1,1,0,0,1,1,0,0,1,1,1,0,1,0,1,0,198.5328,8.160000,0.055400,8.220000,523502.5101,26.8300,1.5990,10.660,0.0200,1,2433,49302,22.2,77.8,66.7,33.3
159,73,512,1,1,1,1,0,1,1,1,1,1,1,1,1,1,1,1,0,0,185.3946,7.620000,0.055400,7.670000,523502.5101,6.9000,1.5960,10.640,0.0000,1,2433,49302,22.2,77.8,11.1,88.9
159,74,512,0,0,0,0,0,0,1,0,0,0,0,0,1,0,1,1,1,0,189.7740,7.800000,0.055400,7.850000,523502.5101,26.9100,1.5900,10.600,0.1300,1,2433,49302,55.6,44.4,88.9,11.1
159,75,512,1,0,0,0,1,0,0,1,0,0,1,1,1,1,1,0,0,0,188.8008,7.760000,0.055400,7.810000,523502.5101,26.8900,1.5990,10.660,0.0000,1,2433,49302,44.4,55.6,66.7,33.3
159,76,512,1,0,0,0,0,0,1,1,0,1,1,1,1,1,1,0,1,0,200.7225,8.250000,0.055400,8.300000,523502.5101,6.7800,1.5915,10.610,0.0500,1,2433,49302,33.3,66.7,55.6,44.4
159,77,512,1,0,0,1,1,0,1,0,0,1,1,0,1,1,1,0,0,0,199.2627,8.190000,0.055400,8.250000,523502.5101,26.8600,1.5975,10.650,0.0000,1,2433,49302,33.3,66.7,66.7,33.3
159,78,512,1,0,0,1,0,0,0,0,0,0,1,0,1,0,1,1,1,0,197.3163,8.110000,0.055400,8.170000,523502.5101,26.7000,1.5810,10.540,0.1100,1,2433,49302,44.4,55.6,77.8,22.2
159,79,512,1,1,0,0,1,0,0,0,0,0,1,1,0,1,1,0,1,1,193.9101,7.970000,0.055400,8.020000,523502.5101,2.7300,1.5765,10.510,0.1400,1,2433,49302,44.4,55.6,55.6,44.4
159,80,512,0,0,0,1,0,0,0,1,1,1,0,0,0,0,1,0,1,0,199.7493,8.210000,0.055400,8.260000,523502.5101,26.9600,1.5975,10.650,0.0300,1,2433,49302,66.7,33.3,66.7,33.3
159,81,512,1,1,0,0,0,0,0,0,0,0,0,0,0,0,1,0,0,0,199.5060,8.200000,0.055400,8.260000,523502.5101,16.9600,1.5795,10.530,0.1200,1,2433,49302,77.8,22.2,88.9,11.1
159,82,512,1,0,1,0,1,0,1,0,0,0,1,0,1,1,1,1,1,0,185.3946,7.620000,0.055400,7.670000,523502.5101,26.9800,1.5840,10.560,0.0800,1,2433,49302,11.1,88.9,77.8,22.2
159,83,512,1,0,0,0,1,0,1,1,1,0,0,0,1,1,1,0,1,0,194.6400,8.000000,0.055400,8.050000,523502.5101,27.0600,1.5945,10.630,0.0100,1,2433,49302,22.2,77.8,77.8,22.2
159,84,512,0,0,1,0,1,0,1,0,0,1,1,0,1,0,1,0,1,0,188.0709,7.730000,0.055400,7.780000,523502.5101,26.8900,1.5690,10.460,0.2300,1,2433,49302,22.2,77.8,88.9,11.1
159,85,512,1,0,1,1,1,1,1,1,0,0,1,0,0,0,0,0,0,0,204.8586,8.420000,0.055400,8.470000,523502.5101,26.4700,1.6005,10.670,0.0300,1,2433,49302,44.4,55.6,66.7,33.3
159,86,512,0,0,1,1,1,0,0,0,1,0,1,1,1,0,0,0,1,1,204.8586,8.420000,0.055400,8.470000,523502.5101,10.0700,1.5885,10.590,0.0900,1,2433,49302,33.3,66.7,66.7,33.3
159,87,512,1,0,0,1,1,0,1,0,0,1,1,0,1,1,1,1,0,0,202.9122,8.340000,0.055400,8.400000,523502.5101,26.8500,1.5960,10.640,0.0400,1,2433,49302,33.3,66.7,55.6,44.4
159,88,512,0,0,1,0,1,0,0,0,1,1,1,1,1,1,0,1,0,1,199.9926,8.220000,0.055400,8.280000,523502.5101,10.8500,1.5945,10.630,0.0000,1,2433,49302,44.4,55.6,44.4,55.6
159,89,512,1,0,1,0,0,1,1,0,0,0,0,0,1,0,1,0,1,0,195.6132,8.040000,0.055400,8.090000,523502.5101,26.7700,1.5735,10.490,0.1400,1,2433,49302,33.3,66.7,88.9,11.1
159,90,512,1,0,1,0,0,0,0,1,1,0,1,0,0,0,0,1,0,0,194.8833,8.010000,0.055400,8.060000,523502.5101,26.3800,1.5975,10.650,0.0000,1,2433,49302,55.6,44.4,77.8,22.2
159,91,512,1,0,0,1,0,0,1,1,1,1,1,0,1,1,0,0,1,0,200.2359,8.230000,0.055400,8.290000,523502.5101,26.8800,1.5990,10.660,0.0100,1,2433,49302,33.3,66.7,55.6,44.4
159,92,512,0,0,0,1,0,1,1,1,0,0,1,1,0,0,0,1,1,0,195.3699,8.030000,0.055400,8.080000,523502.5101,26.4800,1.5975,10.650,-0.0100,0,2433,49302,66.7,33.3,44.4,55.6
159,93,512,1,0,0,0,0,0,1,1,0,0,0,0,0,0,0,0,0,0,193.1802,7.940000,0.055400,8.000000,523502.5101,26.4000,1.5960,10.640,0.0300,1,2433,49302,77.8,22.2,88.9,11.1
159,94,512,0,0,1,0,0,0,0,1,1,0,0,1,1,1,0,1,1,1,186.8544,7.680000,0.055400,7.730000,523502.5101,10.9200,1.5930,10.620,0.0000,1,2433,49302,55.6,44.4,44.4,55.6
159,95,512,1,0,0,0,0,0,1,0,0,0,1,1,1,0,1,0,0,0,193.6668,7.960000,0.055400,8.010000,523502.5101,26.9800,1.5750,10.500,0.1700,1,2433,49302,44.4,55.6,88.9,11.1
159,96,512,0,0,0,1,0,0,0,1,1,1,1,1,0,0,1,1,1,0,199.5060,8.200000,0.055400,8.260000,523502.5101,26.8900,1.5915,10.610,0.0400,1,2433,49302,55.6,44.4,44.4,55.6
159,97,512,0,0,0,1,1,0,1,1,1,0,0,0,1,0,0,0,1,1,194.1534,7.980000,0.055400,8.040000,523502.5101,10.0800,1.5945,10.630,0.0000,1,2433,49302,44.4,55.6,66.7,33.3
159,98,512,1,0,1,0,0,0,0,0,0,0,0,0,1,0,0,0,0,0,179.7987,7.390000,0.055200,7.440000,523502.5101,26.5300,1.5990,10.660,0.0800,1,2433,49302,66.7,33.3,100.0,0.0
159,99,512,1,0,0,0,1,1,1,0,0,0,0,0,0,1,0,1,1,0,196.8297,8.090000,0.055400,8.140000,523502.5101,16.6000,1.5960,10.640,0.0600,1,2433,49302,55.6,44.4,66.7,33.3
160,0,512,1,0,0,1,0,0,1,0,0,0,1,0,1,0,0,1,1,1,197.5596,8.120000,0.055400,8.180000,523502.5101,10.3000,1.5990,10.660,0.0100,1,2433,49302,44.4,55.6,66.7,33.3
160,1,512,0,1,1,0,1,0,0,1,0,0,0,0,1,0,0,1,1,0,197.0730,8.100000,0.055400,8.160000,523502.5101,14.3600,1.5960,10.640,0.0200,1,2433,49302,55.6,44.4,66.7,33.3
160,2,512,0,0,0,1,1,0,1,1,0,1,1,1,1,0,1,0,1,0,201.6957,8.290000,0.055400,8.350000,523502.5101,6.7700,1.5810,10.540,0.0900,1,2433,49302,33.3,66.7,55.6,44.4
160,3,512,1,1,1,0,1,0,1,0,0,1,1,0,1,0,1,0,1,0,195.1266,8.020000,0.055400,8.080000,523502.5101,17.6800,1.6110,10.740,-0.0800,0,2433,49302,11.1,88.9,77.8,22.2
160,4,512,0,0,0,0,1,0,1,0,0,0,0,0,1,0,0,0,0,0,178.0956,7.320000,0.055200,7.370000,523502.5101,26.6500,1.6050,10.700,0.0200,1,2433,49302,66.7,33.3,100.0,0.0
160,5,512,0,0,0,0,1,0,1,1,1,0,0,0,1,0,1,0,1,0,188.5575,7.750000,0.055400,7.800000,523502.5101,27.0900,1.5615,10.410,0.2200,1,2433,49302,33.3,66.7,88.9,11.1
160,6,512,0,0,0,0,0,0,1,1,1,0,1,1,1,0,1,0,1,0,192.4503,7.910000,0.055400,7.970000,523502.5101,27.1300,1.5450,10.300,0.2700,1,2433,49302,33.3,66.7,77.8,22.2
160,7,512,0,0,1,1,1,0,0,1,1,0,0,0,1,0,0,0,1,1,198.5328,8.160000,0.055400,8.220000,523502.5101,10.0700,1.5480,10.320,0.2500,1,2433,49302,44.4,55.6,66.7,33.3
160,8,512,1,0,0,0,1,0,0,0,0,0,1,1,0,1,1,1,1,1,194.3967,7.990000,0.055400,8.040000,523502.5101,11.2600,1.5885,10.590,0.0500,1,2433,49302,44.4,55.6,55.6,44.4
160,9,512,1,1,0,1,0,0,1,1,1,0,1,1,1,1,0,0,1,0,198.7761,8.170000,0.055400,8.220000,523502.5101,17.5200,1.5930,10.620,-0.0900,0,2433,49302,33.3,66.7,44.4,55.6
160,10,512,1,1,1,1,0,0,1,1,1,1,1,1,1,1,0,1,1,1,187.3410,7.700000,0.055400,7.760000,523502.5101,5.0500,1.5990,10.660,0.0000,1,2433,49302,22.2,77.8,11.1,88.9
160,11,512,0,0,0,0,0,0,0,0,0,1,0,0,0,1,1,1,0,1,191.4771,7.870000,0.055400,7.930000,523502.5101,10.4200,1.5945,10.630,0.0100,1,2433,49302,88.9,11.1,55.6,44.4
160,12,512,0,0,0,1,0,0,0,0,0,0,1,0,0,1,0,1,1,0,190.2606,7.820000,0.055400,7.870000,523502.5101,16.6000,1.5825,10.550,0.1200,1,2433,49302,77.8,22.2,66.7,33.3
160,13,512,1,0,0,1,0,0,0,1,1,0,1,1,1,0,1,1,1,0,195.3699,8.030000,0.055400,8.090000,523502.5101,27.0200,1.6005,10.670,0.0000,1,2433,49302,33.3,66.7,55.6,44.4
160,14,512,1,0,0,0,0,0,1,0,1,1,0,0,1,0,1,0,0,0,184.9080,7.600000,0.055400,7.650000,523502.5101,26.9600,1.6020,10.680,0.0000,1,2433,49302,44.4,55.6,88.9,11.1
160,15,512,0,0,1,0,0,0,0,1,1,0,0,0,1,1,1,1,1,0,193.1802,7.940000,0.055400,8.000000,523502.5101,27.0900,1.5975,10.650,0.0100,1,2433,49302,44.4,55.6,66.7,33.3
160,16,512,0,0,1,1,1,0,0,1,1,0,1,1,1,0,0,0,0,1,203.3988,8.360000,0.055400,8.420000,523502.5101,10.0300,1.6005,10.670,0.0000,1,2433,49302,44.4,55.6,55.6,44.4
160,17,512,0,0,1,1,1,1,1,1,0,0,1,0,0,0,0,0,0,0,198.5328,8.160000,0.055400,8.220000,523502.5101,26.4700,1.5945,10.630,0.0200,1,2433,49302,55.6,44.4,66.7,33.3
160,18,512,1,0,1,1,0,1,0,0,0,1,0,0,1,0,1,1,0,0,201.4524,8.280000,0.055400,8.330000,523502.5101,26.5600,1.5885,10.590,0.0700,1,2433,49302,55.6,44.4,55.6,44.4
160,19,512,1,0,0,1,1,0,1,1,1,0,0,0,1,0,1,0,1,0,203.6421,8.370000,0.055400,8.430000,523502.5101,27.0900,1.5870,10.580,0.0600,1,2433,49302,22.2,77.8,77.8,22.2
160,20,512,0,0,0,0,1,0,1,0,0,0,0,0,1,0,1,0,0,0,173.7162,7.140000,0.055200,7.190000,523502.5101,26.8400,1.6080,10.720,0.0100,1,2433,49302,55.6,44.4,100.0,0.0
160,21,512,0,0,0,1,1,0,1,1,0,1,1,1,1,1,1,0,1,0,1000000000.0000,8.170000,0.055400,8.230000,523502.5101,-100.0000,1.5330,10.220,0.3400,1,-1,-1,33.3,66.7,44.4,55.6
160,22,512,1,0,1,0,0,0,1,0,0,0,1,0,0,0,0,1,0,0,1000000000.0000,7.610000,0.055400,7.670000,523502.5101,-100.0000,1.5900,10.600,0.0700,1,-1,-1,55.6,44.4,88.9,11.1
160,23,512,1,0,1,0,0,0,0,0,0,0,1,0,1,1,1,0,0,1,1000000000.0000,7.610000,0.055400,7.670000,523502.5101,-100.0000,1.5975,10.650,0.0100,1,-1,-1,44.4,55.6,77.8,22.2
160,24,512,1,0,1,0,1,0,1,0,0,0,1,0,1,0,1,0,1,0,175.6626,7.220000,0.055200,7.280000,523502.5101,26.9500,1.6065,10.710,0.0000,1,2433,49302,11.1,88.9,100.0,0.0
160,26,512,1,0,1,0,1,0,1,0,1,1,1,0,1,0,1,0,1,0,190.0173,7.810000,0.055400,7.870000,523502.5101,27.1400,1.5930,10.620,0.0200,1,2433,49302,0.0,100.0,88.9,11.1
160,27,512,0,0,0,1,0,0,1,1,1,0,1,1,1,1,1,1,1,0,199.0194,8.180000,0.055400,8.240000,523502.5101,27.5300,1.5945,10.630,0.0400,1,2433,49302,33.3,66.7,44.4,55.6
160,28,512,1,0,0,1,0,0,1,1,1,1,1,1,1,1,0,0,0,0,199.7493,8.210000,0.055400,8.270000,523502.5101,27.1300,1.5870,10.580,0.1000,1,2433,49302,44.4,55.6,44.4,55.6
160,29,512,1,0,0,0,0,0,1,0,0,1,0,1,1,1,1,0,0,0,193.9101,7.970000,0.055400,8.030000,523502.5101,6.8100,1.6020,10.680,0.0100,1,2433,49302,55.6,44.4,66.7,33.3
160,31,512,1,0,1,0,0,0,0,0,1,0,1,0,0,1,1,1,0,0,192.2070,7.900000,0.055400,7.960000,523502.5101,26.5800,1.5840,10.560,0.1200,1,2433,49302,44.4,55.6,77.8,22.2
160,32,512,1,0,1,1,1,1,1,1,1,1,1,1,1,1,1,1,1,1,194.6400,8.000000,0.055400,8.050000,523502.5101,23.4800,1.5960,10.640,0.0000,1,2433,49302,0.0,100.0,11.1,88.9
160,33,512,1,0,0,0,0,0,1,0,0,0,1,1,1,0,1,0,1,0,192.9369,7.930000,0.055400,7.980000,523502.5101,27.1100,1.5435,10.290,0.2700,1,2433,49302,33.3,66.7,88.9,11.1
160,34,512,1,0,1,0,0,0,0,1,0,0,1,1,1,1,1,0,1,0,199.7493,8.210000,0.055400,8.270000,523502.5101,27.0400,1.5915,10.610,0.0900,1,2433,49302,33.3,66.7,66.7,33.3
160,35,512,1,0,0,1,1,0,1,1,1,1,1,1,1,1,0,0,1,0,200.4792,8.240000,0.055400,8.290000,523502.5101,27.2200,1.5975,10.650,0.0100,1,2433,49302,22.2,77.8,44.4,55.6
160,37,512,0,1,1,1,0,1,0,0,0,1,0,0,1,0,1,0,0,0,194.1534,7.980000,0.055400,8.030000,523502.5101,15.3100,1.5960,10.640,0.0100,1,2433,49302,66.7,33.3,55.6,44.4
160,38,512,0,0,1,0,0,1,0,0,1,1,1,1,1,1,0,0,1,1,197.3163,8.110000,0.055400,8.170000,523502.5101,10.3300,1.5930,10.620,0.0200,1,2433,49302,44.4,55.6,44.4,55.6
160,39,512,1,0,0,0,0,0,0,0,0,0,1,0,0,0,0,0,0,0,177.3657,7.290000,0.055200,7.350000,523502.5101,26.3700,1.6095,10.730,0.0100,1,2433,49302,77.8,22.2,100.0,0.0
160,40,512,1,0,1,0,0,0,1,0,1,1,1,0,0,0,0,1,0,0,194.8833,8.010000,0.055400,8.070000,523502.5101,26.6300,1.5960,10.640,0.0200,1,2433,49302,44.4,55.6,77.8,22.2
160,41,512,0,0,1,0,1,0,0,0,0,1,1,0,1,0,1,0,1,0,182.7183,7.510000,0.055400,7.570000,523502.5101,26.7000,1.5450,10.300,0.2700,1,2433,49302,33.3,66.7,88.9,11.1
160,42,512,1,0,0,0,0,0,0,0,0,0,0,1,1,0,0,0,0,0,189.7740,7.800000,0.055400,7.850000,523502.5101,26.4500,1.5735,10.490,0.1600,1,2433,49302,77.8,22.2,88.9,11.1
160,43,512,0,0,0,0,0,0,0,0,0,1,1,0,0,1,1,1,1,1,190.2606,7.820000,0.055400,7.880000,523502.5101,10.7200,1.5960,10.640,0.0200,1,2433,49302,66.7,33.3,55.6,44.4
160,44,512,1,1,1,0,0,0,0,0,1,1,1,1,1,1,0,0,1,1,190.5039,7.830000,0.055400,7.890000,523502.5101,2.8600,1.5975,10.650,0.0100,1,2433,49302,33.3,66.7,44.4,55.6
160,45,512,0,1,0,1,0,0,1,1,1,1,0,0,1,0,1,0,1,0,200.9658,8.260000,0.055400,8.310000,523502.5101,14.8800,1.5945,10.630,0.0200,1,2433,49302,44.4,55.6,55.6,44.4
160,46,512,0,1,1,1,0,1,0,0,0,1,0,0,1,1,0,1,0,0,198.5328,8.160000,0.055400,8.210000,523502.5101,5.2600,1.5945,10.630,0.0400,1,2433,49302,77.8,22.2,33.3,66.7
160,47,512,1,0,0,0,1,0,0,0,0,0,1,1,0,1,0,1,1,1,186.3678,7.660000,0.055400,7.720000,523502.5101,10.6900,1.5900,10.600,0.0300,1,2433,49302,55.6,44.4,55.6,44.4
160,48,512,1,0,1,0,0,0,1,0,1,0,1,1,0,0,1,0,0,0,190.0173,7.810000,0.055400,7.870000,523502.5101,26.8200,1.5645,10.430,0.2300,1,2433,49302,33.3,66.7,88.9,11.1
160,49,512,1,0,0,0,0,0,1,0,0,0,0,0,0,0,0,0,0,0,175.4193,7.210000,0.055200,7.260000,523502.5101,26.5300,1.6095,10.730,0.0000,1,2433,49302,77.8,22.2,100.0,0.0
160,50,512,1,0,0,1,0,0,1,1,0,1,1,1,1,0,1,0,1,0,204.6153,8.410000,0.055400,8.470000,523502.5101,6.7700,1.6050,10.700,0.0100,1,2433,49302,33.3,66.7,55.6,44.4
160,51,512,1,0,0,1,0,0,1,1,0,0,0,0,1,0,0,0,1,0,196.0998,8.060000,0.055400,8.110000,523502.5101,26.5600,1.6020,10.680,0.0100,1,2433,49302,55.6,44.4,77.8,22.2
160,52,512,1,0,0,1,0,0,1,0,0,0,0,1,0,0,0,1,1,1,177.8523,7.310000,0.055400,7.370000,523502.5101,10.4100,1.6035,10.690,0.0100,1,2433,49302,66.7,33.3,55.6,44.4
160,53,512,0,0,0,1,0,1,1,1,1,0,1,1,0,0,1,0,0,0,196.8297,8.090000,0.055400,8.140000,523502.5101,26.8200,1.5780,10.520,0.1800,1,2433,49302,55.6,44.4,55.6,44.4
160,54,512,0,0,0,1,0,0,0,1,1,1,1,0,0,0,0,0,1,0,197.0730,8.100000,0.055400,8.150000,523502.5101,26.5900,1.5600,10.400,0.1600,1,2433,49302,66.7,33.3,66.7,33.3
160,55,512,1,0,0,0,0,0,0,0,0,1,1,0,1,1,1,0,1,0,197.0730,8.100000,0.055400,8.160000,523502.5101,26.7200,1.5795,10.530,0.1300,1,2433,49302,44.4,55.6,77.8,22.2
160,56,512,0,1,1,0,1,0,1,1,0,0,0,0,1,0,1,0,1,0,195.1266,8.020000,0.055400,8.080000,523502.5101,14.5400,1.5945,10.630,0.0500,1,2433,49302,33.3,66.7,77.8,22.2
160,57,512,0,0,0,0,1,0,1,0,0,0,1,0,1,0,0,1,0,1,189.0441,7.770000,0.055400,7.830000,523502.5101,10.1000,1.5960,10.640,0.0000,1,2433,49302,55.6,44.4,77.8,22.2
160,58,512,1,0,0,0,1,0,1,0,0,0,1,0,1,1,0,1,0,0,193.1802,7.940000,0.055400,8.000000,523502.5101,16.8000,1.5915,10.610,0.0800,1,2433,49302,44.4,55.6,77.8,22.2
160,59,512,0,0,1,0,0,0,0,0,1,1,1,1,1,0,0,0,1,1,185.3946,7.620000,0.055400,7.680000,523502.5101,10.0800,1.5990,10.660,0.0400,1,2433,49302,44.4,55.6,66.7,33.3
160,60,512,1,0,0,1,1,0,1,0,1,1,0,0,1,0,1,0,1,1,203.8854,8.380000,0.055400,8.430000,523502.5101,10.1000,1.5915,10.610,0.0200,1,2433,49302,22.2,77.8,66.7,33.3
160,61,512,0,0,1,1,1,0,0,1,1,1,1,1,1,0,0,0,1,1,201.4524,8.280000,0.055400,8.330000,523502.5101,10.0800,1.5960,10.640,0.0000,1,2433,49302,33.3,66.7,44.4,55.6
160,62,512,0,0,0,1,0,0,0,0,0,0,1,0,0,0,1,1,1,0,196.3431,8.070000,0.055400,8.120000,523502.5101,26.6000,1.5960,10.640,0.0200,1,2433,49302,66.7,33.3,77.8,22.2
160,63,512,0,0,0,1,1,0,0,0,1,0,1,1,1,1,1,1,0,0,204.6153,8.410000,0.055400,8.470000,523502.5101,27.2000,1.5855,10.570,0.0600,1,2433,49302,44.4,55.6,55.6,44.4
160,64,512,1,1,0,0,1,0,1,0,0,0,0,0,1,0,0,1,1,0,199.9926,8.220000,0.055400,8.270000,523502.5101,17.0600,1.5975,10.650,0.0100,1,2433,49302,44.4,55.6,77.8,22.2
160,65,512,1,0,0,1,1,0,0,0,0,0,1,1,0,1,1,0,1,1,195.1266,8.020000,0.055400,8.080000,523502.5101,10.2200,1.5945,10.630,0.0100,1,2433,49302,44.4,55.6,55.6,44.4
160,66,512,1,0,1,0,0,0,0,0,1,0,0,0,0,1,1,1,0,1,191.9637,7.890000,0.055400,7.940000,523502.5101,10.4500,1.5945,10.630,0.0300,1,2433,49302,55.6,44.4,66.7,33.3
160,67,512,1,0,1,1,1,0,0,0,1,0,0,1,1,0,1,0,1,0,202.9122,8.340000,0.055400,8.400000,523502.5101,26.8700,1.5780,10.520,0.0400,1,2433,49302,22.2,77.8,77.8,22.2
160,68,512,0,0,1,0,1,0,0,1,1,0,0,0,1,0,1,0,1,0,191.7204,7.880000,0.055400,7.940000,523502.5101,26.9700,1.5465,10.310,0.3300,1,2433,49302,33.3,66.7,88.9,11.1
160,69,512,1,0,1,0,1,0,1,0,0,0,0,0,1,1,1,1,1,0,195.3699,8.030000,0.055400,8.090000,523502.5101,27.0300,1.6035,10.690,0.0100,1,2433,49302,22.2,77.8,77.8,22.2
160,70,512,0,0,0,1,0,0,0,0,1,1,1,1,1,1,1,1,0,0,193.6668,7.960000,0.055400,8.020000,523502.5101,27.3000,1.5945,10.630,0.0200,1,2433,49302,55.6,44.4,44.4,55.6
160,71,512,0,0,0,1,0,1,1,1,0,0,0,0,0,1,0,1,1,0,199.9926,8.220000,0.055400,8.270000,523502.5101,16.5500,1.5960,10.640,0.0300,1,2433,49302,77.8,22.2,44.4,55.6
160,72,512,0,0,1,0,0,0,0,1,0,1,0,1,1,1,1,1,1,0,199.9926,8.220000,0.055400,8.270000,523502.5101,5.9100,1.5735,10.490,0.1400,1,2433,49302,55.6,44.4,44.4,55.6
160,73,512,1,0,0,1,0,0,1,0,0,0,0,1,1,0,0,1,0,0,199.2627,8.190000,0.055400,8.240000,523502.5101,26.5200,1.5945,10.630,0.0100,1,2433,49302,66.7,33.3,66.7,33.3
160,74,512,0,0,1,1,1,1,1,1,1,1,1,1,1,1,1,1,1,1,202.6689,8.330000,0.055400,8.380000,523502.5101,23.4800,1.5645,10.430,0.2200,1,2433,49302,11.1,88.9,11.1,88.9
160,75,512,0,0,0,0,0,0,0,0,1,1,1,0,0,0,1,1,1,0,193.9101,7.970000,0.055400,8.020000,523502.5101,26.8300,1.5960,10.640,0.0300,1,2433,49302,55.6,44.4,77.8,22.2
160,76,512,0,0,0,1,0,1,1,0,0,0,0,0,0,0,1,0,1,0,197.8029,8.130000,0.055400,8.190000,523502.5101,26.6900,1.5930,10.620,0.0300,1,2433,49302,66.7,33.3,77.8,22.2
160,77,512,1,1,1,1,1,1,1,1,0,0,1,0,1,1,0,0,0,0,196.8297,8.090000,0.055400,8.150000,523502.5101,19.0900,1.6050,10.700,0.0000,1,2433,49302,33.3,66.7,44.4,55.6
160,78,512,0,0,0,0,1,0,0,0,0,0,0,0,1,0,0,0,1,0,178.0956,7.320000,0.055200,7.380000,523502.5101,26.6400,1.6080,10.720,0.0000,1,2433,49302,66.7,33.3,100.0,0.0
160,79,512,0,0,0,1,1,0,0,0,0,1,1,1,1,1,1,0,0,0,197.3163,8.110000,0.055400,8.170000,523502.5101,26.9100,1.5960,10.640,0.0200,1,2433,49302,55.6,44.4,55.6,44.4
160,80,512,1,1,1,1,1,1,1,1,0,0,0,0,1,1,0,0,1,0,200.4792,8.240000,0.055400,8.300000,523502.5101,19.0800,1.5960,10.640,0.0400,1,2433,49302,33.3,66.7,44.4,55.6
160,81,512,0,0,0,1,0,0,0,0,0,1,1,1,1,1,1,0,0,0,192.4503,7.910000,0.055400,7.970000,523502.5101,26.9100,1.5975,10.650,0.0000,1,2433,49302,66.7,33.3,55.6,44.4
160,82,512,1,0,0,0,0,0,0,0,0,1,1,0,0,0,1,0,0,0,186.3678,7.660000,0.055400,7.720000,523502.5101,26.5000,1.5945,10.630,0.0100,1,2433,49302,66.7,33.3,88.9,11.1
160,83,512,0,1,1,0,1,0,0,1,0,0,0,0,1,1,1,0,1,0,201.4524,8.280000,0.055400,8.340000,523502.5101,14.6700,1.5975,10.650,0.0000,1,2433,49302,44.4,55.6,66.7,33.3
160,84,512,1,1,1,1,1,1,1,1,1,1,1,1,0,0,1,1,1,1,191.4771,7.870000,0.055400,7.930000,523502.5101,3.4500,1.5975,10.650,0.0100,1,2433,49302,11.1,88.9,11.1,88.9
160,87,512,0,0,1,0,0,1,0,0,0,0,0,0,0,0,1,0,1,0,190.7472,7.840000,0.055400,7.890000,523502.5101,26.6800,1.5675,10.450,0.2000,1,2433,49302,66.7,33.3,88.9,11.1
160,88,512,0,0,1,1,1,0,0,1,1,0,1,1,1,0,1,1,1,1,1000000000.0000,8.240000,0.055400,8.300000,523502.5101,-100.0000,1.5960,10.640,0.0300,1,-1,-1,22.2,77.8,44.4,55.6
160,89,512,1,0,0,0,0,0,0,1,0,0,1,1,1,0,1,0,1,0,194.3967,7.990000,0.055400,8.050000,523502.5101,26.8900,1.5945,10.630,0.0200,1,2433,49302,44.4,55.6,77.8,22.2
160,90,512,0,0,0,0,1,0,1,0,0,0,0,0,0,1,0,1,0,0,181.2585,7.450000,0.055400,7.500000,523502.5101,16.5800,1.5975,10.650,0.0500,1,2433,49302,77.8,22.2,77.8,22.2
160,91,512,1,0,0,0,1,0,1,0,0,1,1,0,1,1,0,1,0,0,186.1245,7.650000,0.055400,7.700000,523502.5101,16.7700,1.5945,10.630,0.0300,1,2433,49302,44.4,55.6,66.7,33.3
160,92,512,1,1,1,1,1,1,1,1,1,1,1,1,1,0,0,1,1,1,190.5039,7.830000,0.055400,7.890000,523502.5101,3.3400,1.5915,10.610,0.0500,1,2433,49302,11.1,88.9,11.1,88.9
160,93,512,1,0,0,1,0,0,0,0,0,0,0,0,1,0,0,0,0,0,195.1266,8.020000,0.055400,8.080000,523502.5101,26.5300,1.5960,10.640,0.0200,1,2433,49302,77.8,22.2,88.9,11.1
160,94,512,0,0,0,0,1,0,1,0,0,0,1,0,1,1,0,0,0,0,191.2338,7.860000,0.055400,7.920000,523502.5101,26.6400,1.5975,10.650,0.0000,1,2433,49302,55.6,44.4,88.9,11.1
160,95,512,0,0,0,1,0,0,1,1,1,0,1,1,1,1,0,0,0,0,196.5864,8.080000,0.055400,8.130000,523502.5101,26.9200,1.5870,10.580,0.0800,1,2433,49302,55.6,44.4,55.6,44.4
160,96,512,1,0,1,0,0,0,0,0,0,1,0,0,1,0,1,1,0,1,190.5039,7.830000,0.055400,7.880000,523502.5101,10.1900,1.5990,10.660,0.0100,1,2433,49302,55.6,44.4,66.7,33.3
160,97,512,0,0,1,0,1,0,0,0,1,0,1,1,1,0,1,0,1,0,186.6111,7.670000,0.055400,7.730000,523502.5101,27.0000,1.5945,10.630,0.0700,1,2433,49302,22.2,77.8,88.9,11.1
160,98,512,0,0,0,1,0,0,1,1,0,1,1,1,1,1,0,1,0,0,205.3452,8.440000,0.055400,8.490000,523502.5101,6.2500,1.5930,10.620,0.0400,1,2433,49302,66.7,33.3,33.3,66.7
160,99,512,1,0,0,1,1,0,1,0,0,1,1,0,1,0,1,0,1,0,198.5328,8.160000,0.055400,8.210000,523502.5101,26.8900,1.5960,10.640,0.0000,1,2433,49302,22.2,77.8,77.8,22.2
161,0,512,0,0,0,0,1,0,1,1,1,0,0,0,1,0,1,1,1,0,198.5328,8.160000,0.055400,8.220000,523502.5101,27.0200,1.5855,10.570,0.1400,1,2433,49302,33.3,66.7,77.8,22.2
161,1,512,1,0,0,1,1,0,1,1,1,0,0,0,0,1,1,0,1,0,194.3967,7.990000,0.055400,8.040000,523502.5101,26.7300,1.5720,10.480,0.1800,1,2433,49302,33.3,66.7,66.7,33.3
161,2,512,0,0,0,0,1,0,1,0,0,0,0,0,0,1,1,1,0,0,196.5864,8.080000,0.055400,8.130000,523502.5101,26.5900,1.5855,10.570,0.0700,1,2433,49302,66.7,33.3,77.8,22.2
161,3,512,1,0,0,1,0,0,1,1,1,1,1,1,1,1,0,0,1,1,199.2627,8.190000,0.055400,8.240000,523502.5101,10.3600,1.6005,10.670,0.0000,1,2433,49302,33.3,66.7,33.3,66.7
161,4,512,0,0,0,1,1,1,0,0,0,1,1,1,1,1,1,1,0,0,201.2091,8.270000,0.055400,8.320000,523502.5101,26.9300,1.5885,10.590,0.0400,1,2433,49302,55.6,44.4,33.3,66.7
161,5,512,0,0,1,1,1,0,1,0,0,0,0,0,1,0,0,1,0,1,198.2895,8.150000,0.055400,8.200000,523502.5101,10.1300,1.5930,10.620,0.0300,1,2433,49302,55.6,44.4,66.7,33.3
161,6,512,1,0,1,0,1,0,0,0,1,0,1,1,1,0,1,0,1,0,192.4503,7.910000,0.055400,7.960000,523502.5101,27.0000,1.5570,10.380,0.3500,1,2433,49302,11.1,88.9,88.9,11.1
161,7,512,1,0,1,1,0,1,1,1,1,1,1,1,1,1,1,1,1,1,213.6174,8.780000,0.055400,8.840000,523502.5101,23.5200,1.5975,10.650,0.0000,1,2433,49302,11.1,88.9,11.1,88.9
161,8,512,0,0,1,0,1,0,1,0,0,0,0,0,1,0,0,0,0,0,175.4193,7.210000,0.055200,7.260000,523502.5101,26.6500,1.5900,10.600,0.1200,1,2433,49302,55.6,44.4,100.0,0.0
161,9,512,1,0,1,0,0,0,0,0,1,0,1,1,0,0,1,0,0,0,191.4771,7.870000,0.055400,7.920000,523502.5101,26.7600,1.5885,10.590,0.1000,1,2433,49302,44.4,55.6,88.9,11.1
161,10,512,1,1,0,1,1,1,1,1,1,1,1,1,1,1,0,1,1,1,182.9616,7.520000,0.055400,7.580000,523502.5101,12.6800,1.5195,10.130,0.4400,1,2433,49302,22.2,77.8,0.0,100.0
161,11,512,0,0,0,1,0,0,0,0,1,1,0,0,1,1,1,1,0,0,201.6957,8.290000,0.055400,8.350000,523502.5101,26.9500,1.5945,10.630,0.0100,1,2433,49302,66.7,33.3,55.6,44.4
161,13,512,1,0,0,1,0,0,0,0,0,0,1,1,1,0,1,0,1,0,193.9101,7.970000,0.055400,8.030000,523502.5101,26.9400,1.6005,10.670,0.0100,1,2433,49302,44.4,55.6,77.8,22.2
161,14,512,1,0,0,1,1,0,1,1,1,0,0,0,1,0,0,0,1,0,193.4235,7.950000,0.055400,8.010000,523502.5101,26.9000,1.5960,10.640,0.0200,1,2433,49302,33.3,66.7,77.8,22.2
161,15,512,1,1,1,1,0,1,1,1,1,1,1,1,1,1,1,0,1,1,190.0173,7.810000,0.055400,7.860000,523502.5101,3.2000,1.5960,10.640,0.0100,1,2433,49302,11.1,88.9,11.1,88.9
161,16,512,0,0,0,0,0,0,0,0,1,1,0,0,1,0,1,0,0,0,188.5575,7.750000,0.055400,7.810000,523502.5101,26.9200,1.5795,10.530,0.1200,1,2433,49302,66.7,33.3,88.9,11.1
161,17,512,1,0,0,0,1,0,1,1,1,0,0,0,1,0,1,0,1,0,193.1802,7.940000,0.055400,8.000000,523502.5101,27.0900,1.5690,10.460,0.1500,1,2433,49302,22.2,77.8,88.9,11.1
161,18,512,1,0,0,0,0,0,0,0,1,1,0,0,1,0,0,0,1,0,180.0420,7.400000,0.055400,7.450000,523502.5101,26.8500,1.5810,10.540,0.1100,1,2433,49302,55.6,44.4,88.9,11.1
161,19,512,1,1,1,1,1,1,0,1,1,1,1,1,1,1,1,1,1,1,181.9884,7.480000,0.055400,7.540000,523502.5101,21.8600,1.5360,10.240,0.3200,1,2433,49302,11.1,88.9,0.0,100.0
161,20,512,1,0,0,0,1,0,1,0,0,1,1,0,1,0,1,0,1,0,183.4482,7.540000,0.055400,7.600000,523502.5101,26.8900,1.5975,10.650,0.0200,1,2433,49302,22.2,77.8,88.9,11.1
161,21,512,0,0,0,0,0,0,1,0,0,0,0,0,0,1,0,1,0,0,193.6668,7.960000,0.055400,8.010000,523502.5101,16.5800,1.5960,10.640,0.0300,1,2433,49302,88.9,11.1,77.8,22.2
161,23,512,1,0,0,1,0,0,1,0,0,0,1,1,0,1,0,1,1,1,195.8565,8.050000,0.055400,8.100000,523502.5101,10.7200,1.5990,10.660,0.0100,1,2433,49302,55.6,44.4,44.4,55.6
161,24,512,0,0,1,1,1,1,1,1,1,1,1,1,1,1,1,0,1,1,200.4792,8.240000,0.055400,8.300000,523502.5101,10.5500,1.6005,10.670,0.0200,1,2433,49302,11.1,88.9,22.2,77.8
161,25,512,1,0,0,0,1,0,0,0,0,0,1,1,1,0,0,1,1,1,1000000000.0000,7.880000,0.055400,7.930000,523502.5101,-100.0000,1.5945,10.630,0.0000,1,-1,-1,44.4,55.6,66.7,33.3
161,26,512,1,0,0,1,0,0,1,0,0,0,0,1,0,0,0,1,0,0,170.7966,7.020000,0.055400,7.070000,523502.5101,26.3800,1.5885,10.590,0.0700,1,2433,49302,77.8,22.2,66.7,33.3
161,27,512,1,1,1,1,1,0,1,1,1,1,1,1,1,1,0,1,1,1,195.6132,8.040000,0.055400,8.090000,523502.5101,5.3100,1.6005,10.670,0.0000,1,2433,49302,11.1,88.9,11.1,88.9
161,28,512,1,1,0,0,0,1,1,1,1,1,1,1,1,1,0,1,1,1,192.2070,7.900000,0.055400,7.960000,523502.5101,4.4000,1.6020,10.680,0.0100,1,2433,49302,33.3,66.7,11.1,88.9
161,29,512,0,0,1,1,1,0,1,0,1,0,0,1,1,0,1,0,1,0,197.3163,8.110000,0.055400,8.170000,523502.5101,26.9700,1.5975,10.650,0.0000,1,2433,49302,22.2,77.8,77.8,22.2
161,30,512,0,0,0,1,0,1,0,0,0,0,0,0,0,0,0,0,1,0,197.5596,8.120000,0.055400,8.180000,523502.5101,26.5000,1.5600,10.400,0.2600,1,2433,49302,88.9,11.1,77.8,22.2
161,31,512,1,1,1,0,0,0,0,0,0,0,0,0,1,0,0,0,0,0,178.8255,7.350000,0.055400,7.400000,523502.5101,16.8100,1.5780,10.520,0.1500,1,2433,49302,66.7,33.3,88.9,11.1
161,32,512,0,0,0,0,1,0,1,0,0,1,1,0,1,0,1,0,1,0,191.4771,7.870000,0.055400,7.920000,523502.5101,26.8900,1.5780,10.520,0.1200,1,2433,49302,33.3,66.7,88.9,11.1
161,33,512,0,0,1,1,1,0,1,1,1,0,1,1,1,0,1,0,1,0,205.1019,8.430000,0.055400,8.490000,523502.5101,27.1300,1.5945,10.630,0.0200,1,2433,49302,11.1,88.9,66.7,33.3
161,34,512,0,0,1,1,0,0,0,1,1,1,1,0,0,0,1,1,1,0,192.2070,7.900000,0.055400,7.960000,523502.5101,26.7800,1.5735,10.490,0.1500,1,2433,49302,44.4,55.6,55.6,44.4
161,36,512,0,0,0,1,0,0,1,1,1,0,1,1,1,1,1,0,1,0,201.2091,8.270000,0.055400,8.320000,523502.5101,27.2800,1.5945,10.630,0.0400,1,2433,49302,33.3,66.7,55.6,44.4
161,37,512,1,0,1,0,0,0,1,0,1,0,1,1,0,0,0,1,0,0,194.8833,8.010000,0.055400,8.060000,523502.5101,26.5300,1.5885,10.590,0.0900,1,2433,49302,44.4,55.6,77.8,22.2
161,39,512,0,0,0,0,0,0,1,0,1,1,0,0,1,0,1,0,0,0,189.2874,7.780000,0.055400,7.830000,523502.5101,26.9600,1.5375,10.250,0.4000,1,2433,49302,55.6,44.4,88.9,11.1
161,41,512,1,0,0,1,1,0,1,1,0,0,0,0,1,0,1,0,1,0,1000000000.0000,8.160000,0.055400,8.220000,523502.5101,-100.0000,1.5930,10.620,0.0400,1,-1,-1,33.3,66.7,77.8,22.2
161,42,512,1,0,0,1,0,0,1,1,1,0,1,1,1,1,1,0,0,0,202.4256,8.320000,0.055400,8.380000,523502.5101,27.1000,1.5960,10.640,0.0100,1,2433,49302,33.3,66.7,55.6,44.4
161,43,512,1,0,0,0,1,0,0,0,0,1,1,0,1,1,1,0,0,0,197.3163,8.110000,0.055400,8.160000,523502.5101,26.6700,1.5795,10.530,0.1400,1,2433,49302,44.4,55.6,77.8,22.2
161,44,512,0,0,0,0,1,0,0,0,0,0,1,1,1,0,0,0,1,0,170.5533,7.010000,0.055400,7.070000,523502.5101,26.8100,1.5675,10.450,0.1500,1,2433,49302,55.6,44.4,88.9,11.1
161,45,512,1,0,0,0,0,0,1,0,0,0,0,1,1,0,1,0,1,0,190.2606,7.820000,0.055400,7.870000,523502.5101,26.9000,1.5930,10.620,0.0500,1,2433,49302,44.4,55.6,88.9,11.1
161,46,512,1,0,0,1,0,0,1,0,1,0,1,1,0,0,1,0,0,0,199.2627,8.190000,0.055400,8.250000,523502.5101,26.8200,1.5870,10.580,0.1100,1,2433,49302,44.4,55.6,77.8,22.2
161,47,512,1,0,1,0,1,0,0,0,0,0,0,0,1,0,0,0,0,0,177.3657,7.290000,0.055200,7.350000,523502.5101,26.5300,1.6035,10.690,0.0000,1,2433,49302,55.6,44.4,100.0,0.0
161,48,512,1,0,1,0,1,0,1,0,1,0,1,0,0,0,0,1,0,0,189.5307,7.790000,0.055400,7.850000,523502.5101,26.4800,1.5975,10.650,0.0100,1,2433,49302,33.3,66.7,88.9,11.1
161,49,512,1,0,0,1,1,0,1,1,1,0,1,1,1,0,1,0,1,0,195.8565,8.050000,0.055400,8.110000,523502.5101,27.1300,1.5945,10.630,0.0300,1,2433,49302,11.1,88.9,66.7,33.3
161,50,512,0,0,0,1,0,0,1,0,0,0,0,1,0,0,0,1,1,1,193.6668,7.960000,0.055400,8.010000,523502.5101,10.4100,1.5945,10.630,0.0000,1,2433,49302,77.8,22.2,55.6,44.4
161,52,512,0,1,1,1,1,0,1,0,1,0,0,1,1,0,1,0,1,0,191.7204,7.880000,0.055400,7.940000,523502.5101,12.8500,1.5975,10.650,0.0100,1,2433,49302,22.2,77.8,66.7,33.3
161,53,512,1,0,0,1,0,1,1,1,0,0,1,1,1,1,1,0,1,0,198.0462,8.140000,0.055400,8.190000,523502.5101,27.1000,1.5330,10.220,0.4400,1,2433,49302,33.3,66.7,44.4,55.6
161,54,512,1,1,1,0,0,1,1,1,1,1,1,1,1,1,1,1,1,1,1000000000.0000,8.230000,0.055400,8.280000,523502.5101,-100.0000,1.5780,10.520,0.0400,1,-1,-1,11.1,88.9,11.1,88.9
161,55,512,1,0,1,0,0,0,1,1,0,0,1,0,0,1,1,0,1,0,199.9926,8.220000,0.055400,8.270000,523502.5101,26.5200,1.5810,10.540,-0.0500,0,2433,49302,33.3,66.7,77.8,22.2
161,56,512,1,0,1,0,0,0,1,0,1,1,0,0,1,0,1,0,1,0,190.0173,7.810000,0.055400,7.870000,523502.5101,27.0900,1.5990,10.660,0.0000,1,2433,49302,22.2,77.8,88.9,11.1
161,57,512,1,0,0,0,0,0,1,1,0,0,1,0,0,0,0,0,0,0,200.2359,8.230000,0.055400,8.280000,523502.5101,26.4100,1.5750,10.500,0.0000,1,2433,49302,66.7,33.3,88.9,11.1
161,58,512,0,0,0,1,1,0,0,0,1,1,1,0,0,0,1,1,1,0,195.6132,8.040000,0.055400,8.100000,523502.5101,26.8300,1.5840,10.560,0.0800,1,2433,49302,44.4,55.6,66.7,33.3
161,59,512,1,0,0,0,0,0,0,0,0,1,0,0,1,0,0,0,0,0,183.2049,7.530000,0.055400,7.590000,523502.5101,26.4700,1.5135,10.090,0.4800,1,2433,49302,77.8,22.2,88.9,11.1
161,60,512,1,0,0,0,0,0,1,0,0,0,0,0,0,0,1,0,0,0,172.7430,7.100000,0.055200,7.160000,523502.5101,26.6800,1.6095,10.730,0.0100,1,2433,49302,66.7,33.3,100.0,0.0
161,61,512,1,0,1,0,0,1,0,0,0,0,0,0,0,0,1,0,1,0,196.3431,8.070000,0.055400,8.120000,523502.5101,26.6800,1.5960,10.640,0.0100,1,2433,49302,55.6,44.4,88.9,11.1
161,62,512,0,0,1,0,0,0,0,1,1,1,1,0,0,0,0,0,1,0,194.1534,7.980000,0.055400,8.040000,523502.5101,26.5900,1.5825,10.550,0.1100,1,2433,49302,55.6,44.4,77.8,22.2
161,63,512,1,0,0,0,1,0,0,0,0,0,0,0,0,0,0,0,0,0,176.3925,7.250000,0.055200,7.300000,523502.5101,26.4500,1.6095,10.730,0.0100,1,2433,49302,77.8,22.2,100.0,0.0
161,64,512,0,0,0,0,0,0,1,0,0,0,0,0,1,0,0,1,0,1,189.5307,7.790000,0.055400,7.840000,523502.5101,10.1300,1.5945,10.630,0.0100,1,2433,49302,77.8,22.2,77.8,22.2
161,65,512,0,0,1,0,0,0,1,1,1,0,0,0,1,0,1,0,1,0,192.9369,7.930000,0.055400,7.980000,523502.5101,27.0900,1.5510,10.340,0.3500,1,2433,49302,33.3,66.7,88.9,11.1
161,66,512,1,0,0,0,0,0,1,0,1,1,0,0,1,0,1,0,1,0,186.6111,7.670000,0.055400,7.720000,523502.5101,27.0900,1.5765,10.510,0.1300,1,2433,49302,33.3,66.7,88.9,11.1
161,67,512,0,0,0,1,1,0,1,1,1,0,0,0,1,0,1,0,1,0,199.7493,8.210000,0.055400,8.270000,523502.5101,27.0900,1.5975,10.650,0.0100,1,2433,49302,33.3,66.7,77.8,22.2
161,68,512,1,0,0,0,1,0,0,0,0,0,0,0,1,0,0,0,1,0,174.2028,7.160000,0.055200,7.220000,523502.5101,26.6400,1.6005,10.670,0.0100,1,2433,49302,55.6,44.4,100.0,0.0
161,69,512,0,0,0,1,0,0,1,1,1,0,1,1,1,1,0,1,1,0,197.8029,8.130000,0.055400,8.190000,523502.5101,17.3000,1.5960,10.640,0.0100,1,2433,49302,44.4,55.6,44.4,55.6
161,70,512,0,1,1,1,0,1,0,1,0,1,0,0,1,0,1,1,0,0,185.3946,7.620000,0.055400,7.680000,523502.5101,1.9400,1.5975,10.650,0.0200,1,2433,49302,66.7,33.3,33.3,66.7
161,72,512,0,0,0,1,0,0,0,0,0,0,0,0,0,0,1,0,1,0,194.6400,8.000000,0.055400,8.060000,523502.5101,26.7100,1.5915,10.610,0.0400,1,2433,49302,77.8,22.2,88.9,11.1
161,73,512,0,0,1,1,1,0,0,1,0,0,0,0,1,0,1,0,1,0,196.0998,8.060000,0.055400,8.120000,523502.5101,26.8000,1.5930,10.620,0.0200,1,2433,49302,44.4,55.6,77.8,22.2
161,74,512,0,0,0,0,1,0,1,0,1,0,0,0,1,0,1,0,1,0,168.1203,6.910000,0.055200,6.960000,523502.5101,27.0200,1.6065,10.710,0.0200,1,2433,49302,33.3,66.7,100.0,0.0
161,75,512,0,0,0,1,0,0,0,1,1,0,0,1,1,1,1,1,1,0,199.7493,8.210000,0.055400,8.260000,523502.5101,27.0500,1.5855,10.570,0.0700,1,2433,49302,55.6,44.4,44.4,55.6
161,76,512,1,0,0,0,0,0,0,0,0,0,1,1,0,1,1,0,1,1,184.6647,7.590000,0.055400,7.650000,523502.5101,10.2200,1.5855,10.570,0.0900,1,2433,49302,55.6,44.4,66.7,33.3
161,77,512,0,0,0,1,0,0,0,0,0,0,1,1,1,1,0,1,0,0,1000000000.0000,8.190000,0.055400,8.240000,523502.5101,-100.0000,1.5990,10.660,0.0000,1,-1,-1,77.8,22.2,55.6,44.4
161,78,512,1,0,0,0,0,0,0,0,0,1,1,0,1,1,0,0,0,0,1000000000.0000,8.030000,0.055400,8.080000,523502.5101,-100.0000,1.6050,10.700,0.0000,1,-1,-1,66.7,33.3,77.8,22.2
161,80,512,1,1,1,1,1,1,1,1,1,0,1,1,1,1,1,1,1,1,199.5060,8.200000,0.055400,8.260000,523502.5101,8.6000,1.5975,10.650,0.0200,1,2433,49302,0.0,100.0,11.1,88.9
161,81,512,0,0,1,0,0,0,0,1,0,1,1,0,0,1,1,1,0,1,199.7493,8.210000,0.055400,8.270000,523502.5101,10.2700,1.5945,10.630,0.0200,1,2433,49302,66.7,33.3,44.4,55.6
161,82,512,1,0,1,0,0,0,0,0,0,0,0,0,1,1,0,0,0,0,177.6090,7.300000,0.055400,7.360000,523502.5101,26.5300,1.5945,10.630,0.0300,1,2433,49302,66.7,33.3,88.9,11.1
161,83,512,0,0,0,1,0,0,1,0,1,0,1,1,1,1,1,1,1,0,198.2895,8.150000,0.055400,8.200000,523502.5101,27.5700,1.6050,10.700,0.0100,1,2433,49302,33.3,66.7,55.6,44.4
161,84,512,1,0,0,0,0,1,1,0,0,0,0,0,0,0,0,0,0,0,195.6132,8.040000,0.055400,8.090000,523502.5101,26.4100,1.5960,10.640,0.0100,1,2433,49302,77.8,22.2,88.9,11.1
161,85,512,0,0,0,1,1,0,0,0,1,1,1,1,1,1,1,1,0,0,194.8833,8.010000,0.055400,8.060000,523502.5101,27.3000,1.5975,10.650,0.0200,1,2433,49302,44.4,55.6,44.4,55.6
161,86,512,0,1,1,0,1,0,0,0,0,0,0,0,1,0,1,0,1,0,194.6400,8.000000,0.055400,8.060000,523502.5101,14.6600,1.6005,10.670,0.0200,1,2433,49302,44.4,55.6,88.9,11.1
161,88,512,0,0,0,0,1,0,1,0,0,1,1,0,1,0,1,1,0,0,189.5307,7.790000,0.055400,7.850000,523502.5101,26.7100,1.5960,10.640,0.0400,1,2433,49302,44.4,55.6,77.8,22.2
161,89,512,1,0,0,0,1,0,1,1,0,1,1,0,1,1,0,1,0,0,195.1266,8.020000,0.055400,8.070000,523502.5101,6.0100,1.6005,10.670,0.0000,1,2433,49302,44.4,55.6,55.6,44.4
161,90,512,0,0,0,0,0,0,1,1,1,0,1,1,1,1,1,1,1,0,199.0194,8.180000,0.055400,8.230000,523502.5101,27.5300,1.5945,10.630,0.0300,1,2433,49302,33.3,66.7,55.6,44.4
161,91,512,1,1,1,0,1,0,1,0,0,0,1,0,1,1,1,1,1,0,193.6668,7.960000,0.055400,8.020000,523502.5101,17.7000,1.5960,10.640,0.0100,1,2433,49302,11.1,88.9,66.7,33.3
161,92,512,1,0,0,0,0,0,1,0,1,0,0,0,1,0,1,0,0,0,175.4193,7.210000,0.055200,7.270000,523502.5101,26.9100,1.6080,10.720,0.0100,1,2433,49302,44.4,55.6,100.0,0.0
161,93,512,0,0,0,1,1,0,1,0,0,0,0,0,1,0,0,1,1,0,200.2359,8.230000,0.055400,8.290000,523502.5101,26.7200,1.5945,10.630,0.0300,1,2433,49302,55.6,44.4,77.8,22.2
161,94,512,0,0,1,0,1,0,1,1,1,1,1,1,1,0,1,0,1,0,200.7225,8.250000,0.055400,8.310000,523502.5101,27.4600,1.6005,10.670,0.0000,1,2433,49302,11.1,88.9,66.7,33.3
161,95,512,1,1,1,1,1,1,1,1,1,1,0,1,1,1,1,1,1,1,176.3925,7.250000,0.055400,7.310000,523502.5101,16.5100,1.4895,9.930,0.6400,1,2433,49302,11.1,88.9,0.0,100.0
161,96,512,0,0,1,0,1,0,0,1,1,0,0,1,1,0,1,0,1,0,196.3431,8.070000,0.055400,8.130000,523502.5101,26.9400,1.5720,10.480,0.1600,1,2433,49302,33.3,66.7,77.8,22.2
161,97,512,1,0,0,1,0,0,1,0,0,0,0,0,0,0,0,1,1,1,198.0462,8.140000,0.055400,8.200000,523502.5101,10.4200,1.5945,10.630,0.0300,1,2433,49302,66.7,33.3,66.7,33.3
161,98,512,0,0,0,0,1,0,1,1,0,0,0,0,1,0,0,1,1,0,193.4235,7.950000,0.055400,8.010000,523502.5101,26.5400,1.5900,10.600,0.0800,1,2433,49302,55.6,44.4,77.8,22.2
161,99,512,1,0,0,1,0,0,0,0,0,0,0,0,0,0,1,0,0,0,190.9905,7.850000,0.055400,7.910000,523502.5101,26.6100,1.5885,10.590,0.0900,1,2433,49302,77.8,22.2,88.9,11.1
162,0,512,1,1,1,1,1,1,0,0,1,1,1,1,1,1,0,1,1,1,190.9905,7.850000,0.055400,7.900000,523502.5101,5.4600,1.5975,10.650,0.0100,1,2433,49302,22.2,77.8,11.1,88.9
162,1,512,0,0,1,0,0,1,0,0,1,1,0,0,0,0,1,0,1,0,189.5307,7.790000,0.055400,7.850000,523502.5101,26.8200,1.5945,10.630,0.0200,1,2433,49302,55.6,44.4,77.8,22.2
162,2,512,1,0,0,0,1,0,1,0,1,1,0,0,1,0,1,0,0,0,192.4503,7.910000,0.055400,7.970000,523502.5101,26.9600,1.5870,10.580,0.0900,1,2433,49302,33.3,66.7,88.9,11.1
162,3,512,0,0,1,1,1,0,0,1,1,0,1,1,1,0,1,0,1,1,197.5596,8.120000,0.055400,8.180000,523502.5101,10.0900,1.5840,10.560,0.1100,1,2433,49302,22.2,77.8,55.6,44.4
162,4,512,1,0,0,1,0,1,1,1,0,0,1,1,1,1,0,1,1,0,199.7493,8.210000,0.055400,8.260000,523502.5101,17.0000,1.5945,10.630,0.0200,1,2433,49302,44.4,55.6,33.3,66.7
162,5,512,0,0,1,1,0,1,0,0,0,1,0,0,1,0,1,1,0,0,199.0194,8.180000,0.055400,8.240000,523502.5101,26.5600,1.5765,10.510,0.0500,1,2433,49302,66.7,33.3,55.6,44.4
162,7,512,0,0,0,0,1,0,1,0,0,0,0,0,1,0,1,1,0,0,187.3410,7.700000,0.055400,7.750000,523502.5101,26.7700,1.5840,10.560,0.1100,1,2433,49302,55.6,44.4,88.9,11.1
162,8,512,0,0,0,0,1,0,1,0,1,1,0,0,1,1,0,0,1,0,197.3163,8.110000,0.055400,8.170000,523502.5101,26.9400,1.6050,10.700,0.0100,1,2433,49302,44.4,55.6,77.8,22.2
162,9,512,1,0,1,0,0,0,1,1,1,1,1,1,1,1,0,0,0,0,201.4524,8.280000,0.055400,8.330000,523502.5101,27.1300,1.5870,10.580,0.1000,1,2433,49302,33.3,66.7,55.6,44.4
162,11,512,1,0,1,0,1,0,1,0,0,1,1,1,1,1,1,1,1,0,193.1802,7.940000,0.055400,7.990000,523502.5101,27.5600,1.5975,10.650,0.0200,1,2433,49302,11.1,88.9,55.6,44.4
162,12,512,0,0,0,0,0,0,0,0,1,0,1,1,1,1,1,1,1,0,198.0462,8.140000,0.055400,8.200000,523502.5101,27.4500,1.5915,10.610,0.0600,1,2433,49302,44.4,55.6,66.7,33.3
162,13,512,0,0,0,0,1,0,1,0,0,0,1,1,1,0,0,0,1,0,187.8276,7.720000,0.055400,7.770000,523502.5101,26.9500,1.5825,10.550,0.0100,1,2433,49302,44.4,55.6,88.9,11.1
162,14,512,0,0,0,1,0,0,0,1,1,1,1,0,0,0,1,1,0,0,198.2895,8.150000,0.055400,8.210000,523502.5101,26.6500,1.5885,10.590,0.0800,1,2433,49302,66.7,33.3,55.6,44.4
162,16,512,0,0,0,1,0,0,0,1,1,1,0,1,0,0,0,0,1,0,196.3431,8.070000,0.055400,8.120000,523502.5101,6.9000,1.6005,10.670,0.0200,1,2433,49302,77.8,22.2,55.6,44.4
162,18,512,0,0,1,1,0,0,0,1,1,0,0,0,1,0,0,0,1,1,197.0730,8.100000,0.055400,8.150000,523502.5101,10.0700,1.5990,10.660,0.0100,1,2433,49302,55.6,44.4,66.7,33.3
162,19,512,1,0,0,0,0,0,1,1,1,1,1,1,1,1,0,0,0,0,199.5060,8.200000,0.055400,8.260000,523502.5101,27.1300,1.5930,10.620,0.0300,1,2433,49302,44.4,55.6,55.6,44.4
162,21,512,1,1,0,0,0,0,1,0,0,0,0,0,0,0,1,0,0,0,188.5575,7.750000,0.055400,7.810000,523502.5101,17.0500,1.5990,10.660,0.0000,1,2433,49302,66.7,33.3,88.9,11.1
162,22,512,0,0,1,0,0,1,1,1,1,1,1,0,1,0,1,0,1,0,199.0194,8.180000,0.055400,8.230000,523502.5101,27.4600,1.5930,10.620,0.0300,1,2433,49302,22.2,77.8,66.7,33.3
162,23,512,1,0,1,1,1,0,0,0,0,0,1,0,0,1,1,0,1,1,199.2627,8.190000,0.055400,8.240000,523502.5101,10.0400,1.5825,10.550,0.1300,1,2433,49302,33.3,66.7,66.7,33.3
162,24,512,0,0,0,1,0,1,1,1,0,0,0,0,0,0,0,0,1,0,198.0462,8.140000,0.055400,8.200000,523502.5101,26.4800,1.6020,10.680,0.0000,1,2433,49302,77.8,22.2,66.7,33.3
162,26,512,1,0,0,0,0,0,1,0,0,1,1,0,1,0,1,0,1,0,184.9080,7.600000,0.055400,7.650000,523502.5101,26.8900,1.5765,10.510,0.1500,1,2433,49302,33.3,66.7,88.9,11.1
162,27,512,0,0,1,0,1,0,1,1,1,0,0,0,1,0,0,0,1,0,189.5307,7.790000,0.055400,7.850000,523502.5101,26.9000,1.5600,10.400,0.1800,1,2433,49302,33.3,66.7,88.9,11.1
162,28,512,1,0,0,1,0,0,1,0,0,0,0,1,0,0,1,0,0,0,196.3431,8.070000,0.055400,8.130000,523502.5101,26.6500,1.5990,10.660,0.0100,1,2433,49302,66.7,33.3,77.8,22.2
162,30,512,0,0,0,0,1,0,0,0,0,0,1,1,1,0,1,0,1,0,182.9616,7.520000,0.055400,7.580000,523502.5101,26.9400,1.5780,10.520,0.0500,1,2433,49302,44.4,55.6,88.9,11.1
162,31,512,0,0,0,1,0,0,0,0,1,1,1,0,0,0,0,1,1,0,199.0194,8.180000,0.055400,8.230000,523502.5101,26.6000,1.5615,10.410,0.2300,1,2433,49302,66.7,33.3,66.7,33.3
162,32,512,0,0,0,1,0,0,0,0,0,1,1,1,1,0,0,1,0,0,197.3163,8.110000,0.055400,8.160000,523502.5101,26.6300,1.5930,10.620,0.0600,1,2433,49302,77.8,22.2,55.6,44.4
162,33,512,1,0,0,1,1,0,1,0,0,1,1,0,1,1,1,1,1,0,205.3452,8.440000,0.055400,8.500000,523502.5101,26.9800,1.6020,10.680,0.0000,1,2433,49302,22.2,77.8,55.6,44.4
162,34,512,0,0,0,1,0,0,1,1,1,0,1,0,1,1,1,0,1,0,200.9658,8.260000,0.055400,8.320000,523502.5101,27.0100,1.5990,10.660,0.0000,1,2433,49302,33.3,66.7,66.7,33.3
162,35,512,1,0,0,0,0,0,1,1,0,0,0,0,1,0,0,0,0,0,190.9905,7.850000,0.055400,7.910000,523502.5101,26.4500,1.5960,10.640,0.0200,1,2433,49302,66.7,33.3,88.9,11.1
162,36,512,0,0,0,1,0,0,0,0,0,1,0,0,1,1,0,1,0,0,197.3163,8.110000,0.055400,8.170000,523502.5101,16.6600,1.5915,10.610,0.0500,1,2433,49302,88.9,11.1,55.6,44.4
162,38,512,1,0,0,0,0,0,0,0,0,1,0,0,1,0,0,0,1,0,190.9905,7.850000,0.055400,7.910000,523502.5101,26.5900,1.5930,10.620,0.0200,1,2433,49302,66.7,33.3,88.9,11.1
162,39,512,1,1,0,1,0,1,1,1,1,1,1,1,1,1,1,1,1,1,176.3925,7.250000,0.055400,7.300000,523502.5101,18.9500,1.5510,10.340,0.2300,1,2433,49302,22.2,77.8,0.0,100.0
162,40,512,0,0,1,0,0,0,1,0,1,0,1,1,1,1,1,1,1,0,189.0441,7.770000,0.055400,7.830000,523502.5101,27.5700,1.5945,10.630,0.0400,1,2433,49302,22.2,77.8,66.7,33.3
162,41,512,1,1,1,1,1,1,1,1,1,1,1,0,1,1,1,1,1,1,199.2627,8.190000,0.055400,8.240000,523502.5101,4.6500,1.6020,10.680,0.0000,1,2433,49302,0.0,100.0,11.1,88.9
162,42,512,0,0,1,1,0,1,0,1,1,1,1,0,0,0,1,1,1,0,196.0998,8.060000,0.055400,8.110000,523502.5101,7.1900,1.5870,10.580,0.0900,1,2433,49302,44.4,55.6,44.4,55.6
162,43,512,1,0,0,1,1,0,1,0,0,0,0,1,0,0,0,1,1,1,196.3431,8.070000,0.055400,8.120000,523502.5101,10.4100,1.6005,10.670,0.0100,1,2433,49302,55.6,44.4,55.6,44.4
162,44,512,1,0,0,1,1,0,1,0,0,1,1,0,1,1,0,1,0,0,198.2895,8.150000,0.055400,8.200000,523502.5101,16.7700,1.5960,10.640,0.0200,1,2433,49302,44.4,55.6,55.6,44.4
162,45,512,0,0,0,0,1,0,1,0,0,0,0,0,0,0,0,1,0,1,195.3699,8.030000,0.055400,8.090000,523502.5101,10.1800,1.5930,10.620,0.0100,1,2433,49302,77.8,22.2,77.8,22.2
162,46,512,1,0,1,1,0,1,1,1,1,1,1,1,1,1,0,1,1,1,197.3163,8.110000,0.055400,8.160000,523502.5101,11.3900,1.5840,10.560,0.0700,1,2433,49302,22.2,77.8,11.1,88.9
162,47,512,1,0,0,0,0,0,0,0,1,1,1,1,1,0,0,0,1,0,193.4235,7.950000,0.055400,8.000000,523502.5101,26.9400,1.5945,10.630,0.0400,1,2433,49302,44.4,55.6,77.8,22.2
162,48,512,1,0,0,0,1,0,1,0,0,1,1,1,1,0,1,0,0,0,192.9369,7.930000,0.055400,7.990000,523502.5101,27.0800,1.5945,10.630,0.0300,1,2433,49302,33.3,66.7,77.8,22.2
162,49,512,0,0,0,1,0,0,1,0,0,0,0,1,0,0,0,1,0,0,195.3699,8.030000,0.055400,8.090000,523502.5101,26.3800,1.5765,10.510,0.0100,1,2433,49302,88.9,11.1,66.7,33.3
162,50,512,1,0,0,0,0,0,1,0,0,0,1,1,0,0,0,0,0,0,189.0441,7.770000,0.055400,7.830000,523502.5101,26.5800,1.5525,10.350,0.2200,1,2433,49302,66.7,33.3,88.9,11.1
162,51,512,1,0,0,0,1,0,1,0,0,1,1,1,1,1,1,1,0,0,194.1534,7.980000,0.055400,8.040000,523502.5101,27.2500,1.6020,10.680,0.0000,1,2433,49302,33.3,66.7,55.6,44.4
162,52,512,1,0,0,0,1,0,0,0,1,1,0,0,1,0,0,0,1,0,191.2338,7.860000,0.055400,7.910000,523502.5101,26.8500,1.5960,10.640,0.0100,1,2433,49302,44.4,55.6,88.9,11.1
162,53,512,0,0,0,1,0,0,0,0,0,1,1,1,0,0,0,1,0,0,190.9905,7.850000,0.055400,7.910000,523502.5101,26.4000,1.5945,10.630,0.0200,1,2433,49302,88.9,11.1,55.6,44.4
162,54,512,0,0,0,0,1,0,1,0,1,0,0,0,1,0,0,0,0,0,173.7162,7.140000,0.055200,7.190000,523502.5101,26.7200,1.6065,10.710,0.0100,1,2433,49302,55.6,44.4,100.0,0.0
162,55,512,0,0,0,0,1,0,0,0,0,1,1,1,1,1,1,1,0,0,194.1534,7.980000,0.055400,8.040000,523502.5101,27.0100,1.5885,10.590,0.0900,1,2433,49302,55.6,44.4,55.6,44.4
162,56,512,1,1,1,0,0,1,0,0,0,0,0,0,1,0,0,0,0,0,193.4235,7.950000,0.055400,8.010000,523502.5101,16.5500,1.5870,10.580,0.1000,1,2433,49302,66.7,33.3,77.8,22.2
162,57,512,1,1,0,1,1,1,1,1,1,1,1,1,1,1,0,1,1,0,183.9348,7.560000,0.055400,7.610000,523502.5101,5.1900,1.6020,10.680,0.0100,1,2433,49302,22.2,77.8,11.1,88.9
162,58,512,1,0,0,0,0,0,0,0,0,0,0,1,1,0,0,0,1,1,186.8544,7.680000,0.055400,7.740000,523502.5101,10.0400,1.5870,10.580,0.0600,1,2433,49302,66.7,33.3,77.8,22.2
162,59,512,1,0,1,0,1,0,1,0,1,0,1,0,1,1,1,1,1,0,201.6957,8.290000,0.055400,8.350000,523502.5101,27.0100,1.5855,10.570,0.0800,1,2433,49302,0.0,100.0,77.8,22.2
162,60,512,1,0,0,0,0,0,1,0,0,0,0,0,1,0,1,0,0,0,179.5554,7.380000,0.055200,7.430000,523502.5101,26.8400,1.6035,10.690,0.0100,1,2433,49302,55.6,44.4,100.0,0.0
162,61,512,0,0,1,0,1,0,1,1,1,1,0,0,1,0,1,0,1,0,195.6132,8.040000,0.055400,8.090000,523502.5101,27.1800,1.5795,10.530,0.0400,1,2433,49302,22.2,77.8,77.8,22.2
162,62,512,1,0,1,1,1,0,1,0,1,0,0,1,1,0,0,0,1,0,202.4256,8.320000,0.055400,8.380000,523502.5101,26.7700,1.5780,10.520,0.1400,1,2433,49302,22.2,77.8,77.8,22.2
162,64,512,0,0,1,0,0,1,1,1,0,0,0,0,0,0,1,0,1,0,200.7225,8.250000,0.055400,8.310000,523502.5101,26.6200,1.5975,10.650,0.0200,1,2433,49302,55.6,44.4,77.8,22.2
162,65,512,1,0,0,1,0,0,1,0,0,0,0,1,1,1,0,1,1,1,200.2359,8.230000,0.055400,8.290000,523502.5101,10.9200,1.5930,10.620,0.0200,1,2433,49302,55.6,44.4,44.4,55.6
162,66,512,0,0,0,1,0,0,1,1,0,0,1,1,1,1,1,0,1,0,196.0998,8.060000,0.055400,8.110000,523502.5101,27.0200,1.5990,10.660,0.0100,1,2433,49302,44.4,55.6,55.6,44.4
162,68,512,0,0,1,0,1,0,0,0,0,1,1,0,1,0,1,0,1,1,1000000000.0000,7.690000,0.055400,7.750000,523502.5101,-100.0000,1.5885,10.590,0.0600,1,-1,-1,33.3,66.7,77.8,22.2
162,69,512,1,1,1,1,1,1,1,1,1,1,0,1,1,1,1,1,0,1,1000000000.0000,6.885000,0.055400,6.940000,523502.5101,-100.0000,1.5150,10.100,0.4800,1,-1,-1,22.2,77.8,0.0,100.0
162,70,512,0,0,1,0,1,0,1,1,0,1,0,0,1,0,1,0,1,0,196.8297,8.090000,0.055400,8.150000,523502.5101,6.5800,1.5660,10.440,0.1900,1,2433,49302,33.3,66.7,77.8,22.2
162,71,512,1,0,0,0,1,0,1,1,1,0,0,0,0,0,1,0,1,0,191.2338,7.860000,0.055400,7.920000,523502.5101,26.8200,1.5585,10.390,0.1800,1,2433,49302,33.3,66.7,88.9,11.1
162,72,512,0,0,0,0,0,0,1,0,1,1,1,1,1,0,1,0,0,0,181.9884,7.480000,0.055400,7.540000,523502.5101,27.1900,1.5930,10.620,0.0500,1,2433,49302,44.4,55.6,77.8,22.2
162,74,512,1,0,0,1,0,1,1,1,0,0,1,1,1,0,1,0,1,0,203.3988,8.360000,0.055400,8.410000,523502.5101,26.9000,1.5990,10.660,0.0100,1,2433,49302,33.3,66.7,55.6,44.4
162,76,512,0,0,1,1,1,0,0,1,0,0,1,1,1,0,0,0,1,1,195.3699,8.030000,0.055400,8.080000,523502.5101,10.0600,1.5795,10.530,0.1500,1,2433,49302,44.4,55.6,55.6,44.4
162,77,512,1,0,0,1,0,1,0,0,0,0,0,0,0,0,1,0,1,0,199.9926,8.220000,0.055400,8.280000,523502.5101,26.6800,1.5930,10.620,0.0600,1,2433,49302,66.7,33.3,77.8,22.2
162,78,512,1,0,0,1,0,0,0,0,1,1,1,1,1,1,1,1,0,0,195.1266,8.020000,0.055400,8.080000,523502.5101,27.3000,1.6005,10.670,0.0100,1,2433,49302,44.4,55.6,44.4,55.6
162,79,512,1,1,1,1,1,1,1,1,0,0,1,1,1,1,1,1,1,1,187.8276,7.720000,0.055400,7.780000,523502.5101,8.3900,1.5915,10.610,0.0100,1,2433,49302,11.1,88.9,11.1,88.9
162,80,512,0,0,0,0,1,0,1,0,0,0,0,0,1,1,0,0,1,0,181.7451,7.470000,0.055400,7.530000,523502.5101,26.7800,1.5975,10.650,0.0100,1,2433,49302,55.6,44.4,88.9,11.1
162,81,512,0,0,1,1,1,0,0,0,1,0,1,1,1,1,1,1,0,0,197.5596,8.120000,0.055400,8.170000,523502.5101,27.2000,1.5960,10.640,0.0000,1,2433,49302,33.3,66.7,55.6,44.4
162,82,512,1,1,1,0,0,0,1,0,0,0,0,0,1,0,0,0,0,0,1000000000.0000,7.950000,0.055400,8.010000,523502.5101,-100.0000,1.5975,10.650,0.0100,1,-1,-1,55.6,44.4,88.9,11.1
162,84,512,0,0,0,0,0,0,1,0,0,0,0,0,0,0,1,0,0,0,176.6358,7.260000,0.055200,7.320000,523502.5101,26.6800,1.5990,10.660,0.1000,1,2433,49302,77.8,22.2,100.0,0.0
162,85,512,1,0,0,1,0,0,1,0,1,1,0,1,0,0,0,1,1,1,208.9947,8.590000,0.055400,8.640000,523502.5101,10.4100,1.5960,10.640,0.0000,1,2433,49302,55.6,44.4,44.4,55.6
162,86,512,1,1,1,0,0,0,0,0,1,0,0,0,1,0,0,0,0,0,193.1802,7.940000,0.055400,8.000000,523502.5101,16.9700,1.5855,10.570,0.1300,1,2433,49302,55.6,44.4,88.9,11.1
162,87,512,1,0,0,0,0,0,1,0,1,0,1,1,0,0,1,0,0,0,191.2338,7.860000,0.055400,7.920000,523502.5101,26.8200,1.5990,10.660,0.0100,1,2433,49302,44.4,55.6,88.9,11.1
162,88,512,1,0,0,0,0,0,1,1,0,0,1,1,1,0,1,0,1,0,191.9637,7.890000,0.055400,7.950000,523502.5101,26.8300,1.5435,10.290,0.2800,1,2433,49302,33.3,66.7,77.8,22.2
162,89,512,0,0,0,0,1,0,1,0,0,0,0,0,1,0,1,0,1,0,174.6894,7.180000,0.055200,7.230000,523502.5101,26.9400,1.5945,10.630,0.0200,1,2433,49302,44.4,55.6,100.0,0.0
162,90,512,1,0,1,0,0,0,0,0,0,1,1,0,1,1,1,0,0,0,192.2070,7.900000,0.055400,7.950000,523502.5101,26.6700,1.6005,10.670,0.0300,1,2433,49302,44.4,55.6,77.8,22.2
162,91,512,0,0,0,1,1,0,1,0,0,0,0,0,1,0,0,1,0,1,198.5328,8.160000,0.055400,8.210000,523502.5101,10.1300,1.5975,10.650,0.0100,1,2433,49302,66.7,33.3,66.7,33.3
162,92,512,1,1,1,0,0,0,0,0,0,0,0,0,0,0,0,0,0,0,191.9637,7.890000,0.055400,7.950000,523502.5101,16.7800,1.5945,10.630,0.0000,1,2433,49302,77.8,22.2,88.9,11.1
162,93,512,1,0,1,0,1,0,1,0,1,0,1,1,0,0,1,0,0,0,183.2049,7.530000,0.055400,7.580000,523502.5101,26.8200,1.5690,10.460,0.1900,1,2433,49302,22.2,77.8,88.9,11.1
162,94,512,0,0,0,1,0,0,0,1,1,1,1,0,1,0,0,0,1,0,194.6400,8.000000,0.055400,8.060000,523502.5101,26.7000,1.5990,10.660,0.0100,1,2433,49302,55.6,44.4,66.7,33.3
162,96,512,0,0,1,1,0,0,0,1,1,1,1,1,0,0,1,1,1,0,201.2091,8.270000,0.055400,8.330000,523502.5101,26.8900,1.5900,10.600,0.0500,1,2433,49302,44.4,55.6,44.4,55.6
162,97,512,0,0,1,0,1,0,0,0,1,0,1,1,1,1,1,1,0,0,192.9369,7.930000,0.055400,7.980000,523502.5101,27.2000,1.5765,10.510,0.0500,1,2433,49302,33.3,66.7,66.7,33.3
162,98,512,1,0,0,1,0,0,1,1,1,1,1,1,1,1,1,0,0,0,197.5596,8.120000,0.055400,8.170000,523502.5101,27.4500,1.5945,10.630,0.0400,1,2433,49302,33.3,66.7,44.4,55.6
162,99,512,1,0,0,0,1,0,1,0,0,1,1,0,1,0,0,0,1,0,188.3142,7.740000,0.055400,7.790000,523502.5101,26.7100,1.5975,10.650,0.0100,1,2433,49302,33.3,66.7,88.9,11.1
163,0,512,1,1,0,0,0,1,1,1,1,1,1,1,1,1,1,1,1,1,190.9905,7.850000,0.055400,7.910000,523502.5101,17.9700,1.5930,10.620,0.0400,1,2433,49302,22.2,77.8,11.1,88.9
163,1,512,1,0,0,0,0,0,1,0,0,1,0,0,1,0,1,0,0,0,191.7204,7.880000,0.055400,7.950000,523502.5101,26.7800,1.5960,10.640,0.0100,1,2433,49302,55.6,44.4,88.9,11.1
163,2,512,1,0,0,0,1,0,0,0,0,1,1,0,1,0,1,0,0,0,191.4771,7.870000,0.055400,7.930000,523502.5101,26.6200,1.5975,10.650,0.0200,1,2433,49302,44.4,55.6,88.9,11.1
163,4,512,1,1,0,0,1,1,1,1,1,1,1,1,1,1,0,1,1,1,202.1823,8.310000,0.055400,8.360000,523502.5101,4.5200,1.6005,10.670,0.0000,1,2433,49302,22.2,77.8,11.1,88.9
163,5,512,1,0,1,0,1,0,1,0,0,1,1,1,1,0,1,0,1,0,190.7472,7.840000,0.055400,7.900000,523502.5101,27.2100,1.5990,10.660,0.0200,1,2433,49302,11.1,88.9,77.8,22.2
163,6,512,1,1,1,1,0,1,1,1,0,1,1,1,1,1,0,1,1,1,172.2564,7.080000,0.055400,7.130000,523502.5101,12.6300,1.5375,10.250,0.3100,1,2433,49302,33.3,66.7,0.0,100.0
163,7,512,0,0,1,0,1,0,1,0,1,1,1,0,1,0,1,0,1,0,186.3678,7.660000,0.055400,7.710000,523502.5101,27.1400,1.5825,10.550,0.0100,1,2433,49302,11.1,88.9,88.9,11.1
163,8,512,1,1,1,1,0,1,1,1,1,0,1,1,1,1,1,1,1,1,196.5864,8.080000,0.055400,8.140000,523502.5101,6.7800,1.5885,10.590,0.0200,1,2433,49302,11.1,88.9,11.1,88.9
163,9,512,0,0,1,0,0,0,1,0,1,0,1,0,1,1,1,1,1,0,195.3699,8.030000,0.055400,8.080000,523502.5101,27.0100,1.5765,10.510,0.1600,1,2433,49302,22.2,77.8,77.8,22.2
163,10,512,1,0,0,0,1,0,1,0,1,0,1,0,1,1,1,1,0,0,192.2070,7.900000,0.055400,7.960000,523502.5101,26.8600,1.5930,10.620,0.0500,1,2433,49302,22.2,77.8,77.8,22.2
163,12,512,1,0,0,1,0,1,1,1,1,0,1,1,1,1,1,0,1,0,201.9390,8.300000,0.055400,8.360000,523502.5101,27.4600,1.5870,10.580,0.1200,1,2433,49302,22.2,77.8,44.4,55.6
163,13,512,1,1,0,0,1,0,1,1,1,0,0,0,1,0,1,0,1,0,200.7225,8.250000,0.055400,8.310000,523502.5101,17.5900,1.5915,10.610,0.0300,1,2433,49302,22.2,77.8,77.8,22.2
163,14,512,1,0,1,0,0,0,1,0,1,0,1,1,1,1,1,1,1,0,195.3699,8.030000,0.055400,8.080000,523502.5101,27.5700,1.5945,10.630,0.0200,1,2433,49302,11.1,88.9,66.7,33.3
163,15,512,0,0,1,0,0,1,1,1,1,1,1,0,1,0,1,0,1,1,195.8565,8.050000,0.055400,8.110000,523502.5101,10.0600,1.5870,10.580,0.0900,1,2433,49302,22.2,77.8,55.6,44.4
163,16,512,1,0,0,1,0,0,0,0,1,1,1,1,1,1,1,0,0,0,204.3720,8.400000,0.055400,8.460000,523502.5101,27.1800,1.6005,10.670,0.0200,1,2433,49302,44.4,55.6,55.6,44.4
163,17,512,1,0,1,1,1,0,1,0,1,0,1,1,1,0,1,0,1,0,198.0462,8.140000,0.055400,8.190000,523502.5101,27.1400,1.5990,10.660,0.0000,1,2433,49302,0.0,100.0,77.8,22.2
163,18,512,1,1,0,0,0,0,0,0,0,0,0,0,1,0,0,0,0,0,195.1266,8.020000,0.055400,8.080000,523502.5101,16.7900,1.5825,10.550,0.1200,1,2433,49302,77.8,22.2,88.9,11.1
163,20,512,1,0,1,0,0,0,1,0,1,0,1,0,0,0,1,0,1,0,179.5554,7.380000,0.055200,7.430000,523502.5101,26.8600,1.6035,10.690,0.0500,1,2433,49302,22.2,77.8,100.0,0.0
163,21,512,0,0,1,0,0,0,1,1,1,0,1,1,1,1,1,1,1,0,191.4771,7.870000,0.055400,7.930000,523502.5101,27.5300,1.5960,10.640,0.0100,1,2433,49302,22.2,77.8,55.6,44.4
163,22,512,1,1,1,1,1,1,1,1,1,1,0,1,1,1,1,1,1,0,184.6647,7.590000,0.055400,7.640000,523502.5101,7.1700,1.5165,10.110,0.5200,1,2433,49302,11.1,88.9,11.1,88.9
163,23,512,1,0,0,0,1,0,1,1,0,1,0,0,1,0,1,0,1,0,196.5864,8.080000,0.055400,8.140000,523502.5101,6.5800,1.5690,10.460,0.1400,1,2433,49302,33.3,66.7,77.8,22.2
163,24,512,1,0,0,1,0,0,1,0,0,0,0,0,0,0,0,1,0,0,198.7761,8.170000,0.055400,8.230000,523502.5101,26.4400,1.5885,10.590,0.0700,1,2433,49302,77.8,22.2,77.8,22.2
163,25,512,1,0,1,0,1,0,1,0,0,0,1,0,1,0,0,0,1,0,1000000000.0000,7.270000,0.055200,7.330000,523502.5101,-100.0000,1.5990,10.660,0.0200,1,-1,-1,22.2,77.8,100.0,0.0
163,26,512,0,1,0,0,0,1,0,0,0,1,0,0,1,0,1,1,0,0,202.4256,8.320000,0.055400,8.370000,523502.5101,14.1600,1.5900,10.600,0.0800,1,2433,49302,77.8,22.2,55.6,44.4
163,27,512,0,0,0,1,0,0,1,0,0,0,0,0,0,0,1,0,0,0,196.3431,8.070000,0.055400,8.120000,523502.5101,26.6800,1.5960,10.640,0.0200,1,2433,49302,77.8,22.2,88.9,11.1
163,28,512,1,0,1,0,1,0,1,0,0,0,1,1,1,1,1,1,1,0,183.9348,7.560000,0.055400,7.620000,523502.5101,27.5400,1.5780,10.520,0.1200,1,2433,49302,11.1,88.9,66.7,33.3
163,29,512,1,0,0,1,1,0,1,0,1,0,1,1,0,0,1,0,0,0,201.2091,8.270000,0.055400,8.330000,523502.5101,26.8200,1.6035,10.690,0.0200,1,2433,49302,33.3,66.7,77.8,22.2
163,30,512,1,0,1,1,0,0,0,0,0,0,0,1,1,0,0,0,0,0,195.3699,8.030000,0.055400,8.080000,523502.5101,26.4500,1.5945,10.630,0.0500,1,2433,49302,66.7,33.3,77.8,22.2
163,32,512,1,0,0,0,0,0,0,0,1,1,1,0,1,1,1,0,0,0,189.2874,7.780000,0.055400,7.830000,523502.5101,26.8200,1.5525,10.350,0.3400,1,2433,49302,44.4,55.6,77.8,22.2
163,33,512,0,0,1,0,0,1,1,1,0,1,1,0,1,0,1,0,1,0,201.9390,8.300000,0.055400,8.350000,523502.5101,6.6400,1.5960,10.640,0.0200,1,2433,49302,33.3,66.7,66.7,33.3
163,34,512,0,0,0,1,0,0,1,0,1,1,1,1,1,1,1,1,1,0,190.7472,7.840000,0.055400,7.890000,523502.5101,27.8300,1.5750,10.500,0.1300,1,2433,49302,33.3,66.7,44.4,55.6
163,35,512,1,0,1,0,1,0,1,0,1,1,1,1,1,0,1,0,1,0,190.7472,7.840000,0.055400,7.890000,523502.5101,27.3100,1.5945,10.630,0.0100,1,2433,49302,0.0,100.0,77.8,22.2
163,36,512,0,0,0,0,1,0,1,0,0,1,0,0,1,0,1,0,1,0,192.2070,7.900000,0.055400,7.960000,523502.5101,26.8900,1.5930,10.620,0.0000,1,2433,49302,44.4,55.6,88.9,11.1
163,37,512,1,0,0,0,0,0,0,0,0,0,0,0,1,0,0,0,1,0,1000000000.0000,7.250000,0.055200,7.310000,523502.5101,-100.0000,1.6080,10.720,0.0000,1,-1,-1,66.7,33.3,100.0,0.0
163,38,512,0,0,1,1,1,1,0,1,1,1,1,1,1,1,1,1,1,1,1000000000.0000,8.330000,0.055400,8.380000,523502.5101,-100.0000,1.5990,10.660,0.0100,1,-1,-1,22.2,77.8,11.1,88.9
163,39,512,0,0,0,0,0,0,1,0,0,0,1,1,0,0,0,0,0,0,189.0441,7.770000,0.055400,7.830000,523502.5101,26.5800,1.5660,10.440,0.2100,1,2433,49302,77.8,22.2,88.9,11.1
163,40,512,1,1,0,1,0,1,1,1,1,1,1,1,1,1,1,1,1,0,188.0709,7.730000,0.055400,7.790000,523502.5101,5.7400,1.6005,10.670,0.0000,1,2433,49302,22.2,77.8,11.1,88.9
163,42,512,1,1,1,1,1,1,1,1,1,1,0,1,1,1,0,1,1,1,177.1224,7.280000,0.055400,7.330000,523502.5101,12.5600,1.5930,10.620,0.0100,1,2433,49302,22.2,77.8,0.0,100.0
163,43,512,1,0,0,1,1,1,1,1,1,1,1,1,1,1,0,1,1,1,203.1555,8.350000,0.055400,8.410000,523502.5101,11.4400,1.5945,10.630,0.0100,1,2433,49302,22.2,77.8,11.1,88.9
163,44,512,1,1,1,0,0,0,0,0,0,0,1,1,1,0,0,0,0,0,195.8565,8.050000,0.055400,8.100000,523502.5101,17.0100,1.5960,10.640,0.0200,1,2433,49302,55.6,44.4,77.8,22.2
163,45,512,0,0,0,0,1,0,0,0,0,0,1,1,1,0,0,0,0,0,190.0173,7.810000,0.055400,7.870000,523502.5101,26.6900,1.5510,10.340,0.2700,1,2433,49302,66.7,33.3,88.9,11.1
163,46,512,1,0,0,0,1,0,1,0,1,0,1,0,1,0,1,0,1,0,176.3925,7.250000,0.055200,7.310000,523502.5101,27.0200,1.6065,10.710,0.0200,1,2433,49302,11.1,88.9,100.0,0.0
163,47,512,1,0,1,0,1,0,1,0,0,1,1,0,1,1,1,1,1,1,187.0977,7.690000,0.055400,7.750000,523502.5101,10.9400,1.5975,10.650,0.0200,1,2433,49302,11.1,88.9,55.6,44.4
163,48,512,0,0,0,0,1,0,0,0,0,0,0,1,1,0,0,0,1,0,185.1513,7.610000,0.055400,7.660000,523502.5101,26.5800,1.5855,10.570,0.1100,1,2433,49302,66.7,33.3,88.9,11.1
163,49,512,1,0,0,1,1,0,0,0,0,0,0,0,1,0,0,0,1,0,194.8833,8.010000,0.055400,8.060000,523502.5101,26.6400,1.5945,10.630,0.0200,1,2433,49302,55.6,44.4,88.9,11.1
163,50,512,1,0,0,0,0,0,1,1,0,0,1,0,1,0,1,0,1,0,191.7204,7.880000,0.055400,7.930000,523502.5101,26.7500,1.5930,10.620,0.0100,1,2433,49302,33.3,66.7,88.9,11.1
163,51,512,0,0,0,1,0,0,1,0,1,0,1,1,1,0,1,1,1,0,201.6957,8.290000,0.055400,8.350000,523502.5101,27.1000,1.5930,10.620,0.0400,1,2433,49302,33.3,66.7,66.7,33.3
163,52,512,0,0,0,1,1,1,0,0,1,0,1,1,1,1,1,1,0,0,198.7761,8.170000,0.055400,8.230000,523502.5101,27.1100,1.5960,10.640,0.0200,1,2433,49302,44.4,55.6,44.4,55.6
163,53,512,0,0,0,0,1,0,1,0,0,0,1,1,1,0,0,1,0,1,176.6358,7.260000,0.055400,7.310000,523502.5101,10.1400,1.5975,10.650,0.0000,1,2433,49302,55.6,44.4,66.7,33.3
163,54,512,0,0,0,0,1,0,1,1,0,1,0,0,1,0,1,0,1,0,197.0730,8.100000,0.055400,8.150000,523502.5101,6.5800,1.5600,10.400,0.2300,1,2433,49302,44.4,55.6,77.8,22.2
163,55,512,1,1,1,1,1,1,1,1,1,1,0,1,1,1,1,0,1,1,183.6915,7.550000,0.055400,7.610000,523502.5101,2.9300,1.5975,10.650,0.0200,1,2433,49302,11.1,88.9,11.1,88.9
163,56,512,0,0,0,0,1,0,1,0,0,0,0,0,1,1,0,0,1,1,189.2874,7.780000,0.055400,7.840000,523502.5101,10.1600,1.5930,10.620,0.0200,1,2433,49302,55.6,44.4,77.8,22.2
163,57,512,0,0,1,1,1,0,1,0,0,1,1,0,1,1,1,1,0,0,201.9390,8.300000,0.055400,8.350000,523502.5101,26.8500,1.5960,10.640,0.0200,1,2433,49302,33.3,66.7,55.6,44.4
163,58,512,0,0,0,1,1,0,1,0,1,0,0,0,1,0,1,0,1,0,193.6668,7.960000,0.055400,8.010000,523502.5101,27.0200,1.5990,10.660,0.0200,1,2433,49302,33.3,66.7,88.9,11.1
163,59,512,0,0,1,0,1,0,1,0,1,0,1,1,1,1,1,1,1,0,198.0462,8.140000,0.055400,8.200000,523502.5101,27.5700,1.5570,10.380,0.1100,1,2433,49302,11.1,88.9,66.7,33.3
163,60,512,1,0,1,0,0,0,1,0,0,0,1,0,1,0,1,0,1,0,174.4461,7.170000,0.055200,7.230000,523502.5101,26.9500,1.5915,10.610,0.0700,1,2433,49302,22.2,77.8,100.0,0.0
163,61,512,0,0,0,0,0,0,0,0,0,0,1,0,0,1,1,1,1,0,192.6936,7.920000,0.055400,7.970000,523502.5101,26.5100,1.6035,10.690,0.0100,1,2433,49302,66.7,33.3,77.8,22.2
163,62,512,1,1,1,1,0,1,1,1,0,0,1,1,1,1,0,1,1,1,199.5060,8.200000,0.055400,8.250000,523502.5101,4.3800,1.5870,10.580,0.0500,1,2433,49302,33.3,66.7,11.1,88.9
163,63,512,0,0,1,0,0,1,1,1,1,1,1,1,1,0,1,0,1,0,200.9658,8.260000,0.055400,8.320000,523502.5101,27.6300,1.6005,10.670,0.0100,1,2433,49302,22.2,77.8,55.6,44.4
163,64,512,0,0,1,0,0,0,1,1,1,0,0,0,1,1,1,0,1,0,194.6400,8.000000,0.055400,8.050000,523502.5101,27.0600,1.5900,10.600,0.0600,1,2433,49302,33.3,66.7,77.8,22.2
163,65,512,1,1,1,1,1,0,0,1,1,1,1,1,1,1,1,1,1,1,196.3431,8.070000,0.055400,8.120000,523502.5101,19.8300,1.5990,10.660,0.0200,1,2433,49302,11.1,88.9,11.1,88.9
163,67,512,0,0,0,0,0,0,1,1,1,0,1,1,1,0,0,0,1,0,192.9369,7.930000,0.055400,7.990000,523502.5101,27.0100,1.5450,10.300,0.2600,1,2433,49302,44.4,55.6,77.8,22.2
163,68,512,0,1,1,1,0,1,0,0,1,0,0,0,1,0,1,1,0,0,197.5596,8.120000,0.055400,8.170000,523502.5101,15.3300,1.5930,10.620,0.0500,1,2433,49302,55.6,44.4,55.6,44.4
163,69,512,1,0,1,0,1,0,1,0,0,1,1,0,1,0,1,1,1,0,197.8029,8.130000,0.055400,8.190000,523502.5101,26.8600,1.6035,10.690,0.0100,1,2433,49302,11.1,88.9,77.8,22.2
163,70,512,1,1,1,1,1,1,1,1,1,1,1,1,1,1,1,1,1,0,195.6132,8.040000,0.055400,8.090000,523502.5101,23.7300,1.5960,10.640,0.0000,1,2433,49302,0.0,100.0,11.1,88.9
163,71,512,1,0,0,0,1,0,1,0,1,0,0,1,1,0,1,0,1,0,192.2070,7.900000,0.055400,7.960000,523502.5101,26.9700,1.5990,10.660,0.0000,1,2433,49302,22.2,77.8,88.9,11.1
163,73,512,0,0,0,0,0,0,1,0,0,0,0,0,1,0,1,0,1,0,174.9327,7.190000,0.055200,7.240000,523502.5101,26.9400,1.5945,10.630,0.0100,1,2433,49302,55.6,44.4,100.0,0.0
163,74,512,1,0,0,0,1,0,0,0,0,0,0,1,1,0,0,0,0,0,185.1513,7.610000,0.055400,7.670000,523502.5101,26.4500,1.6005,10.670,0.0100,1,2433,49302,66.7,33.3,88.9,11.1
163,75,512,1,0,0,0,1,0,1,0,0,1,1,0,1,0,1,0,1,1,191.4771,7.870000,0.055400,7.920000,523502.5101,10.0200,1.5960,10.640,0.0100,1,2433,49302,22.2,77.8,77.8,22.2
163,76,512,1,0,0,0,0,0,1,1,0,0,0,1,1,0,0,0,0,0,197.5596,8.120000,0.055400,8.180000,523502.5101,26.3700,1.5945,10.630,0.0200,1,2433,49302,66.7,33.3,77.8,22.2
163,78,512,1,1,1,1,1,1,1,1,1,1,0,0,1,1,0,1,1,1,190.5039,7.830000,0.055400,7.890000,523502.5101,3.9700,1.5825,10.550,0.0900,1,2433,49302,22.2,77.8,11.1,88.9
163,79,512,1,0,1,0,1,0,0,0,1,1,0,0,1,1,0,0,0,0,1000000000.0000,7.660000,0.055400,7.710000,523502.5101,-100.0000,1.5870,10.580,0.0600,1,-1,-1,44.4,55.6,77.8,22.2
163,80,512,1,1,1,1,1,1,1,1,1,1,1,1,1,1,1,1,0,0,182.7183,7.510000,0.055400,7.560000,523502.5101,22.0600,1.5930,10.620,0.0500,1,2433,49302,11.1,88.9,11.1,88.9
163,81,512,0,0,1,1,1,0,0,1,1,0,1,1,1,0,0,0,0,0,199.5060,8.200000,0.055400,8.260000,523502.5101,26.7400,1.5960,10.640,0.0200,1,2433,49302,44.4,55.6,66.7,33.3
163,82,512,1,0,0,1,0,1,0,0,0,0,1,1,1,1,1,0,1,0,198.5328,8.160000,0.055400,8.220000,523502.5101,27.0900,1.5885,10.590,0.0800,1,2433,49302,44.4,55.6,55.6,44.4
163,83,512,0,0,0,1,1,0,1,0,1,0,1,1,1,1,1,1,0,0,192.4503,7.910000,0.055400,7.970000,523502.5101,27.3000,1.6005,10.670,0.0100,1,2433,49302,33.3,66.7,55.6,44.4
163,84,512,1,0,0,0,0,0,0,0,0,0,1,1,0,0,0,0,0,0,190.2606,7.820000,0.055400,7.880000,523502.5101,26.4800,1.5825,10.550,0.1500,1,2433,49302,77.8,22.2,88.9,11.1
163,85,512,1,1,1,1,1,1,1,1,0,0,0,1,1,1,1,1,1,1,192.9369,7.930000,0.055400,7.980000,523502.5101,7.5100,1.5975,10.650,0.0200,1,2433,49302,22.2,77.8,11.1,88.9
163,86,512,0,0,0,1,1,0,0,0,0,1,1,1,1,1,1,1,1,1,200.9658,8.260000,0.055400,8.310000,523502.5101,14.0000,1.5960,10.640,0.0100,1,2433,49302,44.4,55.6,33.3,66.7
163,88,512,0,0,0,1,0,1,0,0,1,1,0,0,0,0,1,0,1,0,195.6132,8.040000,0.055400,8.100000,523502.5101,26.8200,1.5930,10.620,0.0200,1,2433,49302,66.7,33.3,66.7,33.3
163,89,512,0,0,0,1,1,0,0,0,0,0,1,1,1,0,1,0,1,0,197.3163,8.110000,0.055400,8.160000,523502.5101,26.9400,1.5450,10.300,0.2600,1,2433,49302,44.4,55.6,77.8,22.2
163,90,512,1,0,0,1,0,0,1,0,0,0,0,0,1,0,1,0,0,0,195.1266,8.020000,0.055400,8.070000,523502.5101,26.8400,1.5960,10.640,0.0200,1,2433,49302,55.6,44.4,88.9,11.1
163,91,512,0,0,0,0,0,0,1,0,0,0,1,1,1,0,1,0,0,0,179.3121,7.370000,0.055400,7.420000,523502.5101,26.9800,1.5870,10.580,0.1000,1,2433,49302,55.6,44.4,88.9,11.1
163,92,512,0,0,0,0,0,0,1,0,1,1,1,1,1,0,0,0,0,0,1000000000.0000,8.080000,0.055400,8.140000,523502.5101,-100.0000,1.5990,10.660,0.0100,1,-1,-1,55.6,44.4,77.8,22.2
163,93,512,0,0,1,0,1,0,1,1,1,0,0,0,1,0,1,1,1,0,199.5060,8.200000,0.055400,8.250000,523502.5101,27.0200,1.5870,10.580,0.0800,1,2433,49302,22.2,77.8,77.8,22.2
163,94,512,1,1,1,0,0,0,0,0,0,0,0,0,1,0,1,0,0,0,198.2895,8.150000,0.055400,8.210000,523502.5101,17.0100,1.5975,10.650,0.0100,1,2433,49302,55.6,44.4,88.9,11.1
163,95,512,0,0,0,1,0,0,0,0,1,1,1,0,0,0,0,0,1,0,198.7761,8.170000,0.055400,8.230000,523502.5101,26.6400,1.5765,10.510,0.1500,1,2433,49302,66.7,33.3,77.8,22.2
163,96,512,1,1,0,1,0,1,0,0,1,1,1,1,1,1,1,1,1,1,189.0441,7.770000,0.055400,7.830000,523502.5101,8.2600,1.5930,10.620,0.0200,1,2433,49302,33.3,66.7,11.1,88.9
163,97,512,0,0,1,1,1,0,0,1,1,0,0,1,1,0,0,0,1,1,191.4771,7.870000,0.055400,7.930000,523502.5101,10.0700,1.5840,10.560,0.1100,1,2433,49302,44.4,55.6,55.6,44.4
163,98,512,1,0,1,0,1,0,1,1,0,0,0,0,1,0,0,0,0,0,192.4503,7.910000,0.055400,7.970000,523502.5101,26.4500,1.5960,10.640,0.0300,1,2433,49302,44.4,55.6,88.9,11.1
163,99,512,0,0,1,0,1,0,1,0,0,0,0,0,1,0,0,1,0,1,185.1513,7.610000,0.055400,7.660000,523502.5101,10.1300,1.5885,10.590,0.0500,1,2433,49302,55.6,44.4,77.8,22.2
164,0,512,1,0,1,1,1,0,1,0,1,0,0,1,1,0,1,1,1,0,196.5864,8.080000,0.055400,8.130000,523502.5101,26.9200,1.5990,10.660,0.0200,1,2433,49302,11.1,88.9,66.7,33.3
164,3,512,0,0,0,0,0,0,1,0,0,0,0,0,0,0,0,0,0,0,175.4193,7.210000,0.055200,7.270000,523502.5101,26.5300,1.6080,10.720,0.0300,1,2433,49302,88.9,11.1,100.0,0.0
164,4,512,1,0,0,0,0,0,1,0,1,1,0,0,1,0,1,1,0,0,196.8297,8.090000,0.055400,8.150000,523502.5101,26.8800,1.5870,10.580,-0.0500,0,2433,49302,44.4,55.6,77.8,22.2
164,5,512,1,0,0,1,0,1,1,0,0,0,0,1,0,0,0,1,0,0,169.0935,6.950000,0.055400,7.010000,523502.5101,26.2300,1.5945,10.630,0.0200,1,2433,49302,77.8,22.2,55.6,44.4
164,6,512,1,0,1,0,1,0,0,0,1,0,0,0,1,0,1,0,1,0,180.5286,7.420000,0.055200,7.470000,523502.5101,26.9000,1.6140,10.760,0.0000,1,2433,49302,22.2,77.8,100.0,0.0
164,7,512,1,0,0,1,0,1,1,1,1,1,1,1,1,1,1,1,1,1,202.4256,8.320000,0.055400,8.380000,523502.5101,23.5200,1.5945,10.630,0.0100,1,2433,49302,22.2,77.8,11.1,88.9
164,8,512,0,0,0,0,1,0,0,0,1,1,0,1,1,0,0,0,1,0,191.2338,7.860000,0.055400,7.910000,523502.5101,6.8800,1.5945,10.630,0.0200,1,2433,49302,55.6,44.4,77.8,22.2
164,9,512,1,0,0,0,0,0,1,1,0,1,1,1,1,0,1,0,1,0,195.1266,8.020000,0.055400,8.080000,523502.5101,6.7700,1.5960,10.640,0.0000,1,2433,49302,33.3,66.7,66.7,33.3
164,10,512,0,0,1,0,0,0,1,0,1,0,1,1,1,0,1,1,1,0,195.6132,8.040000,0.055400,8.100000,523502.5101,27.1000,1.5960,10.640,0.0500,1,2433,49302,22.2,77.8,77.8,22.2
164,11,512,1,1,0,1,1,1,1,1,1,1,1,1,1,0,0,1,1,1,197.5596,8.120000,0.055400,8.170000,523502.5101,3.0300,1.5930,10.620,0.0200,1,2433,49302,22.2,77.8,11.1,88.9
164,12,512,1,0,1,0,0,0,0,0,0,1,0,0,1,0,0,0,0,0,189.0441,7.770000,0.055400,7.830000,523502.5101,26.4700,1.5930,10.620,0.0500,1,2433,49302,66.7,33.3,88.9,11.1
164,13,512,0,0,1,0,0,1,0,0,1,1,1,0,1,0,1,0,1,0,191.7204,7.880000,0.055400,7.930000,523502.5101,26.9500,1.5945,10.630,0.0500,1,2433,49302,33.3,66.7,77.8,22.2
164,14,512,1,0,0,0,0,0,1,0,0,0,1,1,0,0,1,0,0,0,190.2606,7.820000,0.055400,7.880000,523502.5101,26.7300,1.5825,10.550,0.1100,1,2433,49302,55.6,44.4,88.9,11.1
164,15,512,1,0,1,0,0,0,1,1,1,0,1,1,0,0,1,0,0,0,199.9926,8.220000,0.055400,8.280000,523502.5101,26.7900,1.5510,10.340,0.3200,1,2433,49302,33.3,66.7,77.8,22.2
164,16,512,0,0,0,0,1,0,0,0,0,0,1,1,1,1,0,0,1,0,193.4235,7.950000,0.055400,8.000000,523502.5101,26.8700,1.5990,10.660,0.0100,1,2433,49302,55.6,44.4,77.8,22.2
164,18,512,1,1,1,1,0,1,1,1,1,1,1,0,1,1,0,1,1,1,195.1266,8.020000,0.055400,8.070000,523502.5101,3.5100,1.5975,10.650,0.0000,1,2433,49302,22.2,77.8,11.1,88.9
164,19,512,0,0,1,0,1,0,0,0,0,1,1,1,1,1,1,1,0,0,194.1534,7.980000,0.055400,8.030000,523502.5101,27.0100,1.5990,10.660,0.0100,1,2433,49302,44.4,55.6,55.6,44.4
164,20,512,0,0,1,0,1,0,1,0,0,0,1,0,1,0,1,0,1,0,177.1224,7.280000,0.055200,7.330000,523502.5101,26.9500,1.6065,10.710,0.0100,1,2433,49302,22.2,77.8,100.0,0.0
164,21,512,0,0,0,1,1,0,1,0,0,0,0,0,1,0,0,0,1,0,194.3967,7.990000,0.055400,8.050000,523502.5101,26.7500,1.5960,10.640,0.0100,1,2433,49302,55.6,44.4,88.9,11.1
164,22,512,1,0,0,1,0,0,1,0,1,0,1,0,0,0,1,0,0,0,193.9101,7.970000,0.055400,8.020000,523502.5101,26.7300,1.5975,10.650,0.0100,1,2433,49302,44.4,55.6,88.9,11.1
164,24,512,1,1,0,1,0,1,1,1,1,1,1,1,1,1,1,0,1,1,193.9101,7.970000,0.055400,8.020000,523502.5101,3.0900,1.5930,10.620,0.0400,1,2433,49302,22.2,77.8,11.1,88.9
164,25,512,1,0,1,0,0,0,1,0,1,0,1,1,1,1,1,0,1,0,1000000000.0000,7.960000,0.055400,8.020000,523502.5101,-100.0000,1.5900,10.600,0.0700,1,-1,-1,11.1,88.9,77.8,22.2
164,26,512,1,0,1,0,0,0,1,0,1,1,1,0,1,0,1,0,1,0,189.2874,7.780000,0.055400,7.840000,523502.5101,27.1400,1.5990,10.660,0.0400,1,2433,49302,11.1,88.9,88.9,11.1
164,27,512,1,1,1,1,0,1,0,0,1,1,1,1,1,1,0,1,1,1,190.5039,7.830000,0.055400,7.890000,523502.5101,5.0600,1.5990,10.660,0.0100,1,2433,49302,33.3,66.7,11.1,88.9
164,29,512,0,1,1,1,0,1,0,0,0,1,0,0,1,1,1,1,0,0,198.0462,8.140000,0.055400,8.200000,523502.5101,15.3400,1.5945,10.630,0.0200,1,2433,49302,66.7,33.3,33.3,66.7
164,30,512,0,0,0,1,0,0,0,0,1,1,1,0,0,0,1,0,1,0,195.3699,8.030000,0.055400,8.090000,523502.5101,26.8400,1.5945,10.630,0.0200,1,2433,49302,55.6,44.4,77.8,22.2
164,32,512,1,0,0,0,0,0,0,0,0,1,1,1,1,0,0,0,0,0,194.8833,8.010000,0.055400,8.070000,523502.5101,26.6600,1.5840,10.560,0.1200,1,2433,49302,66.7,33.3,77.8,22.2
164,33,512,1,1,0,1,0,1,1,1,1,0,1,1,1,1,1,0,1,0,193.1802,7.940000,0.055400,8.000000,523502.5101,17.2300,1.5945,10.630,0.0200,1,2433,49302,22.2,77.8,33.3,66.7
164,36,512,0,0,1,0,1,0,1,0,0,1,1,0,1,1,1,0,1,0,193.9101,7.970000,0.055400,8.030000,523502.5101,26.9300,1.5840,10.560,0.1000,1,2433,49302,22.2,77.8,77.8,22.2
164,38,512,0,0,1,0,1,0,0,1,1,0,0,0,1,1,1,0,1,0,191.4771,7.870000,0.055400,7.930000,523502.5101,27.0300,1.5915,10.610,0.0900,1,2433,49302,33.3,66.7,77.8,22.2
164,39,512,0,0,0,0,0,1,1,1,1,1,1,1,1,0,1,0,1,0,202.6689,8.330000,0.055400,8.390000,523502.5101,27.6300,1.5960,10.640,0.0500,1,2433,49302,33.3,66.7,55.6,44.4
164,41,512,1,1,0,0,1,1,1,1,1,1,1,1,1,1,1,1,1,1,182.4750,7.500000,0.055400,7.560000,523502.5101,18.6200,1.5945,10.630,0.0100,1,2433,49302,11.1,88.9,11.1,88.9
164,42,512,1,1,1,1,1,1,1,0,1,1,0,1,1,1,1,1,1,1,199.5060,8.200000,0.055400,8.260000,523502.5101,8.3000,1.5960,10.640,0.0100,1,2433,49302,11.1,88.9,11.1,88.9
164,43,512,1,0,1,0,1,0,1,0,0,0,1,0,1,0,1,1,1,0,188.3142,7.740000,0.055400,7.800000,523502.5101,26.9400,1.5930,10.620,0.0200,1,2433,49302,11.1,88.9,88.9,11.1
164,44,512,0,1,1,0,1,0,1,0,0,0,0,0,1,0,1,0,1,0,202.4256,8.320000,0.055400,8.380000,523502.5101,14.7800,1.5930,10.620,0.0400,1,2433,49302,33.3,66.7,88.9,11.1
164,45,512,1,0,1,0,0,0,1,0,0,0,1,1,1,0,1,0,1,0,186.1245,7.650000,0.055400,7.710000,523502.5101,27.1100,1.5615,10.410,0.2300,1,2433,49302,22.2,77.8,88.9,11.1
164,46,512,0,0,0,1,1,0,1,0,1,0,1,1,1,1,1,1,1,0,201.6957,8.290000,0.055400,8.340000,523502.5101,27.5700,1.5765,10.510,0.1300,1,2433,49302,22.2,77.8,55.6,44.4
164,47,512,1,0,0,0,0,1,1,1,1,0,1,1,1,1,1,0,1,0,200.7225,8.250000,0.055400,8.300000,523502.5101,27.4600,1.5915,10.610,0.0300,1,2433,49302,22.2,77.8,55.6,44.4
164,48,512,1,0,0,0,0,0,1,0,0,0,0,1,0,0,0,1,0,0,195.1266,8.020000,0.055400,8.070000,523502.5101,26.3800,1.5990,10.660,0.0000,1,2433,49302,77.8,22.2,77.8,22.2
164,49,512,0,0,0,1,1,0,0,0,0,0,1,1,1,0,1,1,1,0,202.6689,8.330000,0.055400,8.380000,523502.5101,26.8900,1.5990,10.660,0.0000,1,2433,49302,44.4,55.6,66.7,33.3
164,50,512,1,0,1,0,1,0,0,0,0,1,1,1,1,1,1,1,1,0,197.3163,8.110000,0.055400,8.160000,523502.5101,27.2800,1.5915,10.610,0.0400,1,2433,49302,22.2,77.8,55.6,44.4
164,52,512,0,0,0,0,1,0,1,0,1,0,0,0,1,0,0,0,1,0,178.0956,7.320000,0.055200,7.370000,523502.5101,26.8200,1.5990,10.660,0.0600,1,2433,49302,44.4,55.6,100.0,0.0
164,54,512,0,0,1,0,1,0,0,0,1,0,1,1,1,1,0,1,0,0,197.8029,8.130000,0.055400,8.190000,523502.5101,17.0700,1.5795,10.530,0.1700,1,2433,49302,44.4,55.6,66.7,33.3
164,55,512,1,1,1,1,1,1,1,1,1,1,0,1,1,1,0,1,1,0,197.0730,8.100000,0.055400,8.160000,523502.5101,6.1900,1.5930,10.620,0.0600,1,2433,49302,22.2,77.8,11.1,88.9
164,56,512,1,0,0,0,0,0,1,0,0,1,0,0,1,0,0,0,0,0,190.0173,7.810000,0.055400,7.870000,523502.5101,26.5700,1.5405,10.270,0.3600,1,2433,49302,66.7,33.3,88.9,11.1
164,57,512,0,0,1,0,1,0,1,1,1,0,1,1,1,0,1,1,1,0,200.7225,8.250000,0.055400,8.310000,523502.5101,27.0900,1.5990,10.660,0.0000,1,2433,49302,11.1,88.9,66.7,33.3
164,59,512,1,1,1,0,0,1,1,1,0,1,1,1,1,1,0,1,1,1,197.0730,8.100000,0.055400,8.150000,523502.5101,4.3700,1.5930,10.620,0.0100,1,2433,49302,33.3,66.7,11.1,88.9
164,60,512,0,0,1,1,1,1,1,1,1,1,0,1,1,1,1,1,0,0,1000000000.0000,8.260000,0.055400,8.320000,523502.5101,-100.0000,1.5735,10.490,0.1400,1,-1,-1,33.3,66.7,22.2,77.8
164,61,512,1,1,1,1,1,1,0,1,1,0,1,1,1,1,1,1,1,1,200.7225,8.250000,0.055400,8.300000,523502.5101,7.5800,1.5960,10.640,0.0200,1,2433,49302,11.1,88.9,11.1,88.9
164,62,512,0,0,1,1,0,1,1,1,1,1,1,1,1,1,1,1,1,1,190.9905,7.850000,0.055400,7.900000,523502.5101,23.5200,1.5915,10.610,0.0400,1,2433,49302,22.2,77.8,11.1,88.9
164,63,512,0,0,0,1,1,0,0,0,0,0,1,1,1,0,0,0,1,0,194.6400,8.000000,0.055400,8.050000,523502.5101,26.8100,1.5375,10.250,0.4300,1,2433,49302,55.6,44.4,77.8,22.2
164,64,512,1,0,1,0,1,0,0,0,0,0,1,1,1,0,1,0,1,0,184.9080,7.600000,0.055400,7.650000,523502.5101,26.9400,1.5675,10.450,0.1300,1,2433,49302,22.2,77.8,88.9,11.1
164,66,512,1,0,0,0,1,0,1,0,1,0,1,0,1,0,1,0,1,1,185.3946,7.620000,0.055400,7.680000,523502.5101,10.0300,1.5975,10.650,0.0300,1,2433,49302,11.1,88.9,88.9,11.1
164,67,512,0,1,1,0,1,0,0,1,1,1,0,0,1,0,1,0,1,0,198.7761,8.170000,0.055400,8.220000,523502.5101,15.0200,1.6020,10.680,0.0200,1,2433,49302,33.3,66.7,66.7,33.3
164,68,512,0,0,1,0,1,0,0,0,1,0,1,1,1,1,1,1,1,0,189.7740,7.800000,0.055400,7.850000,523502.5101,27.4500,1.6005,10.670,0.0000,1,2433,49302,22.2,77.8,66.7,33.3
164,70,512,0,0,0,0,0,0,1,0,1,1,1,1,1,1,1,1,1,0,197.8029,8.130000,0.055400,8.190000,523502.5101,27.8300,1.5975,10.650,0.0500,1,2433,49302,33.3,66.7,55.6,44.4
164,71,512,0,0,1,1,1,0,0,0,1,0,1,1,1,0,1,0,1,0,195.1266,8.020000,0.055400,8.080000,523502.5101,27.0000,1.5600,10.400,0.1800,1,2433,49302,22.2,77.8,77.8,22.2
164,72,512,1,1,1,1,1,1,1,1,1,1,1,0,1,1,1,1,0,0,192.2070,7.900000,0.055400,7.950000,523502.5101,21.0700,1.6020,10.680,0.0100,1,2433,49302,11.1,88.9,22.2,77.8
164,73,512,1,1,0,0,0,0,1,0,0,0,1,1,0,0,0,0,0,0,193.9101,7.970000,0.055400,8.030000,523502.5101,16.8800,1.5975,10.650,0.0000,1,2433,49302,66.7,33.3,77.8,22.2
164,75,512,1,1,0,0,1,0,1,0,1,0,0,0,1,0,1,0,1,0,190.9905,7.850000,0.055400,7.900000,523502.5101,17.4000,1.5945,10.630,0.0300,1,2433,49302,22.2,77.8,88.9,11.1
164,76,512,0,0,0,0,0,0,0,0,0,1,1,0,1,1,1,0,0,0,193.4235,7.950000,0.055400,8.000000,523502.5101,26.6700,1.5960,10.640,0.0200,1,2433,49302,66.7,33.3,77.8,22.2
164,77,512,1,0,1,0,1,0,1,0,1,1,1,0,1,1,1,1,1,0,186.6111,7.670000,0.055400,7.720000,523502.5101,27.1600,1.6005,10.670,0.0100,1,2433,49302,0.0,100.0,66.7,33.3
164,78,512,1,1,0,0,0,0,0,0,0,1,0,0,1,0,0,0,0,0,199.0194,8.180000,0.055400,8.240000,523502.5101,16.8000,1.5960,10.640,0.0200,1,2433,49302,77.8,22.2,77.8,22.2
164,79,512,0,0,1,0,0,0,1,0,1,1,1,0,1,0,1,0,1,0,190.2606,7.820000,0.055400,7.880000,523502.5101,27.1400,1.5585,10.390,0.2600,1,2433,49302,22.2,77.8,88.9,11.1
164,80,512,1,1,0,1,0,1,1,1,0,0,1,1,1,1,1,1,1,1,191.9637,7.890000,0.055400,7.950000,523502.5101,6.1100,1.5990,10.660,0.0100,1,2433,49302,33.3,66.7,11.1,88.9
164,81,512,1,0,1,1,1,0,1,1,1,0,0,1,1,0,1,0,1,0,203.6421,8.370000,0.055400,8.430000,523502.5101,27.0100,1.5990,10.660,0.0100,1,2433,49302,11.1,88.9,66.7,33.3
164,82,512,0,0,0,1,0,0,1,0,1,1,1,1,1,0,1,0,0,0,192.9369,7.930000,0.055400,7.990000,523502.5101,27.1900,1.5915,10.610,0.0300,1,2433,49302,44.4,55.6,66.7,33.3
164,83,512,0,0,1,0,0,1,1,0,1,1,1,1,1,0,1,0,1,0,197.3163,8.110000,0.055400,8.160000,523502.5101,27.1800,1.5450,10.300,0.3100,1,2433,49302,22.2,77.8,66.7,33.3
164,85,512,1,0,1,1,1,0,0,1,1,0,1,1,1,0,0,0,1,1,207.7782,8.540000,0.055400,8.590000,523502.5101,10.0800,1.5960,10.640,0.0200,1,2433,49302,22.2,77.8,55.6,44.4
164,87,512,0,0,0,0,1,0,1,0,1,1,0,0,1,0,1,0,0,0,190.5039,7.830000,0.055400,7.880000,523502.5101,26.9600,1.5780,10.520,0.1800,1,2433,49302,44.4,55.6,88.9,11.1
164,88,512,0,0,1,0,0,1,1,0,1,1,1,0,1,0,1,0,1,0,190.7472,7.840000,0.055400,7.900000,523502.5101,26.9500,1.5930,10.620,0.1100,1,2433,49302,22.2,77.8,77.8,22.2
164,89,512,0,0,0,0,0,0,0,1,1,1,1,0,0,0,1,1,1,0,199.2627,8.190000,0.055400,8.250000,523502.5101,26.7800,1.5960,10.640,0.0300,1,2433,49302,55.6,44.4,66.7,33.3
164,90,512,0,0,0,0,1,0,1,1,0,0,0,0,1,0,0,0,1,0,193.6668,7.960000,0.055400,8.010000,523502.5101,26.5600,1.5450,10.300,0.2700,1,2433,49302,55.6,44.4,88.9,11.1
164,91,512,0,0,0,0,0,0,0,0,1,0,1,1,1,1,1,0,1,0,194.3967,7.990000,0.055400,8.040000,523502.5101,27.2500,1.5930,10.620,0.0300,1,2433,49302,44.4,55.6,77.8,22.2
164,92,512,1,0,0,0,0,1,1,0,0,1,1,0,1,0,1,0,1,0,196.0998,8.060000,0.055400,8.120000,523502.5101,26.7400,1.5900,10.600,0.0700,1,2433,49302,33.3,66.7,77.8,22.2
164,93,512,1,0,1,0,0,0,1,0,0,0,1,0,1,0,1,1,1,0,188.0709,7.730000,0.055400,7.780000,523502.5101,26.9400,1.5975,10.650,0.0000,1,2433,49302,22.2,77.8,88.9,11.1
164,94,512,1,1,1,1,0,0,1,1,0,1,1,1,1,1,0,1,1,1,201.4524,8.280000,0.055400,8.330000,523502.5101,4.9700,1.5960,10.640,0.0500,1,2433,49302,33.3,66.7,11.1,88.9
164,95,512,1,0,0,0,0,0,0,0,0,0,0,0,0,0,1,0,1,0,173.2296,7.120000,0.055300,7.180000,523502.5101,26.7100,1.6080,10.720,0.0000,1,2433,49302,66.7,33.3,100.0,0.0
164,96,512,1,0,0,1,0,1,1,1,1,0,1,1,1,1,1,0,0,0,203.8854,8.380000,0.055400,8.440000,523502.5101,27.2700,1.6005,10.670,0.0000,1,2433,49302,33.3,66.7,44.4,55.6
164,97,512,1,0,1,0,0,1,1,0,0,0,1,0,1,0,1,0,1,0,191.2338,7.860000,0.055400,7.920000,523502.5101,26.8100,1.5990,10.660,0.0000,1,2433,49302,22.2,77.8,88.9,11.1
164,98,512,0,1,1,1,0,0,0,0,0,1,0,0,1,0,1,1,0,0,199.7493,8.210000,0.055400,8.260000,523502.5101,15.2900,1.5855,10.570,0.1200,1,2433,49302,66.7,33.3,55.6,44.4
164,99,512,0,0,0,1,0,0,0,0,1,1,1,0,1,1,1,1,1,0,203.3988,8.360000,0.055400,8.420000,523502.5101,26.9700,1.5810,10.540,0.1000,1,2433,49302,44.4,55.6,55.6,44.4
165,0,512,1,0,0,0,0,0,0,0,0,1,1,0,1,0,1,0,1,0,192.2070,7.900000,0.055400,7.960000,523502.5101,26.7000,1.5960,10.640,0.0100,1,2433,49302,44.4,55.6,88.9,11.1
165,1,512,1,1,0,1,0,0,1,1,1,1,1,1,1,1,0,1,1,1,194.6400,8.000000,0.055400,8.060000,523502.5101,4.5900,1.5975,10.650,0.0100,1,2433,49302,33.3,66.7,11.1,88.9
165,2,512,0,0,0,0,0,0,0,0,0,0,1,1,1,0,0,0,1,0,183.4482,7.540000,0.055400,7.600000,523502.5101,26.8100,1.5990,10.660,0.0100,1,2433,49302,66.7,33.3,88.9,11.1
165,3,512,0,0,1,0,0,1,1,0,1,0,1,1,1,1,1,1,1,0,201.4524,8.280000,0.055400,8.330000,523502.5101,27.3700,1.5750,10.500,0.1700,1,2433,49302,22.2,77.8,55.6,44.4
165,4,512,1,0,0,0,1,0,1,0,1,0,1,0,1,0,0,0,1,0,177.6090,7.300000,0.055200,7.350000,523502.5101,26.8400,1.6020,10.680,0.0200,1,2433,49302,22.2,77.8,100.0,0.0
165,6,512,0,0,0,0,1,0,1,1,0,0,1,0,1,0,0,0,1,0,194.6400,8.000000,0.055400,8.060000,523502.5101,26.5700,1.5660,10.440,0.2100,1,2433,49302,44.4,55.6,88.9,11.1
165,7,512,0,0,1,1,1,0,0,1,1,0,0,0,1,0,1,0,1,0,199.2627,8.190000,0.055400,8.250000,523502.5101,26.9700,1.5960,10.640,0.0200,1,2433,49302,33.3,66.7,77.8,22.2
165,9,512,0,0,1,0,1,0,1,0,0,0,1,0,1,1,1,0,1,0,185.3946,7.620000,0.055400,7.670000,523502.5101,26.9300,1.6005,10.670,0.0100,1,2433,49302,22.2,77.8,88.9,11.1
165,11,512,1,0,0,0,0,0,1,1,0,0,0,0,0,0,1,0,0,0,190.5039,7.830000,0.055400,7.880000,523502.5101,26.5500,1.5540,10.360,0.2100,1,2433,49302,66.7,33.3,88.9,11.1
165,12,512,0,0,1,0,0,0,1,0,0,0,1,1,1,0,1,0,0,0,178.8255,7.350000,0.055400,7.400000,523502.5101,26.9800,1.5570,10.380,0.2600,1,2433,49302,44.4,55.6,88.9,11.1
165,13,512,1,1,1,1,0,1,1,0,0,1,1,1,1,1,0,1,1,1,194.8833,8.010000,0.055400,8.070000,523502.5101,5.1100,1.5930,10.620,0.0200,1,2433,49302,33.3,66.7,11.1,88.9
165,14,512,1,0,0,0,0,0,0,0,0,1,0,0,1,1,0,0,0,0,191.9637,7.890000,0.055400,7.950000,523502.5101,26.4900,1.5975,10.650,0.0400,1,2433,49302,77.8,22.2,77.8,22.2
165,17,512,1,0,0,0,1,1,0,0,1,1,0,0,1,0,0,0,0,0,187.8276,7.720000,0.055400,7.780000,523502.5101,26.6600,1.5930,10.620,0.0100,1,2433,49302,55.6,44.4,77.8,22.2
165,19,512,1,1,1,1,0,1,1,1,1,1,0,1,1,1,1,1,1,1,173.9595,7.150000,0.055400,7.210000,523502.5101,14.3100,1.5750,10.500,0.1500,1,2433,49302,22.2,77.8,0.0,100.0
165,21,512,0,0,1,0,1,0,1,0,0,0,1,0,1,1,1,1,1,0,192.4503,7.910000,0.055400,7.970000,523502.5101,26.9800,1.5960,10.640,0.0300,1,2433,49302,22.2,77.8,77.8,22.2
165,22,512,0,0,0,1,0,1,1,0,0,0,0,1,0,0,0,1,0,0,200.7225,8.250000,0.055400,8.300000,523502.5101,26.2300,1.5945,10.630,0.0400,1,2433,49302,88.9,11.1,55.6,44.4
165,23,512,0,0,1,0,0,0,1,0,1,1,1,0,1,0,0,0,1,0,192.4503,7.910000,0.055400,7.960000,523502.5101,26.9200,1.5645,10.430,0.2100,1,2433,49302,33.3,66.7,88.9,11.1
165,25,512,1,1,1,1,0,1,1,0,1,1,1,1,1,1,0,1,1,1,194.8833,8.010000,0.055400,8.060000,523502.5101,5.2000,1.5915,10.610,0.0400,1,2433,49302,22.2,77.8,11.1,88.9
165,26,512,1,0,0,0,0,0,1,0,0,0,0,0,1,0,0,0,0,0,175.6626,7.220000,0.055200,7.270000,523502.5101,26.6500,1.6020,10.680,0.0200,1,2433,49302,66.7,33.3,100.0,0.0
165,27,512,0,0,0,0,1,1,1,0,1,1,1,1,1,1,1,1,1,0,194.6400,8.000000,0.055400,8.050000,523502.5101,27.7500,1.5660,10.440,0.2400,1,2433,49302,22.2,77.8,44.4,55.6
165,28,512,1,0,0,0,1,0,1,0,0,1,0,0,1,0,0,0,0,0,187.0977,7.690000,0.055400,7.750000,523502.5101,26.5700,1.5945,10.630,0.0100,1,2433,49302,55.6,44.4,88.9,11.1
165,29,512,0,0,0,1,1,0,0,0,0,1,0,1,1,1,1,1,0,0,197.0730,8.100000,0.055400,8.160000,523502.5101,6.6800,1.5750,10.500,0.0600,1,2433,49302,66.7,33.3,44.4,55.6
165,31,512,0,0,0,0,1,0,0,0,0,0,1,1,1,0,1,0,0,0,187.3410,7.700000,0.055400,7.760000,523502.5101,26.8400,1.5660,10.440,0.2100,1,2433,49302,55.6,44.4,88.9,11.1
165,32,512,0,0,0,1,0,0,1,0,0,0,1,1,1,0,1,0,0,0,196.5864,8.080000,0.055400,8.140000,523502.5101,26.9800,1.5885,10.590,0.0500,1,2433,49302,55.6,44.4,77.8,22.2
165,33,512,1,0,1,0,0,0,1,0,1,0,0,0,0,0,1,0,0,0,180.5286,7.420000,0.055200,7.480000,523502.5101,26.6800,1.5960,10.640,0.1000,1,2433,49302,44.4,55.6,100.0,0.0
165,34,512,1,1,1,0,1,1,1,1,1,1,1,1,1,1,1,1,1,1,199.5060,8.200000,0.055400,8.250000,523502.5101,18.9200,1.5975,10.650,0.0100,1,2433,49302,0.0,100.0,11.1,88.9
165,35,512,0,0,1,0,0,1,1,0,1,1,0,1,1,0,1,0,1,0,194.6400,8.000000,0.055400,8.050000,523502.5101,7.0000,1.5990,10.660,0.0100,1,2433,49302,33.3,66.7,66.7,33.3
165,36,512,1,1,1,1,0,1,1,1,0,1,1,1,1,0,0,1,1,1,192.2070,7.900000,0.055400,7.950000,523502.5101,2.9700,1.5960,10.640,0.0100,1,2433,49302,33.3,66.7,11.1,88.9
165,37,512,0,0,0,0,0,0,1,0,1,1,1,1,1,1,0,0,1,0,166.6605,6.850000,0.055400,6.900000,523502.5101,27.2600,1.5990,10.660,0.0100,1,2433,49302,44.4,55.6,66.7,33.3
165,38,512,1,0,0,0,1,0,1,0,0,1,1,0,0,0,1,0,0,0,183.4482,7.540000,0.055400,7.590000,523502.5101,26.6300,1.5615,10.410,0.2400,1,2433,49302,44.4,55.6,88.9,11.1
165,39,512,1,1,1,1,1,1,1,0,1,1,1,1,1,1,0,1,1,1,191.2338,7.860000,0.055400,7.920000,523502.5101,5.6500,1.5960,10.640,0.0100,1,2433,49302,11.1,88.9,11.1,88.9
165,40,512,1,0,1,1,0,0,1,0,0,0,1,1,1,0,1,0,1,0,203.1555,8.350000,0.055400,8.410000,523502.5101,27.1100,1.5735,10.490,0.1700,1,2433,49302,22.2,77.8,77.8,22.2
165,42,512,1,1,1,1,1,1,1,1,1,1,0,1,1,0,0,1,1,1,186.6111,7.670000,0.055400,7.730000,523502.5101,3.1800,1.5960,10.640,0.0100,1,2433,49302,22.2,77.8,11.1,88.9
165,43,512,0,0,0,0,0,0,1,0,0,1,1,0,1,0,1,0,1,0,183.9348,7.560000,0.055400,7.620000,523502.5101,26.8900,1.5675,10.450,0.1900,1,2433,49302,44.4,55.6,88.9,11.1
165,44,512,0,0,0,0,1,0,0,0,0,0,1,1,1,1,1,0,1,0,197.0730,8.100000,0.055400,8.160000,523502.5101,27.1100,1.5915,10.610,0.0200,1,2433,49302,44.4,55.6,77.8,22.2
165,45,512,0,0,0,0,0,0,1,0,0,0,1,1,0,0,1,1,0,0,183.6915,7.550000,0.055400,7.610000,523502.5101,26.6500,1.5795,10.530,-0.0400,0,2433,49302,66.7,33.3,77.8,22.2
165,46,512,0,0,1,0,0,0,1,0,0,1,1,0,1,0,1,0,1,0,184.4214,7.580000,0.055400,7.640000,523502.5101,26.8900,1.5555,10.370,0.2700,1,2433,49302,33.3,66.7,88.9,11.1
165,47,512,1,0,1,0,1,0,1,0,0,1,0,0,1,0,1,0,1,0,189.5307,7.790000,0.055400,7.850000,523502.5101,26.8900,1.5945,10.630,0.0000,1,2433,49302,22.2,77.8,88.9,11.1
165,48,512,1,0,0,0,1,0,1,0,0,0,0,0,1,0,0,0,1,0,174.9327,7.190000,0.055200,7.250000,523502.5101,26.7500,1.6005,10.670,0.0100,1,2433,49302,44.4,55.6,100.0,0.0
165,49,512,0,0,0,0,1,0,0,0,0,0,0,1,1,0,1,0,1,0,186.6111,7.670000,0.055400,7.730000,523502.5101,26.7600,1.5720,10.480,0.1500,1,2433,49302,55.6,44.4,88.9,11.1
165,50,512,1,1,1,0,0,0,0,1,0,0,0,0,1,0,0,0,0,0,196.3431,8.070000,0.055400,8.120000,523502.5101,16.6900,1.5885,10.590,0.0400,1,2433,49302,66.7,33.3,77.8,22.2
165,51,512,0,0,1,0,1,0,0,0,1,0,0,0,1,0,1,0,1,0,178.3389,7.330000,0.055200,7.390000,523502.5101,26.9000,1.6095,10.730,0.0100,1,2433,49302,33.3,66.7,100.0,0.0
165,52,512,1,0,0,0,1,0,1,0,0,1,1,0,1,1,0,0,0,0,195.1266,8.020000,0.055400,8.070000,523502.5101,26.6000,1.6020,10.680,0.0100,1,2433,49302,44.4,55.6,77.8,22.2
165,53,512,1,0,0,0,1,0,1,0,0,1,1,0,1,1,1,0,1,0,190.9905,7.850000,0.055400,7.900000,523502.5101,26.9300,1.5975,10.650,0.0200,1,2433,49302,22.2,77.8,77.8,22.2
165,54,512,0,0,0,0,0,0,1,0,0,0,1,1,1,1,0,0,0,0,192.4503,7.910000,0.055400,7.970000,523502.5101,26.9000,1.5915,10.610,0.0700,1,2433,49302,66.7,33.3,77.8,22.2
165,56,512,0,0,0,1,0,0,0,1,1,1,1,0,0,0,1,0,1,0,195.1266,8.020000,0.055400,8.080000,523502.5101,26.7800,1.5960,10.640,0.0100,1,2433,49302,55.6,44.4,66.7,33.3
165,57,512,0,0,1,0,1,0,1,0,0,0,0,0,1,0,1,0,0,0,173.2296,7.120000,0.055200,7.170000,523502.5101,26.8400,1.6095,10.730,0.0100,1,2433,49302,44.4,55.6,100.0,0.0
165,58,512,1,0,0,1,1,0,1,0,1,0,0,1,1,0,1,0,1,0,1000000000.0000,8.160000,0.055400,8.210000,523502.5101,-100.0000,1.5885,10.590,0.0500,1,-1,-1,22.2,77.8,77.8,22.2
165,59,512,1,1,1,1,0,1,1,1,1,1,1,1,1,0,0,1,1,1,198.5328,8.160000,0.055400,8.220000,523502.5101,3.0900,1.5975,10.650,0.0100,1,2433,49302,22.2,77.8,11.1,88.9
165,60,512,0,1,0,0,1,0,0,0,0,1,0,0,1,0,1,1,0,0,193.9101,7.970000,0.055400,8.020000,523502.5101,14.2300,1.5960,10.640,0.0200,1,2433,49302,66.7,33.3,66.7,33.3
165,61,512,0,0,1,0,1,0,1,0,1,0,1,1,0,0,1,1,1,0,194.1534,7.980000,0.055400,8.040000,523502.5101,26.8700,1.5975,10.650,0.0000,1,2433,49302,22.2,77.8,77.8,22.2
165,62,512,0,0,0,0,1,0,0,1,0,0,1,1,1,0,0,0,1,0,190.5039,7.830000,0.055400,7.880000,523502.5101,26.7700,1.5975,10.650,0.0000,1,2433,49302,55.6,44.4,77.8,22.2
165,63,512,0,0,1,0,1,0,1,1,1,0,1,1,1,0,1,0,0,0,190.9905,7.850000,0.055400,7.910000,523502.5101,27.0300,1.5780,10.520,0.1500,1,2433,49302,22.2,77.8,77.8,22.2
165,64,512,1,1,0,1,0,1,1,1,1,1,1,1,0,0,1,1,1,1,190.5039,7.830000,0.055400,7.890000,523502.5101,3.0200,1.6035,10.690,-0.0100,0,2433,49302,33.3,66.7,11.1,88.9
165,65,512,0,0,0,1,1,0,0,0,0,1,0,0,1,1,1,1,0,0,198.5328,8.160000,0.055400,8.210000,523502.5101,26.6800,1.5990,10.660,0.0200,1,2433,49302,66.7,33.3,55.6,44.4
165,68,512,0,0,0,0,0,1,1,1,1,1,1,1,1,0,0,0,1,0,207.7782,8.540000,0.055400,8.600000,523502.5101,27.4200,1.5870,10.580,0.0800,1,2433,49302,44.4,55.6,55.6,44.4
165,69,512,0,0,1,0,1,0,1,0,1,1,0,0,1,0,1,0,1,0,184.4214,7.580000,0.055400,7.640000,523502.5101,27.0900,1.5960,10.640,0.0200,1,2433,49302,22.2,77.8,88.9,11.1
165,70,512,0,0,1,1,1,0,0,0,0,0,1,1,1,0,0,0,1,0,198.0462,8.140000,0.055400,8.200000,523502.5101,26.8100,1.5840,10.560,0.1100,1,2433,49302,44.4,55.6,77.8,22.2
165,71,512,0,0,1,0,1,0,0,1,0,0,0,0,1,1,1,0,1,0,199.5060,8.200000,0.055400,8.250000,523502.5101,26.8200,1.5855,10.570,0.1000,1,2433,49302,44.4,55.6,77.8,22.2
165,72,512,0,1,1,0,0,1,0,1,0,0,0,0,1,0,1,0,1,0,1000000000.0000,8.140000,0.055400,8.190000,523502.5101,-100.0000,1.5990,10.660,0.0100,1,-1,-1,55.6,44.4,66.7,33.3
165,73,512,0,0,0,0,0,0,1,1,0,0,1,1,1,0,1,0,1,0,1000000000.0000,7.940000,0.055400,7.990000,523502.5101,-100.0000,1.5735,10.490,0.1400,1,-1,-1,44.4,55.6,77.8,22.2
165,74,512,1,0,0,0,0,0,0,0,0,0,0,0,1,1,1,0,0,0,1000000000.0000,7.660000,0.055400,7.710000,523502.5101,-100.0000,1.5975,10.650,0.0000,1,-1,-1,66.7,33.3,88.9,11.1
165,75,512,1,1,0,1,0,1,1,1,1,1,1,0,1,1,1,1,1,1,196.3431,8.070000,0.055400,8.130000,523502.5101,3.9000,1.6005,10.670,0.0000,1,2433,49302,22.2,77.8,11.1,88.9
165,77,512,0,0,1,0,1,0,1,0,0,1,0,0,1,0,0,0,1,1,186.6111,7.670000,0.055400,7.730000,523502.5101,10.0500,1.5990,10.660,0.0100,1,2433,49302,44.4,55.6,77.8,22.2
165,78,512,0,0,1,1,1,1,1,1,1,1,1,1,1,1,0,1,1,1,192.4503,7.910000,0.055400,7.970000,523502.5101,11.4400,1.5915,10.610,0.0100,1,2433,49302,22.2,77.8,11.1,88.9
165,79,512,1,0,1,0,1,0,1,0,1,0,1,1,1,0,1,0,1,0,188.0709,7.730000,0.055400,7.790000,523502.5101,27.1400,1.5960,10.640,0.0100,1,2433,49302,0.0,100.0,88.9,11.1
165,80,512,0,0,0,0,0,0,1,0,0,1,0,0,1,0,1,0,0,0,163.2543,6.710000,0.055400,6.760000,523502.5101,26.7800,1.5735,10.490,0.1700,1,2433,49302,66.7,33.3,88.9,11.1
165,81,512,0,0,0,1,1,0,0,0,0,0,1,1,0,0,1,0,1,0,197.0730,8.100000,0.055400,8.150000,523502.5101,26.7700,1.5450,10.300,0.2700,1,2433,49302,55.6,44.4,77.8,22.2
165,84,512,1,0,0,0,1,0,1,0,0,0,1,0,1,1,1,0,0,0,183.2049,7.530000,0.055400,7.590000,523502.5101,26.8500,1.6005,10.670,0.0100,1,2433,49302,33.3,66.7,88.9,11.1
165,85,512,1,1,0,1,0,0,1,0,1,1,1,1,0,0,1,1,1,0,205.5885,8.450000,0.055400,8.510000,523502.5101,17.6100,1.5960,10.640,0.0000,1,2433,49302,33.3,66.7,44.4,55.6
165,88,512,0,0,0,1,0,0,1,1,1,1,1,0,0,0,1,1,1,0,199.2627,8.190000,0.055400,8.240000,523502.5101,26.9800,1.5870,10.580,0.0600,1,2433,49302,44.4,55.6,55.6,44.4
165,89,512,0,0,1,0,0,1,0,0,1,1,1,1,1,0,1,0,1,0,195.6132,8.040000,0.055400,8.100000,523502.5101,27.1900,1.5930,10.620,0.0200,1,2433,49302,33.3,66.7,66.7,33.3
165,90,512,1,0,0,0,1,0,1,0,0,0,0,0,0,0,1,0,0,0,173.9595,7.150000,0.055200,7.200000,523502.5101,26.6800,1.5975,10.650,0.0300,1,2433,49302,55.6,44.4,100.0,0.0
165,91,512,1,0,1,0,0,0,1,0,0,0,0,0,1,0,1,0,1,0,1000000000.0000,7.620000,0.055200,7.680000,523502.5101,-100.0000,1.6095,10.730,0.0200,1,-1,-1,33.3,66.7,100.0,0.0
165,94,512,0,0,1,1,1,0,1,0,1,0,1,1,1,0,1,0,1,0,200.7225,8.250000,0.055400,8.300000,523502.5101,27.1400,1.5915,10.610,-0.1000,0,2433,49302,11.1,88.9,77.8,22.2
165,95,512,1,0,1,1,0,0,1,0,1,0,0,1,1,0,1,0,1,0,201.9390,8.300000,0.055400,8.360000,523502.5101,26.9700,1.5780,10.520,0.0400,1,2433,49302,22.2,77.8,77.8,22.2
165,96,512,1,0,0,0,0,0,0,0,1,1,1,1,1,0,0,0,0,0,189.0441,7.770000,0.055400,7.820000,523502.5101,26.8400,1.5825,10.550,0.1000,1,2433,49302,55.6,44.4,77.8,22.2
165,97,512,0,0,1,0,0,0,1,0,1,0,1,1,1,1,1,1,0,1,184.1781,7.570000,0.055400,7.620000,523502.5101,11.2300,1.5975,10.650,0.0100,1,2433,49302,33.3,66.7,55.6,44.4
165,98,512,1,0,1,0,1,0,0,1,1,0,0,0,1,0,1,0,1,0,194.3967,7.990000,0.055400,8.040000,523502.5101,26.9700,1.5615,10.410,0.2400,1,2433,49302,22.2,77.8,88.9,11.1
165,99,512,0,0,0,0,1,0,0,0,0,0,1,0,1,0,0,0,1,0,172.7430,7.100000,0.055200,7.150000,523502.5101,26.5500,1.6110,10.740,0.0000,1,2433,49302,55.6,44.4,100.0,0.0
166,2,512,0,0,1,1,1,0,1,0,0,0,0,1,1,0,1,0,1,0,194.6400,8.000000,0.055400,8.060000,523502.5101,26.9000,1.5720,10.480,0.2100,1,2433,49302,33.3,66.7,77.8,22.2
166,3,512,0,0,1,0,1,0,0,1,1,0,0,0,1,0,0,0,1,0,194.8833,8.010000,0.055400,8.070000,523502.5101,26.7600,1.5810,10.540,0.1400,1,2433,49302,44.4,55.6,88.9,11.1
166,4,512,1,0,0,1,0,0,1,0,1,0,0,1,0,0,0,1,0,0,196.8297,8.090000,0.055400,8.140000,523502.5101,26.4200,1.5765,10.510,0.1700,1,2433,49302,66.7,33.3,66.7,33.3
166,5,512,1,1,1,1,0,1,1,1,1,1,1,1,1,1,0,1,0,0,189.0441,7.770000,0.055400,7.830000,523502.5101,5.6700,1.5960,10.640,0.0200,1,2433,49302,33.3,66.7,11.1,88.9
166,6,512,0,0,0,1,0,0,1,0,1,1,1,1,1,1,1,1,1,1,196.3431,8.070000,0.055400,8.130000,523502.5101,14.3300,1.5975,10.650,0.0000,1,2433,49302,33.3,66.7,33.3,66.7
166,7,512,1,0,1,0,0,0,1,1,1,0,0,0,1,0,1,0,1,0,192.2070,7.900000,0.055400,7.950000,523502.5101,27.0900,1.5870,10.580,0.0800,1,2433,49302,22.2,77.8,88.9,11.1
166,8,512,1,0,0,0,1,0,0,1,1,0,1,0,1,0,1,0,1,0,192.9369,7.930000,0.055400,7.980000,523502.5101,26.9400,1.5660,10.440,0.1800,1,2433,49302,22.2,77.8,88.9,11.1
166,9,512,1,0,0,0,1,0,0,0,0,0,1,1,1,0,0,0,1,0,192.9369,7.930000,0.055400,7.980000,523502.5101,26.8100,1.5645,10.430,0.2200,1,2433,49302,44.4,55.6,88.9,11.1
166,12,512,0,0,1,1,1,1,1,1,1,1,0,1,1,1,1,1,1,1,201.4524,8.280000,0.055400,8.340000,523502.5101,12.0400,1.5960,10.640,0.0100,1,2433,49302,22.2,77.8,11.1,88.9
166,13,512,0,0,0,0,1,0,1,0,1,1,1,1,1,1,1,1,1,0,190.2606,7.820000,0.055400,7.880000,523502.5101,27.8300,1.5900,10.600,0.0600,1,2433,49302,22.2,77.8,55.6,44.4
166,15,512,1,0,1,0,1,0,0,0,1,1,1,1,1,0,1,0,1,0,196.3431,8.070000,0.055400,8.130000,523502.5101,27.1200,1.6065,10.710,0.0100,1,2433,49302,11.1,88.9,77.8,22.2
166,16,512,0,0,1,0,1,0,1,1,0,0,1,1,1,0,1,0,1,0,194.8833,8.010000,0.055400,8.070000,523502.5101,26.8300,1.5975,10.650,0.0100,1,2433,49302,22.2,77.8,77.8,22.2
166,18,512,0,0,0,0,0,0,1,0,1,1,1,1,1,0,0,0,1,0,191.7204,7.880000,0.055400,7.940000,523502.5101,27.2000,1.5945,10.630,0.0900,1,2433,49302,44.4,55.6,77.8,22.2
166,19,512,0,0,1,0,1,0,1,0,1,0,1,1,1,0,1,0,1,0,195.3699,8.030000,0.055400,8.090000,523502.5101,27.1400,1.5930,10.620,0.0200,1,2433,49302,11.1,88.9,88.9,11.1
166,20,512,1,0,0,0,0,0,1,0,0,1,1,0,1,0,1,0,0,0,180.5286,7.420000,0.055400,7.470000,523502.5101,26.7900,1.5960,10.640,0.0200,1,2433,49302,44.4,55.6,88.9,11.1
166,22,512,1,1,1,1,1,1,1,1,1,1,0,1,1,1,0,1,0,0,191.9637,7.890000,0.055400,7.950000,523502.5101,5.7500,1.6005,10.670,0.0100,1,2433,49302,33.3,66.7,11.1,88.9
166,23,512,1,1,1,1,1,1,1,0,1,1,1,1,1,1,1,1,1,1,195.6132,8.040000,0.055400,8.090000,523502.5101,11.9700,1.5975,10.650,0.0000,1,2433,49302,0.0,100.0,11.1,88.9
166,24,512,0,0,1,1,0,1,1,1,1,1,0,1,1,0,1,1,1,1,201.4524,8.280000,0.055400,8.340000,523502.5101,10.4600,1.6005,10.670,0.0000,1,2433,49302,33.3,66.7,22.2,77.8
166,25,512,0,0,0,0,1,1,1,0,1,1,1,1,1,1,1,1,1,1,195.8565,8.050000,0.055400,8.110000,523502.5101,14.4100,1.5945,10.630,0.0000,1,2433,49302,22.2,77.8,33.3,66.7
166,28,512,1,0,1,0,1,0,1,0,0,0,1,1,1,1,1,1,1,1,197.3163,8.110000,0.055400,8.170000,523502.5101,12.7200,1.5990,10.660,0.0200,1,2433,49302,11.1,88.9,55.6,44.4
166,29,512,1,0,0,0,0,1,1,1,1,1,1,1,1,0,0,0,1,0,196.5864,8.080000,0.055400,8.140000,523502.5101,27.4200,1.5990,10.660,0.0100,1,2433,49302,33.3,66.7,55.6,44.4
166,30,512,1,0,0,0,0,0,0,0,1,1,0,0,1,0,1,0,1,0,188.0709,7.730000,0.055400,7.790000,523502.5101,27.0400,1.5975,10.650,0.0200,1,2433,49302,44.4,55.6,88.9,11.1
166,31,512,0,1,1,1,0,1,0,0,0,1,0,0,1,0,1,1,1,1,192.6936,7.920000,0.055400,7.980000,523502.5101,2.8600,1.5975,10.650,0.0200,1,2433,49302,55.6,44.4,33.3,66.7
166,33,512,0,0,1,1,0,0,1,0,0,0,1,1,1,0,1,0,1,0,202.6689,8.330000,0.055400,8.390000,523502.5101,27.1100,1.5930,10.620,0.0200,1,2433,49302,33.3,66.7,77.8,22.2
166,36,512,1,0,0,0,0,1,1,1,1,0,0,0,1,1,1,0,1,0,198.0462,8.140000,0.055400,8.190000,523502.5101,27.1100,1.5975,10.650,0.0100,1,2433,49302,33.3,66.7,66.7,33.3
166,37,512,1,1,1,0,0,0,1,0,0,0,1,1,1,0,1,0,0,0,193.9101,7.970000,0.055400,8.020000,523502.5101,17.5500,1.5945,10.630,0.0000,1,2433,49302,33.3,66.7,77.8,22.2
166,38,512,1,0,0,0,0,0,1,0,1,1,1,1,1,0,1,0,0,0,197.0730,8.100000,0.055400,8.160000,523502.5101,27.1900,1.5825,10.550,0.1300,1,2433,49302,33.3,66.7,77.8,22.2
166,39,512,0,0,1,0,0,0,1,1,1,0,0,0,1,0,0,1,1,0,196.5864,8.080000,0.055400,8.140000,523502.5101,26.8900,1.5945,10.630,0.0200,1,2433,49302,44.4,55.6,77.8,22.2
166,41,512,1,0,0,1,0,1,1,0,0,0,0,1,0,0,0,0,1,0,195.1266,8.020000,0.055400,8.070000,523502.5101,26.4300,1.5945,10.630,0.0200,1,2433,49302,66.7,33.3,66.7,33.3
166,42,512,0,0,0,0,0,1,1,1,0,0,1,1,1,0,0,0,1,0,202.1823,8.310000,0.055400,8.360000,523502.5101,26.7400,1.5975,10.650,0.0100,1,2433,49302,55.6,44.4,66.7,33.3
166,43,512,0,0,1,0,0,0,1,0,1,0,1,1,1,0,1,0,0,0,192.4503,7.910000,0.055400,7.970000,523502.5101,27.0400,1.5885,10.590,0.0600,1,2433,49302,33.3,66.7,88.9,11.1
166,44,512,1,1,0,0,0,0,1,1,0,0,0,0,0,0,1,0,0,0,204.8586,8.420000,0.055400,8.470000,523502.5101,16.9700,1.5900,10.600,0.0400,1,2433,49302,66.7,33.3,77.8,22.2
166,45,512,0,0,0,0,0,0,1,0,0,0,1,1,1,1,1,0,0,0,189.7740,7.800000,0.055400,7.860000,523502.5101,27.1600,1.6005,10.670,0.0100,1,2433,49302,55.6,44.4,77.8,22.2
166,46,512,1,0,0,0,1,0,1,1,0,0,0,0,1,0,0,0,1,0,190.0173,7.810000,0.055400,7.860000,523502.5101,26.5600,1.5690,10.460,0.1900,1,2433,49302,44.4,55.6,88.9,11.1
166,47,512,1,1,1,1,0,1,0,1,1,1,1,1,1,1,1,1,1,1,179.3121,7.370000,0.055400,7.430000,523502.5101,19.3400,1.5045,10.030,0.5400,1,2433,49302,22.2,77.8,0.0,100.0
166,48,512,1,0,0,0,1,0,0,0,0,0,0,0,1,0,0,0,0,0,180.7719,7.430000,0.055200,7.490000,523502.5101,26.5300,1.6035,10.690,-0.0200,0,2433,49302,66.7,33.3,100.0,0.0
166,49,512,1,1,0,0,1,0,0,0,0,0,1,1,1,0,0,0,1,0,199.9926,8.220000,0.055400,8.280000,523502.5101,17.1700,1.5945,10.630,0.0100,1,2433,49302,44.4,55.6,77.8,22.2
166,50,512,0,0,0,0,0,0,1,0,0,1,0,0,1,0,1,0,1,1,187.5843,7.710000,0.055400,7.770000,523502.5101,10.0700,1.5990,10.660,0.0300,1,2433,49302,55.6,44.4,77.8,22.2
166,51,512,0,0,0,0,0,0,0,1,1,0,1,1,1,0,0,0,1,0,192.9369,7.930000,0.055400,7.980000,523502.5101,26.8600,1.5735,10.490,0.1700,1,2433,49302,55.6,44.4,77.8,22.2
166,52,512,0,0,1,0,0,1,1,0,1,1,1,1,1,1,1,0,1,0,195.6132,8.040000,0.055400,8.090000,523502.5101,27.4500,1.6005,10.670,0.0200,1,2433,49302,22.2,77.8,55.6,44.4
166,54,512,0,0,0,0,0,0,0,0,0,0,0,0,0,0,1,0,0,0,181.5018,7.460000,0.055200,7.520000,523502.5101,26.6100,1.6065,10.710,0.0300,1,2433,49302,88.9,11.1,100.0,0.0
166,55,512,1,0,0,0,1,0,1,0,1,0,1,0,1,0,1,0,0,0,182.9616,7.520000,0.055200,7.570000,523502.5101,26.9200,1.6020,10.680,0.0000,1,2433,49302,22.2,77.8,100.0,0.0
166,56,512,1,0,0,1,0,1,1,1,0,0,1,1,1,1,1,0,1,1,195.1266,8.020000,0.055400,8.070000,523502.5101,10.4800,1.5900,10.600,0.1000,1,2433,49302,33.3,66.7,33.3,66.7
166,57,512,1,0,0,0,1,0,1,1,0,0,0,0,0,0,1,0,0,0,193.6668,7.960000,0.055400,8.010000,523502.5101,26.5500,1.5960,10.640,0.0000,1,2433,49302,55.6,44.4,88.9,11.1
166,58,512,0,0,1,1,0,0,1,0,1,1,1,1,1,1,1,1,1,0,204.8586,8.420000,0.055400,8.480000,523502.5101,27.8300,1.5945,10.630,0.0100,1,2433,49302,22.2,77.8,44.4,55.6
166,59,512,1,0,1,0,0,0,1,0,0,0,1,1,1,0,1,0,0,0,185.3946,7.620000,0.055400,7.670000,523502.5101,26.9800,1.5735,10.490,0.1700,1,2433,49302,33.3,66.7,88.9,11.1
166,61,512,0,0,1,0,0,0,1,0,1,1,1,1,1,1,0,0,1,0,190.2606,7.820000,0.055400,7.870000,523502.5101,27.2600,1.5435,10.290,0.2700,1,2433,49302,33.3,66.7,66.7,33.3
166,64,512,1,1,0,1,0,1,1,1,1,1,1,1,1,0,1,1,1,1,1000000000.0000,7.620000,0.055400,7.680000,523502.5101,-100.0000,1.5915,10.610,0.0300,1,-1,-1,22.2,77.8,11.1,88.9
166,65,512,1,0,0,1,0,0,1,0,0,0,0,1,0,0,0,1,1,0,199.7493,8.210000,0.055400,8.270000,523502.5101,26.5200,1.5930,10.620,0.0400,1,2433,49302,66.7,33.3,66.7,33.3
166,66,512,1,1,1,1,0,1,1,1,1,1,1,1,1,1,1,1,1,0,189.2874,7.780000,0.055400,7.830000,523502.5101,7.6900,1.5975,10.650,0.0000,1,2433,49302,11.1,88.9,11.1,88.9
166,68,512,1,1,0,1,1,1,0,1,1,1,1,1,1,1,1,1,1,1,171.2832,7.040000,0.055400,7.090000,523502.5101,18.3300,1.5735,10.490,0.0900,1,2433,49302,22.2,77.8,0.0,100.0
166,69,512,0,0,0,0,0,0,1,0,0,1,0,0,1,0,1,0,1,0,189.7740,7.800000,0.055400,7.850000,523502.5101,26.8900,1.5960,10.640,0.0100,1,2433,49302,55.6,44.4,88.9,11.1
166,70,512,0,0,0,0,0,1,1,0,1,1,1,1,1,0,1,0,1,0,198.7761,8.170000,0.055400,8.230000,523502.5101,27.1800,1.5870,10.580,0.0600,1,2433,49302,33.3,66.7,66.7,33.3
166,71,512,1,0,1,1,0,0,1,0,0,0,1,1,1,1,1,0,1,0,201.2091,8.270000,0.055400,8.330000,523502.5101,27.3000,1.5885,10.590,0.0600,1,2433,49302,22.2,77.8,66.7,33.3
166,72,512,0,0,1,0,1,0,1,0,1,0,1,1,1,1,1,1,0,0,197.5596,8.120000,0.055400,8.170000,523502.5101,27.3000,1.6035,10.690,0.0200,1,2433,49302,22.2,77.8,66.7,33.3
166,73,512,0,0,0,0,0,0,1,1,1,0,1,1,1,0,0,1,1,0,203.6421,8.370000,0.055400,8.420000,523502.5101,27.0000,1.5960,10.640,0.0300,1,2433,49302,44.4,55.6,66.7,33.3
166,74,512,1,0,0,0,0,0,1,1,1,1,0,0,1,0,0,0,1,0,194.6400,8.000000,0.055400,8.050000,523502.5101,26.9800,1.5720,10.480,0.2200,1,2433,49302,44.4,55.6,77.8,22.2
166,75,512,1,0,0,0,0,0,0,0,0,1,1,0,1,0,0,0,0,0,191.4771,7.870000,0.055400,7.930000,523502.5101,26.4500,1.5915,10.610,0.0500,1,2433,49302,66.7,33.3,88.9,11.1
166,76,512,0,0,0,0,1,0,1,0,0,1,0,0,1,0,1,0,0,0,1000000000.0000,7.530000,0.055400,7.590000,523502.5101,-100.0000,1.5945,10.630,0.0200,1,-1,-1,55.6,44.4,88.9,11.1
166,77,512,0,0,1,0,0,1,1,1,1,1,1,0,0,0,1,0,1,0,198.2895,8.150000,0.055400,8.200000,523502.5101,27.1400,1.5915,10.610,0.0700,1,2433,49302,33.3,66.7,66.7,33.3
166,79,512,1,1,1,1,0,1,1,1,1,1,1,1,1,1,0,0,1,1,190.7472,7.840000,0.055400,7.890000,523502.5101,3.0700,1.5960,10.640,0.0000,1,2433,49302,22.2,77.8,11.1,88.9
166,81,512,0,0,1,0,0,0,1,0,1,1,0,0,1,0,0,0,1,0,190.5039,7.830000,0.055400,7.890000,523502.5101,26.9300,1.5960,10.640,0.0100,1,2433,49302,44.4,55.6,88.9,11.1
166,82,512,0,0,1,0,0,0,1,0,0,0,1,0,1,0,1,0,1,0,181.5018,7.460000,0.055200,7.510000,523502.5101,26.9500,1.5885,10.590,0.0700,1,2433,49302,33.3,66.7,100.0,0.0
166,83,512,0,0,0,0,1,0,1,1,1,0,0,0,1,0,0,0,1,0,191.2338,7.860000,0.055400,7.910000,523502.5101,26.9000,1.5660,10.440,0.2400,1,2433,49302,44.4,55.6,88.9,11.1
166,84,512,0,0,1,0,0,0,1,1,1,0,1,1,1,0,1,0,0,0,191.4771,7.870000,0.055400,7.930000,523502.5101,27.0300,1.5765,10.510,0.0500,1,2433,49302,33.3,66.7,77.8,22.2
166,85,512,1,0,0,1,0,0,1,0,0,0,1,1,1,0,1,0,1,0,195.1266,8.020000,0.055400,8.070000,523502.5101,27.1100,1.5915,10.610,0.0400,1,2433,49302,33.3,66.7,77.8,22.2
166,86,512,0,0,0,0,0,0,1,0,0,0,1,1,1,0,0,0,0,0,188.0709,7.730000,0.055400,7.790000,523502.5101,26.8300,1.5705,10.470,0.1700,1,2433,49302,66.7,33.3,88.9,11.1
166,87,512,0,0,1,0,1,0,1,0,0,1,1,1,1,1,1,1,1,0,192.2070,7.900000,0.055400,7.950000,523502.5101,27.5600,1.5780,10.520,0.1700,1,2433,49302,22.2,77.8,55.6,44.4
166,88,512,0,0,0,0,1,0,1,1,0,0,0,0,1,0,1,0,1,0,188.8008,7.760000,0.055400,7.810000,523502.5101,26.7400,1.5600,10.400,0.2500,1,2433,49302,44.4,55.6,88.9,11.1
166,90,512,1,0,0,0,0,0,0,0,0,0,0,0,0,0,1,1,0,0,190.7472,7.840000,0.055400,7.900000,523502.5101,26.5600,1.5975,10.650,0.0200,1,2433,49302,77.8,22.2,88.9,11.1
166,91,512,0,0,0,1,1,0,0,0,0,0,1,1,1,1,1,1,1,0,194.3967,7.990000,0.055400,8.050000,523502.5101,27.3200,1.5975,10.650,0.0200,1,2433,49302,44.4,55.6,55.6,44.4
166,92,512,1,0,0,0,1,1,1,0,1,0,1,1,1,0,1,0,1,0,194.6400,8.000000,0.055400,8.060000,523502.5101,27.0800,1.5930,10.620,0.0500,1,2433,49302,11.1,88.9,77.8,22.2
166,93,512,0,0,0,1,1,0,1,0,1,1,1,1,1,1,1,1,1,0,194.3967,7.990000,0.055400,8.040000,523502.5101,27.8300,1.5960,10.640,0.0400,1,2433,49302,22.2,77.8,44.4,55.6
166,96,512,0,0,0,1,0,1,0,1,1,1,1,0,0,0,1,1,1,0,191.2338,7.860000,0.055400,7.910000,523502.5101,7.1900,1.5990,10.660,0.0000,1,2433,49302,55.6,44.4,44.4,55.6
166,97,512,1,0,0,1,0,0,1,0,1,1,1,1,1,1,1,1,1,0,202.6689,8.330000,0.055400,8.390000,523502.5101,27.8300,1.5825,10.550,0.1700,1,2433,49302,22.2,77.8,44.4,55.6
167,0,512,1,1,0,0,1,0,1,0,1,0,1,0,1,0,1,0,1,0,198.5328,8.160000,0.055400,8.220000,523502.5101,17.6100,1.5960,10.640,0.0200,1,2433,49302,11.1,88.9,88.9,11.1
167,1,512,0,0,1,0,0,1,1,0,0,1,1,1,1,0,1,0,1,0,199.2627,8.190000,0.055400,8.250000,523502.5101,26.9700,1.5945,10.630,0.0400,1,2433,49302,33.3,66.7,66.7,33.3
167,2,512,1,0,0,1,0,1,1,0,0,0,0,1,0,0,0,1,1,0,200.9658,8.260000,0.055400,8.320000,523502.5101,26.3700,1.5945,10.630,0.0400,1,2433,49302,66.7,33.3,55.6,44.4
167,3,512,1,0,0,0,1,1,0,0,1,1,1,0,1,1,1,0,0,0,192.4503,7.910000,0.055400,7.970000,523502.5101,26.7500,1.6005,10.670,0.0000,1,2433,49302,33.3,66.7,66.7,33.3
167,4,512,1,0,0,1,0,0,0,1,1,1,1,0,0,0,1,1,1,0,197.0730,8.100000,0.055400,8.160000,523502.5101,26.7800,1.5735,10.490,0.1800,1,2433,49302,44.4,55.6,55.6,44.4
167,7,512,0,0,1,0,1,0,0,0,0,0,1,1,1,0,1,0,1,0,187.5843,7.710000,0.055400,7.770000,523502.5101,26.9400,1.5540,10.360,0.2800,1,2433,49302,33.3,66.7,88.9,11.1
167,9,512,0,0,1,1,0,1,1,1,0,1,1,1,1,1,0,1,1,1,212.1576,8.720000,0.055400,8.780000,523502.5101,11.3800,1.6005,10.670,0.0000,1,2433,49302,44.4,55.6,11.1,88.9
167,13,512,0,0,0,1,1,0,1,0,0,0,1,1,1,1,1,1,1,0,195.3699,8.030000,0.055400,8.080000,523502.5101,27.5400,1.5960,10.640,0.0100,1,2433,49302,33.3,66.7,55.6,44.4
167,15,512,0,0,0,0,1,0,0,0,1,1,1,1,1,0,0,0,0,0,193.4235,7.950000,0.055400,8.010000,523502.5101,26.8400,1.6035,10.690,0.0000,1,2433,49302,55.6,44.4,77.8,22.2
167,17,512,1,0,0,1,1,0,1,0,1,0,1,1,1,0,1,0,1,0,194.3967,7.990000,0.055400,8.050000,523502.5101,27.1400,1.6065,10.710,0.0000,1,2433,49302,11.1,88.9,77.8,22.2
167,18,512,1,1,1,1,1,1,1,1,1,1,1,1,1,1,0,1,0,0,189.0441,7.770000,0.055400,7.830000,523502.5101,10.0500,1.5975,10.650,0.0100,1,2433,49302,22.2,77.8,11.1,88.9
167,19,512,0,0,0,0,1,0,1,0,1,1,1,1,1,1,0,0,1,0,195.3699,8.030000,0.055400,8.080000,523502.5101,27.2600,1.5645,10.430,0.2100,1,2433,49302,33.3,66.7,66.7,33.3
167,20,512,1,1,1,1,1,0,1,1,1,1,0,1,1,1,1,1,1,1,192.6936,7.920000,0.055400,7.980000,523502.5101,7.1900,1.5915,10.610,0.0200,1,2433,49302,11.1,88.9,11.1,88.9
167,21,512,0,0,0,0,0,0,1,0,1,1,1,1,1,0,1,0,1,0,184.6647,7.590000,0.055400,7.640000,523502.5101,27.3100,1.5990,10.660,0.0100,1,2433,49302,33.3,66.7,77.8,22.2
167,22,512,1,0,1,0,0,0,0,0,1,0,1,1,1,0,1,0,1,0,186.6111,7.670000,0.055400,7.720000,523502.5101,27.0000,1.5420,10.280,0.2900,1,2433,49302,22.2,77.8,88.9,11.1
167,24,512,0,0,0,0,1,1,1,0,1,1,1,1,1,1,1,1,0,0,198.7761,8.170000,0.055400,8.230000,523502.5101,27.3900,1.5870,10.580,0.0700,1,2433,49302,33.3,66.7,44.4,55.6
167,25,512,0,0,1,0,0,0,0,0,1,1,1,1,1,1,0,0,1,0,191.2338,7.860000,0.055400,7.910000,523502.5101,27.0900,1.5705,10.470,0.1600,1,2433,49302,44.4,55.6,66.7,33.3
167,26,512,1,0,1,1,0,1,0,1,1,1,1,1,1,1,1,1,1,1,195.1266,8.020000,0.055400,8.080000,523502.5101,14.6500,1.5960,10.640,0.0100,1,2433,49302,22.2,77.8,11.1,88.9
167,27,512,0,1,1,1,0,1,0,0,1,1,0,0,0,1,1,1,0,0,198.5328,8.160000,0.055400,8.210000,523502.5101,15.2100,1.5900,10.600,0.0500,1,2433,49302,66.7,33.3,33.3,66.7
167,28,512,0,0,1,0,0,0,1,0,1,1,1,0,1,0,1,0,0,0,187.5843,7.710000,0.055400,7.770000,523502.5101,27.0200,1.5675,10.450,0.2000,1,2433,49302,33.3,66.7,88.9,11.1
167,30,512,0,0,0,0,0,0,0,0,1,1,0,0,1,0,0,0,1,0,189.0441,7.770000,0.055400,7.830000,523502.5101,26.8500,1.5945,10.630,0.0200,1,2433,49302,66.7,33.3,88.9,11.1
167,31,512,1,0,0,1,0,0,1,0,1,1,0,0,1,1,1,1,1,0,206.8050,8.500000,0.055400,8.550000,523502.5101,27.1700,1.5990,10.660,0.0000,1,2433,49302,33.3,66.7,55.6,44.4
167,33,512,1,0,0,0,0,0,1,0,0,0,1,0,1,0,1,0,1,0,173.7162,7.140000,0.055200,7.200000,523502.5101,26.9500,1.6080,10.720,0.0100,1,2433,49302,33.3,66.7,100.0,0.0
167,34,512,1,0,1,0,1,0,1,0,0,0,1,0,1,1,1,0,1,0,175.1760,7.200000,0.055400,7.250000,523502.5101,26.9300,1.5990,10.660,0.0000,1,2433,49302,11.1,88.9,88.9,11.1
167,35,512,1,1,0,0,0,0,1,1,1,0,1,1,1,0,1,0,1,0,196.0998,8.060000,0.055400,8.110000,523502.5101,17.7600,1.5795,10.530,0.1000,1,2433,49302,22.2,77.8,66.7,33.3
167,36,512,1,1,1,1,1,1,1,1,1,1,0,1,1,0,1,1,1,1,189.5307,7.790000,0.055400,7.850000,523502.5101,3.2900,1.5945,10.630,0.0100,1,2433,49302,11.1,88.9,11.1,88.9
167,37,512,0,0,1,0,1,0,0,1,1,0,1,1,1,1,1,1,1,0,199.9926,8.220000,0.055400,8.280000,523502.5101,27.5000,1.5990,10.660,0.0100,1,2433,49302,22.2,77.8,55.6,44.4
167,40,512,0,0,1,1,0,1,1,1,0,0,1,1,1,1,1,1,1,1,198.0462,8.140000,0.055400,8.200000,523502.5101,12.7400,1.5930,10.620,0.0100,1,2433,49302,33.3,66.7,22.2,77.8
167,41,512,0,0,0,0,1,0,0,0,0,0,1,0,1,0,1,0,0,0,180.2853,7.410000,0.055200,7.470000,523502.5101,26.6100,1.6035,10.690,0.0300,1,2433,49302,55.6,44.4,100.0,0.0
167,42,512,1,0,1,1,1,0,1,0,0,1,1,0,1,0,1,0,0,0,197.0730,8.100000,0.055400,8.160000,523502.5101,26.7900,1.6050,10.700,0.0000,1,2433,49302,22.2,77.8,77.8,22.2
167,43,512,1,0,1,0,0,0,1,0,1,1,1,1,1,1,1,1,1,0,197.5596,8.120000,0.055400,8.180000,523502.5101,27.8300,1.5960,10.640,0.0300,1,2433,49302,11.1,88.9,55.6,44.4
167,44,512,0,0,0,0,0,0,1,0,0,0,1,1,0,0,0,0,1,1,187.0977,7.690000,0.055400,7.740000,523502.5101,10.0700,1.5915,10.610,0.0800,1,2433,49302,66.7,33.3,77.8,22.2
167,45,512,1,0,0,0,0,0,1,0,1,0,1,0,1,0,1,0,1,0,176.8791,7.270000,0.055200,7.320000,523502.5101,27.0200,1.6140,10.760,-0.0100,0,2433,49302,22.2,77.8,100.0,0.0
167,46,512,0,1,1,0,1,1,0,1,0,0,0,0,1,0,1,0,1,0,202.1823,8.310000,0.055400,8.370000,523502.5101,3.6400,1.6005,10.670,0.0200,1,2433,49302,44.4,55.6,66.7,33.3
167,47,512,0,0,0,1,0,0,1,0,1,1,1,1,1,1,1,1,0,0,194.1534,7.980000,0.055400,8.040000,523502.5101,27.4800,1.5780,10.520,0.0500,1,2433,49302,44.4,55.6,44.4,55.6
167,48,512,1,1,1,0,1,0,0,0,0,0,0,0,1,0,0,0,0,0,201.4524,8.280000,0.055400,8.340000,523502.5101,16.8200,1.5765,10.510,0.0500,1,2433,49302,55.6,44.4,88.9,11.1
167,49,512,1,0,1,0,1,0,1,0,1,1,1,0,1,1,1,0,1,0,188.3142,7.740000,0.055400,7.790000,523502.5101,27.1200,1.6005,10.670,0.0100,1,2433,49302,0.0,100.0,77.8,22.2
167,50,512,0,1,1,1,0,1,0,0,0,1,0,0,1,0,1,1,1,0,192.6936,7.920000,0.055400,7.980000,523502.5101,15.3900,1.5510,10.340,0.2300,1,2433,49302,55.6,44.4,44.4,55.6
167,51,512,1,0,1,1,1,0,1,0,1,0,1,0,1,0,1,0,1,0,196.5864,8.080000,0.055400,8.130000,523502.5101,27.0200,1.5855,10.570,0.0600,1,2433,49302,0.0,100.0,88.9,11.1
167,53,512,1,0,0,0,1,0,1,0,0,1,0,0,0,0,1,0,0,0,196.0998,8.060000,0.055400,8.110000,523502.5101,26.6700,1.5975,10.650,0.0000,1,2433,49302,55.6,44.4,88.9,11.1
167,54,512,1,0,0,0,1,0,0,1,0,1,1,0,1,1,1,1,0,0,192.9369,7.930000,0.055400,7.980000,523502.5101,6.3400,1.6005,10.670,0.0000,1,2433,49302,44.4,55.6,55.6,44.4
167,56,512,1,1,1,1,0,1,0,1,1,1,1,1,1,0,1,1,1,1,190.5039,7.830000,0.055400,7.890000,523502.5101,3.1200,1.5930,10.620,0.0400,1,2433,49302,22.2,77.8,11.1,88.9
167,57,512,1,0,0,0,0,0,0,0,0,0,0,0,1,0,1,0,0,0,175.4193,7.210000,0.055200,7.270000,523502.5101,26.7200,1.6110,10.740,0.0100,1,2433,49302,66.7,33.3,100.0,0.0
167,58,512,0,0,0,0,1,1,1,0,1,1,1,1,1,0,1,1,1,0,196.0998,8.060000,0.055400,8.120000,523502.5101,27.2300,1.5960,10.640,0.0500,1,2433,49302,22.2,77.8,55.6,44.4
167,59,512,1,1,0,1,1,1,1,0,1,1,1,1,1,1,1,1,1,1,191.7204,7.880000,0.055400,7.930000,523502.5101,9.5200,1.5990,10.660,0.0100,1,2433,49302,11.1,88.9,11.1,88.9
167,61,512,0,0,0,1,0,0,0,1,1,1,1,1,1,1,1,1,1,0,200.7225,8.250000,0.055400,8.310000,523502.5101,27.5600,1.5975,10.650,0.0100,1,2433,49302,44.4,55.6,33.3,66.7
167,62,512,0,0,0,0,1,0,1,0,1,0,1,0,1,0,1,0,1,0,174.6894,7.180000,0.055200,7.240000,523502.5101,27.0200,1.6005,10.670,-0.0100,0,2433,49302,22.2,77.8,100.0,0.0
167,65,512,1,0,0,1,0,0,0,0,0,1,0,0,1,0,0,0,0,0,199.2627,8.190000,0.055400,8.250000,523502.5101,26.4700,1.5975,10.650,0.0100,1,2433,49302,77.8,22.2,77.8,22.2
167,66,512,1,1,0,1,1,1,1,1,1,1,1,1,1,1,0,1,0,0,1000000000.0000,7.720000,0.055400,7.780000,523502.5101,-100.0000,1.5960,10.640,0.0700,1,-1,-1,33.3,66.7,11.1,88.9
167,67,512,0,0,0,0,1,0,1,1,1,0,1,1,1,0,0,0,1,0,189.5307,7.790000,0.055400,7.850000,523502.5101,27.0100,1.6125,10.750,-0.1000,0,2433,49302,33.3,66.7,77.8,22.2
167,68,512,0,0,1,0,0,1,1,0,1,1,1,1,1,0,0,0,1,0,204.3720,8.400000,0.055400,8.460000,523502.5101,27.0700,1.5945,10.630,0.0200,1,2433,49302,33.3,66.7,66.7,33.3
167,69,512,1,0,0,0,0,0,0,0,1,1,1,0,1,1,1,0,1,0,199.0194,8.180000,0.055400,8.230000,523502.5101,26.9200,1.5930,10.620,0.0200,1,2433,49302,33.3,66.7,77.8,22.2
167,70,512,0,0,1,0,1,0,0,1,0,1,1,1,1,1,1,1,1,0,198.5328,8.160000,0.055400,8.220000,523502.5101,6.8600,1.5975,10.650,0.0200,1,2433,49302,33.3,66.7,44.4,55.6
167,71,512,1,0,1,1,0,0,0,0,1,1,0,0,1,0,0,0,1,0,196.8297,8.090000,0.055400,8.150000,523502.5101,26.8500,1.5990,10.660,0.0300,1,2433,49302,44.4,55.6,77.8,22.2
167,73,512,0,0,0,0,1,1,1,0,0,0,1,1,1,1,1,1,1,0,199.9926,8.220000,0.055400,8.280000,523502.5101,27.4500,1.5960,10.640,0.0100,1,2433,49302,33.3,66.7,55.6,44.4
167,74,512,0,0,0,0,1,0,1,0,0,1,1,1,1,1,1,1,1,0,197.5596,8.120000,0.055400,8.180000,523502.5101,27.5600,1.5960,10.640,0.0100,1,2433,49302,33.3,66.7,55.6,44.4
167,75,512,1,0,1,0,1,0,0,0,0,1,1,0,1,0,1,0,1,0,190.2606,7.820000,0.055400,7.880000,523502.5101,26.7000,1.5330,10.220,0.4200,1,2433,49302,22.2,77.8,88.9,11.1
167,77,512,0,0,0,1,1,1,1,1,1,1,1,1,1,1,0,1,1,1,200.2359,8.230000,0.055400,8.290000,523502.5101,11.4400,1.5960,10.640,0.0100,1,2433,49302,33.3,66.7,11.1,88.9
167,78,512,0,0,0,0,0,1,1,0,1,0,0,0,1,0,1,0,1,0,185.3946,7.620000,0.055400,7.670000,523502.5101,26.8500,1.5270,10.180,0.4900,1,2433,49302,44.4,55.6,88.9,11.1
167,79,512,1,1,1,0,0,1,1,0,0,0,1,0,1,0,1,0,1,0,1000000000.0000,8.100000,0.055400,8.160000,523502.5101,-100.0000,1.5870,10.580,-0.0700,0,-1,-1,22.2,77.8,77.8,22.2
167,80,512,0,0,0,0,0,0,1,0,1,1,1,1,1,1,1,0,0,0,196.5864,8.080000,0.055400,8.130000,523502.5101,27.3400,1.6020,10.680,0.0100,1,2433,49302,44.4,55.6,66.7,33.3
167,84,512,1,1,1,1,0,1,1,1,0,0,0,1,1,1,1,1,1,1,196.8297,8.090000,0.055400,8.150000,523502.5101,5.8600,1.6005,10.670,0.0100,1,2433,49302,33.3,66.7,11.1,88.9
167,85,512,1,1,1,0,1,0,1,0,1,0,1,1,1,1,1,1,1,0,199.0194,8.180000,0.055400,8.240000,523502.5101,18.3000,1.5975,10.650,0.0100,1,2433,49302,0.0,100.0,55.6,44.4
167,86,512,1,1,0,1,1,0,1,1,1,1,1,1,1,1,1,1,1,1,195.6132,8.040000,0.055400,8.090000,523502.5101,17.8700,1.5930,10.620,0.0000,1,2433,49302,11.1,88.9,11.1,88.9
167,89,512,0,0,0,0,0,0,1,0,0,0,1,1,0,0,1,0,0,0,184.9080,7.600000,0.055400,7.660000,523502.5101,26.7300,1.5885,10.590,0.0500,1,2433,49302,66.7,33.3,88.9,11.1
167,90,512,0,0,0,0,0,0,1,0,1,1,0,0,1,0,0,0,1,0,186.3678,7.660000,0.055400,7.710000,523502.5101,26.9300,1.5435,10.290,0.2700,1,2433,49302,55.6,44.4,88.9,11.1
167,91,512,0,0,1,0,1,0,1,0,1,1,1,0,1,0,0,0,1,0,189.2874,7.780000,0.055400,7.840000,523502.5101,26.9200,1.5615,10.410,0.2300,1,2433,49302,22.2,77.8,88.9,11.1
167,92,512,1,1,1,1,1,1,0,1,1,1,1,1,0,0,1,1,1,1,196.8297,8.090000,0.055400,8.150000,523502.5101,3.2700,1.5990,10.660,-0.0100,0,2433,49302,22.2,77.8,11.1,88.9
167,94,512,0,0,0,0,1,0,1,0,0,0,1,1,1,0,1,0,0,0,190.7472,7.840000,0.055400,7.900000,523502.5101,26.9800,1.5780,10.520,0.1600,1,2433,49302,44.4,55.6,88.9,11.1
167,95,512,1,0,0,1,0,0,1,1,0,0,0,0,0,0,1,0,0,0,194.6400,8.000000,0.055400,8.060000,523502.5101,26.5500,1.5885,10.590,0.0700,1,2433,49302,66.7,33.3,77.8,22.2
167,96,512,0,0,0,0,0,0,1,0,0,0,0,0,1,0,0,0,1,0,180.5286,7.420000,0.055200,7.470000,523502.5101,26.7500,1.5900,10.600,0.1200,1,2433,49302,66.7,33.3,100.0,0.0
167,98,512,0,0,1,1,1,0,0,1,1,0,1,1,1,0,0,0,1,0,1000000000.0000,8.330000,0.055400,8.380000,523502.5101,-100.0000,1.5900,10.600,0.0400,1,-1,-1,33.3,66.7,66.7,33.3
167,99,512,1,1,1,1,0,1,1,1,1,1,0,0,1,1,1,1,1,1,197.0730,8.100000,0.055400,8.160000,523502.5101,4.4500,1.6005,10.670,0.0100,1,2433,49302,22.2,77.8,11.1,88.9
168,0,512,0,0,1,0,0,0,1,0,0,1,0,0,1,0,1,0,0,0,186.1245,7.650000,0.055400,7.710000,523502.5101,26.7800,1.5705,10.470,0.2100,1,2433,49302,55.6,44.4,88.9,11.1
168,1,512,1,0,0,1,0,1,1,0,0,0,0,1,0,0,1,1,0,0,202.4256,8.320000,0.055400,8.370000,523502.5101,26.5000,1.5975,10.650,0.0100,1,2433,49302,66.7,33.3,55.6,44.4
168,2,512,1,0,1,0,0,0,1,0,1,0,1,0,1,0,1,0,1,0,177.6090,7.300000,0.055200,7.350000,523502.5101,27.0200,1.6035,10.690,0.0500,1,2433,49302,11.1,88.9,100.0,0.0
168,3,512,0,0,0,0,0,1,0,0,0,0,0,0,0,0,1,0,1,0,191.2338,7.860000,0.055400,7.920000,523502.5101,26.6800,1.5960,10.640,-0.0100,0,2433,49302,77.8,22.2,88.9,11.1
168,5,512,1,0,1,1,0,0,1,0,1,1,0,0,1,0,1,0,0,0,195.8565,8.050000,0.055400,8.110000,523502.5101,26.9600,1.6095,10.730,-0.0800,0,2433,49302,33.3,66.7,77.8,22.2
168,6,512,1,1,0,1,1,1,1,1,1,1,1,1,1,1,1,1,1,1,175.1760,7.200000,0.055400,7.260000,523502.5101,20.4300,1.5375,10.250,0.3100,1,2433,49302,11.1,88.9,0.0,100.0
168,7,512,1,0,0,0,0,0,1,0,0,0,1,1,1,0,1,1,1,0,192.9369,7.930000,0.055400,7.990000,523502.5101,27.0600,1.5945,10.630,0.0100,1,2433,49302,33.3,66.7,77.8,22.2
168,8,512,1,1,1,1,0,1,1,1,1,1,1,0,1,1,1,1,1,1,184.1781,7.570000,0.055400,7.620000,523502.5101,4.2000,1.5960,10.640,0.0200,1,2433,49302,11.1,88.9,11.1,88.9
168,10,512,0,0,0,0,0,0,1,0,0,0,1,1,1,0,1,1,0,0,196.0998,8.060000,0.055400,8.120000,523502.5101,26.9200,1.6020,10.680,0.0000,1,2433,49302,55.6,44.4,77.8,22.2
168,12,512,0,0,1,0,0,0,1,0,1,1,1,1,1,0,1,0,1,0,191.4771,7.870000,0.055400,7.920000,523502.5101,27.3100,1.5990,10.660,0.0000,1,2433,49302,22.2,77.8,77.8,22.2
168,13,512,0,0,1,0,0,1,1,0,1,1,1,1,1,0,1,0,1,1,201.2091,8.270000,0.055400,8.330000,523502.5101,10.1000,1.5915,10.610,0.0900,1,2433,49302,22.2,77.8,55.6,44.4
168,15,512,0,0,1,0,1,0,1,0,1,1,0,0,1,1,1,0,1,0,190.0173,7.810000,0.055400,7.870000,523502.5101,27.1100,1.5990,10.660,0.0400,1,2433,49302,22.2,77.8,77.8,22.2
168,16,512,1,1,0,1,1,1,1,1,0,0,1,1,1,1,0,1,1,1,197.5596,8.120000,0.055400,8.170000,523502.5101,4.3800,1.5945,10.630,0.0100,1,2433,49302,33.3,66.7,11.1,88.9
168,17,512,1,1,1,1,1,1,0,0,1,1,1,1,1,1,1,1,1,1,188.0709,7.730000,0.055400,7.780000,523502.5101,10.8600,1.5750,10.500,0.0000,1,2433,49302,11.1,88.9,11.1,88.9
168,18,512,1,0,0,0,1,1,1,0,0,0,0,0,0,0,1,0,0,0,187.0977,7.690000,0.055400,7.750000,523502.5101,26.5700,1.5705,10.470,0.1900,1,2433,49302,55.6,44.4,88.9,11.1
168,19,512,0,0,1,1,1,0,1,0,1,1,1,1,1,1,1,1,1,0,195.1266,8.020000,0.055400,8.080000,523502.5101,27.8300,1.5870,10.580,0.0800,1,2433,49302,11.1,88.9,44.4,55.6
168,20,512,0,0,0,0,0,0,1,0,1,1,0,0,1,1,0,0,1,0,184.1781,7.570000,0.055400,7.620000,523502.5101,26.9400,1.5975,10.650,0.0200,1,2433,49302,55.6,44.4,77.8,22.2
168,21,512,1,0,1,0,1,1,1,0,0,0,0,1,0,0,0,1,0,0,188.3142,7.740000,0.055400,7.790000,523502.5101,26.2600,1.5840,10.560,0.1300,1,2433,49302,55.6,44.4,66.7,33.3
168,23,512,1,0,0,0,0,0,1,1,1,1,0,0,1,0,0,0,0,0,192.2070,7.900000,0.055400,7.960000,523502.5101,26.8500,1.5885,10.590,0.0700,1,2433,49302,55.6,44.4,77.8,22.2
168,24,512,0,0,1,0,1,0,1,0,0,0,0,0,1,0,0,0,1,0,180.7719,7.430000,0.055200,7.480000,523502.5101,26.7500,1.6080,10.720,0.0100,1,2433,49302,44.4,55.6,100.0,0.0
168,27,512,0,0,0,0,1,0,1,0,1,1,0,0,1,0,1,0,1,0,192.4503,7.910000,0.055400,7.960000,523502.5101,27.0900,1.5750,10.500,0.1800,1,2433,49302,33.3,66.7,88.9,11.1
168,28,512,1,0,1,0,1,0,1,0,0,0,1,1,1,1,0,1,1,0,173.4729,7.130000,0.055400,7.180000,523502.5101,17.1800,1.5975,10.650,0.0200,1,2433,49302,22.2,77.8,66.7,33.3
168,30,512,0,0,0,1,0,1,1,0,1,0,0,0,1,0,1,0,1,0,1000000000.0000,8.080000,0.055400,8.130000,523502.5101,-100.0000,1.5675,10.450,0.1800,1,-1,-1,44.4,55.6,77.8,22.2
168,36,512,1,1,1,1,1,1,1,1,1,1,1,1,1,1,1,0,1,1,1000000000.0000,7.540000,0.055400,7.600000,523502.5101,-100.0000,1.5930,10.620,0.0200,1,-1,-1,0.0,100.0,11.1,88.9
168,37,512,0,0,0,0,1,0,0,0,0,0,1,0,1,0,0,0,0,0,179.3121,7.370000,0.055200,7.430000,523502.5101,26.4600,1.6080,10.720,0.0200,1,2433,49302,66.7,33.3,100.0,0.0
168,38,512,0,0,0,0,1,0,1,0,1,0,0,0,1,0,1,0,0,0,188.8008,7.760000,0.055200,7.810000,523502.5101,26.9100,1.5945,10.630,0.1000,1,2433,49302,44.4,55.6,100.0,0.0
168,40,512,1,0,1,0,0,0,1,0,1,1,0,0,1,0,1,0,0,0,182.9616,7.520000,0.055400,7.580000,523502.5101,26.9600,1.5615,10.410,0.2600,1,2433,49302,33.3,66.7,88.9,11.1
168,44,512,1,0,1,1,0,0,1,0,1,1,1,1,1,0,1,0,1,0,212.8875,8.750000,0.055400,8.810000,523502.5101,27.3100,1.6005,10.670,0.0200,1,2433,49302,11.1,88.9,66.7,33.3
168,45,512,1,0,1,0,1,0,1,0,0,0,1,0,1,0,1,0,0,0,173.2296,7.120000,0.055200,7.170000,523502.5101,26.8300,1.5945,10.630,0.0100,1,2433,49302,22.2,77.8,100.0,0.0
168,46,512,0,1,1,1,0,1,1,1,0,1,0,0,1,0,1,1,0,0,183.2049,7.530000,0.055400,7.590000,523502.5101,1.7600,1.5960,10.640,0.0200,1,2433,49302,55.6,44.4,33.3,66.7
168,47,512,1,1,0,1,1,0,0,1,1,1,1,1,1,1,1,1,1,1,190.9905,7.850000,0.055400,7.900000,523502.5101,17.5400,1.5870,10.580,0.0700,1,2433,49302,22.2,77.8,11.1,88.9
168,48,512,1,1,0,1,0,1,1,1,0,1,1,1,1,1,0,1,1,1,176.6358,7.260000,0.055400,7.320000,523502.5101,12.2500,1.5435,10.290,0.2700,1,2433,49302,44.4,55.6,0.0,100.0
168,50,512,0,0,0,0,1,0,0,0,0,0,1,1,0,0,0,0,0,0,188.0709,7.730000,0.055400,7.780000,523502.5101,26.4800,1.5720,10.480,0.1900,1,2433,49302,77.8,22.2,88.9,11.1
168,52,512,1,0,0,1,0,1,1,1,0,0,1,1,1,1,1,0,0,0,200.2359,8.230000,0.055400,8.280000,523502.5101,26.9600,1.6095,10.730,-0.0700,0,2433,49302,44.4,55.6,44.4,55.6
168,55,512,0,0,0,0,1,0,0,0,0,0,1,1,1,1,1,0,0,0,187.8276,7.720000,0.055400,7.780000,523502.5101,26.9800,1.5795,10.530,0.1400,1,2433,49302,55.6,44.4,77.8,22.2
168,57,512,0,0,0,0,0,0,0,0,0,0,1,1,1,0,1,0,0,0,188.3142,7.740000,0.055400,7.790000,523502.5101,26.8400,1.5675,10.450,0.2200,1,2433,49302,66.7,33.3,88.9,11.1
168,58,512,0,0,1,0,1,1,1,0,0,0,1,1,1,0,1,0,0,0,195.3699,8.030000,0.055400,8.080000,523502.5101,26.9000,1.5825,10.550,0.1200,1,2433,49302,33.3,66.7,77.8,22.2
168,59,512,0,0,1,0,1,0,0,1,1,0,1,1,1,0,0,0,1,1,192.9369,7.930000,0.055400,7.980000,523502.5101,10.0800,1.5990,10.660,0.0000,1,2433,49302,33.3,66.7,66.7,33.3
168,61,512,1,1,1,1,1,1,0,1,1,1,1,1,1,1,0,0,1,1,175.6626,7.220000,0.055400,7.270000,523502.5101,3.0800,1.5990,10.660,0.0100,1,2433,49302,22.2,77.8,11.1,88.9
168,62,512,1,0,0,0,0,0,1,0,1,1,1,1,1,0,1,0,1,0,189.5307,7.790000,0.055400,7.850000,523502.5101,27.3100,1.5960,10.640,0.0500,1,2433,49302,22.2,77.8,77.8,22.2
168,63,512,0,0,0,1,1,0,1,0,1,1,1,1,1,1,0,0,1,0,193.4235,7.950000,0.055400,8.010000,523502.5101,27.2600,1.6005,10.670,0.0100,1,2433,49302,33.3,66.7,55.6,44.4
168,64,512,1,1,0,1,1,1,0,1,1,1,1,1,1,1,0,1,1,1,171.5265,7.050000,0.055400,7.110000,523502.5101,12.4900,1.5390,10.260,0.3100,1,2433,49302,33.3,66.7,0.0,100.0
168,70,512,1,0,1,1,1,0,1,0,0,0,1,0,1,1,1,1,1,0,189.7740,7.800000,0.055400,7.850000,523502.5101,26.9800,1.5780,10.520,0.1400,1,2433,49302,11.1,88.9,66.7,33.3
168,72,512,1,0,0,0,1,0,1,0,0,0,1,0,1,0,1,0,1,0,178.0956,7.320000,0.055200,7.370000,523502.5101,26.9500,1.6095,10.730,0.0100,1,2433,49302,22.2,77.8,100.0,0.0
168,73,512,0,0,1,0,0,0,1,0,1,1,1,1,1,1,1,1,1,0,195.3699,8.030000,0.055400,8.080000,523502.5101,27.8300,1.5855,10.570,0.0900,1,2433,49302,22.2,77.8,55.6,44.4
168,74,512,1,0,0,0,0,0,1,1,1,0,1,1,1,0,0,0,1,0,195.3699,8.030000,0.055400,8.080000,523502.5101,27.0100,1.5945,10.630,0.0100,1,2433,49302,33.3,66.7,77.8,22.2
168,76,512,0,0,0,1,0,1,0,1,0,0,0,0,0,0,1,0,1,0,197.0730,8.100000,0.055400,8.150000,523502.5101,6.9200,1.5990,10.660,0.0000,1,2433,49302,77.8,22.2,66.7,33.3
168,77,512,1,1,0,0,0,1,1,1,0,1,1,1,1,1,0,1,1,1,203.3988,8.360000,0.055400,8.410000,523502.5101,4.3100,1.5870,10.580,0.1100,1,2433,49302,44.4,55.6,11.1,88.9
168,78,512,1,0,0,0,0,0,1,0,1,1,1,1,1,1,0,0,1,0,198.0462,8.140000,0.055400,8.190000,523502.5101,27.2600,1.6005,10.670,0.0200,1,2433,49302,33.3,66.7,66.7,33.3
168,80,512,0,0,0,0,1,0,1,0,0,1,1,0,1,0,1,0,0,0,191.2338,7.860000,0.055400,7.910000,523502.5101,26.7900,1.6065,10.710,0.0200,1,2433,49302,44.4,55.6,88.9,11.1
168,81,512,0,0,0,0,0,0,1,0,0,0,1,1,1,0,1,0,1,1,189.0441,7.770000,0.055400,7.820000,523502.5101,10.0900,1.5975,10.650,0.0000,1,2433,49302,44.4,55.6,77.8,22.2
168,84,512,1,0,1,1,0,0,0,0,1,1,0,0,1,0,0,0,0,0,200.7225,8.250000,0.055400,8.310000,523502.5101,26.7300,1.5840,10.560,0.0800,1,2433,49302,55.6,44.4,77.8,22.2
168,86,512,0,0,0,0,0,1,1,0,1,0,0,0,1,0,1,1,1,0,200.4792,8.240000,0.055400,8.300000,523502.5101,26.8000,1.5960,10.640,0.0600,1,2433,49302,44.4,55.6,77.8,22.2
168,88,512,0,0,1,0,1,0,0,1,0,0,0,0,1,0,1,0,1,1,191.2338,7.860000,0.055400,7.910000,523502.5101,10.0700,1.6005,10.670,0.0000,1,2433,49302,44.4,55.6,77.8,22.2
168,89,512,1,1,1,0,0,0,0,0,0,0,0,0,1,0,0,0,1,0,194.1534,7.980000,0.055400,8.040000,523502.5101,16.9900,1.5795,10.530,0.1300,1,2433,49302,55.6,44.4,88.9,11.1
168,90,512,1,0,1,0,0,0,0,0,0,0,0,0,0,0,1,0,0,0,175.9059,7.230000,0.055200,7.290000,523502.5101,26.6100,1.6095,10.730,0.0000,1,2433,49302,66.7,33.3,100.0,0.0
168,92,512,0,0,1,1,1,0,0,1,0,1,1,1,1,0,0,0,1,1,199.2627,8.190000,0.055400,8.250000,523502.5101,10.0500,1.5855,10.570,0.0700,1,2433,49302,44.4,55.6,44.4,55.6
168,93,512,0,0,0,1,1,0,1,0,1,0,1,1,1,1,1,0,1,0,199.9926,8.220000,0.055400,8.280000,523502.5101,27.3700,1.5960,10.640,0.0100,1,2433,49302,22.2,77.8,66.7,33.3
168,94,512,1,1,1,1,0,1,1,1,0,1,1,1,1,1,1,1,1,1,175.1760,7.200000,0.055400,7.260000,523502.5101,16.8600,1.5270,10.180,0.3900,1,2433,49302,22.2,77.8,0.0,100.0
168,95,512,0,0,1,0,0,0,1,0,1,0,1,0,1,0,1,0,1,0,176.8791,7.270000,0.055200,7.320000,523502.5101,27.0200,1.5990,10.660,0.0600,1,2433,49302,22.2,77.8,100.0,0.0
168,96,512,0,0,0,0,1,0,1,0,1,0,0,0,1,0,1,1,1,0,190.7472,7.840000,0.055400,7.900000,523502.5101,26.9800,1.5960,10.640,0.0000,1,2433,49302,33.3,66.7,88.9,11.1
168,97,512,1,0,0,0,1,0,1,0,1,1,1,0,1,1,1,1,0,0,190.9905,7.850000,0.055400,7.900000,523502.5101,27.0200,1.5930,10.620,0.0000,1,2433,49302,22.2,77.8,66.7,33.3
168,98,512,0,0,0,0,0,0,1,0,0,1,0,0,1,0,0,0,0,0,190.7472,7.840000,0.055400,7.890000,523502.5101,26.5700,1.5810,10.540,0.1100,1,2433,49302,77.8,22.2,88.9,11.1
168,99,512,0,0,0,0,1,0,1,0,1,0,1,1,1,0,1,0,1,0,196.3431,8.070000,0.055400,8.130000,523502.5101,27.1400,1.5495,10.330,0.2300,1,2433,49302,22.2,77.8,88.9,11.1
169,1,512,0,0,0,0,0,0,1,0,0,1,0,0,1,0,1,1,0,0,194.3967,7.990000,0.055400,8.040000,523502.5101,26.7000,1.6020,10.680,0.0100,1,2433,49302,66.7,33.3,77.8,22.2
169,2,512,0,0,0,0,1,0,1,1,1,0,1,1,1,0,1,0,1,0,193.4235,7.950000,0.055400,8.010000,523502.5101,27.1300,1.5705,10.470,0.2000,1,2433,49302,22.2,77.8,77.8,22.2
169,4,512,1,0,0,1,0,1,1,1,0,0,0,1,0,0,0,1,0,0,199.5060,8.200000,0.055400,8.260000,523502.5101,26.1500,1.5930,10.620,0.0900,1,2433,49302,77.8,22.2,44.4,55.6
169,7,512,1,0,1,0,0,0,1,0,1,0,0,0,1,0,1,0,0,0,178.0956,7.320000,0.055200,7.370000,523502.5101,26.9100,1.6065,10.710,0.0100,1,2433,49302,33.3,66.7,100.0,0.0
169,8,512,1,0,1,0,0,0,1,0,1,0,1,0,1,1,1,0,1,0,174.4461,7.170000,0.055400,7.220000,523502.5101,26.9800,1.5945,10.630,0.0600,1,2433,49302,11.1,88.9,88.9,11.1
169,9,512,0,0,0,1,0,0,0,0,0,0,1,1,1,0,0,0,1,0,195.3699,8.030000,0.055400,8.090000,523502.5101,26.8100,1.5885,10.590,0.0600,1,2433,49302,66.7,33.3,77.8,22.2
169,10,512,1,1,1,1,1,1,1,1,0,1,1,1,1,1,0,1,1,1,178.3389,7.330000,0.055400,7.390000,523502.5101,13.2500,1.5120,10.080,0.5000,1,2433,49302,22.2,77.8,0.0,100.0
169,11,512,0,0,0,0,0,0,1,1,1,1,1,1,1,0,1,0,1,0,193.9101,7.970000,0.055400,8.030000,523502.5101,27.4600,1.6005,10.670,0.0000,1,2433,49302,33.3,66.7,66.7,33.3
169,12,512,0,0,0,1,0,0,1,1,1,0,1,1,1,0,0,0,1,0,200.4792,8.240000,0.055400,8.300000,523502.5101,27.0100,1.5960,10.640,0.0200,1,2433,49302,44.4,55.6,66.7,33.3
169,13,512,0,0,1,0,1,0,1,0,1,0,1,1,1,1,0,0,1,0,197.0730,8.100000,0.055400,8.160000,523502.5101,27.0500,1.5960,10.640,0.0200,1,2433,49302,22.2,77.8,77.8,22.2
169,14,512,0,0,0,1,1,0,1,0,1,0,1,1,1,1,1,1,1,1,194.6400,8.000000,0.055400,8.050000,523502.5101,12.7600,1.6020,10.680,0.0100,1,2433,49302,22.2,77.8,44.4,55.6
169,15,512,1,0,0,1,0,1,1,0,0,0,1,1,0,0,0,1,0,0,196.5864,8.080000,0.055400,8.130000,523502.5101,26.3800,1.5960,10.640,0.0000,1,2433,49302,66.7,33.3,55.6,44.4
169,16,512,0,0,0,0,1,0,1,0,1,0,0,0,1,0,1,0,1,1,179.5554,7.380000,0.055400,7.440000,523502.5101,10.1000,1.5930,10.620,0.0100,1,2433,49302,33.3,66.7,88.9,11.1
169,18,512,1,1,0,1,0,0,1,0,0,0,0,1,0,0,0,1,0,0,196.8297,8.090000,0.055400,8.140000,523502.5101,16.6300,1.5840,10.560,0.1000,1,2433,49302,77.8,22.2,55.6,44.4
169,19,512,1,0,0,0,1,0,0,0,0,0,1,1,1,1,1,0,0,0,187.3410,7.700000,0.055400,7.750000,523502.5101,26.9800,1.5975,10.650,0.0200,1,2433,49302,44.4,55.6,77.8,22.2
169,20,512,1,0,1,0,1,0,1,0,1,1,1,0,1,0,1,0,0,0,185.8812,7.640000,0.055400,7.700000,523502.5101,27.0200,1.5675,10.450,0.2200,1,2433,49302,11.1,88.9,88.9,11.1
169,23,512,1,1,0,1,0,1,0,1,1,1,1,1,1,1,1,1,1,1,178.8255,7.350000,0.055400,7.400000,523502.5101,17.5100,1.4985,9.990,0.5700,1,2433,49302,33.3,66.7,0.0,100.0
169,25,512,0,0,0,0,0,0,1,0,1,1,1,0,1,1,0,0,1,0,193.6668,7.960000,0.055400,8.010000,523502.5101,26.9000,1.5930,10.620,0.0300,1,2433,49302,44.4,55.6,77.8,22.2
169,26,512,1,0,1,0,1,0,1,0,1,1,0,0,1,0,1,0,0,0,188.0709,7.730000,0.055400,7.790000,523502.5101,26.9600,1.5630,10.420,0.2000,1,2433,49302,22.2,77.8,88.9,11.1
169,28,512,0,0,1,0,1,1,1,0,1,0,1,1,1,1,1,1,1,0,203.1555,8.350000,0.055400,8.400000,523502.5101,27.5100,1.5900,10.600,0.0900,1,2433,49302,11.1,88.9,55.6,44.4
169,29,512,0,0,1,0,0,0,1,0,1,1,1,1,1,1,1,0,1,0,190.0173,7.810000,0.055400,7.860000,523502.5101,27.5600,1.5690,10.460,0.1900,1,2433,49302,22.2,77.8,66.7,33.3
169,30,512,1,1,0,1,1,1,1,0,1,1,1,1,1,1,0,1,1,1,197.8029,8.130000,0.055400,8.180000,523502.5101,5.1500,1.5990,10.660,0.0000,1,2433,49302,22.2,77.8,11.1,88.9
169,31,512,0,0,1,0,1,0,1,1,1,0,0,0,1,0,1,0,1,1,193.9101,7.970000,0.055400,8.030000,523502.5101,10.1000,1.5960,10.640,0.0000,1,2433,49302,22.2,77.8,77.8,22.2
169,32,512,1,0,0,1,0,1,1,0,0,0,1,1,1,1,1,0,1,0,1000000000.0000,8.220000,0.055400,8.280000,523502.5101,-100.0000,1.5975,10.650,0.0000,1,-1,-1,33.3,66.7,55.6,44.4
169,34,512,0,0,0,0,0,1,1,0,0,0,0,0,1,0,1,0,1,0,188.0709,7.730000,0.055400,7.780000,523502.5101,26.7700,1.5585,10.390,0.2600,1,2433,49302,55.6,44.4,88.9,11.1
169,35,512,0,0,0,1,0,0,1,0,1,1,1,1,1,0,1,1,1,0,191.9637,7.890000,0.055400,7.940000,523502.5101,27.3100,1.5615,10.410,0.2500,1,2433,49302,33.3,66.7,55.6,44.4
169,40,512,1,1,0,1,1,1,1,1,1,1,1,1,1,1,1,1,1,0,188.5575,7.750000,0.055400,7.800000,523502.5101,7.0800,1.6020,10.680,0.0000,1,2433,49302,11.1,88.9,11.1,88.9
169,41,512,1,1,1,1,0,1,1,1,1,1,0,1,1,1,0,1,1,1,176.8791,7.270000,0.055400,7.320000,523502.5101,12.0200,1.5390,10.260,0.3000,1,2433,49302,33.3,66.7,0.0,100.0
169,42,512,1,1,0,1,1,1,0,1,1,1,1,1,1,1,0,1,1,0,183.9348,7.560000,0.055400,7.620000,523502.5101,3.7300,1.5990,10.660,0.0200,1,2433,49302,33.3,66.7,11.1,88.9
169,43,512,1,1,1,1,0,1,0,0,0,1,1,1,1,1,1,1,1,1,186.1245,7.650000,0.055400,7.700000,523502.5101,9.4500,1.5960,10.640,0.0100,1,2433,49302,33.3,66.7,11.1,88.9
169,45,512,1,0,0,0,1,0,1,0,0,0,1,1,1,1,0,1,1,0,192.4503,7.910000,0.055400,7.970000,523502.5101,17.1800,1.5750,10.500,0.1800,1,2433,49302,33.3,66.7,66.7,33.3
169,48,512,1,0,0,0,0,0,0,0,1,1,0,0,0,0,1,0,0,0,183.6915,7.550000,0.055400,7.610000,523502.5101,26.8000,1.5645,10.430,0.2600,1,2433,49302,66.7,33.3,88.9,11.1
169,49,512,0,0,0,0,0,1,1,0,1,1,1,1,1,1,1,1,1,0,195.3699,8.030000,0.055400,8.090000,523502.5101,27.7200,1.5795,10.530,0.1400,1,2433,49302,33.3,66.7,44.4,55.6
169,50,512,1,1,0,1,0,1,1,1,0,1,1,1,1,1,1,0,1,1,187.8276,7.720000,0.055400,7.770000,523502.5101,3.0000,1.5930,10.620,0.0100,1,2433,49302,33.3,66.7,11.1,88.9
169,51,512,0,0,1,0,0,0,1,0,1,0,1,1,1,0,1,0,1,0,190.9905,7.850000,0.055400,7.910000,523502.5101,27.1400,1.5915,10.610,0.0400,1,2433,49302,22.2,77.8,88.9,11.1
169,52,512,0,0,1,0,0,0,0,0,0,0,1,1,1,0,1,0,1,0,188.3142,7.740000,0.055400,7.790000,523502.5101,26.9400,1.5480,10.320,0.2500,1,2433,49302,44.4,55.6,88.9,11.1
169,53,512,1,1,0,1,0,1,1,1,1,1,1,1,1,1,0,1,1,1,1000000000.0000,7.240000,0.055400,7.290000,523502.5101,-100.0000,1.5165,10.110,0.4600,1,-1,-1,33.3,66.7,0.0,100.0
169,54,512,0,0,0,1,1,0,1,0,1,1,1,0,1,0,1,0,1,0,1000000000.0000,7.930000,0.055400,7.990000,523502.5101,-100.0000,1.6035,10.690,0.0000,1,-1,-1,22.2,77.8,77.8,22.2
169,55,512,1,0,0,0,0,0,1,1,1,0,1,1,1,0,1,1,1,0,197.0730,8.100000,0.055400,8.150000,523502.5101,27.0900,1.5990,10.660,0.0100,1,2433,49302,22.2,77.8,66.7,33.3
169,57,512,0,0,0,0,0,0,1,0,1,0,1,1,1,0,1,0,0,0,199.9926,8.220000,0.055400,8.270000,523502.5101,27.0400,1.5870,10.580,0.1100,1,2433,49302,44.4,55.6,88.9,11.1
169,58,512,1,0,0,1,0,1,1,0,0,0,0,0,0,0,0,1,0,0,203.6421,8.370000,0.055400,8.430000,523502.5101,26.3300,1.5810,10.540,0.1100,1,2433,49302,77.8,22.2,66.7,33.3
169,59,512,0,0,1,1,1,1,0,1,1,0,1,1,1,0,0,0,1,1,200.2359,8.230000,0.055400,8.280000,523502.5101,10.0500,1.5825,10.550,0.1000,1,2433,49302,33.3,66.7,44.4,55.6
169,60,512,1,0,0,0,0,0,0,0,1,1,0,0,1,0,0,0,1,1,182.9616,7.520000,0.055400,7.570000,523502.5101,10.0700,1.5885,10.590,0.0300,1,2433,49302,55.6,44.4,77.8,22.2
169,61,512,1,0,1,1,1,0,1,0,0,0,1,0,1,0,1,0,1,0,193.1802,7.940000,0.055400,7.990000,523502.5101,26.9500,1.6005,10.670,0.0000,1,2433,49302,11.1,88.9,88.9,11.1
169,62,512,0,0,0,1,1,1,1,0,1,1,1,1,1,1,1,1,1,0,199.5060,8.200000,0.055400,8.260000,523502.5101,27.7500,1.5975,10.650,0.0000,1,2433,49302,22.2,77.8,33.3,66.7
169,65,512,1,0,0,1,0,0,1,0,0,0,0,1,0,0,1,1,0,0,196.8297,8.090000,0.055400,8.150000,523502.5101,26.6300,1.5930,10.620,0.0300,1,2433,49302,66.7,33.3,66.7,33.3
169,67,512,0,0,1,0,0,0,1,0,1,1,0,0,1,0,1,0,0,0,190.2606,7.820000,0.055400,7.870000,523502.5101,26.9600,1.6065,10.710,-0.0500,0,2433,49302,44.4,55.6,88.9,11.1
169,68,512,1,1,0,1,1,1,0,1,1,1,1,1,1,1,1,0,1,1,196.3431,8.070000,0.055400,8.120000,523502.5101,3.0600,1.5885,10.590,0.0500,1,2433,49302,22.2,77.8,11.1,88.9
169,69,512,1,0,0,0,0,0,0,0,0,1,0,1,1,0,0,0,0,0,1000000000.0000,8.060000,0.055400,8.120000,523502.5101,-100.0000,1.5990,10.660,0.0200,1,-1,-1,77.8,22.2,77.8,22.2
169,71,512,1,1,1,1,1,1,0,1,1,1,1,1,1,1,1,1,1,0,196.0998,8.060000,0.055400,8.110000,523502.5101,7.6100,1.5960,10.640,0.0300,1,2433,49302,11.1,88.9,11.1,88.9
169,72,512,1,1,1,0,0,1,1,1,0,1,1,1,1,1,1,1,1,1,196.8297,8.090000,0.055400,8.140000,523502.5101,7.2300,1.5945,10.630,0.0500,1,2433,49302,22.2,77.8,11.1,88.9
169,73,512,1,1,0,1,0,0,0,1,1,1,1,1,1,1,0,1,1,1,196.3431,8.070000,0.055400,8.120000,523502.5101,4.5100,1.6050,10.700,0.0100,1,2433,49302,44.4,55.6,11.1,88.9
169,76,512,0,0,0,0,0,1,1,0,1,1,0,0,1,0,0,0,1,0,200.9658,8.260000,0.055400,8.310000,523502.5101,26.7600,1.6005,10.670,0.0300,1,2433,49302,55.6,44.4,77.8,22.2
169,78,512,0,0,1,0,1,0,1,0,0,0,1,1,1,0,1,0,1,0,181.2585,7.450000,0.055400,7.510000,523502.5101,27.1100,1.5645,10.430,0.2300,1,2433,49302,22.2,77.8,88.9,11.1
169,79,512,1,1,1,1,0,0,1,1,1,1,1,1,0,0,1,1,1,1,208.5081,8.570000,0.055400,8.620000,523502.5101,3.2200,1.6020,10.680,0.0000,1,2433,49302,22.2,77.8,22.2,77.8
169,80,512,1,0,0,1,0,0,0,0,1,1,1,1,1,0,0,0,1,0,194.8833,8.010000,0.055400,8.060000,523502.5101,26.9400,1.5975,10.650,0.0100,1,2433,49302,44.4,55.6,66.7,33.3
169,82,512,0,0,0,0,1,1,1,0,1,1,1,1,1,1,0,0,1,0,192.4503,7.910000,0.055400,7.970000,523502.5101,27.1900,1.6005,10.670,0.0200,1,2433,49302,33.3,66.7,55.6,44.4
169,83,512,0,0,0,0,0,1,0,0,1,0,0,0,1,0,1,0,1,0,186.3678,7.660000,0.055400,7.720000,523502.5101,26.8400,1.5525,10.350,0.3700,1,2433,49302,55.6,44.4,88.9,11.1
169,84,512,1,1,1,0,0,0,1,0,1,1,1,1,1,1,1,1,1,0,192.9369,7.930000,0.055400,7.980000,523502.5101,18.6600,1.5510,10.340,0.2400,1,2433,49302,11.1,88.9,44.4,55.6
169,85,512,1,0,0,0,1,0,1,0,0,0,0,0,1,1,1,0,0,0,180.2853,7.410000,0.055400,7.470000,523502.5101,26.8900,1.6050,10.700,0.0000,1,2433,49302,44.4,55.6,88.9,11.1
169,87,512,1,0,0,1,0,1,1,1,0,0,1,0,1,1,1,0,1,0,199.0194,8.180000,0.055400,8.240000,523502.5101,26.7400,1.6020,10.680,0.0000,1,2433,49302,33.3,66.7,55.6,44.4
169,88,512,0,1,1,1,1,0,0,0,0,1,0,0,1,0,1,1,0,0,197.3163,8.110000,0.055400,8.160000,523502.5101,12.0900,1.5750,10.500,0.1700,1,2433,49302,55.6,44.4,55.6,44.4
169,89,512,1,1,0,1,1,1,0,1,1,1,1,1,1,1,1,1,1,0,189.0441,7.770000,0.055400,7.830000,523502.5101,4.8800,1.5975,10.650,0.0300,1,2433,49302,22.2,77.8,11.1,88.9
169,90,512,1,0,1,0,0,1,1,0,0,0,1,1,1,1,0,1,1,0,202.4256,8.320000,0.055400,8.380000,523502.5101,17.0500,1.5960,10.640,0.0200,1,2433,49302,33.3,66.7,55.6,44.4
169,91,512,0,0,0,1,0,0,0,1,1,1,1,0,0,0,1,1,1,1,198.2895,8.150000,0.055400,8.210000,523502.5101,10.4100,1.5960,10.640,0.0100,1,2433,49302,55.6,44.4,44.4,55.6
169,94,512,0,0,0,0,0,0,1,0,0,1,0,0,1,1,1,0,0,0,180.0420,7.400000,0.055400,7.460000,523502.5101,26.8600,1.5945,10.630,0.0200,1,2433,49302,66.7,33.3,77.8,22.2
169,95,512,1,0,0,0,0,0,0,0,1,0,0,0,1,0,0,0,1,0,179.3121,7.370000,0.055200,7.430000,523502.5101,26.7300,1.6035,10.690,0.0700,1,2433,49302,55.6,44.4,100.0,0.0
169,96,512,1,0,1,0,0,0,1,0,1,1,0,0,1,1,1,0,0,0,188.3142,7.740000,0.055400,7.800000,523502.5101,26.9800,1.6020,10.680,0.0100,1,2433,49302,33.3,66.7,77.8,22.2
169,97,512,1,1,0,1,0,1,1,1,0,1,1,1,1,0,0,1,1,1,194.3967,7.990000,0.055400,8.040000,523502.5101,2.8600,1.5975,10.650,0.0000,1,2433,49302,44.4,55.6,11.1,88.9
169,99,512,0,0,0,0,0,1,1,0,1,1,1,1,1,1,0,0,1,0,200.2359,8.230000,0.055400,8.280000,523502.5101,27.1600,1.5960,10.640,0.0100,1,2433,49302,44.4,55.6,55.6,44.4
170,0,512,0,0,0,0,1,1,1,0,1,1,1,0,1,1,1,1,1,0,193.1802,7.940000,0.055400,7.990000,523502.5101,27.1000,1.5990,10.660,0.0100,1,2433,49302,22.2,77.8,55.6,44.4
170,2,512,0,0,0,1,0,1,0,0,0,0,0,0,0,1,1,0,1,1,196.3431,8.070000,0.055400,8.130000,523502.5101,10.1400,1.5870,10.580,0.0600,1,2433,49302,77.8,22.2,55.6,44.4
170,3,512,1,0,0,0,1,0,1,0,1,1,1,1,1,1,0,0,1,0,193.4235,7.950000,0.055400,8.000000,523502.5101,27.2600,1.5930,10.620,0.0300,1,2433,49302,22.2,77.8,66.7,33.3
170,4,512,1,1,1,1,0,1,1,1,1,1,0,1,1,0,0,1,1,1,192.9369,7.930000,0.055400,7.980000,523502.5101,2.9500,1.6005,10.670,0.0100,1,2433,49302,33.3,66.7,11.1,88.9
170,6,512,0,0,0,0,0,0,1,0,0,1,0,0,1,1,1,0,1,0,178.0956,7.320000,0.055400,7.380000,523502.5101,26.9800,1.5465,10.310,0.1700,1,2433,49302,55.6,44.4,77.8,22.2
170,7,512,1,0,0,1,0,1,0,0,0,1,1,1,1,1,1,0,1,0,191.4771,7.870000,0.055400,7.930000,523502.5101,27.1300,1.5975,10.650,0.0100,1,2433,49302,44.4,55.6,44.4,55.6
170,11,512,1,1,1,1,0,0,0,0,0,0,0,0,1,0,0,0,0,0,196.8297,8.090000,0.055400,8.150000,523502.5101,17.1100,1.5690,10.460,0.2100,1,2433,49302,66.7,33.3,77.8,22.2
170,12,512,1,0,1,0,1,0,1,0,0,0,1,0,1,1,0,1,1,0,196.3431,8.070000,0.055400,8.120000,523502.5101,16.8900,1.5975,10.650,0.0300,1,2433,49302,22.2,77.8,77.8,22.2
170,13,512,1,1,0,1,0,1,1,1,0,1,1,1,1,1,0,1,1,0,190.9905,7.850000,0.055400,7.910000,523502.5101,2.9600,1.5975,10.650,0.0000,1,2433,49302,44.4,55.6,11.1,88.9
170,15,512,1,0,0,0,1,0,1,0,0,1,0,1,1,0,1,0,0,0,190.7472,7.840000,0.055400,7.890000,523502.5101,6.8400,1.5945,10.630,0.0100,1,2433,49302,44.4,55.6,77.8,22.2
170,18,512,1,1,1,1,0,1,0,0,1,1,1,1,1,1,1,1,1,1,195.3699,8.030000,0.055400,8.080000,523502.5101,9.6400,1.5960,10.640,0.0100,1,2433,49302,22.2,77.8,11.1,88.9
170,19,512,1,0,0,0,0,0,0,0,1,1,0,0,1,0,1,1,0,0,192.6936,7.920000,0.055400,7.980000,523502.5101,26.8600,1.5975,10.650,0.0100,1,2433,49302,55.6,44.4,77.8,22.2
170,20,512,1,0,1,1,0,1,1,1,0,0,1,1,1,1,1,0,1,0,207.2916,8.520000,0.055400,8.570000,523502.5101,27.1000,1.5885,10.590,0.0500,1,2433,49302,22.2,77.8,44.4,55.6
170,21,512,1,0,1,0,0,0,1,0,1,1,1,1,1,0,1,0,0,0,187.8276,7.720000,0.055400,7.780000,523502.5101,27.1900,1.5990,10.660,0.0000,1,2433,49302,22.2,77.8,77.8,22.2
170,23,512,0,0,0,0,0,0,0,0,0,1,0,0,1,0,1,0,0,0,183.9348,7.560000,0.055400,7.620000,523502.5101,26.6900,1.5870,10.580,0.0500,1,2433,49302,77.8,22.2,88.9,11.1
170,26,512,0,0,0,1,0,0,1,0,1,1,0,0,1,1,1,1,1,0,206.3184,8.480000,0.055400,8.530000,523502.5101,27.1700,1.5885,10.590,0.0700,1,2433,49302,44.4,55.6,55.6,44.4
170,27,512,0,0,1,0,1,0,1,0,0,0,1,1,1,1,0,1,1,0,196.5864,8.080000,0.055400,8.130000,523502.5101,17.1800,1.5945,10.630,0.0200,1,2433,49302,33.3,66.7,66.7,33.3
170,28,512,0,0,0,1,1,0,1,1,1,1,1,1,1,1,1,1,1,0,199.9926,8.220000,0.055400,8.270000,523502.5101,27.8500,1.5945,10.630,0.0100,1,2433,49302,22.2,77.8,33.3,66.7
170,29,512,0,0,1,0,1,0,1,0,1,1,1,1,1,0,1,0,1,0,194.8833,8.010000,0.055400,8.070000,523502.5101,27.3100,1.5945,10.630,0.0600,1,2433,49302,11.1,88.9,77.8,22.2
170,30,512,1,0,1,0,1,0,1,0,0,1,1,0,1,0,1,0,0,0,178.3389,7.330000,0.055400,7.380000,523502.5101,26.7900,1.5915,10.610,0.0300,1,2433,49302,22.2,77.8,88.9,11.1
170,31,512,1,1,1,1,1,1,1,1,0,1,1,1,1,1,1,0,1,1,188.3142,7.740000,0.055400,7.790000,523502.5101,3.1900,1.5930,10.620,0.0200,1,2433,49302,11.1,88.9,11.1,88.9
170,34,512,0,0,1,0,1,0,0,0,0,0,1,1,1,0,1,1,1,0,189.5307,7.790000,0.055400,7.840000,523502.5101,26.8900,1.5975,10.650,0.0200,1,2433,49302,33.3,66.7,77.8,22.2
170,36,512,0,0,0,0,0,0,0,0,1,1,0,0,1,0,0,0,0,1,189.5307,7.790000,0.055400,7.840000,523502.5101,10.0300,1.5810,10.540,0.0900,1,2433,49302,77.8,22.2,77.8,22.2
170,37,512,0,0,0,0,1,0,1,0,1,0,1,1,1,1,1,0,1,0,190.5039,7.830000,0.055400,7.880000,523502.5101,27.3700,1.5990,10.660,0.0400,1,2433,49302,22.2,77.8,77.8,22.2
170,38,512,1,1,1,0,1,0,0,1,1,0,0,0,1,0,1,0,1,0,201.9390,8.300000,0.055400,8.350000,523502.5101,17.3600,1.5930,10.620,0.0100,1,2433,49302,22.2,77.8,77.8,22.2
170,39,512,1,1,1,1,0,1,0,1,0,1,1,1,1,1,1,1,1,1,170.5533,7.010000,0.055400,7.070000,523502.5101,16.3300,1.5510,10.340,0.2300,1,2433,49302,33.3,66.7,0.0,100.0
170,40,512,0,0,1,0,0,0,1,0,1,1,1,1,1,1,1,1,0,0,196.3431,8.070000,0.055400,8.120000,523502.5101,27.4800,1.5975,10.650,0.0000,1,2433,49302,33.3,66.7,55.6,44.4
170,41,512,1,1,1,1,1,1,1,1,0,0,1,1,1,1,0,1,1,1,194.1534,7.980000,0.055400,8.030000,523502.5101,4.8600,1.5960,10.640,0.0600,1,2433,49302,22.2,77.8,11.1,88.9
170,45,512,1,1,1,0,1,1,0,1,1,1,1,1,1,1,1,1,1,1,191.7204,7.880000,0.055400,7.940000,523502.5101,9.0800,1.6020,10.680,0.0300,1,2433,49302,11.1,88.9,11.1,88.9
170,47,512,0,0,1,0,0,0,1,0,1,1,1,1,1,1,1,0,1,1,188.5575,7.750000,0.055400,7.810000,523502.5101,10.5200,1.5900,10.600,0.0200,1,2433,49302,22.2,77.8,55.6,44.4
170,50,512,0,0,0,0,1,1,1,1,1,1,1,1,1,1,1,1,1,0,198.7761,8.170000,0.055400,8.230000,523502.5101,28.2000,1.5945,10.630,0.0200,1,2433,49302,22.2,77.8,33.3,66.7
170,52,512,0,0,1,0,1,0,0,1,0,0,1,1,1,0,1,0,1,0,199.0194,8.180000,0.055400,8.240000,523502.5101,26.8900,1.5660,10.440,0.1200,1,2433,49302,33.3,66.7,77.8,22.2
170,53,512,1,1,1,1,1,1,1,1,1,1,0,1,1,1,0,0,1,1,188.5575,7.750000,0.055400,7.810000,523502.5101,2.8700,1.5930,10.620,0.0200,1,2433,49302,22.2,77.8,11.1,88.9
170,54,512,1,1,0,1,0,1,1,1,1,1,0,1,1,1,0,1,1,1,177.1224,7.280000,0.055400,7.340000,523502.5101,11.4600,1.5120,10.080,0.5000,1,2433,49302,44.4,55.6,0.0,100.0
170,56,512,0,0,0,1,0,1,0,0,0,0,0,0,0,0,1,1,1,0,1000000000.0000,8.030000,0.055400,8.080000,523502.5101,-100.0000,1.5780,10.520,-0.0300,0,-1,-1,77.8,22.2,66.7,33.3
170,59,512,1,1,1,1,0,1,1,0,1,1,0,1,1,1,1,1,1,1,1000000000.0000,7.940000,0.055400,8.000000,523502.5101,-100.0000,1.6020,10.680,0.0000,1,-1,-1,22.2,77.8,11.1,88.9
170,60,512,0,1,1,1,0,1,0,0,0,1,1,1,1,0,1,1,0,0,197.0730,8.100000,0.055400,8.150000,523502.5101,15.5700,1.5870,10.580,0.0700,1,2433,49302,55.6,44.4,33.3,66.7
170,61,512,1,0,1,0,0,0,0,0,0,0,1,1,1,0,1,0,1,0,183.2049,7.530000,0.055400,7.590000,523502.5101,26.9400,1.5900,10.600,0.0500,1,2433,49302,33.3,66.7,88.9,11.1
170,65,512,1,0,0,0,1,0,1,0,0,0,0,0,0,0,0,1,0,0,183.2049,7.530000,0.055400,7.590000,523502.5101,26.4400,1.5990,10.660,0.0100,1,2433,49302,66.7,33.3,88.9,11.1
170,66,512,1,0,0,0,0,0,0,0,0,1,0,0,0,0,0,0,0,0,183.4482,7.540000,0.055400,7.600000,523502.5101,26.3800,1.5870,10.580,0.1000,1,2433,49302,88.9,11.1,88.9,11.1
170,67,512,1,1,0,1,1,1,0,1,1,1,1,0,1,1,0,1,1,1,185.3946,7.620000,0.055400,7.670000,523502.5101,3.3000,1.6005,10.670,0.0100,1,2433,49302,33.3,66.7,11.1,88.9
170,71,512,0,0,0,1,1,0,1,0,1,0,1,1,1,1,0,0,1,0,200.4792,8.240000,0.055400,8.290000,523502.5101,27.0500,1.5960,10.640,0.0100,1,2433,49302,33.3,66.7,66.7,33.3
170,72,512,0,0,0,0,1,1,0,0,1,1,1,1,1,1,1,1,1,0,190.2606,7.820000,0.055400,7.880000,523502.5101,27.4900,1.5735,10.490,0.1600,1,2433,49302,33.3,66.7,44.4,55.6
170,73,512,1,1,1,1,0,1,1,1,1,0,1,1,1,1,0,1,1,1,198.2895,8.150000,0.055400,8.210000,523502.5101,4.4700,1.5960,10.640,0.0000,1,2433,49302,22.2,77.8,11.1,88.9
170,76,512,1,0,0,0,0,0,0,0,0,0,0,0,0,0,0,1,0,0,190.2606,7.820000,0.055400,7.870000,523502.5101,26.3700,1.6020,10.680,0.0000,1,2433,49302,88.9,11.1,88.9,11.1
170,77,512,0,0,0,1,1,0,1,0,1,1,1,0,1,1,1,1,1,0,1000000000.0000,8.520000,0.055400,8.570000,523502.5101,-100.0000,1.5945,10.630,0.0300,1,-1,-1,22.2,77.8,55.6,44.4
170,80,512,1,1,1,0,0,0,0,0,0,0,0,0,1,1,0,0,0,0,1000000000.0000,7.330000,0.055400,7.380000,523502.5101,-100.0000,1.6005,10.670,0.0200,1,-1,-1,66.7,33.3,77.8,22.2
170,81,512,1,0,0,0,0,0,0,0,1,1,0,1,1,0,0,0,1,0,192.6936,7.920000,0.055400,7.970000,523502.5101,6.8800,1.5825,10.550,-0.0500,0,2433,49302,55.6,44.4,77.8,22.2
170,82,512,1,0,0,1,1,0,1,0,0,0,0,1,0,0,0,1,0,0,198.2895,8.150000,0.055400,8.200000,523502.5101,26.3800,1.5810,10.540,0.1300,1,2433,49302,66.7,33.3,66.7,33.3
170,83,512,0,0,0,0,0,1,1,0,1,0,0,0,1,1,1,0,1,0,195.3699,8.030000,0.055400,8.080000,523502.5101,26.9000,1.5945,10.630,0.0400,1,2433,49302,44.4,55.6,77.8,22.2
170,85,512,1,1,0,1,1,1,1,1,1,1,1,1,1,1,1,0,1,1,169.0935,6.950000,0.055400,7.000000,523502.5101,3.1300,1.5960,10.640,0.0000,1,2433,49302,11.1,88.9,11.1,88.9
170,86,512,1,1,0,0,1,0,1,0,1,1,1,1,1,1,0,0,1,0,198.5328,8.160000,0.055400,8.220000,523502.5101,17.8500,1.6005,10.670,0.0000,1,2433,49302,22.2,77.8,55.6,44.4
170,89,512,0,0,1,1,0,1,1,1,1,1,0,1,1,1,1,1,1,1,200.4792,8.240000,0.055400,8.290000,523502.5101,11.8900,1.6005,10.670,0.0000,1,2433,49302,33.3,66.7,11.1,88.9
170,90,512,1,1,0,1,0,1,0,1,1,1,1,1,1,1,1,0,1,1,194.3967,7.990000,0.055400,8.050000,523502.5101,3.0600,1.5960,10.640,0.0200,1,2433,49302,33.3,66.7,11.1,88.9
170,92,512,1,1,1,1,1,1,1,1,1,1,1,1,1,1,0,0,1,1,186.6111,7.670000,0.055400,7.730000,523502.5101,3.1800,1.5495,10.330,0.2300,1,2433,49302,11.1,88.9,11.1,88.9
170,94,512,0,0,0,0,0,1,1,0,0,1,0,0,1,1,1,0,0,0,193.1802,7.940000,0.055400,7.990000,523502.5101,26.6800,1.5915,10.610,0.0500,1,2433,49302,66.7,33.3,66.7,33.3
170,95,512,1,1,1,0,0,0,0,0,0,0,0,0,1,0,1,1,0,0,194.6400,8.000000,0.055400,8.050000,523502.5101,16.9500,1.5900,10.600,0.0400,1,2433,49302,55.6,44.4,77.8,22.2
170,98,512,1,0,1,0,1,0,1,0,1,1,1,1,1,1,0,1,1,0,199.2627,8.190000,0.055400,8.240000,523502.5101,17.4000,1.6005,10.670,0.0100,1,2433,49302,11.1,88.9,55.6,44.4
170,99,512,0,0,1,0,1,0,1,0,0,0,1,1,1,0,1,0,1,1,192.6936,7.920000,0.055400,7.980000,523502.5101,10.0900,1.5975,10.650,0.0100,1,2433,49302,22.2,77.8,77.8,22.2
171,2,512,0,0,0,0,1,1,1,1,1,1,1,1,1,1,0,1,1,0,199.0194,8.180000,0.055400,8.230000,523502.5101,17.4200,1.5765,10.510,0.1500,1,2433,49302,33.3,66.7,33.3,66.7
171,3,512,1,1,1,1,1,1,0,1,1,1,1,1,1,0,1,1,1,1,189.5307,7.790000,0.055400,7.850000,523502.5101,3.2700,1.5900,10.600,0.0300,1,2433,49302,11.1,88.9,11.1,88.9
171,4,512,0,0,0,1,1,0,0,0,0,0,1,1,1,0,0,0,0,0,194.3967,7.990000,0.055400,8.040000,523502.5101,26.6900,1.5825,10.550,0.1000,1,2433,49302,66.7,33.3,77.8,22.2
171,6,512,1,1,1,1,0,0,1,1,1,1,0,1,1,1,0,1,1,1,196.5864,8.080000,0.055400,8.130000,523502.5101,4.3000,1.5975,10.650,0.0100,1,2433,49302,33.3,66.7,11.1,88.9
171,8,512,1,1,0,1,0,1,1,1,0,0,1,1,1,1,1,0,1,0,197.8029,8.130000,0.055400,8.190000,523502.5101,17.5100,1.5945,10.630,0.0000,1,2433,49302,33.3,66.7,33.3,66.7
171,12,512,0,0,1,0,1,0,1,0,0,0,1,1,1,0,0,0,0,0,192.4503,7.910000,0.055400,7.960000,523502.5101,26.8300,1.5600,10.400,0.2700,1,2433,49302,44.4,55.6,88.9,11.1
171,13,512,1,0,0,1,0,0,1,0,1,1,1,1,1,0,1,1,1,0,199.0194,8.180000,0.055400,8.240000,523502.5101,27.3100,1.5705,10.470,0.1800,1,2433,49302,22.2,77.8,55.6,44.4
171,14,512,1,1,1,0,0,1,1,1,1,1,0,1,1,1,0,1,1,1,203.8854,8.380000,0.055400,8.440000,523502.5101,3.8100,1.5960,10.640,0.0000,1,2433,49302,33.3,66.7,11.1,88.9
171,17,512,0,0,0,0,1,0,1,0,1,1,1,1,1,0,0,0,1,0,193.1802,7.940000,0.055400,7.990000,523502.5101,27.2000,1.5750,10.500,0.0600,1,2433,49302,33.3,66.7,77.8,22.2
171,18,512,1,1,1,1,0,1,0,1,1,0,1,1,1,1,1,1,1,1,187.3410,7.700000,0.055400,7.750000,523502.5101,6.4400,1.5930,10.620,0.0300,1,2433,49302,22.2,77.8,11.1,88.9
171,19,512,1,0,0,1,1,0,1,1,0,0,1,1,1,1,1,0,1,0,197.0730,8.100000,0.055400,8.160000,523502.5101,27.0200,1.5870,10.580,0.0700,1,2433,49302,22.2,77.8,55.6,44.4
171,22,512,1,0,0,0,0,0,1,0,0,1,0,0,1,1,1,0,1,0,192.9369,7.930000,0.055400,7.990000,523502.5101,26.9800,1.5930,10.620,0.0200,1,2433,49302,44.4,55.6,77.8,22.2
171,23,512,1,1,0,1,0,1,1,1,1,1,0,1,1,1,1,1,1,1,1000000000.0000,6.990000,0.055400,7.040000,523502.5101,-100.0000,1.5405,10.270,0.3000,1,-1,-1,33.3,66.7,0.0,100.0
171,25,512,1,0,0,0,1,0,1,0,0,0,0,0,0,0,1,0,1,0,181.2585,7.450000,0.055200,7.500000,523502.5101,26.7900,1.6050,10.700,0.0200,1,2433,49302,44.4,55.6,100.0,0.0
171,27,512,1,0,0,0,0,1,1,0,0,1,0,0,1,0,0,0,0,0,190.5039,7.830000,0.055400,7.880000,523502.5101,26.3600,1.5990,10.660,0.0000,1,2433,49302,66.7,33.3,77.8,22.2
171,29,512,1,0,0,1,0,0,1,1,1,1,1,1,1,1,1,1,1,1,205.8318,8.460000,0.055400,8.520000,523502.5101,22.4400,1.5945,10.630,0.0200,1,2433,49302,22.2,77.8,22.2,77.8
171,30,512,1,0,0,1,1,0,1,0,0,0,1,1,1,1,1,1,1,0,197.5596,8.120000,0.055400,8.180000,523502.5101,27.5400,1.5960,10.640,0.0300,1,2433,49302,22.2,77.8,55.6,44.4
171,31,512,1,1,0,0,1,1,0,1,1,1,1,1,1,1,1,1,1,1,196.8297,8.090000,0.055400,8.140000,523502.5101,8.8200,1.5975,10.650,0.0000,1,2433,49302,22.2,77.8,11.1,88.9
171,33,512,0,0,1,0,1,0,0,0,0,0,0,0,1,0,1,0,1,0,174.6894,7.180000,0.055200,7.240000,523502.5101,26.8200,1.6110,10.740,0.0000,1,2433,49302,44.4,55.6,100.0,0.0
171,35,512,1,0,1,1,1,0,0,0,0,1,1,0,1,0,1,0,1,0,202.4256,8.320000,0.055400,8.370000,523502.5101,26.7000,1.5960,10.640,0.0200,1,2433,49302,22.2,77.8,77.8,22.2
171,37,512,0,0,1,0,1,0,1,0,1,0,0,0,1,0,1,0,1,0,178.3389,7.330000,0.055200,7.380000,523502.5101,27.0200,1.6035,10.690,0.0300,1,2433,49302,22.2,77.8,100.0,0.0
171,40,512,1,0,1,0,0,1,1,0,0,0,1,1,1,1,1,1,1,0,200.2359,8.230000,0.055400,8.290000,523502.5101,27.3500,1.6005,10.670,0.0100,1,2433,49302,22.2,77.8,55.6,44.4
171,41,512,1,1,0,0,1,1,0,0,1,1,1,1,1,1,0,0,1,0,199.0194,8.180000,0.055400,8.240000,523502.5101,17.1900,1.5960,10.640,0.0300,1,2433,49302,33.3,66.7,44.4,55.6
171,42,512,1,1,0,1,0,1,0,1,1,1,0,0,1,1,1,1,1,1,1000000000.0000,7.830000,0.055400,7.880000,523502.5101,-100.0000,1.5930,10.620,0.0200,1,-1,-1,44.4,55.6,11.1,88.9
171,43,512,1,1,0,1,1,1,0,0,1,1,1,1,1,1,0,1,1,1,186.8544,7.680000,0.055400,7.730000,523502.5101,5.0400,1.5960,10.640,0.0000,1,2433,49302,33.3,66.7,11.1,88.9
171,44,512,1,1,0,1,1,1,0,1,1,1,1,1,1,1,0,0,1,1,186.1245,7.650000,0.055400,7.710000,523502.5101,2.9300,1.5930,10.620,0.0300,1,2433,49302,33.3,66.7,11.1,88.9
171,45,512,1,1,0,1,0,1,0,1,0,1,1,1,1,1,1,1,1,1,177.1224,7.280000,0.055400,7.330000,523502.5101,15.2900,1.5675,10.450,0.1100,1,2433,49302,44.4,55.6,0.0,100.0
171,48,512,0,0,0,1,1,0,1,1,0,1,1,1,1,1,1,1,1,0,201.6957,8.290000,0.055400,8.350000,523502.5101,6.9300,1.5960,10.640,0.0300,1,2433,49302,33.3,66.7,33.3,66.7
171,49,512,0,0,0,0,0,0,0,0,0,0,0,0,1,0,0,0,0,0,172.4997,7.090000,0.055200,7.140000,523502.5101,26.5300,1.5975,10.650,0.0700,1,2433,49302,88.9,11.1,100.0,0.0
171,50,512,1,1,0,1,1,0,0,0,0,0,1,1,1,0,0,0,1,0,201.2091,8.270000,0.055400,8.330000,523502.5101,16.3700,1.5990,10.660,0.0500,1,2433,49302,44.4,55.6,66.7,33.3
171,51,512,1,0,1,0,0,0,0,0,0,0,1,0,1,0,1,0,1,0,175.1760,7.200000,0.055200,7.260000,523502.5101,26.7000,1.5960,10.640,0.0100,1,2433,49302,33.3,66.7,100.0,0.0
171,54,512,0,0,1,1,1,0,1,0,0,0,0,0,1,0,1,0,1,0,197.3163,8.110000,0.055400,8.170000,523502.5101,26.9400,1.5975,10.650,0.0300,1,2433,49302,33.3,66.7,88.9,11.1
171,56,512,0,0,1,1,1,0,1,0,1,0,1,1,1,1,1,1,1,0,195.6132,8.040000,0.055400,8.100000,523502.5101,27.5700,1.5825,10.550,0.1100,1,2433,49302,11.1,88.9,55.6,44.4
171,60,512,0,0,1,1,0,1,1,1,1,1,0,1,1,1,0,1,1,1,200.4792,8.240000,0.055400,8.290000,523502.5101,10.9600,1.5960,10.640,0.0000,1,2433,49302,44.4,55.6,11.1,88.9
171,62,512,1,0,0,0,1,0,1,0,1,0,1,0,1,1,1,0,1,0,189.0441,7.770000,0.055400,7.820000,523502.5101,26.9800,1.5945,10.630,0.0000,1,2433,49302,11.1,88.9,88.9,11.1
171,63,512,0,0,0,0,1,1,1,1,0,0,1,1,1,1,1,1,1,0,1000000000.0000,8.070000,0.055400,8.130000,523502.5101,-100.0000,1.5945,10.630,0.0100,1,-1,-1,33.3,66.7,44.4,55.6
171,65,512,1,0,0,0,1,1,0,0,0,0,0,0,0,0,1,0,0,0,197.8029,8.130000,0.055400,8.190000,523502.5101,26.5400,1.5945,10.630,0.0300,1,2433,49302,66.7,33.3,88.9,11.1
171,66,512,1,1,1,0,1,1,0,1,1,1,1,1,1,1,1,0,1,1,205.3452,8.440000,0.055400,8.500000,523502.5101,3.1200,1.5900,10.600,0.0400,1,2433,49302,11.1,88.9,22.2,77.8
171,67,512,0,0,1,1,0,1,1,1,1,1,1,1,1,1,0,1,1,1,197.5596,8.120000,0.055400,8.180000,523502.5101,11.3900,1.5930,10.620,0.0500,1,2433,49302,33.3,66.7,11.1,88.9
171,68,512,1,1,1,1,1,0,0,1,1,0,1,1,1,0,0,0,1,1,191.2338,7.860000,0.055400,7.920000,523502.5101,2.7200,1.5960,10.640,0.0100,1,2433,49302,22.2,77.8,44.4,55.6
171,69,512,1,1,1,0,1,0,0,0,0,0,1,1,1,0,1,0,1,0,198.0462,8.140000,0.055400,8.190000,523502.5101,17.3800,1.5975,10.650,0.0700,1,2433,49302,22.2,77.8,77.8,22.2
171,70,512,1,1,1,1,1,1,0,1,1,1,1,1,1,1,0,1,1,1,168.7772,6.937000,0.055400,6.990000,523502.5101,13.2600,1.5360,10.240,0.3200,1,2433,49302,22.2,77.8,0.0,100.0
171,71,512,1,1,1,0,0,0,1,0,1,1,1,1,1,1,0,0,1,0,194.6400,8.000000,0.055400,8.060000,523502.5101,18.0100,1.6020,10.680,0.0000,1,2433,49302,22.2,77.8,55.6,44.4
171,72,512,1,0,0,1,0,1,1,1,0,0,1,1,1,1,1,1,1,0,198.0462,8.140000,0.055400,8.200000,523502.5101,27.3500,1.5825,10.550,0.1000,1,2433,49302,33.3,66.7,33.3,66.7
171,74,512,0,0,1,1,0,1,0,1,1,1,1,1,1,1,1,1,1,1,202.6689,8.330000,0.055400,8.390000,523502.5101,14.6500,1.5990,10.660,0.0100,1,2433,49302,33.3,66.7,11.1,88.9
171,75,512,0,0,0,1,0,1,0,1,1,1,1,1,1,1,1,1,1,1,197.0730,8.100000,0.055400,8.150000,523502.5101,14.6500,1.5855,10.570,0.1000,1,2433,49302,44.4,55.6,11.1,88.9
171,76,512,1,1,0,1,1,1,1,1,1,1,0,1,1,1,1,1,1,1,173.9595,7.150000,0.055400,7.210000,523502.5101,14.2600,1.5390,10.260,0.3000,1,2433,49302,22.2,77.8,0.0,100.0
171,79,512,1,0,0,0,0,0,0,0,0,1,0,0,1,0,1,0,0,0,186.6111,7.670000,0.055400,7.730000,523502.5101,26.6900,1.5960,10.640,0.0200,1,2433,49302,66.7,33.3,88.9,11.1
171,80,512,1,0,0,0,0,0,0,0,0,0,0,0,1,0,1,1,0,0,1000000000.0000,7.790000,0.055400,7.840000,523502.5101,-100.0000,1.5960,10.640,0.0200,1,-1,-1,66.7,33.3,88.9,11.1
171,82,512,1,1,1,1,0,1,0,1,1,1,1,1,1,1,1,1,1,0,184.1781,7.570000,0.055400,7.630000,523502.5101,5.7100,1.5990,10.660,0.0000,1,2433,49302,22.2,77.8,11.1,88.9
171,83,512,0,0,0,1,1,0,0,0,0,0,1,1,1,0,0,0,1,1,192.6936,7.920000,0.055400,7.980000,523502.5101,10.0600,1.6020,10.680,0.0300,1,2433,49302,55.6,44.4,66.7,33.3
171,84,512,1,1,1,1,0,1,1,0,0,1,1,1,1,1,1,1,1,1,192.4503,7.910000,0.055400,7.970000,523502.5101,9.6600,1.5930,10.620,0.0300,1,2433,49302,22.2,77.8,11.1,88.9
171,85,512,1,0,1,0,0,0,0,0,1,1,1,1,1,0,1,0,1,0,192.4503,7.910000,0.055400,7.980000,523502.5101,27.1200,1.5915,10.610,0.1100,1,2433,49302,22.2,77.8,77.8,22.2
171,86,512,1,0,1,0,1,0,1,0,0,1,1,0,1,0,0,0,0,0,192.2070,7.900000,0.055400,7.950000,523502.5101,26.6100,1.5600,10.400,0.2300,1,2433,49302,33.3,66.7,88.9,11.1
171,87,512,0,0,0,0,1,1,0,0,1,1,1,1,1,1,0,0,1,0,193.4235,7.950000,0.055400,8.000000,523502.5101,27.0100,1.5975,10.650,-0.0200,0,2433,49302,44.4,55.6,55.6,44.4
171,88,512,1,0,0,0,0,0,0,0,1,1,0,0,0,0,0,0,0,0,190.5039,7.830000,0.055400,7.890000,523502.5101,26.6500,1.5435,10.290,0.2700,1,2433,49302,77.8,22.2,88.9,11.1
171,91,512,0,0,0,1,1,1,1,1,1,1,1,1,1,1,1,1,1,0,199.5060,8.200000,0.055400,8.250000,523502.5101,28.2000,1.5960,10.640,0.0400,1,2433,49302,22.2,77.8,22.2,77.8
171,92,512,0,0,1,1,0,1,1,1,0,1,1,1,1,1,0,1,1,0,201.6957,8.290000,0.055400,8.350000,523502.5101,6.3500,1.5975,10.650,0.0100,1,2433,49302,44.4,55.6,22.2,77.8
171,93,512,1,0,0,0,0,0,0,0,0,0,0,0,1,0,0,0,1,1,180.2853,7.410000,0.055400,7.460000,523502.5101,10.0500,1.5960,10.640,0.0100,1,2433,49302,66.7,33.3,88.9,11.1
171,94,512,1,1,0,1,1,1,0,1,1,1,1,1,1,1,1,1,0,0,180.7719,7.430000,0.055400,7.480000,523502.5101,4.2200,1.5960,10.640,0.0100,1,2433,49302,33.3,66.7,11.1,88.9
171,95,512,0,0,0,0,0,0,1,0,1,1,1,1,1,1,1,0,1,0,1000000000.0000,7.530000,0.055400,7.590000,523502.5101,-100.0000,1.5885,10.590,0.0700,1,-1,-1,33.3,66.7,66.7,33.3
171,96,512,0,0,1,0,1,0,0,0,1,1,1,0,1,0,1,0,1,0,189.2874,7.780000,0.055400,7.840000,523502.5101,26.9400,1.5960,10.640,0.0200,1,2433,49302,22.2,77.8,88.9,11.1
171,99,512,0,0,1,0,0,0,1,0,1,1,0,0,1,0,1,0,1,0,191.9637,7.890000,0.055400,7.940000,523502.5101,27.0900,1.5915,10.610,0.0600,1,2433,49302,33.3,66.7,88.9,11.1
172,2,512,1,1,0,1,1,0,1,1,1,1,0,1,1,1,0,1,1,1,201.2091,8.270000,0.055400,8.330000,523502.5101,4.0600,1.6050,10.700,0.0200,1,2433,49302,33.3,66.7,11.1,88.9
172,4,512,1,0,0,0,0,0,0,0,1,0,1,1,1,0,1,0,1,0,195.3699,8.030000,0.055400,8.090000,523502.5101,27.0000,1.5975,10.650,0.0300,1,2433,49302,33.3,66.7,88.9,11.1
172,5,512,1,1,1,1,1,1,0,1,1,1,1,1,1,1,1,0,1,1,194.3967,7.990000,0.055400,8.040000,523502.5101,3.2000,1.5855,10.570,0.0900,1,2433,49302,11.1,88.9,11.1,88.9
172,6,512,0,0,0,0,1,0,1,1,1,1,1,1,1,1,1,1,1,0,199.7493,8.210000,0.055400,8.260000,523502.5101,27.8500,1.5870,10.580,0.0900,1,2433,49302,22.2,77.8,44.4,55.6
172,8,512,1,1,1,1,1,1,1,1,1,1,1,1,1,1,0,1,1,0,185.1513,7.610000,0.055400,7.660000,523502.5101,8.6800,1.5990,10.660,0.0200,1,2433,49302,11.1,88.9,11.1,88.9
172,9,512,0,0,1,0,1,0,0,1,0,1,1,0,1,1,1,0,1,0,196.3431,8.070000,0.055400,8.130000,523502.5101,6.4000,1.5885,10.590,0.1100,1,2433,49302,33.3,66.7,66.7,33.3
172,11,512,1,0,0,1,1,1,1,1,1,1,1,1,1,1,1,1,1,0,199.2627,8.190000,0.055400,8.250000,523502.5101,28.2000,1.5795,10.530,0.1500,1,2433,49302,11.1,88.9,22.2,77.8
172,14,512,1,0,0,0,1,0,1,0,0,1,1,0,1,0,1,1,0,0,196.0998,8.060000,0.055400,8.120000,523502.5101,26.7100,1.5990,10.660,0.0100,1,2433,49302,33.3,66.7,77.8,22.2
172,16,512,0,0,1,0,0,0,1,0,0,1,1,1,1,0,1,0,1,0,193.9101,7.970000,0.055400,8.030000,523502.5101,27.2100,1.5975,10.650,0.0200,1,2433,49302,33.3,66.7,77.8,22.2
172,18,512,1,1,1,0,1,0,0,0,1,0,1,1,1,0,1,0,1,0,194.1534,7.980000,0.055400,8.030000,523502.5101,17.6000,1.5810,10.540,0.1400,1,2433,49302,11.1,88.9,77.8,22.2
172,19,512,0,0,0,1,0,0,1,0,1,1,1,0,1,0,1,0,1,0,199.0194,8.180000,0.055400,8.230000,523502.5101,27.1400,1.5930,10.620,0.0400,1,2433,49302,33.3,66.7,77.8,22.2
172,21,512,1,0,1,0,1,0,1,0,1,1,1,0,1,0,1,1,0,0,193.6668,7.960000,0.055400,8.010000,523502.5101,26.9300,1.5990,10.660,0.0100,1,2433,49302,11.1,88.9,77.8,22.2
172,24,512,1,1,0,0,1,1,1,1,0,1,1,1,1,1,0,1,1,1,192.4503,7.910000,0.055400,7.960000,523502.5101,4.4000,1.5990,10.660,0.0100,1,2433,49302,33.3,66.7,11.1,88.9
172,25,512,0,0,0,0,1,0,0,0,1,1,1,1,1,0,0,0,1,0,193.4235,7.950000,0.055400,8.010000,523502.5101,26.9400,1.5765,10.510,0.0500,1,2433,49302,44.4,55.6,77.8,22.2
172,26,512,1,0,1,1,0,0,0,0,0,0,0,0,0,0,1,0,0,0,202.9122,8.340000,0.055400,8.390000,523502.5101,26.6100,1.5960,10.640,0.0100,1,2433,49302,66.7,33.3,88.9,11.1
172,28,512,1,1,1,1,0,1,0,1,0,0,1,1,1,1,1,1,1,1,198.0462,8.140000,0.055400,8.200000,523502.5101,6.2600,1.5780,10.520,0.1400,1,2433,49302,33.3,66.7,11.1,88.9
172,29,512,1,1,0,0,0,0,1,0,1,1,1,1,1,1,0,0,1,0,197.5596,8.120000,0.055400,8.170000,523502.5101,17.9100,1.5810,10.540,0.1100,1,2433,49302,33.3,66.7,55.6,44.4
172,30,512,0,0,0,0,1,0,1,0,1,0,1,1,1,0,1,0,0,0,192.2070,7.900000,0.055400,7.960000,523502.5101,27.0400,1.5960,10.640,0.0000,1,2433,49302,33.3,66.7,88.9,11.1
172,32,512,1,0,1,0,1,0,1,1,0,1,1,0,1,0,1,0,1,0,191.9637,7.890000,0.055400,7.940000,523502.5101,6.6200,1.5840,10.560,0.0800,1,2433,49302,11.1,88.9,77.8,22.2
172,34,512,0,0,1,0,1,0,0,0,0,0,0,0,1,0,0,1,1,0,183.9348,7.560000,0.055400,7.610000,523502.5101,26.6100,1.5975,10.650,0.0200,1,2433,49302,55.6,44.4,88.9,11.1
172,35,512,1,0,0,0,1,1,1,0,1,0,1,0,1,0,1,0,1,0,192.9369,7.930000,0.055400,7.980000,523502.5101,27.0300,1.6050,10.700,0.0000,1,2433,49302,11.1,88.9,88.9,11.1
172,36,512,0,0,0,0,1,0,1,1,1,1,1,1,1,1,0,0,1,0,194.6400,8.000000,0.055400,8.050000,523502.5101,27.2200,1.5990,10.660,0.0100,1,2433,49302,33.3,66.7,55.6,44.4
172,37,512,0,0,0,0,0,1,1,0,1,0,0,0,1,0,1,0,1,1,193.9101,7.970000,0.055400,8.030000,523502.5101,10.0900,1.5975,10.650,0.0100,1,2433,49302,44.4,55.6,77.8,22.2
172,39,512,1,1,1,1,1,1,0,1,1,1,0,1,1,1,1,1,1,1,181.7451,7.470000,0.055400,7.520000,523502.5101,15.3900,1.5255,10.170,0.4100,1,2433,49302,22.2,77.8,0.0,100.0
172,40,512,1,1,1,1,1,1,1,1,0,1,0,1,1,1,0,1,1,1,169.5801,6.970000,0.055400,7.030000,523502.5101,12.4200,1.5405,10.270,0.2900,1,2433,49302,33.3,66.7,0.0,100.0
172,41,512,0,0,0,0,1,0,1,0,0,0,0,0,0,0,1,0,0,0,179.0688,7.360000,0.055200,7.420000,523502.5101,26.6800,1.6080,10.720,0.0000,1,2433,49302,66.7,33.3,100.0,0.0
172,42,512,1,1,0,0,1,1,0,1,1,1,1,1,1,1,0,1,1,1,194.8833,8.010000,0.055400,8.070000,523502.5101,4.4700,1.5975,10.650,0.0000,1,2433,49302,33.3,66.7,11.1,88.9
172,43,512,1,0,1,0,0,0,1,0,0,0,1,1,1,1,1,0,1,0,198.5328,8.160000,0.055400,8.220000,523502.5101,27.3000,1.5960,10.640,0.0200,1,2433,49302,22.2,77.8,77.8,22.2
172,44,512,1,1,1,1,0,1,1,1,0,1,1,1,1,1,0,1,1,0,190.9905,7.850000,0.055400,7.900000,523502.5101,3.8000,1.5960,10.640,0.0300,1,2433,49302,33.3,66.7,11.1,88.9
172,46,512,0,0,0,1,1,1,1,1,1,1,1,1,1,1,1,1,0,0,201.2091,8.270000,0.055400,8.330000,523502.5101,27.8000,1.5990,10.660,0.0100,1,2433,49302,33.3,66.7,22.2,77.8
172,51,512,1,1,1,0,1,1,0,1,1,1,1,1,1,1,0,1,1,1,212.6442,8.740000,0.055400,8.800000,523502.5101,4.5600,1.5870,10.580,0.1000,1,2433,49302,22.2,77.8,11.1,88.9
172,52,512,0,0,0,0,0,0,0,1,0,1,0,0,1,0,1,0,0,0,201.4524,8.280000,0.055400,8.340000,523502.5101,6.5100,1.5960,10.640,0.0000,1,2433,49302,77.8,22.2,77.8,22.2
172,54,512,1,0,1,0,1,0,1,0,0,1,1,1,1,1,0,1,1,0,195.3699,8.030000,0.055400,8.080000,523502.5101,17.2100,1.5945,10.630,0.0600,1,2433,49302,22.2,77.8,55.6,44.4
172,55,512,0,0,0,1,1,1,0,1,1,1,1,1,1,1,0,1,1,1,199.9926,8.220000,0.055400,8.270000,523502.5101,11.4300,1.5945,10.630,0.0300,1,2433,49302,44.4,55.6,11.1,88.9
172,56,512,1,1,0,1,1,1,1,1,1,1,1,1,1,1,0,0,1,1,187.8276,7.720000,0.055400,7.780000,523502.5101,3.0100,1.5735,10.490,0.0600,1,2433,49302,22.2,77.8,11.1,88.9
172,57,512,1,1,1,1,1,1,1,1,0,1,0,0,1,1,0,1,1,1,1000000000.0000,7.680000,0.055400,7.730000,523502.5101,-100.0000,1.5885,10.590,0.0400,1,-1,-1,33.3,66.7,11.1,88.9
172,59,512,1,0,1,0,1,0,0,0,0,0,0,0,1,0,1,0,1,0,1000000000.0000,7.350000,0.055200,7.410000,523502.5101,-100.0000,1.6035,10.690,0.0400,1,-1,-1,33.3,66.7,100.0,0.0
172,62,512,1,0,0,1,0,1,1,0,0,0,0,1,1,0,0,1,0,0,200.2359,8.230000,0.055400,8.290000,523502.5101,26.3700,1.5975,10.650,-0.0100,0,2433,49302,66.7,33.3,55.6,44.4
172,63,512,1,1,0,1,1,1,1,1,1,0,0,1,1,1,1,1,1,1,194.8833,8.010000,0.055400,8.070000,523502.5101,6.2500,1.5885,10.590,0.0700,1,2433,49302,22.2,77.8,11.1,88.9
172,64,512,1,0,0,0,1,0,1,0,1,1,1,0,1,0,1,0,0,0,179.3121,7.370000,0.055400,7.430000,523502.5101,27.0200,1.5825,10.550,0.1300,1,2433,49302,22.2,77.8,88.9,11.1
172,65,512,0,0,0,0,0,0,1,0,0,0,1,1,1,1,0,0,1,0,190.5039,7.830000,0.055400,7.890000,523502.5101,26.9800,1.5915,10.610,0.0700,1,2433,49302,55.6,44.4,77.8,22.2
172,67,512,1,0,0,0,0,0,0,0,1,1,0,0,1,0,0,1,1,0,193.6668,7.960000,0.055400,8.010000,523502.5101,26.8400,1.6035,10.690,0.0100,1,2433,49302,55.6,44.4,77.8,22.2
172,68,512,0,0,1,0,1,0,1,0,1,0,1,1,1,1,0,1,1,0,185.3946,7.620000,0.055400,7.680000,523502.5101,17.2400,1.5960,10.640,0.0400,1,2433,49302,22.2,77.8,66.7,33.3
172,69,512,0,0,0,0,0,1,1,0,1,0,1,1,1,0,1,0,1,0,164.7141,6.770000,0.055400,6.830000,523502.5101,26.9400,1.5975,10.650,0.0200,1,2433,49302,33.3,66.7,77.8,22.2
172,70,512,1,0,1,0,0,0,0,1,0,0,1,0,1,0,1,0,1,0,197.8029,8.130000,0.055400,8.180000,523502.5101,26.6900,1.5960,10.640,0.0100,1,2433,49302,33.3,66.7,88.9,11.1
172,72,512,1,0,0,0,1,0,1,0,1,0,1,0,0,0,1,0,1,0,188.3142,7.740000,0.055200,7.800000,523502.5101,26.8600,1.5975,10.650,0.0800,1,2433,49302,22.2,77.8,100.0,0.0
172,77,512,0,0,1,0,1,0,0,0,0,0,0,1,1,0,1,0,1,0,186.6111,7.670000,0.055400,7.720000,523502.5101,26.7600,1.5975,10.650,0.0000,1,2433,49302,44.4,55.6,88.9,11.1
172,78,512,0,0,0,1,1,0,1,0,1,0,1,1,1,0,1,1,1,0,196.3431,8.070000,0.055400,8.130000,523502.5101,27.1000,1.5885,10.590,0.1200,1,2433,49302,22.2,77.8,66.7,33.3
172,79,512,1,0,0,0,0,0,1,1,0,1,0,0,1,0,0,0,0,0,189.2874,7.780000,0.055400,7.830000,523502.5101,6.1100,1.5960,10.640,0.0500,1,2433,49302,66.7,33.3,77.8,22.2
172,81,512,0,0,0,0,1,1,1,1,1,1,1,1,1,1,1,1,0,0,206.0751,8.470000,0.055400,8.520000,523502.5101,27.8000,1.5930,10.620,0.0500,1,2433,49302,33.3,66.7,33.3,66.7
172,84,512,1,1,0,1,1,1,0,1,0,0,1,1,1,1,1,1,1,1,188.3142,7.740000,0.055400,7.800000,523502.5101,6.4300,1.5960,10.640,0.0100,1,2433,49302,33.3,66.7,11.1,88.9
172,85,512,1,0,1,0,0,0,0,0,1,0,1,1,1,1,1,0,1,0,194.6400,8.000000,0.055400,8.050000,523502.5101,27.2500,1.5960,10.640,0.0700,1,2433,49302,22.2,77.8,77.8,22.2
172,86,512,1,0,0,0,0,0,0,0,0,0,1,1,1,0,1,0,1,0,191.4771,7.870000,0.055400,7.930000,523502.5101,26.9400,1.5930,10.620,0.0700,1,2433,49302,44.4,55.6,88.9,11.1
172,91,512,1,1,1,1,1,0,1,1,1,1,1,1,1,1,1,1,1,1,201.6957,8.290000,0.055400,8.340000,523502.5101,20.3900,1.5960,10.640,0.0000,1,2433,49302,0.0,100.0,11.1,88.9
172,92,512,1,0,1,0,0,1,1,0,0,0,1,0,1,0,1,0,0,0,191.2338,7.860000,0.055400,7.910000,523502.5101,26.7100,1.5945,10.630,0.0100,1,2433,49302,33.3,66.7,88.9,11.1
172,93,512,1,1,1,0,0,0,1,0,0,1,1,0,1,0,1,0,1,0,201.2091,8.270000,0.055400,8.330000,523502.5101,17.7100,1.5990,10.660,0.0200,1,2433,49302,22.2,77.8,77.8,22.2
172,94,512,0,0,0,1,1,1,1,0,1,0,1,1,1,1,1,1,1,0,200.7225,8.250000,0.055400,8.310000,523502.5101,27.5100,1.5975,10.650,0.0000,1,2433,49302,22.2,77.8,44.4,55.6
172,97,512,0,0,1,0,1,0,1,0,1,1,1,0,1,0,1,0,0,0,191.9637,7.890000,0.055400,7.950000,523502.5101,27.0200,1.5900,10.600,0.1000,1,2433,49302,22.2,77.8,88.9,11.1
172,99,512,1,0,1,0,0,0,1,0,0,0,0,1,0,0,0,1,0,0,194.3967,7.990000,0.055400,8.040000,523502.5101,26.3800,1.5960,10.640,0.0100,1,2433,49302,66.7,33.3,77.8,22.2
173,1,512,1,0,1,0,0,0,1,0,0,0,1,1,1,0,1,0,1,1,190.2606,7.820000,0.055400,7.880000,523502.5101,10.0900,1.5945,10.630,0.0200,1,2433,49302,22.2,77.8,77.8,22.2
173,4,512,0,0,0,0,0,1,0,1,1,0,1,1,1,0,1,0,1,0,197.8029,8.130000,0.055400,8.190000,523502.5101,7.2700,1.5930,10.620,0.0200,1,2433,49302,44.4,55.6,66.7,33.3
173,7,512,1,1,1,1,1,1,1,1,1,0,1,1,1,1,0,1,1,1,186.6111,7.670000,0.055400,7.720000,523502.5101,4.9300,1.5975,10.650,0.0200,1,2433,49302,11.1,88.9,11.1,88.9
173,8,512,1,1,0,1,1,1,1,1,1,1,1,1,1,1,1,1,0,0,197.3163,8.110000,0.055400,8.160000,523502.5101,6.2900,1.5975,10.650,0.0000,1,2433,49302,22.2,77.8,11.1,88.9
173,9,512,1,1,1,1,1,1,0,1,1,1,1,0,1,1,1,1,1,1,186.6111,7.670000,0.055400,7.730000,523502.5101,4.3400,1.5915,10.610,0.0600,1,2433,49302,11.1,88.9,11.1,88.9
173,10,512,0,0,1,1,1,1,0,1,1,1,1,1,0,0,0,1,1,1,195.8565,8.050000,0.055400,8.110000,523502.5101,10.3300,1.5975,10.650,0.0100,1,2433,49302,44.4,55.6,22.2,77.8
173,11,512,0,0,0,0,0,0,1,0,1,0,0,0,1,0,1,0,1,0,179.5554,7.380000,0.055200,7.430000,523502.5101,27.0200,1.6065,10.710,0.0100,1,2433,49302,44.4,55.6,100.0,0.0
173,16,512,1,0,1,0,1,0,1,0,0,1,1,0,1,0,0,1,0,0,190.2606,7.820000,0.055400,7.880000,523502.5101,26.5900,1.6005,10.670,0.0100,1,2433,49302,33.3,66.7,77.8,22.2
173,17,512,1,1,1,1,1,1,1,1,0,1,0,1,1,1,1,1,1,1,169.5801,6.970000,0.055400,7.030000,523502.5101,15.9200,1.5165,10.110,0.4600,1,2433,49302,22.2,77.8,0.0,100.0
173,21,512,1,1,1,1,0,1,1,1,0,1,1,1,1,1,1,1,0,0,187.3410,7.700000,0.055400,7.750000,523502.5101,4.1600,1.5960,10.640,0.0400,1,2433,49302,33.3,66.7,11.1,88.9
173,22,512,0,0,0,1,0,0,1,0,0,1,0,0,1,1,1,0,1,0,201.9390,8.300000,0.055400,8.350000,523502.5101,26.9800,1.5855,10.570,0.1000,1,2433,49302,55.6,44.4,66.7,33.3
173,24,512,1,1,1,1,0,1,1,0,1,1,1,1,1,1,1,1,1,1,194.8833,8.010000,0.055400,8.060000,523502.5101,9.9600,1.6005,10.670,0.0100,1,2433,49302,11.1,88.9,11.1,88.9
173,25,512,1,0,1,1,1,0,1,0,0,1,1,0,1,1,1,1,0,0,192.4503,7.910000,0.055400,7.960000,523502.5101,26.8500,1.5975,10.650,0.0000,1,2433,49302,22.2,77.8,55.6,44.4
173,26,512,1,0,0,0,0,0,1,0,0,1,1,1,1,0,1,0,1,0,191.4771,7.870000,0.055400,7.930000,523502.5101,27.2100,1.5885,10.590,0.0500,1,2433,49302,33.3,66.7,77.8,22.2
173,27,512,0,0,1,0,1,0,1,0,1,1,1,1,1,1,1,1,1,0,172.4997,7.090000,0.055400,7.140000,523502.5101,27.8300,1.5960,10.640,0.0200,1,2433,49302,11.1,88.9,55.6,44.4
173,28,512,1,0,0,1,0,1,1,0,0,0,0,1,0,0,0,1,1,1,197.5596,8.120000,0.055400,8.170000,523502.5101,10.4000,1.5990,10.660,0.0100,1,2433,49302,66.7,33.3,44.4,55.6
173,31,512,1,0,0,0,1,0,1,0,1,1,0,0,1,0,1,0,1,0,186.3678,7.660000,0.055400,7.710000,523502.5101,27.0900,1.5960,10.640,0.0400,1,2433,49302,22.2,77.8,88.9,11.1
173,32,512,1,0,1,0,1,0,0,0,1,1,1,0,1,0,1,0,1,0,197.3163,8.110000,0.055400,8.160000,523502.5101,26.9400,1.5525,10.350,0.3200,1,2433,49302,11.1,88.9,88.9,11.1
173,34,512,0,0,1,0,0,0,1,0,0,1,1,0,1,0,0,0,1,0,186.8544,7.680000,0.055400,7.740000,523502.5101,26.7100,1.5900,10.600,0.0800,1,2433,49302,44.4,55.6,88.9,11.1
173,38,512,1,1,0,1,0,1,1,1,1,1,0,1,1,1,1,0,1,1,181.7451,7.470000,0.055400,7.530000,523502.5101,2.7100,1.5945,10.630,0.0100,1,2433,49302,33.3,66.7,11.1,88.9
173,39,512,0,0,0,0,1,1,1,0,1,1,0,0,1,1,1,1,1,0,195.8565,8.050000,0.055400,8.110000,523502.5101,27.0600,1.5615,10.410,0.1500,1,2433,49302,33.3,66.7,55.6,44.4
173,41,512,1,0,0,0,1,1,1,0,0,0,1,1,1,0,1,0,1,0,192.2070,7.900000,0.055400,7.960000,523502.5101,27.0200,1.6065,10.710,-0.0500,0,2433,49302,22.2,77.8,77.8,22.2
173,42,512,0,0,1,0,1,0,1,0,0,0,1,1,1,1,1,1,1,0,188.3142,7.740000,0.055400,7.790000,523502.5101,27.5400,1.5945,10.630,0.0300,1,2433,49302,22.2,77.8,66.7,33.3
173,45,512,1,0,0,1,0,0,0,0,1,1,0,0,0,0,1,0,0,0,199.7493,8.210000,0.055400,8.270000,523502.5101,26.8000,1.5990,10.660,0.0300,1,2433,49302,66.7,33.3,77.8,22.2
173,48,512,1,0,0,1,1,0,1,0,0,1,1,0,1,0,1,0,0,0,193.6668,7.960000,0.055400,8.020000,523502.5101,26.7900,1.5930,10.620,0.0100,1,2433,49302,33.3,66.7,77.8,22.2
173,51,512,0,0,0,1,1,0,1,1,0,0,1,1,1,0,0,0,1,0,198.5328,8.160000,0.055400,8.220000,523502.5101,26.6700,1.5960,10.640,0.0100,1,2433,49302,44.4,55.6,66.7,33.3
173,52,512,0,0,0,1,0,0,1,0,1,1,1,1,1,0,1,0,1,0,201.4524,8.280000,0.055400,8.330000,523502.5101,27.3100,1.6005,10.670,0.0100,1,2433,49302,33.3,66.7,66.7,33.3
173,55,512,1,1,0,1,1,1,0,1,0,0,1,0,1,1,1,1,1,1,200.2359,8.230000,0.055400,8.290000,523502.5101,4.1400,1.5960,10.640,0.0100,1,2433,49302,33.3,66.7,22.2,77.8
173,57,512,1,1,0,0,0,1,1,1,1,1,0,1,1,1,0,1,1,1,192.2070,7.900000,0.055400,7.960000,523502.5101,3.7700,1.5930,10.620,0.0100,1,2433,49302,44.4,55.6,11.1,88.9
173,59,512,1,1,0,1,0,1,0,1,1,1,1,1,1,1,1,1,1,0,188.5575,7.750000,0.055400,7.810000,523502.5101,4.6600,1.5975,10.650,0.0000,1,2433,49302,33.3,66.7,11.1,88.9
173,60,512,1,1,1,1,1,1,1,1,0,1,0,1,1,1,0,1,0,0,189.7740,7.800000,0.055400,7.860000,523502.5101,4.0700,1.5930,10.620,0.0100,1,2433,49302,44.4,55.6,11.1,88.9
173,61,512,1,0,0,1,1,0,1,0,1,0,1,1,1,1,1,1,1,0,201.4524,8.280000,0.055400,8.340000,523502.5101,27.5700,1.5765,10.510,0.1200,1,2433,49302,11.1,88.9,55.6,44.4
173,62,512,1,0,0,0,0,1,1,0,0,0,0,1,0,0,0,1,0,0,198.5328,8.160000,0.055400,8.220000,523502.5101,26.2300,1.5810,10.540,0.1100,1,2433,49302,77.8,22.2,66.7,33.3
173,64,512,1,0,0,0,1,0,1,0,1,1,1,1,1,0,1,0,0,0,188.3142,7.740000,0.055400,7.800000,523502.5101,27.1900,1.5840,10.560,0.0900,1,2433,49302,22.2,77.8,77.8,22.2
173,65,512,1,1,1,1,1,1,0,0,1,1,0,1,1,1,1,1,1,1,189.0441,7.770000,0.055400,7.820000,523502.5101,7.6800,1.5930,10.620,0.0300,1,2433,49302,22.2,77.8,11.1,88.9
173,66,512,0,0,1,0,0,0,0,0,0,0,1,1,1,0,1,1,1,0,186.1245,7.650000,0.055400,7.710000,523502.5101,26.8900,1.5750,10.500,0.1500,1,2433,49302,44.4,55.6,77.8,22.2
173,67,512,1,1,0,1,1,1,1,1,1,1,0,1,1,1,0,0,1,1,1000000000.0000,7.600000,0.055400,7.650000,523502.5101,-100.0000,1.5990,10.660,0.0000,1,-1,-1,33.3,66.7,11.1,88.9
173,68,512,0,0,1,1,1,1,0,1,1,1,1,1,1,1,0,1,1,1,195.6132,8.040000,0.055400,8.100000,523502.5101,11.4300,1.5990,10.660,0.0300,1,2433,49302,33.3,66.7,11.1,88.9
173,69,512,1,0,0,1,0,0,1,0,0,0,1,1,0,0,0,1,0,0,201.6957,8.290000,0.055400,8.350000,523502.5101,26.5200,1.6020,10.680,0.0100,1,2433,49302,66.7,33.3,66.7,33.3
173,70,512,0,0,0,1,1,0,1,0,1,0,1,1,1,0,1,0,1,0,195.3699,8.030000,0.055400,8.080000,523502.5101,27.1400,1.5825,10.550,0.1200,1,2433,49302,22.2,77.8,77.8,22.2
173,71,512,0,0,0,1,1,0,1,0,1,0,1,0,1,1,1,1,1,0,193.1802,7.940000,0.055400,8.000000,523502.5101,27.0100,1.5915,10.610,0.0300,1,2433,49302,22.2,77.8,66.7,33.3
173,72,512,1,0,1,0,0,0,1,0,0,0,1,0,1,0,1,0,0,0,176.6358,7.260000,0.055200,7.320000,523502.5101,26.8300,1.6035,10.690,0.0400,1,2433,49302,33.3,66.7,100.0,0.0
173,76,512,1,1,1,1,1,1,0,1,0,1,1,1,1,1,1,1,1,1,175.4193,7.210000,0.055400,7.270000,523502.5101,17.8900,1.5405,10.270,0.3000,1,2433,49302,22.2,77.8,0.0,100.0
173,77,512,0,0,0,0,0,0,1,0,0,0,1,0,1,0,1,0,0,0,175.6626,7.220000,0.055200,7.280000,523502.5101,26.8300,1.6080,10.720,0.0000,1,2433,49302,55.6,44.4,100.0,0.0
173,78,512,1,0,1,0,1,0,1,0,0,1,1,1,1,0,1,0,0,0,191.9637,7.890000,0.055400,7.940000,523502.5101,27.0800,1.5930,10.620,0.0500,1,2433,49302,22.2,77.8,77.8,22.2
173,79,512,1,0,0,0,1,0,1,0,0,0,0,0,0,0,0,0,0,0,179.3121,7.370000,0.055200,7.430000,523502.5101,26.5300,1.6095,10.730,0.0000,1,2433,49302,66.7,33.3,100.0,0.0
173,80,512,0,0,1,0,0,0,1,0,1,1,1,1,1,1,0,0,0,0,199.5060,8.200000,0.055400,8.260000,523502.5101,27.1200,1.6020,10.680,0.0100,1,2433,49302,44.4,55.6,66.7,33.3
173,81,512,1,0,1,0,1,0,1,0,0,0,1,1,1,1,1,0,1,0,190.9905,7.850000,0.055400,7.900000,523502.5101,27.3000,1.5870,10.580,0.1100,1,2433,49302,11.1,88.9,77.8,22.2
173,84,512,1,0,1,0,1,0,1,0,0,0,1,1,1,0,1,0,0,0,190.2606,7.820000,0.055400,7.880000,523502.5101,26.9800,1.5480,10.320,0.3700,1,2433,49302,22.2,77.8,88.9,11.1
173,86,512,0,0,0,0,1,0,1,0,1,1,1,1,1,0,1,0,1,0,197.0730,8.100000,0.055400,8.160000,523502.5101,27.3100,1.5930,10.620,0.0200,1,2433,49302,22.2,77.8,77.8,22.2
173,89,512,1,1,0,1,0,1,1,1,1,0,1,1,1,1,1,1,1,1,187.0977,7.690000,0.055400,7.750000,523502.5101,6.1100,1.5960,10.640,0.0000,1,2433,49302,22.2,77.8,11.1,88.9
173,91,512,1,0,1,0,0,0,1,0,0,0,1,1,1,1,1,1,1,0,184.4214,7.580000,0.055400,7.630000,523502.5101,27.5400,1.5975,10.650,0.0100,1,2433,49302,22.2,77.8,66.7,33.3
173,96,512,1,1,1,1,0,1,1,1,0,1,1,1,1,1,0,1,0,0,189.7740,7.800000,0.055400,7.860000,523502.5101,3.6100,1.5945,10.630,0.0100,1,2433,49302,44.4,55.6,11.1,88.9
173,98,512,1,0,0,0,0,0,0,0,0,0,0,0,0,0,1,0,1,1,173.7162,7.140000,0.055400,7.200000,523502.5101,10.1500,1.5960,10.640,0.0200,1,2433,49302,66.7,33.3,88.9,11.1
173,99,512,1,1,0,1,1,1,0,0,1,1,1,1,1,1,1,1,1,1,189.2874,7.780000,0.055400,7.840000,523502.5101,9.3700,1.5960,10.640,0.0400,1,2433,49302,22.2,77.8,11.1,88.9
174,3,512,0,0,0,0,1,0,1,0,1,1,1,1,1,1,1,0,1,0,191.2338,7.860000,0.055400,7.920000,523502.5101,27.5600,1.5600,10.400,0.2100,1,2433,49302,22.2,77.8,66.7,33.3
174,5,512,1,0,0,1,0,1,0,0,0,0,0,1,0,0,0,1,0,0,197.3163,8.110000,0.055400,8.160000,523502.5101,26.2300,1.5990,10.660,0.0300,1,2433,49302,88.9,11.1,55.6,44.4
174,6,512,1,1,1,1,1,0,1,1,0,1,1,1,1,1,0,1,1,1,196.8297,8.090000,0.055400,8.150000,523502.5101,5.2800,1.5975,10.650,0.0200,1,2433,49302,22.2,77.8,11.1,88.9
174,7,512,1,0,1,1,1,1,1,1,1,1,1,1,1,1,1,1,1,0,206.5617,8.490000,0.055400,8.550000,523502.5101,28.2000,1.5870,10.580,0.0900,1,2433,49302,0.0,100.0,22.2,77.8
174,9,512,0,1,1,0,1,0,0,0,0,1,1,0,1,0,1,0,1,0,196.8297,8.090000,0.055400,8.150000,523502.5101,14.6000,1.6005,10.670,0.0200,1,2433,49302,33.3,66.7,77.8,22.2
174,12,512,0,0,1,0,0,1,0,1,1,0,0,0,1,0,1,0,1,0,197.8029,8.130000,0.055400,8.180000,523502.5101,7.2100,1.5960,10.640,0.0400,1,2433,49302,44.4,55.6,77.8,22.2
174,15,512,1,1,1,1,1,1,0,1,1,1,0,1,1,0,1,1,1,1,194.1534,7.980000,0.055400,8.040000,523502.5101,3.1300,1.5930,10.620,0.0300,1,2433,49302,22.2,77.8,11.1,88.9
174,17,512,1,0,0,1,1,1,1,0,1,1,1,1,1,1,1,1,1,0,208.9947,8.590000,0.055400,8.640000,523502.5101,27.7500,1.5885,10.590,0.0800,1,2433,49302,11.1,88.9,33.3,66.7
174,19,512,0,0,0,0,1,1,1,1,1,1,1,1,1,0,1,1,1,0,201.4524,8.280000,0.055400,8.340000,523502.5101,27.6000,1.5870,10.580,0.0800,1,2433,49302,22.2,77.8,44.4,55.6
174,20,512,0,0,1,0,1,0,1,1,0,0,0,0,1,0,1,0,1,0,193.6668,7.960000,0.055400,8.020000,523502.5101,26.7400,1.5480,10.320,0.2500,1,2433,49302,33.3,66.7,88.9,11.1
174,21,512,1,0,1,0,0,1,0,0,0,0,1,1,1,0,1,0,1,0,193.6668,7.960000,0.055400,8.010000,523502.5101,26.9100,1.6005,10.670,0.0200,1,2433,49302,33.3,66.7,77.8,22.2
174,22,512,0,0,1,0,1,0,1,0,0,0,1,1,1,0,0,0,1,0,186.8544,7.680000,0.055400,7.740000,523502.5101,26.9500,1.5720,10.480,0.1800,1,2433,49302,33.3,66.7,88.9,11.1
174,23,512,0,0,1,0,1,0,1,0,1,1,1,1,1,1,0,0,1,0,193.1802,7.940000,0.055400,7.990000,523502.5101,27.2600,1.5975,10.650,0.0100,1,2433,49302,22.2,77.8,66.7,33.3
174,24,512,0,0,0,0,0,1,1,0,1,0,1,1,1,0,0,0,1,0,195.1266,8.020000,0.055400,8.070000,523502.5101,26.7900,1.5900,10.600,0.0500,1,2433,49302,44.4,55.6,77.8,22.2
174,27,512,1,0,1,0,1,1,1,0,1,0,1,1,1,0,1,0,1,0,197.8029,8.130000,0.055400,8.180000,523502.5101,27.0800,1.5870,10.580,0.0600,1,2433,49302,0.0,100.0,77.8,22.2
174,28,512,1,1,1,1,1,1,0,1,1,1,0,0,1,1,1,1,1,1,189.7740,7.800000,0.055400,7.860000,523502.5101,4.6300,1.5945,10.630,0.0000,1,2433,49302,22.2,77.8,11.1,88.9
174,29,512,1,0,1,1,0,0,1,0,0,0,0,1,0,0,0,1,0,0,201.9390,8.300000,0.055400,8.360000,523502.5101,26.3800,1.5960,10.640,0.0000,1,2433,49302,66.7,33.3,66.7,33.3
174,30,512,1,1,0,1,1,1,1,1,0,1,0,1,1,1,1,1,0,0,183.4482,7.540000,0.055400,7.600000,523502.5101,2.8400,1.5975,10.650,0.0200,1,2433,49302,44.4,55.6,11.1,88.9
174,31,512,0,0,1,0,0,1,1,0,1,0,0,0,1,0,1,0,1,0,194.1534,7.980000,0.055400,8.030000,523502.5101,26.8500,1.5975,10.650,0.0100,1,2433,49302,33.3,66.7,88.9,11.1
174,32,512,1,0,0,1,1,1,0,1,1,1,1,1,1,1,1,1,1,1,196.8297,8.090000,0.055400,8.140000,523502.5101,14.2500,1.5960,10.640,0.0100,1,2433,49302,22.2,77.8,11.1,88.9
174,33,512,1,0,0,0,1,0,1,0,1,0,0,0,0,0,1,0,0,0,174.9327,7.190000,0.055200,7.250000,523502.5101,26.6800,1.6080,10.720,0.0200,1,2433,49302,44.4,55.6,100.0,0.0
174,34,512,0,0,1,0,0,1,1,0,1,1,0,0,1,0,1,0,1,0,194.3967,7.990000,0.055400,8.050000,523502.5101,26.9400,1.5960,10.640,0.0100,1,2433,49302,33.3,66.7,77.8,22.2
174,38,512,0,0,0,0,0,0,0,0,0,0,0,0,1,1,0,0,0,0,1000000000.0000,7.910000,0.055400,7.960000,523502.5101,-100.0000,1.6005,10.670,0.0000,1,-1,-1,88.9,11.1,88.9,11.1
174,39,512,0,0,1,0,0,0,1,0,1,1,1,1,1,0,0,0,1,0,1000000000.0000,7.920000,0.055400,7.970000,523502.5101,-100.0000,1.5750,10.500,0.0700,1,-1,-1,33.3,66.7,77.8,22.2
174,41,512,0,0,1,1,0,0,1,0,0,1,0,0,1,0,1,0,0,0,193.9101,7.970000,0.055400,8.030000,523502.5101,26.7800,1.6020,10.680,0.0000,1,2433,49302,55.6,44.4,77.8,22.2
174,42,512,1,1,1,1,0,1,1,1,0,1,1,1,1,1,0,0,1,1,193.4235,7.950000,0.055400,8.000000,523502.5101,2.9700,1.5960,10.640,0.0300,1,2433,49302,33.3,66.7,11.1,88.9
174,44,512,0,0,1,0,1,0,1,0,0,0,1,1,1,1,1,0,1,0,182.2317,7.490000,0.055400,7.550000,523502.5101,27.3000,1.5960,10.640,0.0400,1,2433,49302,22.2,77.8,77.8,22.2
174,45,512,1,1,1,1,0,0,1,1,0,1,0,1,1,1,0,1,1,1,186.8544,7.680000,0.055400,7.740000,523502.5101,4.2500,1.5870,10.580,0.0700,1,2433,49302,44.4,55.6,11.1,88.9
174,46,512,1,1,1,1,1,1,0,1,0,1,1,0,1,1,1,1,1,1,187.8276,7.720000,0.055400,7.770000,523502.5101,3.9800,1.5960,10.640,0.0000,1,2433,49302,22.2,77.8,11.1,88.9
174,49,512,0,0,1,0,0,1,1,0,1,0,1,1,1,0,1,0,1,0,199.7493,8.210000,0.055400,8.260000,523502.5101,26.9400,1.5870,10.580,0.0700,1,2433,49302,22.2,77.8,77.8,22.2
174,51,512,1,0,1,0,1,0,1,0,0,0,1,0,1,0,1,0,1,1,184.1781,7.570000,0.055400,7.620000,523502.5101,10.0200,1.5975,10.650,0.0000,1,2433,49302,11.1,88.9,88.9,11.1
174,52,512,0,0,0,0,1,1,1,1,0,1,1,1,1,1,1,1,1,0,199.9926,8.220000,0.055400,8.270000,523502.5101,6.9000,1.5765,10.510,0.1200,1,2433,49302,33.3,66.7,33.3,66.7
174,55,512,1,1,1,0,0,1,1,1,1,1,1,1,1,1,0,1,1,1,196.3431,8.070000,0.055400,8.120000,523502.5101,4.4500,1.5990,10.660,0.0000,1,2433,49302,22.2,77.8,11.1,88.9
174,56,512,1,0,0,1,0,1,0,1,1,1,1,1,1,1,1,1,1,1,197.8029,8.130000,0.055400,8.180000,523502.5101,14.6500,1.5945,10.630,0.0100,1,2433,49302,33.3,66.7,11.1,88.9
174,58,512,1,0,0,0,0,0,0,0,1,1,0,0,1,0,0,1,0,0,191.9637,7.890000,0.055400,7.950000,523502.5101,26.6900,1.5870,10.580,0.1000,1,2433,49302,66.7,33.3,77.8,22.2
174,59,512,1,0,0,1,1,1,1,1,1,1,1,1,1,1,1,1,0,0,200.7225,8.250000,0.055400,8.300000,523502.5101,27.8000,1.5900,10.600,0.0600,1,2433,49302,22.2,77.8,22.2,77.8
174,62,512,1,0,1,0,1,1,1,0,0,0,1,1,1,0,1,0,1,0,199.5060,8.200000,0.055400,8.260000,523502.5101,27.0200,1.6050,10.700,-0.0100,0,2433,49302,11.1,88.9,77.8,22.2
174,65,512,1,1,0,1,0,1,1,0,1,1,0,1,1,1,0,1,1,1,197.0730,8.100000,0.055400,8.160000,523502.5101,3.9900,1.5930,10.620,0.0400,1,2433,49302,44.4,55.6,11.1,88.9
174,66,512,1,0,0,0,1,0,1,0,1,0,1,1,1,0,1,0,1,0,185.1513,7.610000,0.055400,7.670000,523502.5101,27.1400,1.5750,10.500,0.0600,1,2433,49302,11.1,88.9,88.9,11.1
174,68,512,1,1,1,1,1,1,1,1,0,1,0,1,1,1,1,1,0,0,186.1245,7.650000,0.055400,7.710000,523502.5101,4.7500,1.6005,10.670,0.0000,1,2433,49302,33.3,66.7,11.1,88.9
174,70,512,1,0,0,0,0,0,1,0,1,1,1,0,1,0,1,0,0,0,187.8276,7.720000,0.055400,7.770000,523502.5101,27.0200,1.5795,10.530,0.0500,1,2433,49302,33.3,66.7,88.9,11.1
174,71,512,1,0,1,1,0,0,1,0,0,0,1,0,1,0,1,0,1,0,195.1266,8.020000,0.055400,8.070000,523502.5101,26.9500,1.5945,10.630,0.0200,1,2433,49302,22.2,77.8,88.9,11.1
174,72,512,0,0,0,0,1,0,0,0,1,1,1,1,1,1,0,0,1,0,194.3967,7.990000,0.055400,8.050000,523502.5101,27.0900,1.6005,10.670,-0.0100,0,2433,49302,44.4,55.6,66.7,33.3
174,75,512,0,0,1,0,0,0,1,0,1,0,1,1,1,1,1,1,1,1,187.0977,7.690000,0.055400,7.750000,523502.5101,12.7600,1.5960,10.640,0.0200,1,2433,49302,22.2,77.8,55.6,44.4
174,76,512,0,0,1,1,1,1,0,1,1,1,0,1,1,1,1,1,1,1,201.6957,8.290000,0.055400,8.350000,523502.5101,11.7300,1.5945,10.630,0.0400,1,2433,49302,33.3,66.7,11.1,88.9
174,77,512,1,0,0,1,1,1,1,1,1,1,1,1,1,1,0,1,1,0,207.0483,8.510000,0.055400,8.560000,523502.5101,17.4200,1.5930,10.620,0.0600,1,2433,49302,22.2,77.8,22.2,77.8
174,78,512,1,0,0,0,0,0,1,0,1,1,0,0,1,1,1,0,1,0,190.5039,7.830000,0.055400,7.890000,523502.5101,27.1100,1.5990,10.660,0.0100,1,2433,49302,33.3,66.7,77.8,22.2
174,79,512,1,1,0,0,0,0,0,0,1,1,0,0,1,0,0,0,0,0,199.0194,8.180000,0.055400,8.240000,523502.5101,17.0500,1.5885,10.590,0.1100,1,2433,49302,66.7,33.3,77.8,22.2
174,83,512,1,1,0,1,0,0,1,0,1,1,1,1,1,1,1,1,1,0,1000000000.0000,7.980000,0.055400,8.030000,523502.5101,-100.0000,1.6005,10.670,0.0000,1,-1,-1,22.2,77.8,33.3,66.7
174,84,512,1,1,0,1,0,1,1,1,1,1,0,1,1,0,0,1,1,1,186.1245,7.650000,0.055400,7.700000,523502.5101,2.7800,1.5945,10.630,0.0100,1,2433,49302,44.4,55.6,11.1,88.9
174,85,512,1,0,0,1,1,1,1,1,1,1,1,1,1,1,1,1,1,1,199.0194,8.180000,0.055400,8.230000,523502.5101,23.4800,1.5930,10.620,0.0200,1,2433,49302,11.1,88.9,11.1,88.9
174,87,512,0,0,1,0,0,0,1,0,0,0,1,1,1,1,1,0,0,0,191.9637,7.890000,0.055400,7.950000,523502.5101,27.1600,1.5945,10.630,0.0000,1,2433,49302,44.4,55.6,77.8,22.2
174,89,512,1,0,0,1,0,1,0,1,0,0,0,1,0,0,0,1,0,0,196.3431,8.070000,0.055400,8.120000,523502.5101,6.3600,1.5795,10.530,0.1300,1,2433,49302,88.9,11.1,44.4,55.6
174,90,512,1,1,1,1,1,1,0,1,1,1,0,0,1,1,0,1,1,1,194.3967,7.990000,0.055400,8.040000,523502.5101,3.7800,1.5945,10.630,0.0000,1,2433,49302,33.3,66.7,11.1,88.9
174,91,512,0,0,0,1,0,0,1,0,1,1,1,0,1,0,1,1,1,0,193.9101,7.970000,0.055400,8.030000,523502.5101,27.0900,1.5825,10.550,0.1200,1,2433,49302,33.3,66.7,66.7,33.3
174,93,512,0,0,1,0,0,0,0,0,1,0,1,1,1,0,1,0,1,0,188.3142,7.740000,0.055400,7.790000,523502.5101,27.0000,1.5945,10.630,0.0100,1,2433,49302,33.3,66.7,88.9,11.1
174,95,512,0,0,0,0,0,0,0,1,0,1,0,0,1,1,1,0,1,0,196.3431,8.070000,0.055400,8.120000,523502.5101,6.5000,1.5975,10.650,0.0200,1,2433,49302,66.7,33.3,66.7,33.3
174,96,512,0,0,1,1,0,0,1,0,0,1,1,0,1,0,1,0,1,0,196.8297,8.090000,0.055400,8.140000,523502.5101,26.8900,1.5960,10.640,0.0300,1,2433,49302,33.3,66.7,77.8,22.2
174,97,512,1,1,0,1,1,1,0,1,1,1,1,1,1,1,0,1,0,0,1000000000.0000,7.410000,0.055400,7.470000,523502.5101,-100.0000,1.5885,10.590,0.0700,1,-1,-1,44.4,55.6,11.1,88.9
174,98,512,1,1,1,0,0,1,0,1,0,1,1,1,1,1,1,1,1,1,1000000000.0000,7.990000,0.055400,8.040000,523502.5101,-100.0000,1.5855,10.570,0.0300,1,-1,-1,33.3,66.7,11.1,88.9
175,0,512,0,0,1,1,1,0,0,0,0,1,1,0,1,0,1,0,1,0,194.6400,8.000000,0.055400,8.060000,523502.5101,26.7000,1.6035,10.690,0.0000,1,2433,49302,33.3,66.7,77.8,22.2
175,5,512,1,1,0,1,1,0,0,1,1,1,1,1,1,1,0,1,1,1,199.0194,8.180000,0.055400,8.240000,523502.5101,4.6200,1.5960,10.640,0.0100,1,2433,49302,33.3,66.7,11.1,88.9
175,6,512,0,0,1,0,1,0,1,1,1,0,0,1,1,0,1,0,1,0,198.7761,8.170000,0.055400,8.220000,523502.5101,27.0100,1.5945,10.630,0.0700,1,2433,49302,22.2,77.8,77.8,22.2
175,7,512,0,0,0,0,0,0,1,0,0,1,1,1,1,1,1,0,1,0,191.9637,7.890000,0.055400,7.950000,523502.5101,27.3400,1.5810,10.540,0.1400,1,2433,49302,44.4,55.6,66.7,33.3
175,8,512,1,1,0,0,0,1,0,1,1,1,1,1,1,1,1,1,1,1,185.8812,7.640000,0.055400,7.700000,523502.5101,9.1400,1.5930,10.620,0.0100,1,2433,49302,33.3,66.7,11.1,88.9
175,9,512,1,0,0,1,1,1,0,0,1,1,1,1,1,1,1,1,1,0,199.9926,8.220000,0.055400,8.270000,523502.5101,27.4900,1.5975,10.650,0.0100,1,2433,49302,22.2,77.8,33.3,66.7
175,10,512,1,1,1,1,1,1,1,1,0,1,0,1,1,1,1,0,1,1,207.7782,8.540000,0.055400,8.600000,523502.5101,2.8300,1.5930,10.620,0.0200,1,2433,49302,22.2,77.8,11.1,88.9
175,12,512,1,1,0,1,0,1,1,1,0,1,0,1,1,1,0,1,1,1,177.8523,7.310000,0.055400,7.360000,523502.5101,11.5500,1.5615,10.410,0.0700,1,2433,49302,55.6,44.4,0.0,100.0
175,16,512,0,0,0,1,1,1,0,1,1,1,1,0,0,0,1,1,1,0,203.6421,8.370000,0.055400,8.420000,523502.5101,7.0400,1.5630,10.420,0.2500,1,2433,49302,44.4,55.6,44.4,55.6
175,17,512,0,0,1,1,1,0,1,1,1,0,0,0,1,0,1,0,1,0,193.9101,7.970000,0.055400,8.020000,523502.5101,27.0900,1.6050,10.700,-0.0200,0,2433,49302,22.2,77.8,77.8,22.2
175,19,512,1,0,0,1,1,1,1,1,0,0,1,1,1,1,1,1,1,0,205.1019,8.430000,0.055400,8.480000,523502.5101,27.3800,1.5780,10.520,0.1600,1,2433,49302,22.2,77.8,33.3,66.7
175,20,512,1,0,0,0,0,0,1,0,0,0,1,0,1,0,1,0,0,0,175.1760,7.200000,0.055200,7.260000,523502.5101,26.8300,1.6065,10.710,0.0100,1,2433,49302,44.4,55.6,100.0,0.0
175,21,512,1,1,1,0,1,1,1,1,0,1,0,1,1,1,1,1,1,1,193.6668,7.960000,0.055400,8.010000,523502.5101,5.5100,1.5960,10.640,0.0400,1,2433,49302,22.2,77.8,11.1,88.9
175,23,512,1,0,0,0,1,0,1,0,1,0,1,1,1,0,1,0,0,0,185.8812,7.640000,0.055400,7.700000,523502.5101,27.0400,1.5540,10.360,0.3000,1,2433,49302,22.2,77.8,88.9,11.1
175,24,512,1,1,0,1,0,1,1,1,1,1,0,0,1,1,1,1,1,1,198.0462,8.140000,0.055400,8.200000,523502.5101,4.1200,1.5945,10.630,0.0200,1,2433,49302,33.3,66.7,11.1,88.9
175,26,512,1,1,0,1,1,1,1,1,1,1,0,0,1,1,1,1,1,1,191.2338,7.860000,0.055400,7.920000,523502.5101,4.4100,1.6005,10.670,0.0300,1,2433,49302,22.2,77.8,11.1,88.9
175,27,512,1,1,1,1,0,1,0,1,1,1,0,0,1,1,1,1,1,1,181.7451,7.470000,0.055400,7.520000,523502.5101,4.2400,1.6005,10.670,0.0100,1,2433,49302,33.3,66.7,11.1,88.9
175,28,512,0,0,0,0,0,1,1,0,0,0,1,1,1,0,1,0,0,0,196.8297,8.090000,0.055400,8.140000,523502.5101,26.7900,1.5975,10.650,0.0100,1,2433,49302,55.6,44.4,77.8,22.2
175,29,512,1,0,0,1,1,0,1,0,1,0,1,0,1,0,1,0,1,0,199.9926,8.220000,0.055400,8.270000,523502.5101,27.0200,1.5975,10.650,0.0100,1,2433,49302,11.1,88.9,88.9,11.1
175,31,512,0,0,1,0,1,0,1,0,0,0,1,1,1,0,0,1,1,0,195.1266,8.020000,0.055400,8.070000,523502.5101,26.9300,1.5945,10.630,0.0100,1,2433,49302,33.3,66.7,77.8,22.2
175,32,512,0,0,1,1,0,1,1,0,1,0,1,1,1,0,1,0,1,0,197.8029,8.130000,0.055400,8.190000,523502.5101,26.9400,1.5960,10.640,0.0200,1,2433,49302,22.2,77.8,66.7,33.3
175,34,512,1,1,1,1,1,1,0,0,0,1,1,1,1,1,0,1,1,1,189.2874,7.780000,0.055400,7.840000,523502.5101,5.3200,1.5885,10.590,0.0300,1,2433,49302,33.3,66.7,11.1,88.9
175,35,512,1,1,0,1,1,1,1,1,1,1,1,1,1,0,1,1,1,1,188.8008,7.760000,0.055400,7.810000,523502.5101,3.1400,1.6005,10.670,0.0000,1,2433,49302,11.1,88.9,11.1,88.9
175,36,512,0,0,0,0,0,0,1,1,1,1,1,1,1,1,1,1,1,0,1000000000.0000,8.030000,0.055400,8.090000,523502.5101,-100.0000,1.5840,10.560,0.1300,1,-1,-1,33.3,66.7,44.4,55.6
175,40,512,1,1,0,1,1,1,0,1,1,1,0,1,1,1,1,1,1,1,171.2832,7.040000,0.055400,7.100000,523502.5101,13.8300,1.5330,10.220,0.3400,1,2433,49302,33.3,66.7,0.0,100.0
175,41,512,1,1,1,1,0,1,1,1,1,1,1,1,1,0,1,1,1,1,194.8833,8.010000,0.055400,8.060000,523502.5101,3.1900,1.5870,10.580,-0.0700,0,2433,49302,11.1,88.9,11.1,88.9
175,44,512,0,0,0,1,1,1,1,1,1,1,1,1,1,1,1,1,1,1,200.9658,8.260000,0.055400,8.310000,523502.5101,23.4800,1.5975,10.650,0.0500,1,2433,49302,22.2,77.8,11.1,88.9
175,46,512,0,0,1,0,1,0,1,0,1,0,1,1,1,0,0,1,1,0,195.1266,8.020000,0.055400,8.080000,523502.5101,26.9400,1.5975,10.650,0.0100,1,2433,49302,22.2,77.8,77.8,22.2
175,48,512,0,0,0,0,0,1,1,0,0,1,0,0,1,1,1,0,1,0,191.7204,7.880000,0.055400,7.930000,523502.5101,26.7800,1.5930,10.620,0.0300,1,2433,49302,55.6,44.4,66.7,33.3
175,52,512,1,0,0,1,1,1,1,1,0,0,1,1,1,1,1,0,1,0,195.6132,8.040000,0.055400,8.100000,523502.5101,27.1200,1.5975,10.650,0.0200,1,2433,49302,22.2,77.8,44.4,55.6
175,53,512,0,0,1,0,1,0,1,0,1,0,1,1,1,1,1,1,1,1,188.3142,7.740000,0.055400,7.800000,523502.5101,12.7600,1.5975,10.650,0.0300,1,2433,49302,11.1,88.9,55.6,44.4
175,54,512,1,0,0,1,0,1,1,1,0,0,0,0,1,1,1,0,1,0,199.0194,8.180000,0.055400,8.230000,523502.5101,26.8100,1.5885,10.590,0.0600,1,2433,49302,44.4,55.6,55.6,44.4
175,55,512,1,0,0,0,1,0,0,0,1,1,1,1,1,0,1,0,0,0,189.5307,7.790000,0.055400,7.850000,523502.5101,27.0200,1.5960,10.640,0.0500,1,2433,49302,33.3,66.7,77.8,22.2
175,56,512,1,0,0,0,1,0,1,0,1,1,1,0,1,1,1,0,0,0,199.0194,8.180000,0.055400,8.240000,523502.5101,27.0100,1.5960,10.640,0.0300,1,2433,49302,22.2,77.8,77.8,22.2
175,57,512,1,0,0,0,1,0,1,0,1,1,1,1,0,0,1,0,0,0,1000000000.0000,8.230000,0.055400,8.280000,523502.5101,-100.0000,1.5990,10.660,0.0200,1,-1,-1,33.3,66.7,77.8,22.2
175,58,512,1,1,0,1,1,1,1,0,1,1,0,1,1,1,1,1,1,1,1000000000.0000,8.620000,0.055400,8.680000,523502.5101,-100.0000,1.5975,10.650,0.0100,1,-1,-1,22.2,77.8,11.1,88.9
175,59,512,0,0,0,0,0,1,1,1,1,0,0,0,1,0,1,0,1,0,193.9101,7.970000,0.055400,8.020000,523502.5101,27.0900,1.5780,10.520,0.0500,1,2433,49302,44.4,55.6,77.8,22.2
175,60,512,1,1,1,1,0,1,0,1,0,1,1,1,1,1,1,1,1,0,187.5843,7.710000,0.055400,7.770000,523502.5101,3.6400,1.5960,10.640,0.0000,1,2433,49302,33.3,66.7,11.1,88.9
175,62,512,0,0,0,0,1,1,1,0,0,0,1,1,1,0,1,0,0,0,187.0977,7.690000,0.055400,7.740000,523502.5101,26.9000,1.5975,10.650,0.0200,1,2433,49302,44.4,55.6,77.8,22.2
175,63,512,1,1,1,1,0,0,1,1,1,0,1,1,1,1,1,1,1,1,193.4235,7.950000,0.055400,8.010000,523502.5101,6.3500,1.6050,10.700,0.0000,1,2433,49302,11.1,88.9,22.2,77.8
175,65,512,1,0,0,0,1,0,1,1,0,1,1,0,1,0,1,0,0,0,191.7204,7.880000,0.055400,7.930000,523502.5101,6.5600,1.5765,10.510,0.1300,1,2433,49302,33.3,66.7,77.8,22.2
175,66,512,1,1,1,1,0,1,0,1,1,1,1,1,1,1,0,1,1,1,175.6626,7.220000,0.055400,7.270000,523502.5101,12.6500,1.5105,10.070,0.5100,1,2433,49302,33.3,66.7,0.0,100.0
175,67,512,1,1,1,1,1,1,0,1,1,1,0,1,1,1,1,1,0,1,174.9327,7.190000,0.055400,7.240000,523502.5101,11.9400,1.5390,10.260,0.3100,1,2433,49302,33.3,66.7,0.0,100.0
175,69,512,1,1,1,1,1,1,0,1,1,0,0,1,1,1,1,1,1,1,193.6668,7.960000,0.055400,8.020000,523502.5101,6.8300,1.5975,10.650,0.0100,1,2433,49302,22.2,77.8,11.1,88.9
175,70,512,0,0,1,0,1,0,1,0,1,1,1,1,1,1,1,0,1,0,190.9905,7.850000,0.055400,7.900000,523502.5101,27.5600,1.5960,10.640,0.0500,1,2433,49302,11.1,88.9,66.7,33.3
175,71,512,0,0,0,0,1,1,1,0,0,1,0,0,1,0,1,0,0,0,192.2070,7.900000,0.055400,7.960000,523502.5101,26.6400,1.5870,10.580,0.0700,1,2433,49302,55.6,44.4,77.8,22.2
175,72,512,0,0,1,1,1,1,0,1,0,1,1,1,1,1,1,1,1,1,1000000000.0000,8.340000,0.055400,8.400000,523502.5101,-100.0000,1.5975,10.650,0.0000,1,-1,-1,33.3,66.7,11.1,88.9
175,73,512,0,0,0,0,1,0,1,1,1,1,1,1,1,1,1,0,1,0,1000000000.0000,8.270000,0.055400,8.330000,523502.5101,-100.0000,1.5900,10.600,0.1000,1,-1,-1,22.2,77.8,55.6,44.4
175,74,512,1,1,1,1,1,1,1,1,1,0,0,1,1,1,1,1,1,1,1000000000.0000,7.980000,0.055400,8.030000,523502.5101,-100.0000,1.5945,10.630,0.0100,1,-1,-1,11.1,88.9,11.1,88.9
175,77,512,1,0,1,1,1,1,1,1,1,1,0,1,1,1,1,1,1,1,196.5864,8.080000,0.055400,8.140000,523502.5101,12.0400,1.5945,10.630,0.0500,1,2433,49302,11.1,88.9,11.1,88.9
175,79,512,1,0,0,0,1,0,1,0,1,1,1,1,1,0,1,0,1,0,190.9905,7.850000,0.055400,7.910000,523502.5101,27.3100,1.6035,10.690,-0.0300,0,2433,49302,11.1,88.9,77.8,22.2
175,81,512,1,0,1,0,1,0,1,0,0,0,1,1,0,0,1,1,1,0,191.2338,7.860000,0.055400,7.920000,523502.5101,26.8200,1.5615,10.410,0.2600,1,2433,49302,22.2,77.8,77.8,22.2
175,82,512,0,0,0,1,0,0,1,0,1,1,0,0,1,0,1,1,1,0,202.9122,8.340000,0.055400,8.400000,523502.5101,27.0500,1.5960,10.640,0.0100,1,2433,49302,44.4,55.6,66.7,33.3
175,88,512,0,0,0,0,0,0,1,0,0,0,1,0,1,0,1,0,1,0,174.6894,7.180000,0.055200,7.240000,523502.5101,26.9500,1.6065,10.710,0.0000,1,2433,49302,44.4,55.6,100.0,0.0
175,91,512,1,0,0,1,0,1,1,0,1,1,0,1,0,0,0,1,0,0,202.9122,8.340000,0.055400,8.400000,523502.5101,6.5600,1.6020,10.680,0.0100,1,2433,49302,66.7,33.3,44.4,55.6
175,92,512,1,0,1,1,1,1,0,1,1,1,1,1,1,1,0,1,1,1,201.4524,8.280000,0.055400,8.340000,523502.5101,11.4300,1.5975,10.650,0.0100,1,2433,49302,22.2,77.8,11.1,88.9
175,95,512,1,1,0,0,0,0,1,0,0,0,1,1,1,0,1,0,1,0,196.8297,8.090000,0.055400,8.140000,523502.5101,17.6900,1.5975,10.650,0.0100,1,2433,49302,33.3,66.7,77.8,22.2
175,97,512,0,0,0,0,0,1,1,0,1,0,1,1,1,1,1,0,1,0,197.8029,8.130000,0.055400,8.180000,523502.5101,27.1700,1.5855,10.570,0.1500,1,2433,49302,33.3,66.7,66.7,33.3
176,0,512,1,0,0,0,1,1,0,0,0,1,0,0,1,0,0,0,0,0,193.6668,7.960000,0.055400,8.010000,523502.5101,26.4100,1.5960,10.640,0.0000,1,2433,49302,66.7,33.3,77.8,22.2
176,1,512,0,0,0,1,0,0,1,0,1,1,1,1,1,1,0,0,1,0,196.3431,8.070000,0.055400,8.120000,523502.5101,27.2600,1.5990,10.660,0.0100,1,2433,49302,44.4,55.6,55.6,44.4
176,3,512,1,0,0,1,0,1,1,1,1,1,1,1,1,1,1,1,1,0,199.2627,8.190000,0.055400,8.240000,523502.5101,28.0100,1.5915,10.610,0.0500,1,2433,49302,22.2,77.8,22.2,77.8
176,6,512,1,1,1,1,1,1,1,1,0,1,0,0,1,1,1,1,1,1,191.4771,7.870000,0.055400,7.920000,523502.5101,4.6200,1.6020,10.680,0.0000,1,2433,49302,22.2,77.8,11.1,88.9
176,9,512,0,0,1,0,1,1,1,1,1,1,1,1,1,1,1,1,1,0,199.7493,8.210000,0.055400,8.270000,523502.5101,28.2000,1.5825,10.550,0.1600,1,2433,49302,11.1,88.9,33.3,66.7
176,10,512,0,0,0,0,0,1,1,0,1,0,0,0,1,0,0,1,1,0,192.9369,7.930000,0.055400,7.980000,523502.5101,26.6100,1.5810,10.540,0.1000,1,2433,49302,55.6,44.4,77.8,22.2
176,12,512,1,1,1,1,1,1,0,1,1,0,1,1,1,1,0,1,1,1,194.3967,7.990000,0.055400,8.040000,523502.5101,4.6500,1.5975,10.650,0.0100,1,2433,49302,22.2,77.8,11.1,88.9
176,14,512,0,0,0,0,1,0,1,0,1,0,0,1,1,0,1,0,1,0,186.1245,7.650000,0.055400,7.700000,523502.5101,26.9700,1.5960,10.640,0.0200,1,2433,49302,33.3,66.7,88.9,11.1
176,15,512,1,1,0,1,0,1,1,0,0,0,0,1,0,0,0,1,0,0,188.8008,7.760000,0.055400,7.820000,523502.5101,16.3500,1.5495,10.330,0.2300,1,2433,49302,77.8,22.2,44.4,55.6
176,18,512,1,1,1,1,1,1,0,1,0,0,1,1,1,1,1,1,1,1,195.3699,8.030000,0.055400,8.090000,523502.5101,7.1400,1.5960,10.640,0.0100,1,2433,49302,22.2,77.8,11.1,88.9
176,19,512,1,1,1,1,1,1,1,1,0,1,1,1,1,0,0,1,1,1,179.7987,7.390000,0.055400,7.440000,523502.5101,3.1900,1.5975,10.650,0.0100,1,2433,49302,22.2,77.8,11.1,88.9
176,20,512,0,0,1,0,1,0,1,0,0,0,1,1,1,1,1,0,0,0,188.3142,7.740000,0.055400,7.800000,523502.5101,27.1600,1.5960,10.640,0.0200,1,2433,49302,33.3,66.7,77.8,22.2
176,21,512,1,1,1,0,1,0,1,0,0,0,1,0,1,0,1,0,0,0,190.9905,7.850000,0.055400,7.900000,523502.5101,17.3900,1.5900,10.600,0.0800,1,2433,49302,22.2,77.8,88.9,11.1
176,23,512,0,0,0,0,0,0,1,0,0,0,0,0,1,0,1,0,0,0,178.3389,7.330000,0.055200,7.380000,523502.5101,26.8400,1.6065,10.710,0.0100,1,2433,49302,66.7,33.3,100.0,0.0
176,24,512,0,0,0,0,0,0,1,1,0,0,0,0,1,0,0,0,0,0,191.4771,7.870000,0.055400,7.920000,523502.5101,26.4500,1.5990,10.660,0.0100,1,2433,49302,77.8,22.2,88.9,11.1
176,26,512,1,0,0,0,1,1,1,0,1,0,1,1,1,1,1,0,1,0,192.9369,7.930000,0.055400,7.990000,523502.5101,27.3000,1.5885,10.590,0.0500,1,2433,49302,11.1,88.9,66.7,33.3
176,30,512,1,1,1,1,0,0,0,1,1,1,0,1,1,1,1,1,1,1,194.3967,7.990000,0.055400,8.040000,523502.5101,6.4400,1.6020,10.680,0.0000,1,2433,49302,33.3,66.7,11.1,88.9
176,31,512,1,0,1,0,0,1,1,1,0,0,1,1,1,1,1,0,1,0,199.7493,8.210000,0.055400,8.260000,523502.5101,27.1000,1.5930,10.620,0.0000,1,2433,49302,22.2,77.8,55.6,44.4
176,32,512,1,1,1,1,1,1,1,1,0,1,1,1,1,1,1,1,1,1,176.8791,7.270000,0.055400,7.320000,523502.5101,20.0900,1.5300,10.200,0.3700,1,2433,49302,11.1,88.9,0.0,100.0
176,33,512,1,1,1,0,0,0,1,0,1,0,1,0,1,0,1,0,1,0,189.0441,7.770000,0.055400,7.820000,523502.5101,17.7800,1.5990,10.660,0.0100,1,2433,49302,11.1,88.9,88.9,11.1
176,34,512,1,0,1,0,0,0,1,0,0,0,1,1,1,1,1,0,0,0,186.6111,7.670000,0.055400,7.720000,523502.5101,27.1600,1.5990,10.660,0.0000,1,2433,49302,33.3,66.7,77.8,22.2
176,36,512,1,0,0,0,0,0,1,1,1,0,1,1,1,0,1,0,1,0,194.3967,7.990000,0.055400,8.040000,523502.5101,27.1300,1.5855,10.570,0.1100,1,2433,49302,22.2,77.8,77.8,22.2
176,37,512,0,0,1,0,0,1,1,0,1,1,1,1,0,0,1,0,1,0,196.3431,8.070000,0.055400,8.120000,523502.5101,27.0200,1.5960,10.640,0.0300,1,2433,49302,33.3,66.7,66.7,33.3
176,39,512,0,0,1,0,1,0,0,1,1,0,1,1,1,0,1,0,1,0,189.5307,7.790000,0.055400,7.850000,523502.5101,27.0400,1.5930,10.620,0.0200,1,2433,49302,22.2,77.8,77.8,22.2
176,40,512,1,0,0,0,1,0,1,0,1,1,1,0,1,0,1,0,1,0,192.2070,7.900000,0.055400,7.950000,523502.5101,27.1400,1.5885,10.590,0.0600,1,2433,49302,11.1,88.9,88.9,11.1
176,41,512,1,1,1,0,0,1,0,1,1,1,1,1,1,1,0,1,1,1,195.3699,8.030000,0.055400,8.090000,523502.5101,4.5500,1.6020,10.680,0.0400,1,2433,49302,33.3,66.7,11.1,88.9
176,42,512,1,1,0,1,0,1,0,1,1,1,1,1,1,1,1,1,0,0,197.3163,8.110000,0.055400,8.170000,523502.5101,4.1600,1.5960,10.640,0.0000,1,2433,49302,44.4,55.6,11.1,88.9
176,43,512,1,1,0,1,0,1,1,1,1,1,0,0,1,1,0,1,1,1,198.5328,8.160000,0.055400,8.220000,523502.5101,3.4200,1.5900,10.600,0.0500,1,2433,49302,44.4,55.6,11.1,88.9
176,44,512,1,0,1,1,1,1,0,1,0,1,1,1,1,1,1,1,1,1,201.6957,8.290000,0.055400,8.350000,523502.5101,13.1900,1.5930,10.620,0.0300,1,2433,49302,22.2,77.8,11.1,88.9
176,45,512,0,0,0,0,0,0,1,0,0,1,0,0,1,1,0,0,1,0,191.7204,7.880000,0.055400,7.940000,523502.5101,26.7600,1.5990,10.660,0.0200,1,2433,49302,66.7,33.3,77.8,22.2
176,46,512,1,1,0,1,0,1,0,1,1,1,1,1,1,0,1,1,1,1,177.1224,7.280000,0.055400,7.330000,523502.5101,2.9800,1.5945,10.630,0.0200,1,2433,49302,33.3,66.7,11.1,88.9
176,48,512,0,0,0,0,1,0,1,0,1,1,0,0,1,1,1,0,1,0,188.3142,7.740000,0.055400,7.790000,523502.5101,27.1100,1.5960,10.640,0.0200,1,2433,49302,33.3,66.7,77.8,22.2
176,50,512,1,0,1,1,1,1,1,1,0,1,0,1,1,1,1,1,1,1,199.9926,8.220000,0.055400,8.280000,523502.5101,11.8500,1.5825,10.550,0.1300,1,2433,49302,22.2,77.8,11.1,88.9
176,51,512,1,1,1,0,1,0,1,0,1,1,1,0,1,0,1,0,0,0,200.4792,8.240000,0.055400,8.290000,523502.5101,17.6800,1.6050,10.700,0.0000,1,2433,49302,11.1,88.9,77.8,22.2
176,52,512,1,0,1,0,1,0,1,0,1,1,1,1,1,1,1,1,1,0,194.8833,8.010000,0.055400,8.070000,523502.5101,27.8300,1.5840,10.560,0.1400,1,2433,49302,0.0,100.0,55.6,44.4
176,54,512,1,1,1,0,1,1,0,1,0,1,1,1,1,1,1,1,1,1,192.9369,7.930000,0.055400,7.990000,523502.5101,7.1500,1.5975,10.650,0.0100,1,2433,49302,22.2,77.8,11.1,88.9
176,56,512,0,0,1,0,1,0,1,0,1,1,1,1,1,1,1,1,0,0,195.3699,8.030000,0.055400,8.080000,523502.5101,27.4800,1.5915,10.610,0.0400,1,2433,49302,22.2,77.8,55.6,44.4
176,57,512,1,1,0,1,1,1,0,1,0,0,0,1,1,1,1,1,1,1,187.8276,7.720000,0.055400,7.780000,523502.5101,5.7000,1.5960,10.640,0.0100,1,2433,49302,44.4,55.6,11.1,88.9
176,59,512,1,1,1,1,0,1,0,1,1,1,1,0,1,1,0,1,1,1,197.3163,8.110000,0.055400,8.160000,523502.5101,3.3800,1.6005,10.670,0.0200,1,2433,49302,33.3,66.7,11.1,88.9
176,60,512,1,0,0,0,0,0,1,0,0,1,0,0,1,1,0,0,0,0,179.5554,7.380000,0.055400,7.440000,523502.5101,26.6300,1.5795,10.530,0.1300,1,2433,49302,66.7,33.3,77.8,22.2
176,62,512,0,0,0,0,0,0,0,0,0,1,0,1,1,0,0,0,0,0,174.2028,7.160000,0.055400,7.210000,523502.5101,6.5400,1.5975,10.650,0.0100,1,2433,49302,88.9,11.1,77.8,22.2
176,65,512,0,0,0,0,0,0,1,0,0,1,0,0,1,1,1,1,1,0,171.0399,7.030000,0.055400,7.080000,523502.5101,27.0300,1.5960,10.640,0.0000,1,2433,49302,55.6,44.4,66.7,33.3
176,67,512,1,1,1,1,1,1,1,1,0,1,0,1,1,0,0,1,1,1,190.2606,7.820000,0.055400,7.880000,523502.5101,3.0600,1.5975,10.650,0.0100,1,2433,49302,33.3,66.7,11.1,88.9
176,68,512,0,0,1,0,1,0,1,0,1,0,1,1,1,0,1,1,1,0,194.1534,7.980000,0.055400,8.030000,523502.5101,27.1000,1.6035,10.690,0.0100,1,2433,49302,11.1,88.9,77.8,22.2
176,69,512,1,1,0,1,1,1,0,1,1,1,0,0,1,1,1,1,1,1,193.1802,7.940000,0.055400,7.990000,523502.5101,4.2100,1.5945,10.630,0.0100,1,2433,49302,33.3,66.7,11.1,88.9
176,72,512,1,1,1,1,0,1,0,1,1,1,1,1,1,1,1,0,1,1,188.3142,7.740000,0.055400,7.790000,523502.5101,3.1300,1.6005,10.670,0.0000,1,2433,49302,22.2,77.8,11.1,88.9
176,73,512,1,1,0,0,1,0,1,0,1,0,1,1,1,0,1,0,1,0,199.0194,8.180000,0.055400,8.230000,523502.5101,17.7100,1.5990,10.660,-0.0100,0,2433,49302,11.1,88.9,77.8,22.2
176,75,512,1,1,1,1,0,1,0,1,0,1,1,1,0,0,1,1,1,1,191.9637,7.890000,0.055400,7.950000,523502.5101,2.9900,1.5960,10.640,0.0000,1,2433,49302,44.4,55.6,11.1,88.9
176,78,512,0,0,0,0,1,0,1,0,1,0,0,0,1,0,0,1,1,0,189.5307,7.790000,0.055400,7.840000,523502.5101,26.7900,1.5960,10.640,0.0100,1,2433,49302,44.4,55.6,88.9,11.1
176,79,512,1,1,1,1,0,1,1,1,1,1,0,0,1,1,0,1,1,1,198.0462,8.140000,0.055400,8.190000,523502.5101,3.6500,1.5975,10.650,0.0000,1,2433,49302,33.3,66.7,11.1,88.9
176,81,512,1,0,0,0,0,0,0,0,1,1,0,0,1,1,0,0,1,0,194.1534,7.980000,0.055400,8.040000,523502.5101,26.8600,1.5990,10.660,0.0100,1,2433,49302,55.6,44.4,77.8,22.2
176,84,512,1,0,0,0,1,0,1,0,1,0,1,1,1,1,1,0,0,0,194.1534,7.980000,0.055400,8.040000,523502.5101,27.2000,1.6005,10.670,0.0400,1,2433,49302,22.2,77.8,77.8,22.2
176,85,512,1,0,0,1,0,1,1,0,0,0,0,1,0,0,1,0,0,0,196.8297,8.090000,0.055400,8.150000,523502.5101,26.5400,1.5930,10.620,0.0100,1,2433,49302,66.7,33.3,66.7,33.3
176,89,512,0,0,0,1,0,1,1,1,0,0,1,1,1,1,1,0,1,0,205.8318,8.460000,0.055400,8.520000,523502.5101,27.1000,1.6005,10.670,0.0300,1,2433,49302,44.4,55.6,44.4,55.6
176,90,512,1,1,0,1,1,1,0,1,1,1,0,1,1,0,1,1,1,1,188.8008,7.760000,0.055400,7.810000,523502.5101,2.9000,1.5975,10.650,0.0100,1,2433,49302,33.3,66.7,11.1,88.9
176,91,512,0,0,0,0,0,1,0,0,1,0,0,0,1,1,1,0,1,0,197.3163,8.110000,0.055400,8.170000,523502.5101,26.8800,1.5990,10.660,0.0400,1,2433,49302,55.6,44.4,77.8,22.2
176,97,512,1,0,0,0,1,0,1,1,1,1,1,0,1,0,1,0,0,0,196.5864,8.080000,0.055400,8.130000,523502.5101,27.0900,1.5840,10.560,0.1500,1,2433,49302,22.2,77.8,77.8,22.2
176,98,512,0,0,1,0,1,0,0,0,0,1,1,0,1,1,1,0,1,0,191.2338,7.860000,0.055400,7.920000,523502.5101,26.7200,1.5945,10.630,0.0100,1,2433,49302,33.3,66.7,77.8,22.2
176,99,512,1,0,0,1,1,1,1,1,1,1,1,1,1,1,1,0,1,0,205.1019,8.430000,0.055400,8.490000,523502.5101,27.9000,1.5945,10.630,0.0100,1,2433,49302,11.1,88.9,33.3,66.7
177,0,512,1,0,0,0,1,0,1,0,0,0,1,1,1,0,1,0,0,0,187.0977,7.690000,0.055400,7.750000,523502.5101,26.9800,1.5690,10.460,0.1900,1,2433,49302,33.3,66.7,88.9,11.1
177,4,512,1,0,1,0,1,1,1,0,1,1,1,0,1,0,1,0,0,0,194.3967,7.990000,0.055400,8.040000,523502.5101,26.9400,1.6005,10.670,0.0100,1,2433,49302,11.1,88.9,77.8,22.2
177,6,512,1,1,1,1,1,0,1,1,0,1,0,1,1,1,0,1,1,1,193.4235,7.950000,0.055400,8.000000,523502.5101,4.4100,1.5945,10.630,0.0000,1,2433,49302,33.3,66.7,11.1,88.9
177,7,512,0,0,1,0,1,0,1,0,1,1,1,1,1,0,1,1,1,0,194.3967,7.990000,0.055400,8.050000,523502.5101,27.3100,1.5975,10.650,0.0100,1,2433,49302,11.1,88.9,66.7,33.3
177,10,512,1,0,0,1,0,0,1,0,0,1,0,0,1,0,0,0,0,0,194.1534,7.980000,0.055400,8.040000,523502.5101,26.5700,1.5960,10.640,0.0500,1,2433,49302,66.7,33.3,77.8,22.2
177,13,512,1,0,1,1,1,1,0,1,1,1,1,1,1,1,1,1,1,1,194.8833,8.010000,0.055400,8.060000,523502.5101,14.2500,1.5945,10.630,0.0000,1,2433,49302,11.1,88.9,11.1,88.9
177,19,512,1,1,0,1,0,1,1,1,1,1,0,1,1,1,0,0,1,1,188.8008,7.760000,0.055400,7.820000,523502.5101,2.6300,1.5975,10.650,0.0100,1,2433,49302,44.4,55.6,11.1,88.9
177,23,512,0,0,1,0,0,0,1,0,1,0,1,1,1,1,0,1,1,0,201.2091,8.270000,0.055400,8.330000,523502.5101,17.2400,1.5795,10.530,0.1100,1,2433,49302,33.3,66.7,66.7,33.3
177,25,512,1,1,1,1,0,1,1,1,1,1,1,1,1,1,0,1,1,0,188.5575,7.750000,0.055400,7.810000,523502.5101,5.7900,1.5930,10.620,0.0200,1,2433,49302,22.2,77.8,11.1,88.9
177,26,512,1,0,0,0,0,0,0,0,1,1,0,0,1,1,0,0,0,0,191.4771,7.870000,0.055400,7.920000,523502.5101,26.7700,1.5690,10.460,0.2000,1,2433,49302,66.7,33.3,77.8,22.2
177,28,512,1,0,0,0,1,0,1,0,1,0,1,1,1,1,1,0,1,0,191.4771,7.870000,0.055400,7.930000,523502.5101,27.3700,1.5960,10.640,0.0100,1,2433,49302,11.1,88.9,77.8,22.2
177,29,512,1,0,0,1,1,1,1,1,1,1,0,1,1,1,1,1,1,0,200.7225,8.250000,0.055400,8.310000,523502.5101,7.2900,1.5990,10.660,0.0000,1,2433,49302,22.2,77.8,22.2,77.8
177,32,512,1,1,1,1,1,0,1,1,0,1,1,1,1,1,1,1,1,1,1000000000.0000,8.340000,0.055400,8.390000,523502.5101,-100.0000,1.5945,10.630,0.0100,1,-1,-1,11.1,88.9,11.1,88.9
177,34,512,0,0,1,0,1,1,0,0,0,1,1,0,1,0,1,0,1,0,192.9369,7.930000,0.055400,7.990000,523502.5101,26.6300,1.5990,10.660,0.0300,1,2433,49302,33.3,66.7,77.8,22.2
177,35,512,0,0,1,0,0,0,1,0,0,1,1,0,1,1,1,0,1,0,189.7740,7.800000,0.055400,7.860000,523502.5101,26.9300,1.5945,10.630,0.0400,1,2433,49302,33.3,66.7,77.8,22.2
177,36,512,0,0,0,0,1,0,1,1,1,0,0,0,1,0,1,0,0,0,194.3967,7.990000,0.055400,8.050000,523502.5101,26.9900,1.5810,10.540,0.1400,1,2433,49302,44.4,55.6,88.9,11.1
177,38,512,1,1,1,1,0,1,0,1,1,0,1,1,1,1,0,1,1,1,188.5575,7.750000,0.055400,7.800000,523502.5101,4.2400,1.5930,10.620,0.0300,1,2433,49302,33.3,66.7,11.1,88.9
177,43,512,0,0,0,0,0,1,1,0,1,0,1,1,1,0,1,0,1,1,194.1534,7.980000,0.055400,8.040000,523502.5101,10.0900,1.5945,10.630,0.0100,1,2433,49302,33.3,66.7,66.7,33.3
177,50,512,1,0,0,0,0,1,1,0,1,0,0,0,1,0,1,0,1,0,192.6936,7.920000,0.055400,7.970000,523502.5101,26.8500,1.5885,10.590,0.1000,1,2433,49302,33.3,66.7,88.9,11.1
177,51,512,0,0,0,0,0,0,1,0,0,1,0,0,1,1,1,1,1,1,199.0194,8.180000,0.055400,8.230000,523502.5101,11.1100,1.5870,10.580,0.0800,1,2433,49302,55.6,44.4,55.6,44.4
177,56,512,1,0,1,0,1,0,1,1,0,1,1,0,1,0,1,0,0,0,190.0173,7.810000,0.055400,7.870000,523502.5101,6.5600,1.5885,10.590,0.0900,1,2433,49302,22.2,77.8,77.8,22.2
177,58,512,0,0,1,0,1,1,1,0,1,1,1,1,1,1,1,1,1,0,197.0730,8.100000,0.055400,8.160000,523502.5101,27.7500,1.5855,10.570,0.0700,1,2433,49302,11.1,88.9,44.4,55.6
177,61,512,0,0,1,1,0,0,0,1,1,1,1,1,1,1,1,1,1,1,199.7493,8.210000,0.055400,8.270000,523502.5101,22.3200,1.5930,10.620,0.0400,1,2433,49302,33.3,66.7,22.2,77.8
177,62,512,0,0,0,1,0,0,0,1,1,1,0,0,0,0,1,1,1,0,166.1982,6.831000,0.055400,6.880000,523502.5101,26.9900,1.5690,10.460,0.1900,1,2433,49302,66.7,33.3,55.6,44.4
177,64,512,0,0,1,1,1,0,1,0,1,0,0,0,1,0,1,0,1,0,1000000000.0000,8.020000,0.055400,8.080000,523502.5101,-100.0000,1.5945,10.630,0.0000,1,-1,-1,22.2,77.8,88.9,11.1
177,68,512,1,1,0,1,1,0,0,1,1,1,0,1,1,1,1,1,1,1,191.4771,7.870000,0.055400,7.930000,523502.5101,5.7400,1.5975,10.650,0.0100,1,2433,49302,33.3,66.7,11.1,88.9
177,71,512,1,0,1,0,0,1,1,0,1,1,0,0,1,0,1,0,0,0,187.5843,7.710000,0.055400,7.760000,523502.5101,26.8300,1.5780,10.520,0.1300,1,2433,49302,33.3,66.7,77.8,22.2
177,72,512,0,0,0,0,0,0,0,0,0,0,1,0,1,0,0,0,0,0,173.4729,7.130000,0.055200,7.180000,523502.5101,26.4600,1.6095,10.730,0.0000,1,2433,49302,77.8,22.2,100.0,0.0
177,74,512,1,1,0,1,1,1,1,1,1,0,1,1,1,1,1,1,1,1,193.9101,7.970000,0.055400,8.020000,523502.5101,6.9500,1.5975,10.650,0.0200,1,2433,49302,11.1,88.9,11.1,88.9
177,75,512,0,0,1,0,0,0,1,0,1,0,1,1,0,0,1,1,1,0,199.2627,8.190000,0.055400,8.250000,523502.5101,26.8700,1.5975,10.650,0.0400,1,2433,49302,33.3,66.7,77.8,22.2
177,77,512,1,0,1,1,0,1,0,1,0,1,1,1,1,1,1,1,1,1,202.6689,8.330000,0.055400,8.380000,523502.5101,13.4600,1.5975,10.650,0.0000,1,2433,49302,33.3,66.7,11.1,88.9
177,81,512,0,0,0,0,0,1,1,0,1,1,0,0,1,0,1,0,1,0,193.6668,7.960000,0.055400,8.020000,523502.5101,26.9400,1.5900,10.600,0.0300,1,2433,49302,44.4,55.6,77.8,22.2
177,82,512,1,1,0,0,0,1,1,0,1,0,1,1,1,0,1,0,1,0,207.2916,8.520000,0.055400,8.580000,523502.5101,17.3300,1.5975,10.650,0.0100,1,2433,49302,22.2,77.8,66.7,33.3
177,83,512,1,1,1,0,0,0,1,0,1,0,1,0,1,1,1,0,1,0,200.9658,8.260000,0.055400,8.310000,523502.5101,17.7000,1.5960,10.640,0.0200,1,2433,49302,11.1,88.9,77.8,22.2
177,84,512,1,0,1,0,1,0,1,0,0,1,1,0,1,0,1,1,0,0,196.3431,8.070000,0.055400,8.130000,523502.5101,26.7100,1.5945,10.630,0.0200,1,2433,49302,22.2,77.8,77.8,22.2
177,85,512,1,1,1,1,1,1,1,0,0,1,0,0,1,1,1,1,1,1,192.2070,7.900000,0.055400,7.950000,523502.5101,4.6600,1.5900,10.600,0.0200,1,2433,49302,22.2,77.8,22.2,77.8
177,91,512,1,1,1,1,0,1,0,1,1,1,0,0,1,1,0,1,1,1,188.5575,7.750000,0.055400,7.810000,523502.5101,3.5200,1.5915,10.610,0.0700,1,2433,49302,44.4,55.6,11.1,88.9
177,94,512,0,0,0,1,1,0,1,1,1,1,0,1,1,1,1,1,1,1,201.9390,8.300000,0.055400,8.360000,523502.5101,12.1900,1.5945,10.630,0.0400,1,2433,49302,33.3,66.7,22.2,77.8
177,95,512,0,0,0,0,1,0,1,0,1,1,1,0,1,0,1,0,0,0,194.1534,7.980000,0.055400,8.040000,523502.5101,27.0200,1.5900,10.600,0.0400,1,2433,49302,33.3,66.7,88.9,11.1
177,96,512,1,0,1,0,1,1,1,0,0,1,1,0,1,0,1,0,0,0,190.0173,7.810000,0.055400,7.870000,523502.5101,26.7100,1.5975,10.650,0.0100,1,2433,49302,22.2,77.8,77.8,22.2
177,98,512,1,0,0,0,1,0,1,0,1,0,1,1,1,0,1,1,1,0,192.2070,7.900000,0.055400,7.950000,523502.5101,27.1000,1.5975,10.650,0.0200,1,2433,49302,11.1,88.9,77.8,22.2
177,99,512,1,1,0,1,0,1,1,1,1,1,0,1,1,1,0,1,1,0,191.7204,7.880000,0.055400,7.940000,523502.5101,3.3500,1.5990,10.660,0.0000,1,2433,49302,44.4,55.6,11.1,88.9
178,2,512,1,0,0,0,0,0,0,0,0,0,0,0,1,0,1,0,1,0,176.1492,7.240000,0.055200,7.300000,523502.5101,26.8200,1.5975,10.650,0.0500,1,2433,49302,55.6,44.4,100.0,0.0
178,4,512,1,1,1,1,1,1,1,1,0,1,0,1,1,0,1,1,1,1,188.5575,7.750000,0.055400,7.810000,523502.5101,3.1500,1.5960,10.640,0.0000,1,2433,49302,22.2,77.8,11.1,88.9
178,10,512,0,0,0,0,0,1,1,0,1,0,1,1,1,0,1,0,0,0,192.4503,7.910000,0.055400,7.960000,523502.5101,26.8500,1.5975,10.650,0.0000,1,2433,49302,44.4,55.6,77.8,22.2
178,11,512,1,0,0,0,0,1,1,0,0,1,1,0,1,1,1,1,0,0,198.7761,8.170000,0.055400,8.220000,523502.5101,26.6900,1.5975,10.650,0.0100,1,2433,49302,44.4,55.6,55.6,44.4
178,13,512,1,1,1,1,1,1,0,1,0,1,1,1,1,1,1,1,1,0,197.8029,8.130000,0.055400,8.180000,523502.5101,4.2700,1.5960,10.640,0.0100,1,2433,49302,22.2,77.8,11.1,88.9
178,18,512,0,0,1,0,1,1,1,1,1,0,0,0,1,0,1,0,1,0,196.0998,8.060000,0.055400,8.120000,523502.5101,27.0600,1.5945,10.630,0.0100,1,2433,49302,22.2,77.8,77.8,22.2
178,21,512,1,0,1,0,1,0,1,0,0,0,1,0,0,0,1,0,0,0,171.7698,7.060000,0.055200,7.120000,523502.5101,26.6600,1.5795,10.530,0.1700,1,2433,49302,33.3,66.7,100.0,0.0
178,22,512,0,0,0,1,0,1,0,0,1,0,0,0,1,0,1,0,1,0,206.5617,8.490000,0.055400,8.550000,523502.5101,26.8400,1.5555,10.370,0.2800,1,2433,49302,55.6,44.4,77.8,22.2
178,25,512,1,1,1,1,0,1,0,1,0,0,1,1,1,1,0,1,1,1,189.7740,7.800000,0.055400,7.850000,523502.5101,4.1300,1.5975,10.650,0.0100,1,2433,49302,44.4,55.6,11.1,88.9
178,29,512,0,0,1,0,1,0,1,0,0,0,0,1,1,0,1,0,1,0,183.6915,7.550000,0.055400,7.610000,523502.5101,26.9000,1.5945,10.630,0.0200,1,2433,49302,33.3,66.7,88.9,11.1
178,31,512,1,1,1,1,1,0,0,1,0,1,1,1,1,1,1,1,1,1,195.1266,8.020000,0.055400,8.080000,523502.5101,8.9000,1.5930,10.620,0.0400,1,2433,49302,22.2,77.8,11.1,88.9
178,33,512,0,0,0,0,0,0,1,0,1,1,1,1,1,1,0,0,1,1,192.4503,7.910000,0.055400,7.970000,523502.5101,10.3400,1.5975,10.650,0.0300,1,2433,49302,44.4,55.6,55.6,44.4
178,35,512,0,0,1,1,0,0,1,0,0,1,0,0,1,1,1,0,1,0,194.3967,7.990000,0.055400,8.050000,523502.5101,26.9800,1.5930,10.620,0.0300,1,2433,49302,44.4,55.6,66.7,33.3
178,37,512,1,1,0,1,1,1,1,1,1,1,0,1,1,0,1,1,1,1,196.8297,8.090000,0.055400,8.150000,523502.5101,3.0100,1.5930,10.620,-0.0200,0,2433,49302,22.2,77.8,11.1,88.9
178,39,512,1,1,1,1,1,1,1,0,0,1,1,1,1,1,1,1,1,1,196.8297,8.090000,0.055400,8.140000,523502.5101,11.6000,1.5795,10.530,0.1100,1,2433,49302,11.1,88.9,11.1,88.9
178,41,512,1,1,0,1,0,1,0,0,1,1,0,1,1,1,0,1,1,1,195.1266,8.020000,0.055400,8.080000,523502.5101,3.9200,1.5930,10.620,0.0400,1,2433,49302,55.6,44.4,11.1,88.9
178,42,512,0,0,0,0,1,1,1,0,1,0,1,1,1,0,1,0,1,0,194.6400,8.000000,0.055400,8.050000,523502.5101,27.0800,1.5945,10.630,0.0100,1,2433,49302,22.2,77.8,77.8,22.2
178,48,512,1,1,1,1,0,1,0,1,1,1,0,1,1,1,1,1,1,1,171.5265,7.050000,0.055400,7.100000,523502.5101,13.9400,1.5945,10.630,0.0200,1,2433,49302,33.3,66.7,0.0,100.0
178,52,512,0,0,1,0,0,1,1,0,1,0,1,0,1,0,1,0,1,0,193.1802,7.940000,0.055400,7.990000,523502.5101,26.8000,1.5930,10.620,0.0500,1,2433,49302,22.2,77.8,88.9,11.1
178,54,512,1,0,0,0,0,0,1,0,0,0,0,0,0,0,1,0,1,0,174.2028,7.160000,0.055200,7.220000,523502.5101,26.7900,1.5990,10.660,-0.0300,0,2433,49302,55.6,44.4,100.0,0.0
178,56,512,1,0,0,0,1,0,1,0,1,1,1,0,1,0,1,1,0,0,206.5617,8.490000,0.055400,8.540000,523502.5101,26.9300,1.5960,10.640,0.0100,1,2433,49302,22.2,77.8,77.8,22.2
178,57,512,1,0,0,0,0,0,1,0,0,1,0,0,1,0,0,0,1,1,189.5307,7.790000,0.055400,7.850000,523502.5101,10.0500,1.5915,10.610,0.0300,1,2433,49302,55.6,44.4,77.8,22.2
178,59,512,0,0,0,0,0,0,0,1,1,1,1,1,1,0,1,0,0,0,198.0462,8.140000,0.055400,8.200000,523502.5101,27.0200,1.5855,10.570,0.0500,1,2433,49302,55.6,44.4,66.7,33.3
178,60,512,0,0,1,0,0,1,1,1,1,0,1,1,1,0,1,0,1,0,195.8565,8.050000,0.055400,8.110000,523502.5101,27.1800,1.5885,10.590,0.1000,1,2433,49302,22.2,77.8,66.7,33.3
178,61,512,0,0,1,0,1,0,1,1,0,1,1,0,1,0,1,0,1,0,1000000000.0000,8.100000,0.055400,8.160000,523502.5101,-100.0000,1.5975,10.650,0.0300,1,-1,-1,22.2,77.8,77.8,22.2
178,64,512,1,1,1,0,1,0,1,0,0,0,1,1,1,1,1,0,1,0,203.6421,8.370000,0.055400,8.430000,523502.5101,17.9000,1.6005,10.670,0.0100,1,2433,49302,11.1,88.9,66.7,33.3
178,65,512,1,0,0,0,1,0,1,0,1,0,1,0,1,0,0,1,1,0,188.3142,7.740000,0.055400,7.790000,523502.5101,26.8100,1.6005,10.670,0.0100,1,2433,49302,22.2,77.8,88.9,11.1
178,67,512,0,0,1,0,1,1,1,0,1,1,1,1,1,0,1,0,1,0,199.2627,8.190000,0.055400,8.240000,523502.5101,27.2300,1.5930,10.620,0.0100,1,2433,49302,11.1,88.9,66.7,33.3
178,68,512,1,1,0,1,1,1,1,1,0,1,0,1,1,1,1,1,1,1,177.3657,7.290000,0.055400,7.350000,523502.5101,13.8800,1.5315,10.210,0.3500,1,2433,49302,33.3,66.7,0.0,100.0
178,71,512,0,0,0,0,1,0,1,0,1,1,1,1,1,1,1,1,1,1,190.7472,7.840000,0.055400,7.900000,523502.5101,14.3300,1.5945,10.630,0.0100,1,2433,49302,22.2,77.8,44.4,55.6
178,72,512,0,0,1,0,0,0,0,0,0,1,1,0,1,0,1,0,1,0,186.8544,7.680000,0.055400,7.730000,523502.5101,26.7000,1.5450,10.300,0.2600,1,2433,49302,44.4,55.6,88.9,11.1
178,73,512,1,1,0,1,1,1,1,1,1,1,0,1,1,1,1,0,1,1,194.6400,8.000000,0.055400,8.050000,523502.5101,2.7600,1.5750,10.500,0.0600,1,2433,49302,22.2,77.8,11.1,88.9
178,74,512,1,0,0,0,0,0,0,0,0,0,1,1,0,0,1,0,1,0,190.9905,7.850000,0.055400,7.900000,523502.5101,26.7700,1.5645,10.430,0.2100,1,2433,49302,55.6,44.4,88.9,11.1
178,75,512,1,1,1,1,1,1,1,1,0,1,1,1,1,1,1,1,1,0,193.9101,7.970000,0.055400,8.030000,523502.5101,6.3900,1.5990,10.660,0.0100,1,2433,49302,11.1,88.9,11.1,88.9
178,76,512,1,0,0,0,1,1,1,0,0,1,0,0,1,0,0,0,0,0,186.8544,7.680000,0.055400,7.730000,523502.5101,26.4700,1.6035,10.690,0.0000,1,2433,49302,55.6,44.4,77.8,22.2
178,77,512,1,0,0,1,0,0,1,0,0,1,0,1,0,0,0,1,0,0,197.5596,8.120000,0.055400,8.170000,523502.5101,6.4400,1.5990,10.660,0.0100,1,2433,49302,77.8,22.2,55.6,44.4
178,84,512,0,0,0,0,1,1,1,1,1,1,1,1,1,1,1,1,1,1,1000000000.0000,8.320000,0.055400,8.370000,523502.5101,-100.0000,1.6005,10.670,0.0100,1,-1,-1,22.2,77.8,22.2,77.8
178,86,512,1,1,0,0,0,0,1,0,0,0,0,0,1,0,1,0,0,0,1000000000.0000,8.030000,0.055400,8.080000,523502.5101,-100.0000,1.5885,10.590,0.0700,1,-1,-1,55.6,44.4,88.9,11.1
178,89,512,1,1,0,0,1,0,1,0,1,1,1,0,1,0,1,0,0,0,195.6132,8.040000,0.055400,8.100000,523502.5101,17.5400,1.5780,10.520,0.1800,1,2433,49302,22.2,77.8,77.8,22.2
178,90,512,1,1,0,0,0,0,1,0,0,0,1,1,1,0,1,0,0,0,195.8565,8.050000,0.055400,8.100000,523502.5101,17.4900,1.6035,10.690,-0.0100,0,2433,49302,44.4,55.6,77.8,22.2
178,91,512,1,0,1,0,1,0,1,1,1,1,1,0,1,0,1,0,0,0,191.2338,7.860000,0.055400,7.910000,523502.5101,27.0900,1.5840,10.560,0.0000,1,2433,49302,11.1,88.9,77.8,22.2
178,93,512,0,0,0,1,1,0,0,1,1,1,1,0,0,0,1,1,1,0,200.4792,8.240000,0.055400,8.300000,523502.5101,26.7800,1.5825,10.550,0.1300,1,2433,49302,44.4,55.6,55.6,44.4
178,95,512,0,0,1,1,1,1,1,1,0,1,1,1,1,1,0,1,1,1,190.0173,7.810000,0.055400,7.870000,523502.5101,11.4000,1.5975,10.650,0.0100,1,2433,49302,33.3,66.7,11.1,88.9
178,97,512,1,0,1,1,0,0,0,0,0,1,0,0,1,0,0,0,0,0,200.4792,8.240000,0.055400,8.290000,523502.5101,26.4700,1.6005,10.670,0.0000,1,2433,49302,66.7,33.3,77.8,22.2
179,0,512,0,0,1,0,1,0,0,0,0,1,1,0,1,0,1,1,1,0,194.8833,8.010000,0.055400,8.060000,523502.5101,26.7000,1.5780,10.520,0.1300,1,2433,49302,33.3,66.7,77.8,22.2
179,1,512,1,0,1,0,1,0,1,0,0,0,1,1,0,0,1,0,0,0,191.4771,7.870000,0.055400,7.920000,523502.5101,26.7300,1.5960,10.640,0.0600,1,2433,49302,33.3,66.7,88.9,11.1
179,2,512,1,0,0,1,1,1,1,1,1,1,1,1,1,0,1,1,1,0,199.0194,8.180000,0.055400,8.230000,523502.5101,27.6000,1.5975,10.650,0.0000,1,2433,49302,11.1,88.9,33.3,66.7
179,3,512,1,0,0,1,0,1,1,0,0,1,0,1,0,0,0,1,0,0,200.2359,8.230000,0.055400,8.290000,523502.5101,6.3200,1.5825,10.550,0.0900,1,2433,49302,77.8,22.2,44.4,55.6
179,4,512,1,1,1,1,1,1,0,1,1,1,1,1,1,1,0,1,1,0,191.9637,7.890000,0.055400,7.950000,523502.5101,5.9100,1.5480,10.320,0.3200,1,2433,49302,22.2,77.8,11.1,88.9
179,6,512,0,0,0,1,0,1,1,1,1,0,0,0,1,0,1,0,1,0,201.2091,8.270000,0.055400,8.330000,523502.5101,27.0900,1.5975,10.650,0.0000,1,2433,49302,44.4,55.6,66.7,33.3
179,10,512,0,0,1,0,0,0,1,0,0,1,1,1,1,1,0,0,1,0,199.2627,8.190000,0.055400,8.240000,523502.5101,27.0300,1.5975,10.650,0.0100,1,2433,49302,44.4,55.6,66.7,33.3
179,11,512,1,0,0,0,1,0,1,0,0,0,1,0,0,0,1,0,0,0,169.8234,6.980000,0.055200,7.030000,523502.5101,26.6600,1.6065,10.710,0.0000,1,2433,49302,44.4,55.6,100.0,0.0
179,12,512,1,1,1,0,1,1,1,1,0,1,1,1,1,1,0,1,1,1,200.4792,8.240000,0.055400,8.300000,523502.5101,4.5200,1.6005,10.670,0.0100,1,2433,49302,22.2,77.8,11.1,88.9
179,14,512,0,0,0,0,0,0,1,1,1,1,1,1,1,1,0,0,1,0,193.1802,7.940000,0.055400,7.990000,523502.5101,27.2200,1.5915,10.610,0.0100,1,2433,49302,44.4,55.6,55.6,44.4
179,16,512,1,1,1,0,1,0,1,0,1,1,1,1,1,1,1,1,1,0,190.9905,7.850000,0.055400,7.910000,523502.5101,18.6500,1.5585,10.390,0.2900,1,2433,49302,0.0,100.0,44.4,55.6
179,17,512,0,0,0,1,1,0,0,0,1,0,0,0,1,0,1,0,1,0,195.8565,8.050000,0.055400,8.100000,523502.5101,26.9000,1.5960,10.640,0.0000,1,2433,49302,44.4,55.6,88.9,11.1
179,18,512,1,1,0,1,0,1,1,0,1,1,1,1,1,1,1,1,1,1,184.4214,7.580000,0.055400,7.640000,523502.5101,8.3000,1.5945,10.630,0.0100,1,2433,49302,22.2,77.8,11.1,88.9
179,19,512,0,0,1,1,0,1,1,1,0,1,1,1,1,1,1,1,1,1,205.3452,8.440000,0.055400,8.490000,523502.5101,13.4700,1.5885,10.590,0.0900,1,2433,49302,33.3,66.7,11.1,88.9
179,21,512,0,0,0,0,0,0,1,0,1,1,1,0,1,0,1,0,0,0,190.0173,7.810000,0.055400,7.860000,523502.5101,27.0200,1.5690,10.460,0.2000,1,2433,49302,44.4,55.6,88.9,11.1
179,22,512,1,1,1,1,1,1,1,1,0,1,0,1,1,1,1,1,1,0,194.1534,7.980000,0.055400,8.030000,523502.5101,4.9400,1.5960,10.640,0.0200,1,2433,49302,22.2,77.8,11.1,88.9
179,25,512,1,0,0,0,0,0,0,0,0,1,0,0,1,0,0,0,1,1,184.4214,7.580000,0.055400,7.630000,523502.5101,10.0500,1.5975,10.650,0.0100,1,2433,49302,66.7,33.3,77.8,22.2
179,27,512,1,0,1,0,1,1,1,0,0,0,1,0,1,0,1,0,0,0,188.0709,7.730000,0.055400,7.780000,523502.5101,26.8100,1.5975,10.650,0.0100,1,2433,49302,22.2,77.8,88.9,11.1
179,30,512,0,0,1,0,0,0,1,0,1,0,1,0,1,0,1,0,1,1,179.3121,7.370000,0.055400,7.420000,523502.5101,10.0300,1.5945,10.630,0.0200,1,2433,49302,22.2,77.8,88.9,11.1
179,31,512,1,1,1,0,1,0,1,0,0,0,1,1,1,1,1,1,1,0,197.5596,8.120000,0.055400,8.170000,523502.5101,18.1500,1.5885,10.590,0.0600,1,2433,49302,11.1,88.9,55.6,44.4
179,34,512,1,1,1,1,0,1,0,1,1,1,1,1,1,1,0,1,1,0,186.8544,7.680000,0.055400,7.740000,523502.5101,4.5700,1.5960,10.640,0.0100,1,2433,49302,33.3,66.7,11.1,88.9
179,36,512,0,0,1,1,0,1,1,0,1,1,1,1,1,0,1,0,1,0,211.9143,8.710000,0.055400,8.760000,523502.5101,27.1800,1.5990,10.660,0.0000,1,2433,49302,22.2,77.8,55.6,44.4
179,37,512,0,0,0,0,1,0,0,1,1,0,0,0,1,0,1,0,1,0,194.6400,8.000000,0.055400,8.060000,523502.5101,26.9700,1.5750,10.500,0.2100,1,2433,49302,44.4,55.6,88.9,11.1
179,42,512,1,0,1,0,1,0,0,1,0,0,1,1,1,1,1,1,1,0,196.5864,8.080000,0.055400,8.140000,523502.5101,27.2500,1.5945,10.630,0.0300,1,2433,49302,22.2,77.8,55.6,44.4
179,43,512,1,1,0,0,1,0,1,0,1,1,1,1,1,1,1,0,1,0,199.7493,8.210000,0.055400,8.260000,523502.5101,18.2000,1.5960,10.640,0.0000,1,2433,49302,11.1,88.9,55.6,44.4
179,44,512,1,1,1,1,0,0,0,1,1,1,1,1,1,1,0,1,1,1,197.3163,8.110000,0.055400,8.170000,523502.5101,4.9700,1.5960,10.640,0.0400,1,2433,49302,33.3,66.7,11.1,88.9
179,46,512,1,1,1,1,1,1,0,1,1,1,0,1,1,1,1,1,1,0,182.9616,7.520000,0.055400,7.570000,523502.5101,4.9200,1.5960,10.640,0.0100,1,2433,49302,22.2,77.8,11.1,88.9
179,47,512,1,0,1,0,1,0,1,1,0,0,1,1,1,1,1,1,1,0,187.0977,7.690000,0.055400,7.750000,523502.5101,27.2500,1.6050,10.700,0.0100,1,2433,49302,11.1,88.9,55.6,44.4
179,48,512,0,0,0,0,0,0,1,0,0,0,1,1,1,0,0,1,0,0,192.6936,7.920000,0.055400,7.970000,523502.5101,26.7600,1.5960,10.640,0.0200,1,2433,49302,66.7,33.3,77.8,22.2
179,50,512,1,1,1,1,0,1,0,1,1,1,0,1,1,1,1,1,0,0,189.5307,7.790000,0.055400,7.840000,523502.5101,3.6900,1.5930,10.620,0.0100,1,2433,49302,44.4,55.6,11.1,88.9
179,58,512,1,1,0,1,1,1,1,1,1,1,0,1,1,1,1,1,1,0,194.6400,8.000000,0.055400,8.050000,523502.5101,4.4700,1.5255,10.170,0.4500,1,2433,49302,22.2,77.8,11.1,88.9
179,59,512,0,0,0,1,0,1,0,0,1,0,0,0,1,0,1,0,1,1,197.3163,8.110000,0.055400,8.160000,523502.5101,10.0800,1.5960,10.640,0.0000,1,2433,49302,55.6,44.4,66.7,33.3
179,63,512,0,0,0,0,0,0,1,1,1,1,1,1,1,0,1,0,0,0,194.8833,8.010000,0.055400,8.070000,523502.5101,27.3300,1.5675,10.450,0.2100,1,2433,49302,44.4,55.6,66.7,33.3
179,64,512,1,0,1,0,1,0,0,0,0,0,1,0,1,0,1,0,0,0,1000000000.0000,7.230000,0.055200,7.290000,523502.5101,-100.0000,1.6020,10.680,0.0200,1,-1,-1,33.3,66.7,100.0,0.0
179,65,512,0,0,1,0,1,0,1,1,1,0,1,1,1,1,1,1,1,0,1000000000.0000,8.130000,0.055400,8.190000,523502.5101,-100.0000,1.5960,10.640,0.0200,1,-1,-1,11.1,88.9,55.6,44.4
179,67,512,0,0,1,0,1,1,1,0,1,0,1,0,1,0,1,0,1,0,1000000000.0000,1000.000000,0.000000,1000.000000,523502.5101,-100.0000,1.5960,10.640,0.0500,1,-1,-1,11.1,88.9,88.9,11.1
179,68,512,0,0,0,1,0,0,0,1,1,1,0,0,0,0,1,1,1,1,203.8854,8.380000,0.055400,8.430000,523502.5101,10.5300,1.5930,10.620,0.0900,1,2433,49302,66.7,33.3,44.4,55.6
179,69,512,1,0,1,0,0,0,0,0,1,0,1,1,1,0,1,0,1,1,198.7761,8.170000,0.055400,8.230000,523502.5101,10.0900,1.5960,10.640,0.0300,1,2433,49302,22.2,77.8,77.8,22.2
179,72,512,1,1,0,0,0,0,1,0,0,1,0,0,1,1,1,0,1,0,192.6936,7.920000,0.055400,7.980000,523502.5101,17.4400,1.5960,10.640,0.0300,1,2433,49302,44.4,55.6,66.7,33.3
179,73,512,0,0,0,1,1,1,1,1,0,1,0,1,1,1,1,1,1,1,195.8565,8.050000,0.055400,8.100000,523502.5101,11.8500,1.5975,10.650,0.0100,1,2433,49302,44.4,55.6,11.1,88.9
179,76,512,0,0,0,0,0,1,1,1,1,1,1,1,1,1,1,1,1,0,201.4524,8.280000,0.055400,8.340000,523502.5101,28.0100,1.5960,10.640,0.0100,1,2433,49302,33.3,66.7,33.3,66.7
179,77,512,0,0,0,1,0,1,1,0,1,1,1,1,1,0,1,1,1,0,201.6957,8.290000,0.055400,8.340000,523502.5101,27.2000,1.5930,10.620,0.0400,1,2433,49302,33.3,66.7,44.4,55.6
179,79,512,0,0,0,0,0,0,1,0,1,1,1,1,1,1,0,0,0,0,194.8833,8.010000,0.055400,8.060000,523502.5101,27.1200,1.5975,10.650,0.0200,1,2433,49302,55.6,44.4,66.7,33.3
179,82,512,1,0,1,0,0,0,0,0,1,0,1,1,1,0,0,1,1,0,190.2606,7.820000,0.055400,7.870000,523502.5101,26.8300,1.5780,10.520,0.0500,1,2433,49302,33.3,66.7,77.8,22.2
179,83,512,1,0,0,1,1,1,1,0,0,0,0,1,0,0,0,1,0,0,195.8565,8.050000,0.055400,8.110000,523502.5101,26.2600,1.6020,10.680,0.0200,1,2433,49302,66.7,33.3,55.6,44.4
179,86,512,0,0,0,0,0,0,1,0,1,1,0,0,1,0,1,0,1,0,192.9369,7.930000,0.055400,7.990000,523502.5101,27.0900,1.5645,10.430,0.2300,1,2433,49302,44.4,55.6,88.9,11.1
179,88,512,1,1,0,1,1,1,1,1,0,1,1,1,1,1,1,1,1,1,177.8523,7.310000,0.055400,7.360000,523502.5101,16.5900,1.5195,10.130,0.4400,1,2433,49302,22.2,77.8,0.0,100.0
179,89,512,0,0,0,1,1,0,1,0,0,0,1,1,1,0,0,0,1,0,199.2627,8.190000,0.055400,8.250000,523502.5101,26.9500,1.5555,10.370,0.2100,1,2433,49302,44.4,55.6,77.8,22.2
179,90,512,0,0,0,1,0,1,0,0,1,0,1,0,1,0,1,0,1,0,197.3163,8.110000,0.055400,8.170000,523502.5101,26.8200,1.5540,10.360,0.2700,1,2433,49302,44.4,55.6,77.8,22.2
179,93,512,0,0,1,1,0,0,1,0,1,0,1,0,1,0,1,0,1,0,199.7493,8.210000,0.055400,8.270000,523502.5101,27.0200,1.5930,10.620,0.0300,1,2433,49302,22.2,77.8,88.9,11.1
179,94,512,1,0,0,0,1,0,1,0,1,1,0,1,1,0,1,0,0,0,195.1266,8.020000,0.055400,8.080000,523502.5101,6.9400,1.5960,10.640,0.0100,1,2433,49302,33.3,66.7,77.8,22.2
179,95,512,0,0,0,1,0,0,0,0,1,1,1,1,1,0,1,1,1,0,196.8297,8.090000,0.055400,8.140000,523502.5101,27.0900,1.5405,10.270,0.3500,1,2433,49302,44.4,55.6,55.6,44.4
179,96,512,1,0,1,0,1,0,1,0,0,0,0,0,1,0,1,0,0,0,176.3925,7.250000,0.055200,7.300000,523502.5101,26.8400,1.6095,10.730,0.0200,1,2433,49302,33.3,66.7,100.0,0.0
179,97,512,1,1,1,1,0,0,0,1,0,1,1,1,1,1,1,1,1,1,191.7204,7.880000,0.055400,7.940000,523502.5101,8.4800,1.5960,10.640,0.0300,1,2433,49302,33.3,66.7,11.1,88.9
179,99,512,1,0,1,0,0,0,1,1,0,0,1,1,1,0,1,0,1,0,196.5864,8.080000,0.055400,8.130000,523502.5101,26.8300,1.5990,10.660,0.0100,1,2433,49302,22.2,77.8,77.8,22.2
180,3,512,0,0,0,1,0,1,1,1,1,1,0,1,1,1,0,1,1,1,200.4792,8.240000,0.055400,8.290000,523502.5101,10.9600,1.6005,10.670,0.0200,1,2433,49302,55.6,44.4,11.1,88.9
180,4,512,1,0,1,0,1,0,1,0,1,1,1,1,1,0,1,0,0,0,195.1266,8.020000,0.055400,8.070000,523502.5101,27.1900,1.5945,10.630,0.0200,1,2433,49302,11.1,88.9,77.8,22.2
180,6,512,1,0,0,0,1,0,1,0,1,0,1,1,1,0,0,1,1,0,199.9926,8.220000,0.055400,8.280000,523502.5101,26.9400,1.5960,10.640,0.0100,1,2433,49302,22.2,77.8,77.8,22.2
180,10,512,1,1,1,1,1,0,0,1,1,1,1,1,1,1,0,1,1,1,197.8029,8.130000,0.055400,8.180000,523502.5101,5.1400,1.5930,10.620,0.0000,1,2433,49302,22.2,77.8,11.1,88.9
180,16,512,1,1,1,1,1,1,0,1,0,1,0,1,1,1,1,1,1,1,175.1760,7.200000,0.055400,7.260000,523502.5101,14.7000,1.5360,10.240,0.3900,1,2433,49302,33.3,66.7,0.0,100.0
180,20,512,1,1,1,1,1,1,1,1,0,1,1,0,1,1,1,1,1,1,194.1534,7.980000,0.055400,8.030000,523502.5101,4.3400,1.5990,10.660,0.0200,1,2433,49302,11.1,88.9,11.1,88.9
180,21,512,1,0,1,0,1,0,1,1,0,0,1,0,0,0,1,0,0,0,196.8297,8.090000,0.055400,8.150000,523502.5101,26.5600,1.5960,10.640,0.0100,1,2433,49302,33.3,66.7,88.9,11.1
180,22,512,0,0,0,0,0,0,1,1,0,1,0,0,1,1,1,1,1,0,192.6936,7.920000,0.055400,7.980000,523502.5101,6.5000,1.5975,10.650,0.0000,1,2433,49302,55.6,44.4,55.6,44.4
180,23,512,0,0,0,1,0,1,0,1,1,1,0,0,0,0,1,1,1,0,190.0173,7.810000,0.055400,7.860000,523502.5101,7.1300,1.5600,10.400,0.2400,1,2433,49302,66.7,33.3,44.4,55.6
180,24,512,0,0,1,0,1,0,0,1,0,1,0,0,1,0,1,0,1,0,195.3699,8.030000,0.055400,8.090000,523502.5101,6.6000,1.5645,10.430,0.2100,1,2433,49302,44.4,55.6,77.8,22.2
180,25,512,1,1,0,0,0,0,1,0,0,1,0,0,1,1,1,1,1,0,200.7225,8.250000,0.055400,8.300000,523502.5101,17.5700,1.5945,10.630,0.0300,1,2433,49302,44.4,55.6,55.6,44.4
180,30,512,1,1,0,0,1,1,1,1,0,1,0,1,1,1,1,1,1,1,201.9390,8.300000,0.055400,8.350000,523502.5101,5.3900,1.5915,10.610,0.0400,1,2433,49302,33.3,66.7,11.1,88.9
180,31,512,0,0,1,0,0,0,1,0,1,1,1,0,1,0,1,1,1,0,192.9369,7.930000,0.055400,7.990000,523502.5101,27.0900,1.5975,10.650,0.0000,1,2433,49302,22.2,77.8,77.8,22.2
180,32,512,0,0,1,0,1,1,1,1,1,0,1,1,1,0,1,0,1,0,204.6153,8.410000,0.055400,8.470000,523502.5101,27.2000,1.5945,10.630,0.0200,1,2433,49302,11.1,88.9,66.7,33.3
180,34,512,1,1,1,1,0,1,1,1,0,1,0,1,1,1,1,1,1,1,176.6358,7.260000,0.055400,7.310000,523502.5101,13.9600,1.5345,10.230,0.3700,1,2433,49302,33.3,66.7,0.0,100.0
180,36,512,0,0,0,0,0,1,1,0,1,0,0,0,1,0,0,0,1,0,190.5039,7.830000,0.055400,7.890000,523502.5101,26.6400,1.5915,10.610,0.0900,1,2433,49302,55.6,44.4,88.9,11.1
180,38,512,1,0,0,0,1,0,1,0,0,1,1,0,1,1,1,1,1,1,197.3163,8.110000,0.055400,8.160000,523502.5101,10.9400,1.5885,10.590,0.0700,1,2433,49302,22.2,77.8,55.6,44.4
180,43,512,0,0,1,0,0,0,1,0,1,0,0,1,1,0,1,0,1,0,191.9637,7.890000,0.055400,7.950000,523502.5101,26.9700,1.5960,10.640,0.0100,1,2433,49302,33.3,66.7,88.9,11.1
180,45,512,1,1,1,1,1,1,1,0,0,1,0,1,1,1,0,1,1,1,199.9926,8.220000,0.055400,8.280000,523502.5101,4.7900,1.5990,10.660,0.0000,1,2433,49302,33.3,66.7,11.1,88.9
180,46,512,1,1,0,1,1,1,1,1,0,1,1,1,1,0,1,1,1,1,197.0730,8.100000,0.055400,8.160000,523502.5101,3.0300,1.5975,10.650,0.0000,1,2433,49302,22.2,77.8,11.1,88.9
180,47,512,0,0,0,1,0,1,0,0,1,1,1,1,1,0,1,1,1,0,200.4792,8.240000,0.055400,8.300000,523502.5101,27.2000,1.5855,10.570,0.0700,1,2433,49302,44.4,55.6,44.4,55.6
180,48,512,0,0,0,1,0,0,0,1,1,1,1,0,1,1,1,1,1,0,197.3163,8.110000,0.055400,8.160000,523502.5101,26.9500,1.5915,10.610,0.0500,1,2433,49302,44.4,55.6,44.4,55.6
180,49,512,1,1,1,0,1,1,1,1,0,1,0,1,1,1,0,1,1,1,195.3699,8.030000,0.055400,8.090000,523502.5101,3.9200,1.5975,10.650,0.0200,1,2433,49302,33.3,66.7,11.1,88.9
180,50,512,1,1,1,0,1,0,0,0,0,1,1,0,1,0,1,0,1,0,199.0194,8.180000,0.055400,8.240000,523502.5101,17.3400,1.5810,10.540,0.0900,1,2433,49302,22.2,77.8,77.8,22.2
180,51,512,1,0,0,0,0,1,1,0,1,0,1,0,1,0,1,0,1,0,189.0441,7.770000,0.055400,7.830000,523502.5101,26.8000,1.5930,10.620,0.0200,1,2433,49302,22.2,77.8,88.9,11.1
180,54,512,0,0,1,1,0,0,0,1,1,1,0,0,0,0,1,1,1,0,198.0462,8.140000,0.055400,8.200000,523502.5101,26.9900,1.5945,10.630,0.0300,1,2433,49302,55.6,44.4,55.6,44.4
180,55,512,0,0,0,0,1,1,1,0,1,1,1,1,1,0,1,0,0,0,196.8297,8.090000,0.055400,8.140000,523502.5101,27.1000,1.5840,10.560,0.1200,1,2433,49302,33.3,66.7,66.7,33.3
180,56,512,1,1,0,0,0,0,1,1,1,1,1,1,1,0,1,0,0,0,198.0462,8.140000,0.055400,8.190000,523502.5101,18.0500,1.5975,10.650,0.0200,1,2433,49302,33.3,66.7,55.6,44.4
180,59,512,0,0,0,0,1,1,1,0,1,1,1,1,0,0,1,1,1,0,194.6400,8.000000,0.055400,8.060000,523502.5101,27.0200,1.5945,10.630,0.0300,1,2433,49302,33.3,66.7,55.6,44.4
180,60,512,0,0,1,1,1,0,1,0,0,0,1,1,1,1,1,0,1,0,194.3967,7.990000,0.055400,8.050000,523502.5101,27.3000,1.6065,10.710,0.0000,1,2433,49302,22.2,77.8,66.7,33.3
180,61,512,0,0,0,1,0,1,1,1,1,1,1,1,1,1,1,1,1,1,202.9122,8.340000,0.055400,8.390000,523502.5101,23.5200,1.5975,10.650,0.0000,1,2433,49302,33.3,66.7,11.1,88.9
180,62,512,1,0,0,1,1,0,1,1,1,1,1,1,1,1,1,1,1,0,200.9658,8.260000,0.055400,8.320000,523502.5101,27.8500,1.5855,10.570,0.1000,1,2433,49302,11.1,88.9,33.3,66.7
180,67,512,0,0,0,1,1,1,1,1,1,1,1,0,1,1,1,1,1,1,199.7493,8.210000,0.055400,8.270000,523502.5101,11.1100,1.5975,10.650,0.0100,1,2433,49302,22.2,77.8,22.2,77.8
180,68,512,1,1,0,1,0,1,1,1,0,1,1,1,1,1,1,1,1,1,181.7451,7.470000,0.055400,7.530000,523502.5101,15.7600,1.5405,10.270,0.3000,1,2433,49302,33.3,66.7,0.0,100.0
180,70,512,1,1,0,1,0,0,0,0,1,1,1,1,1,0,1,1,1,0,203.6421,8.370000,0.055400,8.430000,523502.5101,17.5700,1.5960,10.640,0.0300,1,2433,49302,33.3,66.7,44.4,55.6
180,71,512,0,0,1,0,1,0,0,0,0,0,1,1,1,0,1,0,1,1,187.0977,7.690000,0.055400,7.750000,523502.5101,10.0700,1.5990,10.660,0.0100,1,2433,49302,33.3,66.7,77.8,22.2
180,73,512,0,0,1,1,0,0,1,0,1,1,1,1,1,0,1,1,1,0,201.2091,8.270000,0.055400,8.320000,523502.5101,27.3100,1.5945,10.630,0.0400,1,2433,49302,22.2,77.8,55.6,44.4
180,74,512,1,0,1,0,1,1,1,1,1,1,1,1,1,1,1,1,1,0,200.4792,8.240000,0.055400,8.300000,523502.5101,28.2000,1.5780,10.520,0.1700,1,2433,49302,0.0,100.0,33.3,66.7
180,77,512,1,0,1,0,0,0,1,1,1,0,1,0,1,1,1,0,1,0,193.6668,7.960000,0.055400,8.020000,523502.5101,27.0100,1.5735,10.490,0.1800,1,2433,49302,11.1,88.9,77.8,22.2
180,78,512,1,1,1,1,1,1,1,1,0,1,1,1,1,1,0,1,1,0,189.2874,7.780000,0.055400,7.840000,523502.5101,5.3500,1.5975,10.650,0.0100,1,2433,49302,22.2,77.8,11.1,88.9
180,79,512,1,1,1,1,1,1,0,0,0,1,1,1,1,1,1,1,1,1,187.8276,7.720000,0.055400,7.780000,523502.5101,10.5000,1.5705,10.470,0.1600,1,2433,49302,22.2,77.8,11.1,88.9
180,80,512,1,1,1,0,1,0,1,1,1,0,1,1,1,0,1,0,1,0,195.8565,8.050000,0.055400,8.110000,523502.5101,17.7900,1.5900,10.600,0.0800,1,2433,49302,0.0,100.0,66.7,33.3
180,82,512,0,0,1,0,0,0,1,0,0,1,1,0,1,0,1,1,1,0,190.0173,7.810000,0.055400,7.860000,523502.5101,26.8600,1.5945,10.630,0.0200,1,2433,49302,33.3,66.7,77.8,22.2
180,85,512,1,0,1,0,1,0,1,0,0,0,1,1,1,0,1,0,1,0,177.6090,7.300000,0.055400,7.360000,523502.5101,27.1100,1.5645,10.430,0.2200,1,2433,49302,11.1,88.9,88.9,11.1
180,88,512,0,0,1,0,1,0,1,0,1,0,1,0,1,1,1,1,1,0,198.0462,8.140000,0.055400,8.190000,523502.5101,27.0100,1.5915,10.610,0.0500,1,2433,49302,11.1,88.9,77.8,22.2
180,89,512,0,0,0,1,0,0,1,0,0,1,0,0,1,0,1,0,0,0,197.3163,8.110000,0.055400,8.160000,523502.5101,26.7800,1.5975,10.650,0.0100,1,2433,49302,66.7,33.3,77.8,22.2
180,95,512,0,0,0,0,0,0,0,0,0,1,0,0,1,1,1,0,1,0,194.3967,7.990000,0.055400,8.050000,523502.5101,26.8100,1.6050,10.700,0.0100,1,2433,49302,66.7,33.3,77.8,22.2
180,98,512,0,0,0,0,1,1,1,0,1,0,1,1,1,1,1,1,1,0,201.2091,8.270000,0.055400,8.330000,523502.5101,27.5100,1.6050,10.700,0.0200,1,2433,49302,22.2,77.8,55.6,44.4
181,5,512,1,0,0,1,1,0,1,0,1,1,1,1,1,0,1,0,0,0,195.8565,8.050000,0.055400,8.110000,523502.5101,27.1900,1.6005,10.670,0.0100,1,2433,49302,22.2,77.8,66.7,33.3
181,7,512,0,0,1,1,1,1,1,1,0,1,0,1,1,1,1,1,1,1,194.6400,8.000000,0.055400,8.050000,523502.5101,11.8500,1.5975,10.650,0.0000,1,2433,49302,33.3,66.7,11.1,88.9
181,10,512,1,0,0,0,0,1,1,0,1,0,1,1,1,0,1,0,1,0,196.5864,8.080000,0.055400,8.140000,523502.5101,26.9400,1.6020,10.680,0.0100,1,2433,49302,22.2,77.8,77.8,22.2
181,12,512,0,0,1,0,0,1,0,0,0,0,1,1,1,0,1,0,1,0,192.2070,7.900000,0.055400,7.950000,523502.5101,26.9100,1.5930,10.620,0.0300,1,2433,49302,44.4,55.6,77.8,22.2
181,15,512,0,0,0,1,0,0,0,1,1,1,1,1,1,0,1,1,1,0,196.3431,8.070000,0.055400,8.130000,523502.5101,27.0900,1.6005,10.670,0.0000,1,2433,49302,44.4,55.6,44.4,55.6
181,18,512,0,0,0,0,0,1,0,0,1,0,0,0,0,0,1,0,1,0,193.1802,7.940000,0.055400,7.990000,523502.5101,26.6900,1.5930,10.620,0.0300,1,2433,49302,66.7,33.3,88.9,11.1
181,20,512,1,0,0,0,0,0,1,0,0,0,1,1,1,1,1,0,1,0,194.1534,7.980000,0.055400,8.040000,523502.5101,27.3000,1.6005,10.670,0.0100,1,2433,49302,33.3,66.7,77.8,22.2
181,24,512,0,0,0,1,0,1,1,0,1,1,1,1,1,0,1,0,1,0,194.1534,7.980000,0.055400,8.040000,523502.5101,27.1800,1.5870,10.580,0.0700,1,2433,49302,33.3,66.7,55.6,44.4
181,25,512,1,0,1,0,1,1,1,1,0,1,1,1,1,1,1,1,1,0,199.5060,8.200000,0.055400,8.250000,523502.5101,6.9000,1.5960,10.640,0.0900,1,2433,49302,11.1,88.9,33.3,66.7
181,26,512,0,0,0,0,0,0,0,0,1,1,1,1,1,0,1,1,1,0,186.8544,7.680000,0.055400,7.740000,523502.5101,27.0900,1.6320,10.880,-0.2000,0,2433,49302,44.4,55.6,66.7,33.3
181,27,512,0,0,0,0,0,0,1,0,0,1,0,0,1,1,1,0,1,1,184.4214,7.580000,0.055400,7.630000,523502.5101,10.2500,1.6050,10.700,0.0100,1,2433,49302,55.6,44.4,66.7,33.3
181,29,512,0,0,0,0,1,1,1,1,1,1,1,1,1,1,1,0,1,0,194.6400,8.000000,0.055400,8.060000,523502.5101,27.9000,1.5915,10.610,0.0300,1,2433,49302,22.2,77.8,44.4,55.6
181,30,512,1,0,1,0,1,0,1,0,1,1,1,0,0,0,1,0,0,0,191.7204,7.880000,0.055400,7.940000,523502.5101,26.8900,1.5690,10.460,0.1000,1,2433,49302,22.2,77.8,88.9,11.1
181,34,512,1,0,1,0,0,0,0,0,1,1,0,0,1,0,0,0,1,0,188.8008,7.760000,0.055400,7.810000,523502.5101,26.8500,1.5945,10.630,0.0100,1,2433,49302,44.4,55.6,88.9,11.1
181,38,512,0,0,0,1,0,0,0,1,1,1,1,0,1,0,1,1,1,0,200.7225,8.250000,0.055400,8.300000,523502.5101,26.8700,1.5495,10.330,0.2400,1,2433,49302,44.4,55.6,55.6,44.4
181,39,512,0,1,0,0,0,1,1,0,0,1,0,0,1,0,1,0,0,0,198.2895,8.150000,0.055400,8.200000,523502.5101,14.1900,1.5945,10.630,0.0100,1,2433,49302,66.7,33.3,66.7,33.3
181,40,512,0,0,1,0,0,0,1,0,1,1,0,0,1,1,0,0,1,0,195.6132,8.040000,0.055400,8.100000,523502.5101,26.9400,1.5690,10.460,0.2400,1,2433,49302,44.4,55.6,77.8,22.2
181,42,512,1,1,1,1,1,1,0,1,0,1,0,1,1,1,1,1,0,0,198.0462,8.140000,0.055400,8.190000,523502.5101,2.9900,1.5990,10.660,0.0000,1,2433,49302,44.4,55.6,11.1,88.9
181,43,512,1,1,0,1,1,0,1,1,1,1,0,1,1,1,1,1,1,1,196.8297,8.090000,0.055400,8.150000,523502.5101,5.9900,1.5960,10.640,0.0200,1,2433,49302,22.2,77.8,11.1,88.9
181,44,512,0,0,1,0,1,0,1,0,0,0,1,1,1,0,1,0,0,0,190.2606,7.820000,0.055400,7.870000,523502.5101,26.9800,1.5420,10.280,0.2900,1,2433,49302,33.3,66.7,88.9,11.1
181,45,512,1,0,0,0,1,1,1,0,1,1,1,1,1,1,1,1,1,0,195.3699,8.030000,0.055400,8.090000,523502.5101,27.7500,1.5690,10.460,0.2300,1,2433,49302,11.1,88.9,44.4,55.6
181,48,512,1,1,0,1,0,0,1,1,1,1,1,1,1,1,1,1,1,1,200.7225,8.250000,0.055400,8.310000,523502.5101,17.3900,1.6035,10.690,0.0100,1,2433,49302,22.2,77.8,11.1,88.9
181,50,512,1,1,1,1,0,1,0,1,1,0,1,1,1,1,0,0,1,1,195.3699,8.030000,0.055400,8.090000,523502.5101,2.8400,1.5990,10.660,0.0000,1,2433,49302,33.3,66.7,22.2,77.8
181,53,512,0,0,0,0,0,0,1,0,0,1,1,1,1,0,1,0,0,0,184.4214,7.580000,0.055400,7.640000,523502.5101,27.0800,1.5960,10.640,0.0000,1,2433,49302,55.6,44.4,77.8,22.2
181,57,512,1,0,0,0,0,0,1,0,1,1,0,0,1,0,0,0,0,0,193.1802,7.940000,0.055400,7.990000,523502.5101,26.7900,1.5630,10.420,0.2300,1,2433,49302,55.6,44.4,88.9,11.1
181,58,512,0,0,1,0,0,0,1,0,1,0,1,0,1,0,1,1,1,0,185.1513,7.610000,0.055400,7.670000,523502.5101,27.0300,1.5960,10.640,0.0200,1,2433,49302,22.2,77.8,88.9,11.1
181,60,512,0,0,0,0,1,1,1,0,1,1,1,1,1,1,1,0,1,0,195.8565,8.050000,0.055400,8.110000,523502.5101,27.4700,1.5930,10.620,0.0500,1,2433,49302,22.2,77.8,55.6,44.4
181,64,512,0,0,1,0,1,0,1,0,0,0,1,0,0,0,1,0,0,0,178.0956,7.320000,0.055200,7.380000,523502.5101,26.6600,1.6005,10.670,0.0700,1,2433,49302,44.4,55.6,100.0,0.0
181,67,512,1,0,0,0,0,0,0,0,1,1,0,0,1,0,1,1,1,0,187.3410,7.700000,0.055400,7.760000,523502.5101,27.0200,1.5840,10.560,0.1200,1,2433,49302,44.4,55.6,77.8,22.2
181,68,512,1,1,1,0,0,0,0,0,1,0,1,1,1,0,1,0,1,0,196.5864,8.080000,0.055400,8.130000,523502.5101,17.6000,1.5975,10.650,0.0300,1,2433,49302,22.2,77.8,77.8,22.2
181,69,512,0,0,1,0,0,0,1,0,0,1,0,0,1,1,1,1,1,0,196.0998,8.060000,0.055400,8.120000,523502.5101,27.0300,1.5915,10.610,0.0500,1,2433,49302,44.4,55.6,66.7,33.3
181,71,512,0,0,1,0,1,0,1,0,0,0,1,1,1,1,1,0,1,1,181.7451,7.470000,0.055400,7.520000,523502.5101,10.5000,1.5990,10.660,0.0000,1,2433,49302,22.2,77.8,66.7,33.3
181,72,512,1,1,1,0,1,1,0,1,1,1,0,1,1,1,1,1,1,1,197.3163,8.110000,0.055400,8.160000,523502.5101,5.3500,1.5945,10.630,0.0000,1,2433,49302,22.2,77.8,11.1,88.9
181,74,512,0,0,0,0,0,0,1,1,0,1,1,1,1,0,1,0,0,0,198.7761,8.170000,0.055400,8.220000,523502.5101,6.6700,1.5900,10.600,0.0600,1,2433,49302,55.6,44.4,66.7,33.3
181,75,512,0,0,0,1,0,0,0,1,1,1,0,0,0,0,1,1,0,0,196.5864,8.080000,0.055400,8.130000,523502.5101,26.8100,1.5915,10.610,0.0600,1,2433,49302,77.8,22.2,55.6,44.4
181,77,512,0,0,0,0,0,1,1,0,0,1,0,0,1,0,1,0,1,0,187.0977,7.690000,0.055400,7.750000,523502.5101,26.6900,1.6035,10.690,0.0300,1,2433,49302,55.6,44.4,77.8,22.2
181,78,512,0,0,0,1,1,0,0,1,1,1,0,0,0,0,1,1,1,0,197.5596,8.120000,0.055400,8.180000,523502.5101,26.9900,1.5405,10.270,0.3100,1,2433,49302,55.6,44.4,55.6,44.4
181,79,512,1,1,1,1,0,1,0,1,1,1,1,1,1,0,0,1,1,1,188.5575,7.750000,0.055400,7.810000,523502.5101,3.0100,1.5975,10.650,0.0300,1,2433,49302,33.3,66.7,11.1,88.9
181,80,512,1,0,1,0,0,0,1,0,0,0,0,0,1,0,1,0,0,0,175.1760,7.200000,0.055200,7.250000,523502.5101,26.8400,1.6110,10.740,0.0000,1,2433,49302,44.4,55.6,100.0,0.0
181,81,512,1,1,1,1,1,1,1,1,1,0,0,1,1,1,0,1,1,1,188.5575,7.750000,0.055400,7.810000,523502.5101,4.7300,1.5960,10.640,0.0300,1,2433,49302,22.2,77.8,11.1,88.9
181,84,512,1,0,1,0,1,0,1,0,1,0,1,1,1,1,1,1,1,0,197.0730,8.100000,0.055400,8.150000,523502.5101,27.5700,1.5840,10.560,0.0900,1,2433,49302,0.0,100.0,66.7,33.3
181,88,512,1,1,0,1,1,1,0,1,1,1,0,1,1,1,1,1,1,0,178.0956,7.320000,0.055400,7.380000,523502.5101,3.3100,1.5960,10.640,0.0100,1,2433,49302,33.3,66.7,11.1,88.9
181,93,512,1,0,1,0,1,0,1,0,0,0,1,1,1,0,1,0,1,1,183.6915,7.550000,0.055400,7.610000,523502.5101,10.0900,1.5945,10.630,0.0000,1,2433,49302,11.1,88.9,77.8,22.2
181,95,512,1,1,0,1,0,1,1,1,1,1,0,1,0,0,0,1,1,1,187.3410,7.700000,0.055400,7.750000,523502.5101,2.9100,1.5945,10.630,0.0100,1,2433,49302,55.6,44.4,11.1,88.9
181,96,512,0,0,1,1,1,0,1,0,0,1,1,1,1,1,1,1,1,0,197.3163,8.110000,0.055400,8.160000,523502.5101,27.5600,1.5435,10.290,0.2700,1,2433,49302,22.2,77.8,44.4,55.6
181,97,512,1,0,1,1,1,0,1,0,0,0,1,1,1,1,1,1,1,0,196.8297,8.090000,0.055400,8.150000,523502.5101,27.5400,1.6005,10.670,0.0000,1,2433,49302,11.1,88.9,55.6,44.4
181,98,512,1,1,1,0,1,1,1,1,1,1,0,1,1,1,1,1,1,1,194.8833,8.010000,0.055400,8.070000,523502.5101,5.7300,1.5900,10.600,0.0400,1,2433,49302,11.1,88.9,11.1,88.9
182,0,512,1,1,0,0,1,1,1,1,0,1,0,1,1,1,0,1,1,1,195.3699,8.030000,0.055400,8.080000,523502.5101,3.8500,1.5990,10.660,0.0200,1,2433,49302,44.4,55.6,11.1,88.9
182,3,512,0,0,0,0,0,0,1,0,1,0,1,1,1,0,1,0,1,0,185.8812,7.640000,0.055400,7.700000,523502.5101,27.1400,1.5765,10.510,0.1700,1,2433,49302,33.3,66.7,88.9,11.1
182,6,512,1,1,1,1,1,1,1,1,0,1,1,1,1,1,1,1,0,0,190.0173,7.810000,0.055400,7.870000,523502.5101,6.1300,1.6005,10.670,0.0100,1,2433,49302,22.2,77.8,11.1,88.9
182,8,512,1,1,1,1,1,1,1,0,0,1,1,1,1,1,0,1,1,1,191.4771,7.870000,0.055400,7.930000,523502.5101,5.6000,1.6005,10.670,0.0000,1,2433,49302,22.2,77.8,11.1,88.9
182,10,512,1,0,0,1,0,0,1,0,1,1,0,1,0,0,0,1,0,0,198.5328,8.160000,0.055400,8.210000,523502.5101,6.6500,1.5960,10.640,0.0300,1,2433,49302,66.7,33.3,55.6,44.4
182,13,512,0,0,1,1,1,1,1,1,0,1,0,1,1,1,0,1,1,1,203.8854,8.380000,0.055400,8.440000,523502.5101,10.9700,1.6005,10.670,0.0200,1,2433,49302,44.4,55.6,11.1,88.9
182,14,512,0,0,1,0,0,0,0,0,0,0,1,1,1,1,1,0,1,0,194.6400,8.000000,0.055400,8.050000,523502.5101,27.1100,1.5990,10.660,0.0100,1,2433,49302,44.4,55.6,77.8,22.2
182,15,512,0,0,0,0,0,1,1,0,1,0,0,1,1,0,1,0,1,0,195.6132,8.040000,0.055400,8.090000,523502.5101,26.8300,1.5960,10.640,0.0200,1,2433,49302,44.4,55.6,77.8,22.2
182,19,512,0,0,1,0,0,0,1,1,1,0,1,1,1,0,1,0,1,0,193.9101,7.970000,0.055400,8.030000,523502.5101,27.1300,1.5855,10.570,0.1100,1,2433,49302,22.2,77.8,77.8,22.2
182,22,512,0,0,1,0,1,0,0,1,0,0,0,0,1,0,0,1,1,0,194.3967,7.990000,0.055400,8.050000,523502.5101,26.5700,1.5930,10.620,0.0200,1,2433,49302,55.6,44.4,77.8,22.2
182,23,512,0,0,0,1,1,0,0,0,1,1,1,1,1,0,1,1,1,0,195.1266,8.020000,0.055400,8.070000,523502.5101,27.0900,1.5990,10.660,0.0300,1,2433,49302,33.3,66.7,55.6,44.4
182,24,512,1,1,0,0,1,1,1,1,0,1,1,1,1,1,1,1,1,1,194.8833,8.010000,0.055400,8.060000,523502.5101,7.3700,1.5855,10.570,0.0800,1,2433,49302,22.2,77.8,11.1,88.9
182,25,512,1,1,0,1,1,1,0,1,1,1,1,1,1,0,1,1,1,1,194.1534,7.980000,0.055400,8.040000,523502.5101,3.0100,1.5990,10.660,0.0100,1,2433,49302,22.2,77.8,11.1,88.9
182,28,512,1,1,0,1,1,1,1,0,0,1,0,1,1,1,1,1,1,1,187.5843,7.710000,0.055400,7.760000,523502.5101,6.7100,1.5975,10.650,0.0000,1,2433,49302,33.3,66.7,11.1,88.9
182,29,512,1,0,1,0,1,1,1,1,0,0,1,1,1,1,1,1,1,0,194.3967,7.990000,0.055400,8.040000,523502.5101,27.3800,1.5990,10.660,0.0000,1,2433,49302,11.1,88.9,44.4,55.6
182,33,512,0,0,0,0,0,1,0,0,1,0,1,1,1,0,1,0,1,0,199.0194,8.180000,0.055400,8.230000,523502.5101,26.9400,1.5900,10.600,0.0700,1,2433,49302,44.4,55.6,77.8,22.2
182,37,512,1,0,1,0,1,1,0,0,1,0,1,1,1,0,1,0,1,0,197.0730,8.100000,0.055400,8.160000,523502.5101,26.9100,1.5975,10.650,0.0000,1,2433,49302,11.1,88.9,77.8,22.2
182,38,512,0,1,1,1,0,1,0,1,1,1,1,1,1,1,0,1,1,1,169.8234,6.980000,0.055400,7.030000,523502.5101,11.7000,1.5450,10.300,0.2600,1,2433,49302,44.4,55.6,0.0,100.0
182,41,512,1,1,0,0,1,1,1,0,1,1,1,1,1,1,1,1,1,0,193.4235,7.950000,0.055400,8.000000,523502.5101,18.3300,1.6005,10.670,0.0000,1,2433,49302,11.1,88.9,33.3,66.7
182,45,512,0,0,1,0,0,0,0,0,1,1,1,0,1,0,1,0,1,0,180.5286,7.420000,0.055400,7.480000,523502.5101,26.9400,1.5840,10.560,0.1000,1,2433,49302,33.3,66.7,88.9,11.1
182,49,512,0,0,0,0,0,1,1,0,0,1,0,0,1,0,1,0,0,0,193.9101,7.970000,0.055400,8.020000,523502.5101,26.5900,1.5945,10.630,0.0200,1,2433,49302,66.7,33.3,77.8,22.2
182,51,512,1,1,0,1,1,1,1,1,0,1,0,1,1,1,1,1,1,0,184.1781,7.570000,0.055400,7.620000,523502.5101,3.0900,1.5915,10.610,0.0500,1,2433,49302,33.3,66.7,11.1,88.9
182,53,512,1,1,1,1,0,0,1,1,0,1,0,0,1,1,0,1,1,1,194.8833,8.010000,0.055400,8.060000,523502.5101,3.3200,1.5975,10.650,0.0000,1,2433,49302,44.4,55.6,22.2,77.8
182,54,512,0,0,1,0,1,1,1,0,0,0,1,1,1,0,1,0,1,0,193.4235,7.950000,0.055400,8.010000,523502.5101,27.0200,1.5900,10.600,0.0600,1,2433,49302,22.2,77.8,77.8,22.2
182,55,512,1,0,1,1,0,1,1,0,0,0,0,1,0,0,0,1,0,0,195.3699,8.030000,0.055400,8.080000,523502.5101,26.2300,1.5930,10.620,0.0400,1,2433,49302,66.7,33.3,55.6,44.4
182,57,512,1,0,1,0,1,0,1,0,0,0,0,1,1,0,1,0,0,0,188.0709,7.730000,0.055400,7.790000,523502.5101,26.7900,1.5810,10.540,0.0300,1,2433,49302,33.3,66.7,88.9,11.1
182,59,512,0,0,0,1,0,0,0,0,0,1,1,1,1,0,1,1,1,0,192.6936,7.920000,0.055400,7.980000,523502.5101,26.9100,1.5555,10.370,0.2900,1,2433,49302,55.6,44.4,55.6,44.4
182,61,512,0,0,0,0,0,1,1,0,1,0,1,0,1,0,1,0,1,0,188.5575,7.750000,0.055400,7.810000,523502.5101,26.8000,1.6035,10.690,0.0100,1,2433,49302,33.3,66.7,88.9,11.1
182,62,512,1,0,1,0,1,0,1,0,0,0,1,1,1,1,0,0,1,0,186.3678,7.660000,0.055400,7.710000,523502.5101,26.9800,1.5960,10.640,0.0100,1,2433,49302,22.2,77.8,77.8,22.2
182,63,512,1,1,0,1,0,0,0,1,1,1,1,1,1,1,1,1,1,1,199.9926,8.220000,0.055400,8.280000,523502.5101,17.1600,1.5840,10.560,0.0900,1,2433,49302,33.3,66.7,11.1,88.9
182,69,512,0,0,1,0,1,1,1,0,0,1,1,0,1,0,1,0,1,0,193.1802,7.940000,0.055400,7.990000,523502.5101,26.8100,1.5945,10.630,0.0100,1,2433,49302,22.2,77.8,77.8,22.2
182,70,512,1,1,1,1,1,0,0,1,0,1,0,1,1,1,1,1,1,1,190.7472,7.840000,0.055400,7.890000,523502.5101,6.3100,1.5930,10.620,0.0000,1,2433,49302,33.3,66.7,11.1,88.9
182,71,512,0,0,0,1,0,0,0,1,1,1,0,0,1,0,1,1,1,0,196.8297,8.090000,0.055400,8.150000,523502.5101,27.0800,1.5900,10.600,0.0300,1,2433,49302,55.6,44.4,55.6,44.4
182,72,512,0,0,0,1,0,0,1,1,1,1,1,1,1,0,1,1,1,0,198.5328,8.160000,0.055400,8.220000,523502.5101,27.4100,1.5945,10.630,0.0000,1,2433,49302,33.3,66.7,44.4,55.6
182,74,512,1,1,1,1,0,0,1,1,0,1,0,1,1,1,1,1,1,1,204.3720,8.400000,0.055400,8.450000,523502.5101,6.2200,1.5930,10.620,0.0400,1,2433,49302,33.3,66.7,11.1,88.9
182,75,512,0,0,1,0,1,0,1,1,1,0,0,0,0,1,1,0,1,0,198.0462,8.140000,0.055400,8.190000,523502.5101,26.7300,1.6020,10.680,0.0100,1,2433,49302,33.3,66.7,77.8,22.2
182,78,512,1,0,1,0,0,0,1,0,0,0,1,1,0,0,1,0,1,0,191.9637,7.890000,0.055400,7.950000,523502.5101,26.8600,1.5870,10.580,0.0900,1,2433,49302,33.3,66.7,88.9,11.1
182,86,512,0,0,0,0,0,0,1,0,0,0,0,0,1,1,1,0,1,0,185.1513,7.610000,0.055400,7.670000,523502.5101,26.9900,1.5975,10.650,0.0100,1,2433,49302,55.6,44.4,88.9,11.1
182,88,512,0,0,0,0,1,0,0,0,0,0,1,1,1,0,0,1,1,0,190.2606,7.820000,0.055400,7.870000,523502.5101,26.7800,1.5630,10.420,0.2700,1,2433,49302,55.6,44.4,77.8,22.2
182,91,512,1,1,0,0,0,0,1,0,1,1,1,1,1,0,1,0,0,0,197.3163,8.110000,0.055400,8.160000,523502.5101,17.8100,1.6005,10.670,0.0100,1,2433,49302,33.3,66.7,66.7,33.3
182,92,512,0,0,0,0,1,0,1,0,0,1,0,0,1,1,1,1,1,0,194.6400,8.000000,0.055400,8.050000,523502.5101,27.0300,1.5795,10.530,0.0300,1,2433,49302,44.4,55.6,66.7,33.3
182,93,512,0,0,0,0,0,0,1,0,1,1,0,0,1,1,1,0,0,0,188.0709,7.730000,0.055400,7.790000,523502.5101,26.9800,1.5945,10.630,0.0100,1,2433,49302,55.6,44.4,77.8,22.2
182,94,512,1,0,0,0,0,0,1,0,1,0,1,1,1,0,1,0,0,0,190.7472,7.840000,0.055400,7.900000,523502.5101,27.0400,1.5660,10.440,0.2000,1,2433,49302,33.3,66.7,88.9,11.1
182,97,512,1,0,0,0,0,0,1,0,0,0,1,1,1,0,1,0,1,1,189.2874,7.780000,0.055400,7.840000,523502.5101,10.0900,1.5885,10.590,0.0700,1,2433,49302,33.3,66.7,77.8,22.2
183,9,512,0,0,1,0,1,0,1,0,0,1,1,1,1,0,1,0,1,0,200.2359,8.230000,0.055400,8.290000,523502.5101,27.2100,1.5960,10.640,0.0100,1,2433,49302,22.2,77.8,77.8,22.2
183,17,512,1,1,0,0,1,0,1,1,0,1,1,1,1,1,1,1,1,1,193.9101,7.970000,0.055400,8.030000,523502.5101,7.4900,1.5810,10.540,0.0700,1,2433,49302,22.2,77.8,22.2,77.8
183,25,512,0,0,0,1,0,0,0,0,1,1,1,1,1,0,0,1,1,0,191.4771,7.870000,0.055400,7.920000,523502.5101,26.9500,1.5660,10.440,0.2000,1,2433,49302,55.6,44.4,55.6,44.4
183,27,512,0,0,0,0,1,0,1,0,1,1,1,1,1,1,0,1,1,0,195.1266,8.020000,0.055400,8.080000,523502.5101,17.4000,1.5960,10.640,0.0200,1,2433,49302,33.3,66.7,55.6,44.4
183,29,512,1,0,0,1,0,0,0,0,1,0,1,1,1,0,1,0,1,0,193.4235,7.950000,0.055400,8.010000,523502.5101,27.0000,1.5960,10.640,0.0400,1,2433,49302,33.3,66.7,77.8,22.2
183,33,512,0,0,0,0,1,0,0,0,0,1,1,0,1,0,1,0,1,0,175.9059,7.230000,0.055400,7.280000,523502.5101,26.7000,1.5945,10.630,0.0300,1,2433,49302,44.4,55.6,88.9,11.1
183,35,512,1,1,1,1,1,1,0,1,0,0,0,1,1,1,1,1,1,1,196.5864,8.080000,0.055400,8.140000,523502.5101,6.4300,1.5960,10.640,0.0100,1,2433,49302,33.3,66.7,11.1,88.9
183,39,512,1,1,0,0,1,1,1,1,1,1,1,1,1,1,1,1,1,0,187.8276,7.720000,0.055400,7.780000,523502.5101,19.2500,1.6005,10.670,0.0000,1,2433,49302,11.1,88.9,22.2,77.8
183,43,512,1,0,1,0,1,1,1,0,0,0,1,1,1,1,1,1,1,0,203.6421,8.370000,0.055400,8.430000,523502.5101,27.4500,1.5825,10.550,0.1000,1,2433,49302,11.1,88.9,55.6,44.4
183,50,512,1,0,0,1,0,1,1,1,1,1,1,1,1,1,1,0,1,0,203.8854,8.380000,0.055400,8.440000,523502.5101,27.7700,1.5870,10.580,0.1200,1,2433,49302,22.2,77.8,33.3,66.7
183,52,512,1,1,0,1,1,1,1,1,0,0,1,1,1,1,1,1,1,1,191.9637,7.890000,0.055400,7.950000,523502.5101,6.7600,1.5990,10.660,0.0000,1,2433,49302,22.2,77.8,11.1,88.9
183,53,512,0,0,0,1,0,0,1,0,1,1,1,1,1,0,1,1,1,1,200.4792,8.240000,0.055400,8.300000,523502.5101,10.5100,1.5885,10.590,0.1000,1,2433,49302,33.3,66.7,44.4,55.6
183,59,512,0,0,1,1,1,0,1,0,0,1,1,1,1,1,0,1,1,0,196.5864,8.080000,0.055400,8.130000,523502.5101,17.2100,1.5975,10.650,0.0000,1,2433,49302,33.3,66.7,44.4,55.6
183,61,512,1,1,0,1,1,1,1,1,1,1,0,1,1,1,0,1,1,1,175.9059,7.230000,0.055400,7.280000,523502.5101,12.0100,1.5105,10.070,0.5100,1,2433,49302,33.3,66.7,0.0,100.0
183,64,512,0,0,0,0,1,1,1,0,0,1,0,0,1,1,1,1,1,0,197.8029,8.130000,0.055400,8.180000,523502.5101,26.9100,1.5990,10.660,0.0000,1,2433,49302,44.4,55.6,55.6,44.4
183,66,512,0,0,1,0,0,0,1,0,0,0,1,1,1,0,1,0,1,0,180.7719,7.430000,0.055400,7.480000,523502.5101,27.1100,1.5765,10.510,0.1700,1,2433,49302,33.3,66.7,88.9,11.1
183,67,512,1,1,1,1,0,1,1,1,0,1,1,1,1,1,1,1,1,0,185.1513,7.610000,0.055400,7.660000,523502.5101,4.3900,1.5975,10.650,0.0100,1,2433,49302,22.2,77.8,11.1,88.9
183,70,512,0,0,1,0,0,0,0,0,1,1,1,1,1,0,1,1,1,0,196.8297,8.090000,0.055400,8.140000,523502.5101,27.0900,1.5945,10.630,0.0600,1,2433,49302,33.3,66.7,66.7,33.3
183,72,512,0,0,0,1,0,0,0,0,0,1,1,0,1,0,1,0,1,0,193.6668,7.960000,0.055400,8.010000,523502.5101,26.7000,1.5900,10.600,0.0400,1,2433,49302,55.6,44.4,77.8,22.2
183,76,512,1,0,1,0,1,1,1,0,1,1,1,1,1,1,1,1,1,0,192.4503,7.910000,0.055400,7.970000,523502.5101,27.7500,1.5555,10.370,0.2600,1,2433,49302,0.0,100.0,44.4,55.6
183,77,512,1,0,0,0,0,1,1,0,1,1,1,1,1,0,1,0,0,0,196.0998,8.060000,0.055400,8.110000,523502.5101,27.0900,1.5885,10.590,0.0700,1,2433,49302,33.3,66.7,66.7,33.3
183,79,512,1,0,0,0,1,0,1,0,0,0,1,1,1,0,1,0,1,0,188.3142,7.740000,0.055400,7.800000,523502.5101,27.1100,1.6020,10.680,0.0100,1,2433,49302,22.2,77.8,88.9,11.1
183,88,512,0,1,0,0,1,0,1,0,1,0,1,0,1,0,1,0,1,1,207.0483,8.510000,0.055400,8.570000,523502.5101,2.4400,1.5930,10.620,0.0200,1,2433,49302,22.2,77.8,77.8,22.2
183,89,512,1,0,0,1,1,1,0,1,1,1,0,1,1,1,1,1,1,1,197.8029,8.130000,0.055400,8.180000,523502.5101,11.7300,1.5990,10.660,0.0100,1,2433,49302,33.3,66.7,11.1,88.9
183,90,512,1,1,0,0,0,1,1,1,0,1,0,1,1,1,1,1,1,1,194.1534,7.980000,0.055400,8.040000,523502.5101,5.1600,1.5945,10.630,0.0300,1,2433,49302,44.4,55.6,11.1,88.9
183,97,512,1,0,0,0,1,1,1,0,1,1,1,1,1,1,1,1,1,1,196.0998,8.060000,0.055400,8.110000,523502.5101,14.4100,1.5900,10.600,0.0000,1,2433,49302,11.1,88.9,33.3,66.7
183,98,512,1,1,0,1,0,0,1,1,1,1,0,1,1,1,1,1,1,1,201.2091,8.270000,0.055400,8.320000,523502.5101,5.6400,1.5945,10.630,0.0200,1,2433,49302,33.3,66.7,11.1,88.9
183,99,512,1,0,0,0,0,0,0,0,0,1,0,0,0,1,0,0,0,0,198.0462,8.140000,0.055400,8.190000,523502.5101,26.2900,1.5990,10.660,0.0200,1,2433,49302,88.9,11.1,77.8,22.2
184,4,512,0,0,1,0,0,0,1,0,0,1,0,0,1,1,1,0,1,0,188.0709,7.730000,0.055400,7.780000,523502.5101,26.9800,1.5945,10.630,0.0000,1,2433,49302,44.4,55.6,77.8,22.2
184,6,512,1,0,0,1,0,0,0,0,1,0,1,1,1,0,1,0,1,1,193.1802,7.940000,0.055400,8.000000,523502.5101,10.0900,1.5990,10.660,0.0200,1,2433,49302,33.3,66.7,66.7,33.3
184,7,512,1,0,1,0,1,1,1,1,1,1,0,1,1,1,1,1,1,0,204.1287,8.390000,0.055400,8.450000,523502.5101,7.2900,1.5960,10.640,0.0200,1,2433,49302,11.1,88.9,33.3,66.7
184,9,512,1,0,0,0,1,1,1,0,1,1,1,1,1,0,1,0,0,0,197.3163,8.110000,0.055400,8.170000,523502.5101,27.1000,1.5960,10.640,0.0300,1,2433,49302,22.2,77.8,66.7,33.3
184,14,512,0,0,0,0,0,0,1,1,1,1,1,1,1,1,1,0,1,0,200.2359,8.230000,0.055400,8.290000,523502.5101,27.6000,1.5855,10.570,0.1200,1,2433,49302,33.3,66.7,55.6,44.4
184,15,512,0,0,0,1,0,0,0,0,1,1,1,1,1,0,1,0,1,0,197.3163,8.110000,0.055400,8.160000,523502.5101,27.1200,1.5945,10.630,0.0200,1,2433,49302,44.4,55.6,66.7,33.3
184,18,512,1,1,1,0,1,1,1,1,0,1,0,0,1,1,1,1,1,1,197.5596,8.120000,0.055400,8.170000,523502.5101,3.8800,1.5585,10.390,0.2800,1,2433,49302,22.2,77.8,22.2,77.8
184,19,512,0,0,1,0,0,0,0,1,1,1,0,0,0,0,1,1,1,0,198.7761,8.170000,0.055400,8.220000,523502.5101,26.9900,1.5990,10.660,0.0100,1,2433,49302,55.6,44.4,66.7,33.3
184,21,512,1,0,0,0,1,0,1,1,1,0,1,0,1,0,1,0,1,0,194.1534,7.980000,0.055400,8.040000,523502.5101,27.0800,1.5450,10.300,0.2700,1,2433,49302,11.1,88.9,88.9,11.1
184,22,512,1,1,0,1,1,1,1,1,0,1,0,1,1,1,0,1,1,1,179.3121,7.370000,0.055400,7.420000,523502.5101,11.8300,1.5390,10.260,0.3200,1,2433,49302,44.4,55.6,0.0,100.0
184,24,512,1,0,0,0,0,1,1,0,1,0,1,1,1,0,1,0,0,0,195.6132,8.040000,0.055400,8.100000,523502.5101,26.8500,1.6005,10.670,0.0000,1,2433,49302,33.3,66.7,77.8,22.2
184,25,512,1,1,1,0,1,0,1,0,0,0,1,0,0,0,1,0,0,0,195.1266,8.020000,0.055400,8.080000,523502.5101,17.2000,1.5960,10.640,0.0200,1,2433,49302,33.3,66.7,88.9,11.1
184,26,512,1,1,0,1,1,1,0,1,1,1,0,1,1,1,0,1,1,1,165.8333,6.816000,0.055400,6.880000,523502.5101,11.6900,1.5405,10.270,0.2900,1,2433,49302,44.4,55.6,0.0,100.0
184,29,512,0,0,1,0,1,0,0,0,0,0,1,1,1,0,1,0,0,0,184.4214,7.580000,0.055400,7.640000,523502.5101,26.8400,1.5585,10.390,0.2900,1,2433,49302,44.4,55.6,88.9,11.1
184,30,512,1,1,0,1,0,1,1,1,1,1,1,1,1,1,1,1,0,0,188.3142,7.740000,0.055400,7.800000,523502.5101,5.4000,1.5945,10.630,0.0200,1,2433,49302,33.3,66.7,11.1,88.9
184,32,512,0,0,1,0,0,0,1,0,1,1,1,1,1,0,1,0,0,0,191.9637,7.890000,0.055400,7.950000,523502.5101,27.1900,1.5960,10.640,0.0100,1,2433,49302,33.3,66.7,77.8,22.2
184,34,512,1,1,1,1,1,1,0,1,1,1,1,1,1,0,0,1,1,1,190.9905,7.850000,0.055400,7.900000,523502.5101,3.1500,1.5975,10.650,0.0200,1,2433,49302,22.2,77.8,11.1,88.9
184,39,512,1,0,0,0,1,0,1,0,1,1,1,1,1,0,1,1,0,0,194.3967,7.990000,0.055400,8.050000,523502.5101,27.1600,1.5930,10.620,0.0500,1,2433,49302,22.2,77.8,66.7,33.3
184,40,512,1,0,0,1,1,0,1,0,0,0,1,1,1,0,1,0,1,0,194.6400,8.000000,0.055400,8.060000,523502.5101,27.1100,1.6035,10.690,0.0000,1,2433,49302,22.2,77.8,77.8,22.2
184,45,512,0,0,0,0,0,0,1,0,1,1,0,0,0,0,1,0,0,0,183.9348,7.560000,0.055400,7.620000,523502.5101,26.7900,1.5480,10.320,0.3500,1,2433,49302,66.7,33.3,88.9,11.1
184,46,512,1,1,1,1,1,1,0,1,0,1,1,1,1,1,1,1,0,0,191.4771,7.870000,0.055400,7.920000,523502.5101,4.0200,1.5975,10.650,0.0100,1,2433,49302,33.3,66.7,11.1,88.9
184,47,512,1,1,1,1,0,1,1,1,0,1,0,1,1,1,1,0,1,1,200.2359,8.230000,0.055400,8.280000,523502.5101,2.7200,1.5960,10.640,0.0100,1,2433,49302,33.3,66.7,11.1,88.9
184,48,512,0,0,1,0,0,1,0,0,1,0,0,0,1,0,1,0,1,0,191.2338,7.860000,0.055400,7.910000,523502.5101,26.8400,1.5690,10.460,0.1700,1,2433,49302,44.4,55.6,88.9,11.1
184,49,512,0,0,1,0,1,0,1,1,1,0,1,1,1,0,0,1,1,0,1000000000.0000,8.280000,0.055400,8.330000,523502.5101,-100.0000,1.5915,10.610,0.0800,1,-1,-1,22.2,77.8,66.7,33.3
184,52,512,1,1,0,1,1,1,1,1,1,1,0,0,1,1,0,1,1,1,1000000000.0000,8.070000,0.055400,8.130000,523502.5101,-100.0000,1.5975,10.650,0.0000,1,-1,-1,33.3,66.7,11.1,88.9
184,54,512,0,0,0,0,1,0,1,0,0,0,1,1,1,0,1,0,1,0,188.3142,7.740000,0.055400,7.800000,523502.5101,27.1100,1.5630,10.420,0.2400,1,2433,49302,33.3,66.7,88.9,11.1
184,56,512,0,0,0,1,0,0,0,0,1,1,1,1,1,1,1,1,1,0,195.1266,8.020000,0.055400,8.080000,523502.5101,27.5600,1.5750,10.500,0.1800,1,2433,49302,44.4,55.6,44.4,55.6
184,60,512,1,0,0,0,1,0,1,0,1,0,1,1,1,0,1,0,1,1,196.8297,8.090000,0.055400,8.140000,523502.5101,10.1000,1.5975,10.650,0.0000,1,2433,49302,11.1,88.9,77.8,22.2
184,61,512,0,0,0,0,0,1,1,0,1,0,1,1,1,0,1,1,1,0,196.5864,8.080000,0.055400,8.140000,523502.5101,26.9100,1.5495,10.330,0.2300,1,2433,49302,33.3,66.7,66.7,33.3
184,63,512,0,0,1,1,0,1,0,1,0,1,1,1,1,1,1,1,1,1,200.9658,8.260000,0.055400,8.320000,523502.5101,13.4600,1.5975,10.650,0.0000,1,2433,49302,44.4,55.6,11.1,88.9
184,65,512,0,0,0,0,0,0,1,0,0,1,0,1,1,1,1,1,1,0,195.1266,8.020000,0.055400,8.070000,523502.5101,6.9700,1.5960,10.640,0.0300,1,2433,49302,55.6,44.4,55.6,44.4
184,66,512,0,0,1,0,1,0,1,0,1,1,1,1,1,1,1,1,1,1,191.2338,7.860000,0.055400,7.920000,523502.5101,14.3300,1.5960,10.640,0.0000,1,2433,49302,11.1,88.9,44.4,55.6
184,69,512,0,0,1,0,0,0,1,0,0,0,0,0,1,0,1,0,1,0,181.0152,7.440000,0.055200,7.500000,523502.5101,26.9400,1.5975,10.650,0.0100,1,2433,49302,44.4,55.6,100.0,0.0
184,72,512,1,1,0,1,0,1,0,1,1,0,1,1,1,1,1,1,1,1,191.9637,7.890000,0.055400,7.950000,523502.5101,5.6200,1.5945,10.630,0.0200,1,2433,49302,33.3,66.7,11.1,88.9
184,73,512,0,0,0,1,1,1,0,1,1,1,0,0,0,0,1,1,1,0,198.0462,8.140000,0.055400,8.200000,523502.5101,7.1100,1.5465,10.310,0.2500,1,2433,49302,55.6,44.4,44.4,55.6
184,82,512,0,0,0,0,1,0,1,0,1,1,1,1,1,1,1,0,0,0,1000000000.0000,8.090000,0.055400,8.150000,523502.5101,-100.0000,1.5975,10.650,0.0400,1,-1,-1,33.3,66.7,66.7,33.3
184,85,512,1,0,1,0,1,1,1,1,1,1,1,1,1,1,1,1,0,0,203.1555,8.350000,0.055400,8.410000,523502.5101,27.8000,1.5825,10.550,0.1400,1,2433,49302,11.1,88.9,33.3,66.7
184,87,512,0,0,1,0,0,0,1,0,1,1,1,0,1,0,0,1,1,0,195.6132,8.040000,0.055400,8.090000,523502.5101,26.9100,1.5975,10.650,0.0200,1,2433,49302,33.3,66.7,77.8,22.2
184,88,512,1,0,1,0,0,0,0,0,1,0,1,1,1,0,1,0,0,0,182.4750,7.500000,0.055400,7.550000,523502.5101,26.8900,1.5840,10.560,0.0800,1,2433,49302,33.3,66.7,88.9,11.1
184,90,512,1,1,0,1,1,1,0,1,0,1,0,1,1,1,1,1,1,1,181.5018,7.460000,0.055400,7.520000,523502.5101,13.7400,1.5405,10.270,0.3000,1,2433,49302,44.4,55.6,0.0,100.0
184,92,512,1,1,0,0,0,1,1,0,1,1,1,1,1,0,1,0,1,0,204.3720,8.400000,0.055400,8.460000,523502.5101,17.6900,1.6035,10.690,0.0200,1,2433,49302,22.2,77.8,55.6,44.4
184,95,512,0,0,0,0,1,0,1,0,0,0,1,1,1,1,1,1,1,0,190.7472,7.840000,0.055400,7.900000,523502.5101,27.5400,1.5975,10.650,0.0400,1,2433,49302,33.3,66.7,66.7,33.3
184,97,512,1,1,0,0,0,0,1,0,1,1,0,0,1,0,1,0,0,0,173.2296,7.120000,0.055400,7.170000,523502.5101,17.4500,1.5930,10.620,0.0400,1,2433,49302,44.4,55.6,77.8,22.2
