generation,solution_id,fft_size,s0_mult,s0_add,s1_mult,s1_add,s2_mult,s2_add,s3_mult,s3_add,s4_mult,s4_add,s5_mult,s5_add,energy_nJ_perFFT,dyn_power_mW,static_power_mW,power_mW,area_um2,sqnr_dB,norm_latency,crit_delay_ns,slack_ns,meets_timing,avg_exec_cycles,tot_sim_cycles,fp4_mult_pct,fp8_mult_pct,fp4_add_pct,fp8_add_pct
65,0,64,0,0,0,0,0,0,0,0,0,0,0,0,20.3391,7.290000,0.055000,7.350000,523502.5101,19.7600,1.2380,12.380,-1.6700,0,279,5896,100.0,0.0,100.0,0.0
65,1,64,1,1,1,1,1,1,1,1,1,1,1,1,20.5902,7.380000,0.055300,7.440000,523502.5101,37.0000,1.0360,10.360,0.2100,1,279,5896,0.0,100.0,0.0,100.0
65,2,64,1,1,1,1,1,1,0,0,0,0,0,0,25.1100,9.000000,0.055400,9.060000,523502.5101,29.6000,1.0620,10.620,0.0200,1,279,5896,50.0,50.0,50.0,50.0
65,3,64,0,0,0,0,0,0,1,1,1,1,1,1,23.3802,8.380000,0.055400,8.430000,523502.5101,13.2200,1.0610,10.610,0.0200,1,279,5896,50.0,50.0,50.0,50.0
65,4,64,1,0,1,0,1,0,1,0,1,0,1,0,22.7385,8.150000,0.055200,8.210000,523502.5101,20.3400,1.0720,10.720,0.0000,1,279,5896,0.0,100.0,100.0,0.0
65,5,64,0,1,0,1,0,1,0,1,0,1,0,1,19.0752,6.837000,0.055100,6.890000,523502.5101,11.3000,1.0730,10.730,0.0500,1,279,5896,100.0,0.0,0.0,100.0
65,6,64,0,1,0,1,0,1,0,0,1,1,0,0,23.2128,8.320000,0.055400,8.380000,523502.5101,18.5100,1.0670,10.670,0.0100,1,279,5896,83.3,16.7,33.3,66.7
65,7,64,1,0,1,0,0,1,1,1,1,1,1,1,24.3009,8.710000,0.055400,8.770000,523502.5101,22.5000,1.0610,10.610,0.0300,1,279,5896,16.7,83.3,33.3,66.7
65,8,64,1,1,1,1,0,0,0,0,0,0,0,0,23.7429,8.510000,0.055400,8.560000,523502.5101,28.5200,1.0620,10.620,0.0200,1,279,5896,66.7,33.3,66.7,33.3
65,9,64,0,0,1,0,0,0,0,0,1,1,1,1,23.1012,8.280000,0.055400,8.330000,523502.5101,11.7400,1.0350,10.350,0.1800,1,279,5896,50.0,50.0,66.7,33.3
65,10,64,0,1,0,1,1,1,0,1,1,0,1,1,23.8824,8.560000,0.055400,8.620000,523502.5101,3.9000,1.0620,10.620,0.0700,1,279,5896,50.0,50.0,16.7,83.3
65,11,64,0,1,0,1,0,1,0,1,0,0,1,0,23.0733,8.270000,0.055400,8.330000,523502.5101,9.0800,1.0650,10.650,0.0100,1,279,5896,83.3,16.7,33.3,66.7
65,12,64,1,0,0,1,1,0,0,0,0,1,0,0,23.1570,8.300000,0.055400,8.360000,523502.5101,19.7900,1.0610,10.610,0.0300,1,279,5896,66.7,33.3,66.7,33.3
65,13,64,1,1,0,1,1,1,0,0,0,0,0,1,23.5476,8.440000,0.055400,8.500000,523502.5101,5.6300,1.0610,10.610,0.0500,1,279,5896,66.7,33.3,33.3,66.7
65,14,64,1,0,1,0,1,1,1,1,0,1,0,1,24.0219,8.610000,0.055400,8.660000,523502.5101,12.0400,1.0570,10.570,0.0600,1,279,5896,33.3,66.7,33.3,66.7
65,15,64,0,1,1,1,0,1,1,1,1,0,0,0,23.4081,8.390000,0.055400,8.440000,523502.5101,18.1300,1.0660,10.660,0.0400,1,279,5896,50.0,50.0,33.3,66.7
65,16,64,0,1,0,1,0,1,0,0,0,0,1,1,24.0777,8.630000,0.055400,8.690000,523502.5101,3.4500,1.0650,10.650,0.0400,1,279,5896,83.3,16.7,33.3,66.7
65,17,64,0,0,1,1,0,1,0,1,0,1,1,1,23.4918,8.420000,0.055400,8.480000,523502.5101,12.3100,1.0590,10.590,0.0500,1,279,5896,66.7,33.3,16.7,83.3
65,18,64,0,1,1,0,0,1,1,1,1,1,1,0,24.3009,8.710000,0.055400,8.760000,523502.5101,19.9100,1.0550,10.550,0.0100,1,279,5896,33.3,66.7,33.3,66.7
65,19,64,1,1,1,1,1,0,0,1,1,1,1,1,23.9661,8.590000,0.055400,8.650000,523502.5101,11.4600,1.0650,10.650,0.0100,1,279,5896,16.7,83.3,16.7,83.3
65,20,64,0,0,0,1,0,1,1,0,1,1,1,1,24.1056,8.640000,0.055400,8.690000,523502.5101,11.7600,1.0660,10.660,0.0100,1,279,5896,50.0,50.0,33.3,66.7
65,21,64,0,1,0,0,1,0,1,0,0,0,0,0,24.0498,8.620000,0.055400,8.670000,523502.5101,18.4700,1.0560,10.560,0.0900,1,279,5896,66.7,33.3,83.3,16.7
65,22,64,0,1,0,0,1,0,1,0,0,0,0,1,22.9896,8.240000,0.055400,8.300000,523502.5101,3.2900,1.0640,10.640,0.0200,1,279,5896,66.7,33.3,66.7,33.3
65,23,64,0,1,1,1,1,0,0,1,1,0,1,1,23.7429,8.510000,0.055400,8.570000,523502.5101,4.1200,1.0650,10.650,0.0300,1,279,5896,33.3,66.7,33.3,66.7
65,24,64,1,0,0,1,0,0,0,0,0,1,0,1,22.9338,8.220000,0.055400,8.280000,523502.5101,11.2200,1.0190,10.190,0.4600,1,279,5896,83.3,16.7,50.0,50.0
65,25,64,0,0,0,1,1,0,1,0,1,0,1,0,23.2128,8.320000,0.055400,8.370000,523502.5101,20.3400,1.0410,10.410,0.2800,1,279,5896,33.3,66.7,83.3,16.7
65,26,64,0,0,1,1,1,0,0,0,0,0,0,0,23.6034,8.460000,0.055400,8.520000,523502.5101,19.7600,1.0290,10.290,0.2700,1,279,5896,66.7,33.3,83.3,16.7
65,27,64,0,0,1,1,0,1,0,1,0,0,1,1,23.4081,8.390000,0.055400,8.450000,523502.5101,11.0300,1.0710,10.710,-0.0200,0,279,5896,66.7,33.3,33.3,66.7
65,28,64,0,1,0,0,0,1,1,0,1,1,0,1,23.0454,8.260000,0.055400,8.310000,523502.5101,3.6200,1.0640,10.640,0.0400,1,279,5896,66.7,33.3,33.3,66.7
65,29,64,0,1,0,0,0,1,1,1,0,1,0,0,24.0777,8.630000,0.055400,8.690000,523502.5101,8.4100,1.0690,10.690,0.0100,1,279,5896,83.3,16.7,33.3,66.7
65,30,64,1,1,0,0,0,0,0,1,1,0,0,1,23.3802,8.380000,0.055400,8.440000,523502.5101,4.6800,1.0610,10.610,0.0000,1,279,5896,66.7,33.3,50.0,50.0
65,31,64,1,1,1,0,0,1,1,1,1,1,1,0,25.4727,9.130000,0.055400,9.190000,523502.5101,30.3700,1.0600,10.600,0.0500,1,279,5896,16.7,83.3,33.3,66.7
65,32,64,0,1,0,1,0,0,0,1,0,0,0,0,22.4316,8.040000,0.055100,8.090000,523502.5101,17.9500,1.4230,14.230,-3.5000,0,279,5896,100.0,0.0,50.0,50.0
65,33,64,0,1,0,0,0,1,0,1,0,0,1,0,23.2407,8.330000,0.055400,8.380000,523502.5101,9.0600,1.0650,10.650,0.0100,1,279,5896,83.3,16.7,50.0,50.0
65,34,64,1,1,0,1,0,0,1,0,0,1,1,0,23.9103,8.570000,0.055400,8.630000,523502.5101,29.0300,1.0640,10.640,0.0100,1,279,5896,50.0,50.0,50.0,50.0
65,35,64,0,1,0,0,1,1,0,1,1,1,1,1,23.4639,8.410000,0.055400,8.460000,523502.5101,5.9800,1.0640,10.640,0.0000,1,279,5896,50.0,50.0,16.7,83.3
65,36,64,0,0,1,1,0,1,0,0,1,0,1,1,22.9338,8.220000,0.055400,8.280000,523502.5101,11.1200,1.0620,10.620,0.0000,1,279,5896,50.0,50.0,50.0,50.0
65,37,64,0,1,0,1,1,1,0,0,0,0,0,1,22.4874,8.060000,0.055400,8.120000,523502.5101,3.6200,1.0630,10.630,0.0100,1,279,5896,83.3,16.7,33.3,66.7
65,38,64,0,1,0,0,0,0,1,0,1,0,0,0,23.5476,8.440000,0.055400,8.490000,523502.5101,18.5200,1.0660,10.660,0.0100,1,279,5896,66.7,33.3,83.3,16.7
65,39,64,0,0,1,1,0,0,0,1,1,1,1,0,24.0777,8.630000,0.055400,8.680000,523502.5101,20.2300,1.0530,10.530,0.1200,1,279,5896,50.0,50.0,50.0,50.0
65,40,64,1,0,0,1,1,1,0,0,1,1,0,0,23.8824,8.560000,0.055400,8.610000,523502.5101,20.1000,1.0650,10.650,0.0500,1,279,5896,50.0,50.0,50.0,50.0
65,41,64,1,1,1,1,1,1,1,1,0,0,0,1,23.7987,8.530000,0.055400,8.580000,523502.5101,8.2300,1.0650,10.650,0.0000,1,279,5896,33.3,66.7,16.7,83.3
65,42,64,0,1,0,1,1,0,1,0,1,0,1,1,22.8222,8.180000,0.055400,8.240000,523502.5101,3.4500,1.0510,10.510,0.0700,1,279,5896,33.3,66.7,50.0,50.0
65,43,64,0,0,0,0,0,0,0,0,0,1,0,0,22.0689,7.910000,0.055100,7.960000,523502.5101,19.7900,1.2540,12.540,-1.8100,0,279,5896,100.0,0.0,83.3,16.7
65,44,64,0,0,1,0,0,0,0,1,0,1,1,1,23.1291,8.290000,0.055400,8.340000,523502.5101,12.0000,1.0600,10.600,0.0300,1,279,5896,66.7,33.3,50.0,50.0
65,45,64,0,0,1,0,0,1,0,1,0,0,0,1,23.5197,8.430000,0.055400,8.490000,523502.5101,11.0100,1.0660,10.660,0.0400,1,279,5896,83.3,16.7,50.0,50.0
65,46,64,1,1,1,0,0,1,0,0,1,0,1,1,23.2407,8.330000,0.055400,8.390000,523502.5101,5.1500,1.0650,10.650,0.0100,1,279,5896,33.3,66.7,50.0,50.0
65,47,64,1,0,0,0,1,0,0,0,0,0,0,0,22.9059,8.210000,0.055200,8.270000,523502.5101,19.7600,1.0650,10.650,0.0100,1,279,5896,66.7,33.3,100.0,0.0
65,48,64,1,1,0,0,0,1,0,1,1,0,1,1,23.7987,8.530000,0.055400,8.590000,523502.5101,5.0100,1.0630,10.630,0.0600,1,279,5896,50.0,50.0,33.3,66.7
65,49,64,1,1,0,0,0,1,0,0,0,1,0,1,23.9661,8.590000,0.055400,8.650000,523502.5101,5.0600,1.0640,10.640,0.0100,1,279,5896,83.3,16.7,33.3,66.7
65,50,64,0,0,0,0,0,1,1,0,0,1,1,1,22.7664,8.160000,0.055400,8.210000,523502.5101,11.6400,1.0560,10.560,0.1200,1,279,5896,66.7,33.3,50.0,50.0
65,51,64,1,0,1,1,1,1,1,0,1,1,1,0,24.3567,8.730000,0.055400,8.780000,523502.5101,20.5300,1.0630,10.630,0.0000,1,279,5896,0.0,100.0,50.0,50.0
65,52,64,0,0,0,1,1,1,0,1,1,0,0,1,23.9103,8.570000,0.055400,8.630000,523502.5101,11.1900,1.0620,10.620,0.0100,1,279,5896,66.7,33.3,33.3,66.7
65,53,64,0,0,0,0,1,1,1,1,1,1,1,1,22.8222,8.180000,0.055400,8.240000,523502.5101,24.2000,1.0650,10.650,0.0100,1,279,5896,33.3,66.7,33.3,66.7
65,54,64,1,0,0,1,1,0,1,1,0,0,1,0,23.2686,8.340000,0.055400,8.400000,523502.5101,19.9300,1.0820,10.820,-0.1100,0,279,5896,33.3,66.7,66.7,33.3
65,55,64,1,1,1,0,0,0,1,0,1,0,0,1,23.7429,8.510000,0.055400,8.560000,523502.5101,4.8600,1.0670,10.670,0.0000,1,279,5896,33.3,66.7,66.7,33.3
65,56,64,0,0,0,1,1,1,0,0,0,0,1,0,23.4081,8.390000,0.055400,8.450000,523502.5101,19.9900,1.0640,10.640,0.0000,1,279,5896,66.7,33.3,66.7,33.3
65,57,64,0,0,0,0,1,0,1,1,0,0,1,0,22.8780,8.200000,0.055400,8.250000,523502.5101,19.9300,1.0650,10.650,0.0000,1,279,5896,50.0,50.0,83.3,16.7
65,58,64,0,0,0,0,1,1,1,0,1,1,1,1,23.1291,8.290000,0.055400,8.350000,523502.5101,11.9800,1.0640,10.640,-0.0200,0,279,5896,33.3,66.7,50.0,50.0
65,59,64,0,0,1,1,0,0,1,0,0,1,1,0,23.1570,8.300000,0.055400,8.360000,523502.5101,20.2600,1.0640,10.640,0.0200,1,279,5896,50.0,50.0,66.7,33.3
65,60,64,1,1,0,1,1,1,1,0,0,1,0,1,23.0733,8.270000,0.055400,8.330000,523502.5101,6.1600,1.0600,10.600,0.0100,1,279,5896,50.0,50.0,16.7,83.3
65,61,64,0,0,1,1,0,0,0,0,0,1,1,0,21.7620,7.800000,0.055400,7.850000,523502.5101,19.8700,1.0660,10.660,0.0100,1,279,5896,66.7,33.3,66.7,33.3
65,62,64,1,1,1,0,0,0,0,1,0,0,0,0,23.9940,8.600000,0.055400,8.650000,523502.5101,28.5800,1.0640,10.640,0.0100,1,279,5896,66.7,33.3,66.7,33.3
65,63,64,1,1,1,0,1,0,1,0,1,1,0,0,24.8031,8.890000,0.055400,8.940000,523502.5101,29.2500,1.0660,10.660,0.0000,1,279,5896,16.7,83.3,66.7,33.3
65,64,64,1,0,1,1,0,1,1,0,0,0,1,0,23.3802,8.380000,0.055400,8.430000,523502.5101,20.0700,1.0650,10.650,0.0300,1,279,5896,33.3,66.7,66.7,33.3
65,65,64,0,1,0,1,1,0,1,0,1,0,1,0,23.5197,8.430000,0.055400,8.480000,523502.5101,18.7300,1.0690,10.690,0.0200,1,279,5896,33.3,66.7,66.7,33.3
65,66,64,0,0,1,1,1,1,1,1,0,0,1,1,23.6313,8.470000,0.055400,8.530000,523502.5101,11.6000,1.0680,10.680,0.0000,1,279,5896,33.3,66.7,33.3,66.7
65,67,64,1,1,0,1,1,0,0,1,1,0,0,0,23.0454,8.260000,0.055400,8.320000,523502.5101,28.2100,1.0590,10.590,0.0400,1,279,5896,50.0,50.0,50.0,50.0
65,68,64,0,1,1,1,1,1,1,1,1,1,0,0,23.6592,8.480000,0.055400,8.530000,523502.5101,10.5100,1.0660,10.660,0.0200,1,279,5896,33.3,66.7,16.7,83.3
65,69,64,1,0,0,1,1,0,0,0,0,1,1,1,23.8266,8.540000,0.055400,8.590000,523502.5101,11.5900,1.0630,10.630,0.0100,1,279,5896,50.0,50.0,50.0,50.0
65,70,64,0,0,0,0,1,1,1,0,0,1,0,0,22.9896,8.240000,0.055400,8.300000,523502.5101,20.2300,1.0690,10.690,-0.0100,0,279,5896,66.7,33.3,66.7,33.3
65,71,64,0,0,0,1,0,1,0,1,0,1,1,0,24.3288,8.720000,0.055400,8.770000,523502.5101,9.8000,1.0680,10.680,-0.0500,0,279,5896,83.3,16.7,33.3,66.7
65,72,64,1,1,1,0,1,0,0,1,1,0,1,0,24.4683,8.770000,0.055400,8.830000,523502.5101,28.6300,1.0570,10.570,0.0800,1,279,5896,16.7,83.3,66.7,33.3
65,73,64,1,1,1,0,0,0,1,1,1,1,1,1,24.3288,8.720000,0.055400,8.770000,523502.5101,9.7400,1.0650,10.650,0.0000,1,279,5896,16.7,83.3,33.3,66.7
65,74,64,1,0,0,0,1,1,1,1,1,0,1,0,23.6034,8.460000,0.055400,8.510000,523502.5101,21.1200,1.0610,10.610,0.0400,1,279,5896,16.7,83.3,66.7,33.3
65,75,64,0,0,1,0,1,1,0,0,0,0,1,0,23.3244,8.360000,0.055400,8.420000,523502.5101,19.9900,1.0670,10.670,0.0300,1,279,5896,50.0,50.0,83.3,16.7
65,76,64,0,0,1,0,0,0,1,1,0,0,0,1,22.7106,8.140000,0.055400,8.190000,523502.5101,11.0700,1.0620,10.620,0.0000,1,279,5896,66.7,33.3,66.7,33.3
65,77,64,1,0,1,0,1,1,1,1,0,0,0,1,23.3523,8.370000,0.055400,8.430000,523502.5101,11.5700,1.0660,10.660,0.0200,1,279,5896,33.3,66.7,50.0,50.0
65,78,64,0,0,1,0,1,0,0,0,1,0,0,0,21.5946,7.740000,0.055200,7.790000,523502.5101,20.0100,1.0720,10.720,0.0000,1,279,5896,50.0,50.0,100.0,0.0
65,79,64,1,1,1,0,1,0,1,0,1,0,0,1,22.8780,8.200000,0.055400,8.260000,523502.5101,4.9400,1.0670,10.670,0.0200,1,279,5896,16.7,83.3,66.7,33.3
65,80,64,0,0,1,0,1,1,0,0,0,0,1,1,22.9338,8.220000,0.055400,8.270000,523502.5101,11.1600,1.0670,10.670,-0.0100,0,279,5896,50.0,50.0,66.7,33.3
65,81,64,1,0,0,0,0,0,0,1,1,1,0,1,23.0454,8.260000,0.055400,8.310000,523502.5101,11.6900,1.0630,10.630,0.0200,1,279,5896,66.7,33.3,50.0,50.0
65,82,64,0,0,1,1,0,0,1,0,1,1,0,0,22.9338,8.220000,0.055400,8.280000,523502.5101,20.2600,1.0630,10.630,0.0100,1,279,5896,50.0,50.0,66.7,33.3
65,83,64,0,0,1,0,1,0,0,1,0,0,1,1,22.9059,8.210000,0.055400,8.270000,523502.5101,11.0100,1.0640,10.640,0.0000,1,279,5896,50.0,50.0,66.7,33.3
65,84,64,0,1,0,0,0,1,1,1,1,0,0,1,23.6034,8.460000,0.055400,8.520000,523502.5101,3.5000,1.0620,10.620,0.0200,1,279,5896,66.7,33.3,33.3,66.7
65,85,64,1,0,0,0,0,1,1,0,1,1,0,1,23.5476,8.440000,0.055400,8.500000,523502.5101,11.2900,1.0660,10.660,0.0100,1,279,5896,50.0,50.0,50.0,50.0
65,86,64,0,0,0,0,1,1,0,0,0,1,1,0,22.6548,8.120000,0.055400,8.170000,523502.5101,20.0100,1.0460,10.460,0.2100,1,279,5896,66.7,33.3,66.7,33.3
65,87,64,0,0,1,1,1,1,1,1,0,1,0,1,23.2407,8.330000,0.055400,8.390000,523502.5101,12.0400,1.0630,10.630,0.0200,1,279,5896,50.0,50.0,16.7,83.3
65,88,64,0,0,1,0,1,0,1,0,0,0,0,1,22.4874,8.060000,0.055400,8.120000,523502.5101,11.0000,1.0660,10.660,0.0000,1,279,5896,50.0,50.0,83.3,16.7
65,89,64,1,1,1,1,0,0,0,1,0,0,1,1,23.3244,8.360000,0.055400,8.410000,523502.5101,5.5300,1.0640,10.640,0.0000,1,279,5896,50.0,50.0,33.3,66.7
65,90,64,1,1,0,1,1,1,0,1,0,1,1,0,23.6034,8.460000,0.055400,8.510000,523502.5101,10.3400,1.0630,10.630,0.0000,1,279,5896,50.0,50.0,16.7,83.3
65,91,64,1,0,0,0,0,0,0,0,0,0,1,1,22.0410,7.900000,0.055400,7.960000,523502.5101,11.0400,1.0660,10.660,0.0000,1,279,5896,66.7,33.3,83.3,16.7
65,92,64,0,1,0,1,0,0,1,1,1,0,1,0,23.8824,8.560000,0.055400,8.620000,523502.5101,18.6400,1.0640,10.640,0.0400,1,279,5896,50.0,50.0,50.0,50.0
65,93,64,0,0,0,0,1,0,0,0,1,0,0,0,21.5667,7.730000,0.055200,7.790000,523502.5101,20.0100,1.0710,10.710,0.0500,1,279,5896,66.7,33.3,100.0,0.0
65,94,64,1,0,0,0,0,1,1,1,0,1,0,0,23.4360,8.400000,0.055400,8.450000,523502.5101,10.1900,1.0660,10.660,0.0300,1,279,5896,66.7,33.3,50.0,50.0
65,95,64,0,0,0,1,1,1,1,0,0,1,1,1,23.6313,8.470000,0.055400,8.520000,523502.5101,11.8400,1.0650,10.650,0.0000,1,279,5896,50.0,50.0,33.3,66.7
65,96,64,0,0,0,0,0,1,0,0,0,1,0,1,23.1570,8.300000,0.055100,8.360000,523502.5101,11.2500,1.2630,12.630,-1.8600,0,279,5896,100.0,0.0,50.0,50.0
65,97,64,0,0,0,0,1,1,1,1,0,0,1,0,22.6269,8.110000,0.055400,8.170000,523502.5101,20.5400,1.0680,10.680,0.0200,1,279,5896,50.0,50.0,66.7,33.3
65,98,64,0,0,1,1,1,1,1,1,1,0,1,1,23.8545,8.550000,0.055400,8.600000,523502.5101,11.8100,1.0660,10.660,0.0200,1,279,5896,16.7,83.3,33.3,66.7
66,0,64,1,0,0,1,1,0,1,1,0,1,0,0,24.5241,8.790000,0.055400,8.850000,523502.5101,10.1700,1.0610,10.610,0.0300,1,279,5896,50.0,50.0,50.0,50.0
66,1,64,0,0,1,0,1,0,0,0,1,0,1,1,23.5197,8.430000,0.055400,8.480000,523502.5101,11.1100,1.0630,10.630,0.0200,1,279,5896,33.3,66.7,83.3,16.7
66,2,64,0,0,0,1,0,1,0,1,0,0,1,0,24.1056,8.640000,0.055400,8.700000,523502.5101,10.3500,1.0620,10.620,0.0700,1,279,5896,83.3,16.7,50.0,50.0
66,3,64,1,1,1,1,1,1,0,0,0,1,0,0,24.1335,8.650000,0.055400,8.700000,523502.5101,29.4600,1.0550,10.550,0.0900,1,279,5896,50.0,50.0,33.3,66.7
66,4,64,1,0,1,1,1,1,1,1,0,1,0,1,23.9940,8.600000,0.055400,8.660000,523502.5101,12.0400,1.0620,10.620,0.0200,1,279,5896,33.3,66.7,16.7,83.3
66,5,64,1,0,0,0,1,1,0,1,1,1,1,1,23.1849,8.310000,0.055400,8.360000,523502.5101,13.7800,1.0540,10.540,0.0900,1,279,5896,33.3,66.7,33.3,66.7
66,6,64,1,0,1,1,0,1,1,1,0,0,1,0,25.1658,9.020000,0.055400,9.080000,523502.5101,20.2400,1.0650,10.650,0.0500,1,279,5896,33.3,66.7,50.0,50.0
66,7,64,0,0,1,1,0,1,1,0,0,1,1,1,24.4962,8.780000,0.055400,8.830000,523502.5101,11.6400,1.0660,10.660,0.0000,1,279,5896,50.0,50.0,33.3,66.7
66,8,64,1,1,0,1,1,1,0,1,0,1,1,1,20.5344,7.360000,0.055300,7.420000,523502.5101,15.7700,1.0290,10.290,0.2600,1,279,5896,50.0,50.0,0.0,100.0
66,9,64,0,0,0,0,1,1,0,0,0,0,1,0,23.4081,8.390000,0.055400,8.440000,523502.5101,19.9900,1.0660,10.660,0.0100,1,279,5896,66.7,33.3,83.3,16.7
66,10,64,1,1,0,0,0,1,0,1,1,0,0,0,23.3523,8.370000,0.055400,8.430000,523502.5101,10.5600,1.0640,10.640,0.0000,1,279,5896,66.7,33.3,50.0,50.0
66,11,64,1,0,1,1,1,1,1,0,0,0,1,0,24.6078,8.820000,0.055400,8.870000,523502.5101,20.2700,1.0680,10.680,0.0000,1,279,5896,16.7,83.3,66.7,33.3
66,12,64,1,1,0,0,1,0,0,1,1,0,1,0,23.1849,8.310000,0.055400,8.370000,523502.5101,28.3500,1.0410,10.410,0.2400,1,279,5896,33.3,66.7,66.7,33.3
66,13,64,1,1,1,1,1,1,1,1,1,1,0,0,24.5241,8.790000,0.055400,8.840000,523502.5101,36.8900,1.0620,10.620,0.0400,1,279,5896,16.7,83.3,16.7,83.3
66,14,64,0,0,0,1,1,1,0,0,0,0,0,1,23.6592,8.480000,0.055400,8.540000,523502.5101,11.0900,1.0560,10.560,0.1200,1,279,5896,83.3,16.7,50.0,50.0
66,15,64,0,0,0,0,1,0,1,0,1,0,1,0,22.1526,7.940000,0.055200,8.000000,523502.5101,20.3400,1.0730,10.730,0.0100,1,279,5896,33.3,66.7,100.0,0.0
66,16,64,1,0,1,0,0,0,1,1,1,1,1,1,23.2686,8.340000,0.055400,8.400000,523502.5101,13.2200,1.0630,10.630,0.0000,1,279,5896,16.7,83.3,50.0,50.0
66,17,64,1,0,1,0,1,1,1,0,1,1,1,0,23.5476,8.440000,0.055400,8.500000,523502.5101,20.5300,1.0570,10.570,0.1200,1,279,5896,0.0,100.0,66.7,33.3
66,18,64,0,1,1,0,0,0,1,1,1,1,1,0,23.8266,8.540000,0.055400,8.600000,523502.5101,19.0000,1.0480,10.480,0.1600,1,279,5896,33.3,66.7,50.0,50.0
66,19,64,0,0,1,0,1,0,0,0,0,0,0,1,22.1526,7.940000,0.055400,8.000000,523502.5101,11.0100,1.0630,10.630,0.0100,1,279,5896,66.7,33.3,83.3,16.7
66,20,64,0,0,0,0,0,0,0,1,1,1,1,0,23.2128,8.320000,0.055400,8.380000,523502.5101,20.2300,1.0630,10.630,0.0100,1,279,5896,66.7,33.3,66.7,33.3
66,21,64,0,0,1,1,0,0,1,1,1,1,0,0,24.1335,8.650000,0.055400,8.710000,523502.5101,20.2900,1.0610,10.610,0.0300,1,279,5896,50.0,50.0,50.0,50.0
66,22,64,0,0,1,1,1,0,0,0,1,0,0,0,22.8780,8.200000,0.055400,8.250000,523502.5101,20.0100,1.0350,10.350,0.2100,1,279,5896,50.0,50.0,83.3,16.7
66,23,64,0,0,1,1,1,0,0,0,0,1,1,0,22.6827,8.130000,0.055400,8.190000,523502.5101,19.8700,1.0670,10.670,0.0000,1,279,5896,50.0,50.0,66.7,33.3
66,24,64,0,0,1,1,1,1,1,1,1,1,1,1,24.0498,8.620000,0.055400,8.670000,523502.5101,24.2000,1.0550,10.550,0.1100,1,279,5896,16.7,83.3,16.7,83.3
66,25,64,1,0,0,1,0,1,1,1,0,1,0,0,23.9940,8.600000,0.055400,8.650000,523502.5101,10.1900,1.0580,10.580,0.0800,1,279,5896,66.7,33.3,33.3,66.7
66,26,64,0,0,1,1,1,0,1,1,1,1,0,0,24.2451,8.690000,0.055400,8.750000,523502.5101,20.2900,1.0630,10.630,0.0200,1,279,5896,33.3,66.7,50.0,50.0
66,27,64,1,1,0,0,0,1,1,0,1,1,0,1,23.8824,8.560000,0.055400,8.610000,523502.5101,5.3600,1.0610,10.610,0.0900,1,279,5896,50.0,50.0,33.3,66.7
66,28,64,0,0,0,0,0,1,1,0,0,1,0,0,22.6548,8.120000,0.055400,8.180000,523502.5101,19.9700,1.0640,10.640,0.0200,1,279,5896,83.3,16.7,66.7,33.3
66,29,64,0,1,0,1,0,1,0,1,0,0,0,1,23.2965,8.350000,0.055100,8.410000,523502.5101,3.3400,1.4360,14.360,-3.6000,0,279,5896,100.0,0.0,16.7,83.3
66,30,64,0,0,0,1,0,0,0,0,0,1,0,1,22.7664,8.160000,0.055100,8.210000,523502.5101,11.2200,1.4240,14.240,-3.4700,0,279,5896,100.0,0.0,50.0,50.0
66,31,64,0,1,1,0,0,1,1,1,1,1,1,1,23.9940,8.600000,0.055400,8.650000,523502.5101,6.5300,1.0510,10.510,0.1600,1,279,5896,33.3,66.7,16.7,83.3
66,32,64,0,1,0,0,0,0,1,0,1,0,1,0,23.7708,8.520000,0.055400,8.580000,523502.5101,18.7700,1.0620,10.620,0.0500,1,279,5896,50.0,50.0,83.3,16.7
66,33,64,0,0,1,1,0,0,0,1,1,1,0,0,23.5476,8.440000,0.055400,8.500000,523502.5101,20.1300,1.0650,10.650,0.0100,1,279,5896,66.7,33.3,50.0,50.0
66,34,64,0,0,1,1,1,1,1,1,0,0,1,0,24.0219,8.610000,0.055400,8.660000,523502.5101,20.5400,1.0570,10.570,0.0000,1,279,5896,33.3,66.7,50.0,50.0
66,35,64,0,0,1,0,1,1,0,0,0,1,1,1,23.2965,8.350000,0.055400,8.400000,523502.5101,11.7200,1.0660,10.660,0.0000,1,279,5896,50.0,50.0,50.0,50.0
66,36,64,0,1,1,1,0,1,1,1,1,0,1,1,23.1570,8.300000,0.055400,8.360000,523502.5101,4.2500,1.0630,10.630,0.0100,1,279,5896,33.3,66.7,16.7,83.3
66,37,64,0,0,1,1,0,0,1,1,0,1,1,0,23.8545,8.550000,0.055400,8.600000,523502.5101,10.2900,1.0650,10.650,0.0200,1,279,5896,50.0,50.0,50.0,50.0
66,38,64,1,0,0,0,0,0,0,0,1,1,1,1,22.9059,8.210000,0.055400,8.260000,523502.5101,11.7400,1.0650,10.650,0.0200,1,279,5896,50.0,50.0,66.7,33.3
66,39,64,0,0,1,0,0,0,1,1,1,1,1,1,22.6269,8.110000,0.055400,8.170000,523502.5101,13.2200,1.0640,10.640,0.0100,1,279,5896,33.3,66.7,50.0,50.0
66,40,64,0,0,1,1,1,1,1,1,0,1,1,0,24.7194,8.860000,0.055400,8.910000,523502.5101,10.7000,1.0510,10.510,0.1300,1,279,5896,33.3,66.7,33.3,66.7
66,41,64,1,0,0,1,1,0,0,0,0,0,0,0,23.2128,8.320000,0.055400,8.380000,523502.5101,19.7600,1.0340,10.340,0.2300,1,279,5896,66.7,33.3,83.3,16.7
66,42,64,0,0,1,1,0,1,0,0,0,0,0,0,23.4918,8.420000,0.055400,8.470000,523502.5101,20.0400,1.0670,10.670,0.0300,1,279,5896,83.3,16.7,66.7,33.3
66,43,64,1,1,1,1,0,0,1,1,1,1,1,1,23.6034,8.460000,0.055400,8.520000,523502.5101,11.0000,1.0650,10.650,0.0100,1,279,5896,16.7,83.3,16.7,83.3
66,44,64,0,1,0,0,0,1,1,0,1,0,0,0,24.3567,8.730000,0.055400,8.790000,523502.5101,18.3900,1.0640,10.640,0.0100,1,279,5896,66.7,33.3,66.7,33.3
66,45,64,0,0,0,0,1,1,1,0,0,1,1,0,23.5755,8.450000,0.055400,8.500000,523502.5101,20.3200,1.0640,10.640,0.0100,1,279,5896,50.0,50.0,66.7,33.3
66,46,64,0,0,1,1,0,0,1,1,1,1,1,1,23.4918,8.420000,0.055400,8.480000,523502.5101,13.2200,1.0680,10.680,0.0000,1,279,5896,33.3,66.7,33.3,66.7
66,47,64,1,0,0,1,1,0,1,0,0,0,1,0,22.9338,8.220000,0.055400,8.280000,523502.5101,20.1900,1.0340,10.340,0.3000,1,279,5896,33.3,66.7,83.3,16.7
66,48,64,0,0,0,0,0,1,0,1,0,0,1,1,22.9338,8.220000,0.055400,8.270000,523502.5101,11.0300,1.0670,10.670,0.0000,1,279,5896,83.3,16.7,50.0,50.0
66,49,64,1,1,1,0,0,0,0,1,1,0,1,0,24.4962,8.780000,0.055400,8.830000,523502.5101,28.7100,1.0640,10.640,0.0000,1,279,5896,33.3,66.7,66.7,33.3
66,50,64,1,1,0,0,1,1,1,1,1,1,1,1,23.5197,8.430000,0.055400,8.490000,523502.5101,10.6500,1.0670,10.670,0.0000,1,279,5896,16.7,83.3,16.7,83.3
66,51,64,1,0,0,0,1,1,0,0,1,1,0,0,22.9059,8.210000,0.055400,8.260000,523502.5101,20.1000,1.0650,10.650,0.0100,1,279,5896,50.0,50.0,66.7,33.3
66,52,64,1,1,0,1,1,1,0,1,0,0,0,0,24.1335,8.650000,0.055400,8.700000,523502.5101,11.9400,1.0630,10.630,0.0100,1,279,5896,66.7,33.3,33.3,66.7
66,53,64,1,0,1,1,1,1,0,0,0,0,0,0,23.6592,8.480000,0.055400,8.530000,523502.5101,19.8700,1.0630,10.630,0.0000,1,279,5896,50.0,50.0,66.7,33.3
66,54,64,0,0,0,0,1,1,1,0,1,1,1,0,23.0733,8.270000,0.055400,8.320000,523502.5101,20.5300,1.0640,10.640,0.0200,1,279,5896,33.3,66.7,66.7,33.3
66,55,64,0,1,0,1,0,1,1,0,1,0,1,0,24.6915,8.850000,0.055400,8.900000,523502.5101,18.4800,1.0680,10.680,0.0100,1,279,5896,50.0,50.0,50.0,50.0
66,56,64,0,1,1,0,0,1,0,1,0,0,0,1,23.4081,8.390000,0.055400,8.450000,523502.5101,3.4100,1.0620,10.620,0.0000,1,279,5896,83.3,16.7,33.3,66.7
66,57,64,0,0,0,0,1,1,0,1,0,0,1,0,22.9617,8.230000,0.055400,8.290000,523502.5101,10.1700,1.0700,10.700,0.0000,1,279,5896,66.7,33.3,66.7,33.3
66,58,64,0,0,0,1,0,0,1,0,0,1,1,1,22.5432,8.080000,0.055400,8.140000,523502.5101,11.6600,1.0610,10.610,0.0700,1,279,5896,66.7,33.3,50.0,50.0
66,59,64,1,1,0,1,1,1,0,1,0,1,0,0,24.9426,8.940000,0.055400,8.990000,523502.5101,10.6700,1.0680,10.680,0.0200,1,279,5896,66.7,33.3,16.7,83.3
66,60,64,0,0,0,1,0,0,1,1,0,0,0,1,23.5197,8.430000,0.055400,8.490000,523502.5101,11.0700,1.0620,10.620,0.0100,1,279,5896,83.3,16.7,50.0,50.0
66,61,64,1,0,0,0,0,1,1,1,1,1,1,1,22.4595,8.050000,0.055400,8.100000,523502.5101,22.5000,1.0660,10.660,0.0200,1,279,5896,33.3,66.7,33.3,66.7
66,62,64,0,1,1,1,1,1,1,1,1,1,1,1,20.6739,7.410000,0.055300,7.470000,523502.5101,17.4100,1.0370,10.370,0.2000,1,279,5896,16.7,83.3,0.0,100.0
66,63,64,1,0,1,1,1,0,1,0,1,1,1,0,22.9896,8.240000,0.055400,8.300000,523502.5101,20.5500,1.0520,10.520,0.1500,1,279,5896,0.0,100.0,66.7,33.3
66,64,64,0,1,0,0,1,0,0,1,0,0,1,0,23.4639,8.410000,0.055400,8.470000,523502.5101,18.1200,1.0610,10.610,0.0900,1,279,5896,66.7,33.3,66.7,33.3
66,65,64,0,0,1,1,0,1,1,1,1,0,0,0,24.1335,8.650000,0.055400,8.710000,523502.5101,20.6400,1.0610,10.610,0.0300,1,279,5896,50.0,50.0,50.0,50.0
66,66,64,0,0,0,1,1,1,1,1,1,0,0,1,23.8824,8.560000,0.055400,8.620000,523502.5101,11.7000,1.0680,10.680,0.0000,1,279,5896,50.0,50.0,33.3,66.7
66,67,64,0,0,0,0,1,1,0,0,0,1,0,0,22.4316,8.040000,0.055400,8.100000,523502.5101,19.8900,1.0630,10.630,0.0100,1,279,5896,83.3,16.7,66.7,33.3
66,68,64,1,0,0,1,1,1,0,0,1,1,1,0,23.9103,8.570000,0.055400,8.620000,523502.5101,20.2100,1.0670,10.670,0.0000,1,279,5896,33.3,66.7,50.0,50.0
66,69,64,0,1,1,0,0,1,0,0,1,1,0,0,23.8824,8.560000,0.055400,8.620000,523502.5101,18.8500,1.0630,10.630,0.0500,1,279,5896,66.7,33.3,50.0,50.0
66,70,64,1,0,0,1,0,1,1,0,1,1,1,1,24.1335,8.650000,0.055400,8.710000,523502.5101,11.7600,1.0620,10.620,0.0000,1,279,5896,33.3,66.7,33.3,66.7
66,71,64,0,0,1,1,1,1,0,0,0,0,0,0,24.2451,8.690000,0.055400,8.740000,523502.5101,19.8700,1.0550,10.550,0.1000,1,279,5896,66.7,33.3,66.7,33.3
66,72,64,0,1,0,1,1,1,1,1,1,0,1,0,23.4081,8.390000,0.055400,8.450000,523502.5101,19.4200,1.0640,10.640,0.0100,1,279,5896,33.3,66.7,33.3,66.7
66,73,64,0,0,0,0,1,1,1,1,0,1,1,0,23.9103,8.570000,0.055400,8.620000,523502.5101,10.7000,1.0620,10.620,0.0500,1,279,5896,50.0,50.0,50.0,50.0
66,74,64,1,0,0,1,0,0,1,1,0,1,0,1,23.8824,8.560000,0.055400,8.620000,523502.5101,11.5500,1.0630,10.630,0.0100,1,279,5896,66.7,33.3,33.3,66.7
66,75,64,0,0,1,0,0,1,0,0,1,1,1,1,23.0733,8.270000,0.055400,8.320000,523502.5101,11.8000,1.0650,10.650,0.0000,1,279,5896,50.0,50.0,50.0,50.0
66,76,64,0,1,0,0,0,0,0,1,1,1,1,1,24.0219,8.610000,0.055400,8.670000,523502.5101,5.6600,1.0650,10.650,0.0100,1,279,5896,66.7,33.3,33.3,66.7
66,77,64,1,0,1,1,1,0,0,0,0,0,0,0,23.9382,8.580000,0.055400,8.630000,523502.5101,19.7600,1.0650,10.650,0.0100,1,279,5896,50.0,50.0,83.3,16.7
66,78,64,1,0,1,1,0,0,0,1,1,1,1,0,24.4404,8.760000,0.055400,8.810000,523502.5101,20.2300,1.0630,10.630,0.0500,1,279,5896,33.3,66.7,50.0,50.0
66,79,64,1,1,0,0,0,1,1,0,0,1,1,1,23.7429,8.510000,0.055400,8.560000,523502.5101,5.9000,1.0630,10.630,0.0000,1,279,5896,50.0,50.0,33.3,66.7
66,80,64,0,0,0,0,1,1,0,0,0,1,0,1,22.5432,8.080000,0.055400,8.140000,523502.5101,11.2600,1.0550,10.550,0.0000,1,279,5896,83.3,16.7,50.0,50.0
66,81,64,0,0,1,1,1,1,1,0,1,1,0,0,23.3244,8.360000,0.055400,8.420000,523502.5101,20.1700,1.0550,10.550,0.1000,1,279,5896,33.3,66.7,50.0,50.0
66,82,64,0,1,0,0,1,1,1,1,1,1,0,0,24.0498,8.620000,0.055400,8.680000,523502.5101,19.4500,1.0530,10.530,0.1100,1,279,5896,50.0,50.0,33.3,66.7
66,83,64,0,0,0,1,1,0,1,1,0,0,1,0,22.9338,8.220000,0.055400,8.280000,523502.5101,19.9300,1.0620,10.620,0.0300,1,279,5896,50.0,50.0,66.7,33.3
66,84,64,0,0,1,0,0,1,1,1,1,1,1,0,23.1849,8.310000,0.055400,8.370000,523502.5101,21.2200,1.0650,10.650,0.0200,1,279,5896,33.3,66.7,50.0,50.0
66,85,64,0,0,0,1,1,1,0,1,1,0,1,0,24.1614,8.660000,0.055400,8.720000,523502.5101,10.4700,1.0620,10.620,0.0400,1,279,5896,50.0,50.0,50.0,50.0
66,86,64,0,0,0,1,1,1,1,1,0,0,1,1,23.4081,8.390000,0.055400,8.450000,523502.5101,11.6000,1.0630,10.630,0.0100,1,279,5896,50.0,50.0,33.3,66.7
66,87,64,1,1,1,0,0,0,0,1,1,0,0,0,23.1012,8.280000,0.055400,8.330000,523502.5101,28.4500,1.0610,10.610,0.0400,1,279,5896,50.0,50.0,66.7,33.3
66,88,64,0,0,0,0,0,0,1,0,1,1,0,1,23.0454,8.260000,0.055400,8.320000,523502.5101,11.2800,1.0630,10.630,0.0000,1,279,5896,66.7,33.3,66.7,33.3
66,89,64,1,0,0,0,0,0,0,0,1,0,1,1,22.4595,8.050000,0.055400,8.110000,523502.5101,11.1100,1.0450,10.450,0.2300,1,279,5896,50.0,50.0,83.3,16.7
66,90,64,0,0,1,1,0,1,0,1,1,0,1,1,24.1893,8.670000,0.055400,8.720000,523502.5101,11.0800,1.0600,10.600,0.0700,1,279,5896,50.0,50.0,33.3,66.7
66,91,64,0,1,1,1,0,1,0,1,0,0,1,0,24.3846,8.740000,0.055400,8.800000,523502.5101,9.8800,1.0600,10.600,0.0600,1,279,5896,66.7,33.3,33.3,66.7
66,92,64,0,1,0,0,0,0,1,0,0,0,0,0,23.9940,8.600000,0.055400,8.650000,523502.5101,18.4700,1.0630,10.630,0.0400,1,279,5896,83.3,16.7,83.3,16.7
66,93,64,1,0,0,1,1,0,1,0,1,0,1,0,22.2921,7.990000,0.055400,8.050000,523502.5101,20.3400,1.0310,10.310,0.2600,1,279,5896,16.7,83.3,83.3,16.7
66,94,64,1,0,1,0,1,0,0,0,0,1,1,1,22.9059,8.210000,0.055400,8.270000,523502.5101,11.5900,1.0640,10.640,0.0000,1,279,5896,33.3,66.7,66.7,33.3
66,95,64,1,0,0,1,1,1,1,1,0,1,0,1,24.8589,8.910000,0.055400,8.970000,523502.5101,12.0400,1.0630,10.630,0.0100,1,279,5896,50.0,50.0,16.7,83.3
66,96,64,1,0,0,0,0,0,0,0,0,0,0,0,22.4595,8.050000,0.055300,8.100000,523502.5101,19.7600,1.0670,10.670,0.0000,1,279,5896,83.3,16.7,100.0,0.0
66,97,64,0,1,0,1,0,1,0,0,1,1,1,0,23.9103,8.570000,0.055400,8.630000,523502.5101,18.7800,1.0630,10.630,0.0300,1,279,5896,66.7,33.3,33.3,66.7
66,98,64,0,0,0,1,1,1,0,0,0,0,0,0,24.2451,8.690000,0.055400,8.740000,523502.5101,19.8700,1.0590,10.590,0.1100,1,279,5896,83.3,16.7,66.7,33.3
66,99,64,0,0,0,1,0,0,0,0,0,1,1,0,23.6592,8.480000,0.055400,8.530000,523502.5101,19.8700,1.0680,10.680,0.0200,1,279,5896,83.3,16.7,66.7,33.3
67,0,64,1,1,1,1,1,1,0,0,1,1,0,0,24.7194,8.860000,0.055400,8.920000,523502.5101,30.3200,1.0630,10.630,0.0200,1,279,5896,33.3,66.7,33.3,66.7
67,1,64,1,1,1,1,1,1,1,1,0,1,1,1,21.0645,7.550000,0.055300,7.610000,523502.5101,21.2800,1.0110,10.110,0.4600,1,279,5896,16.7,83.3,0.0,100.0
67,2,64,1,0,0,1,0,0,0,0,1,0,0,1,22.9617,8.230000,0.055400,8.280000,523502.5101,11.0800,1.0630,10.630,0.0100,1,279,5896,66.7,33.3,66.7,33.3
67,3,64,1,1,0,0,1,1,0,0,0,1,0,0,23.9382,8.580000,0.055400,8.640000,523502.5101,28.1800,1.0680,10.680,0.0300,1,279,5896,66.7,33.3,50.0,50.0
67,4,64,1,1,0,1,1,1,0,1,1,1,1,1,20.6739,7.410000,0.055300,7.470000,523502.5101,18.1000,1.0110,10.110,0.4600,1,279,5896,33.3,66.7,0.0,100.0
67,5,64,1,0,0,1,1,1,1,0,1,1,1,0,24.5241,8.790000,0.055400,8.850000,523502.5101,20.5300,1.0640,10.640,0.0500,1,279,5896,16.7,83.3,50.0,50.0
67,6,64,1,1,0,0,0,1,0,1,1,0,1,0,23.7429,8.510000,0.055400,8.570000,523502.5101,10.8700,1.0660,10.660,0.0100,1,279,5896,50.0,50.0,50.0,50.0
67,7,64,1,1,0,1,1,0,1,0,1,1,0,0,23.9661,8.590000,0.055400,8.650000,523502.5101,29.2200,1.0630,10.630,0.0200,1,279,5896,33.3,66.7,50.0,50.0
67,8,64,1,0,0,0,0,0,1,1,1,0,1,1,24.0498,8.620000,0.055400,8.680000,523502.5101,11.1900,1.0710,10.710,0.0100,1,279,5896,33.3,66.7,66.7,33.3
67,9,64,0,0,1,1,1,0,1,0,1,1,1,0,22.7943,8.170000,0.055400,8.220000,523502.5101,20.5500,1.0620,10.620,0.0100,1,279,5896,16.7,83.3,66.7,33.3
67,10,64,1,0,1,1,1,1,1,1,1,1,1,0,25.1100,9.000000,0.055400,9.060000,523502.5101,21.7500,1.0680,10.680,0.0100,1,279,5896,0.0,100.0,33.3,66.7
67,11,64,0,0,0,0,1,1,1,0,0,0,1,0,23.0175,8.250000,0.055400,8.300000,523502.5101,20.2700,1.0630,10.630,0.0000,1,279,5896,50.0,50.0,83.3,16.7
67,12,64,0,1,0,0,1,1,0,1,0,0,1,0,24.1056,8.640000,0.055400,8.700000,523502.5101,8.7500,1.0640,10.640,0.0200,1,279,5896,66.7,33.3,50.0,50.0
67,13,64,1,1,0,1,1,1,0,1,1,0,0,0,23.5197,8.430000,0.055400,8.490000,523502.5101,11.3800,1.0550,10.550,0.0200,1,279,5896,50.0,50.0,33.3,66.7
67,14,64,1,0,0,0,1,0,1,0,0,0,1,0,22.2084,7.960000,0.055200,8.010000,523502.5101,20.1900,1.0730,10.730,0.0100,1,279,5896,33.3,66.7,100.0,0.0
67,15,64,0,0,0,1,0,1,0,1,0,1,1,1,24.0777,8.630000,0.055400,8.680000,523502.5101,12.3100,1.0650,10.650,0.0000,1,279,5896,83.3,16.7,16.7,83.3
67,16,64,1,0,0,0,1,0,0,0,0,1,0,0,22.7385,8.150000,0.055400,8.210000,523502.5101,19.7900,1.0620,10.620,0.0200,1,279,5896,66.7,33.3,83.3,16.7
67,18,64,0,0,0,0,0,1,0,1,1,0,1,1,22.4874,8.060000,0.055400,8.120000,523502.5101,11.0800,1.0650,10.650,0.0000,1,279,5896,66.7,33.3,50.0,50.0
67,19,64,1,0,0,0,0,1,1,1,0,0,1,1,23.3244,8.360000,0.055400,8.420000,523502.5101,11.0800,1.0640,10.640,0.0200,1,279,5896,50.0,50.0,50.0,50.0
67,20,64,1,0,0,0,0,0,0,0,0,0,1,0,21.8178,7.820000,0.055200,7.880000,523502.5101,19.8500,1.0720,10.720,0.0000,1,279,5896,66.7,33.3,100.0,0.0
67,21,64,0,0,1,1,1,0,1,1,0,1,1,0,23.7150,8.500000,0.055400,8.560000,523502.5101,10.2900,1.0460,10.460,0.1200,1,279,5896,33.3,66.7,50.0,50.0
67,22,64,0,0,1,1,1,1,1,1,1,1,0,1,24.6078,8.820000,0.055400,8.870000,523502.5101,12.8500,1.0660,10.660,0.0100,1,279,5896,33.3,66.7,16.7,83.3
67,23,64,1,0,0,1,1,0,1,0,0,1,1,0,23.4360,8.400000,0.055400,8.450000,523502.5101,20.2600,1.0630,10.630,0.0200,1,279,5896,33.3,66.7,66.7,33.3
67,24,64,0,0,1,1,1,1,0,0,0,1,1,0,24.3288,8.720000,0.055400,8.780000,523502.5101,20.0100,1.0610,10.610,0.0300,1,279,5896,50.0,50.0,50.0,50.0
67,25,64,0,0,1,1,1,1,1,1,0,1,1,1,24.8868,8.920000,0.055400,8.980000,523502.5101,13.1000,1.0610,10.610,0.0400,1,279,5896,33.3,66.7,16.7,83.3
67,26,64,1,1,0,0,1,0,0,0,1,0,1,0,23.9382,8.580000,0.055400,8.640000,523502.5101,28.7700,1.0660,10.660,0.0300,1,279,5896,33.3,66.7,83.3,16.7
67,27,64,1,0,1,0,1,0,1,1,1,1,1,1,23.4081,8.390000,0.055400,8.440000,523502.5101,13.2200,1.0660,10.660,0.0200,1,279,5896,0.0,100.0,50.0,50.0
67,28,64,1,0,0,1,0,1,0,0,0,1,0,0,24.0498,8.620000,0.055400,8.670000,523502.5101,19.9900,1.0640,10.640,0.0100,1,279,5896,83.3,16.7,50.0,50.0
67,29,64,0,0,1,1,1,0,1,0,1,1,0,0,23.6313,8.470000,0.055400,8.520000,523502.5101,20.2600,1.0630,10.630,0.0500,1,279,5896,33.3,66.7,66.7,33.3
67,30,64,1,0,0,0,0,1,1,0,1,1,1,1,22.6548,8.120000,0.055400,8.180000,523502.5101,11.7600,1.0700,10.700,0.0000,1,279,5896,33.3,66.7,50.0,50.0
67,31,64,1,1,1,1,1,1,0,1,0,1,1,1,21.2040,7.600000,0.055400,7.660000,523502.5101,17.8200,1.0090,10.090,0.4800,1,279,5896,33.3,66.7,0.0,100.0
67,32,64,0,0,1,1,1,0,0,0,0,1,0,0,23.4360,8.400000,0.055400,8.460000,523502.5101,19.7900,1.0670,10.670,0.0000,1,279,5896,66.7,33.3,66.7,33.3
67,33,64,0,0,1,1,1,0,1,1,0,1,0,1,23.3244,8.360000,0.055400,8.420000,523502.5101,11.5500,1.0640,10.640,0.0000,1,279,5896,50.0,50.0,33.3,66.7
67,34,64,0,0,0,1,1,1,1,1,1,1,1,1,24.1335,8.650000,0.055400,8.700000,523502.5101,24.2000,1.0670,10.670,0.0000,1,279,5896,33.3,66.7,16.7,83.3
67,35,64,1,0,1,1,1,0,1,0,1,0,1,0,23.1570,8.300000,0.055400,8.350000,523502.5101,20.3400,1.0350,10.350,0.3200,1,279,5896,0.0,100.0,83.3,16.7
67,37,64,1,0,0,0,1,0,1,0,1,1,1,0,22.4037,8.030000,0.055400,8.080000,523502.5101,20.5500,1.0640,10.640,0.0100,1,279,5896,16.7,83.3,83.3,16.7
67,38,64,1,1,0,0,1,0,0,1,0,0,1,0,23.6592,8.480000,0.055400,8.530000,523502.5101,28.4000,1.0600,10.600,0.0900,1,279,5896,50.0,50.0,66.7,33.3
67,39,64,0,0,1,0,1,0,0,0,1,1,0,1,22.8780,8.200000,0.055400,8.260000,523502.5101,11.3400,1.0650,10.650,0.0200,1,279,5896,50.0,50.0,66.7,33.3
67,40,64,1,0,1,1,1,1,1,0,1,0,1,0,24.4404,8.760000,0.055400,8.810000,523502.5101,20.4600,1.0680,10.680,-0.0200,0,279,5896,0.0,100.0,66.7,33.3
67,41,64,0,0,0,0,1,1,1,1,1,1,1,0,24.1614,8.660000,0.055400,8.710000,523502.5101,21.7500,1.0650,10.650,0.0100,1,279,5896,33.3,66.7,50.0,50.0
67,42,64,0,1,0,0,0,0,1,0,1,1,1,0,23.1849,8.310000,0.055400,8.360000,523502.5101,18.8600,1.0650,10.650,0.0100,1,279,5896,50.0,50.0,66.7,33.3
67,43,64,1,1,1,1,0,1,0,0,0,0,0,0,22.7106,8.140000,0.055400,8.190000,523502.5101,29.0400,1.0400,10.400,0.2500,1,279,5896,66.7,33.3,50.0,50.0
67,44,64,1,0,0,1,1,0,1,0,1,1,1,0,24.4404,8.760000,0.055400,8.820000,523502.5101,20.5500,1.0750,10.750,-0.1100,0,279,5896,16.7,83.3,66.7,33.3
67,45,64,1,1,1,1,0,1,0,0,0,1,0,0,23.3802,8.380000,0.055400,8.430000,523502.5101,28.7300,1.0570,10.570,0.0700,1,279,5896,66.7,33.3,33.3,66.7
67,46,64,0,0,1,1,0,0,1,1,1,1,1,0,23.7429,8.510000,0.055400,8.570000,523502.5101,20.3900,1.0630,10.630,0.0300,1,279,5896,33.3,66.7,50.0,50.0
67,47,64,1,0,1,0,1,0,1,0,1,1,1,0,23.2965,8.350000,0.055400,8.400000,523502.5101,20.5500,1.0690,10.690,0.0100,1,279,5896,0.0,100.0,83.3,16.7
67,48,64,0,0,0,0,1,1,0,0,0,1,1,1,22.8222,8.180000,0.055400,8.240000,523502.5101,11.7200,1.0580,10.580,0.0100,1,279,5896,66.7,33.3,50.0,50.0
67,49,64,1,0,0,1,1,0,1,0,0,0,0,1,23.3802,8.380000,0.055400,8.430000,523502.5101,11.0000,1.0670,10.670,0.0200,1,279,5896,50.0,50.0,66.7,33.3
67,50,64,0,0,1,0,1,0,0,0,0,0,1,0,22.8780,8.200000,0.055200,8.250000,523502.5101,19.8500,1.0660,10.660,0.0600,1,279,5896,50.0,50.0,100.0,0.0
67,51,64,0,1,1,1,0,1,1,1,1,1,1,1,21.3156,7.640000,0.055300,7.700000,523502.5101,15.0100,1.0460,10.460,0.1100,1,279,5896,33.3,66.7,0.0,100.0
67,52,64,1,0,0,1,1,1,0,1,0,1,1,1,25.0821,8.990000,0.055400,9.040000,523502.5101,12.3500,1.0650,10.650,0.0200,1,279,5896,50.0,50.0,16.7,83.3
67,53,64,0,0,0,0,0,1,1,1,1,1,1,1,22.6548,8.120000,0.055400,8.180000,523502.5101,22.5000,1.0630,10.630,0.0200,1,279,5896,50.0,50.0,33.3,66.7
67,54,64,0,0,1,0,1,0,0,0,1,1,0,0,22.3758,8.020000,0.055400,8.080000,523502.5101,20.0600,1.0650,10.650,0.0500,1,279,5896,50.0,50.0,83.3,16.7
67,55,64,0,0,0,1,1,0,1,0,1,0,1,1,23.5197,8.430000,0.055400,8.480000,523502.5101,11.0600,1.0500,10.500,0.1600,1,279,5896,33.3,66.7,66.7,33.3
67,56,64,0,0,0,0,0,0,1,1,1,0,1,1,21.7341,7.790000,0.055400,7.850000,523502.5101,11.1900,1.0620,10.620,0.0000,1,279,5896,50.0,50.0,66.7,33.3
67,57,64,1,0,1,1,0,0,0,0,1,0,1,1,23.2128,8.320000,0.055400,8.380000,523502.5101,11.1100,1.0640,10.640,0.0100,1,279,5896,33.3,66.7,66.7,33.3
67,58,64,0,1,0,1,1,1,0,1,0,1,0,1,20.2833,7.270000,0.055300,7.330000,523502.5101,11.8100,1.0270,10.270,0.2900,1,279,5896,83.3,16.7,0.0,100.0
67,59,64,0,1,1,0,0,1,1,1,1,0,1,0,23.6313,8.470000,0.055400,8.530000,523502.5101,19.3600,1.0630,10.630,0.0100,1,279,5896,33.3,66.7,50.0,50.0
67,60,64,1,0,0,0,1,1,1,1,1,1,1,1,23.3244,8.360000,0.055400,8.410000,523502.5101,24.2000,1.0640,10.640,0.0100,1,279,5896,16.7,83.3,33.3,66.7
67,61,64,0,0,1,1,0,0,0,0,0,1,0,0,23.1849,8.310000,0.055400,8.360000,523502.5101,19.7900,1.0690,10.690,0.0100,1,279,5896,83.3,16.7,66.7,33.3
67,62,64,1,0,0,1,1,1,0,0,1,0,1,0,24.1893,8.670000,0.055400,8.720000,523502.5101,20.1700,1.0660,10.660,0.0000,1,279,5896,33.3,66.7,66.7,33.3
67,63,64,1,1,1,1,1,0,1,1,1,1,1,1,22.7664,8.160000,0.055400,8.220000,523502.5101,12.1600,1.0660,10.660,0.0000,1,279,5896,0.0,100.0,16.7,83.3
67,64,64,1,0,0,0,0,0,0,0,1,1,0,0,23.0733,8.270000,0.055400,8.320000,523502.5101,20.0600,1.0550,10.550,0.1100,1,279,5896,66.7,33.3,83.3,16.7
67,65,64,0,1,0,0,0,0,1,0,1,1,0,1,22.8501,8.190000,0.055400,8.250000,523502.5101,3.6200,1.0650,10.650,0.0100,1,279,5896,66.7,33.3,50.0,50.0
67,66,64,1,0,0,1,0,1,0,0,0,1,1,0,24.2172,8.680000,0.055400,8.740000,523502.5101,20.1100,1.0610,10.610,0.0800,1,279,5896,66.7,33.3,50.0,50.0
67,67,64,1,0,0,1,1,0,0,0,0,0,1,0,23.2686,8.340000,0.055400,8.400000,523502.5101,19.8500,1.0640,10.640,0.0100,1,279,5896,50.0,50.0,83.3,16.7
67,68,64,0,0,0,0,1,0,1,0,1,0,0,1,22.0968,7.920000,0.055400,7.980000,523502.5101,10.9900,1.0620,10.620,0.0100,1,279,5896,50.0,50.0,83.3,16.7
67,69,64,0,0,1,1,1,1,0,1,0,1,1,1,24.1335,8.650000,0.055400,8.710000,523502.5101,12.3500,1.0640,10.640,0.0500,1,279,5896,50.0,50.0,16.7,83.3
67,70,64,0,0,1,1,1,0,0,0,1,1,0,0,23.5197,8.430000,0.055400,8.490000,523502.5101,20.0600,1.0380,10.380,0.1900,1,279,5896,50.0,50.0,66.7,33.3
67,71,64,1,1,0,1,1,0,1,0,0,0,1,0,23.5755,8.450000,0.055400,8.510000,523502.5101,29.0000,1.0620,10.620,0.0100,1,279,5896,33.3,66.7,66.7,33.3
67,72,64,1,1,0,1,1,0,0,1,1,1,0,0,24.1614,8.660000,0.055400,8.720000,523502.5101,28.3400,1.0620,10.620,0.0100,1,279,5896,50.0,50.0,33.3,66.7
67,74,64,0,0,1,0,1,1,1,0,1,1,0,0,22.7664,8.160000,0.055400,8.220000,523502.5101,20.1700,1.0650,10.650,0.0300,1,279,5896,33.3,66.7,66.7,33.3
67,75,64,0,0,1,0,0,1,0,1,0,0,1,1,23.5197,8.430000,0.055400,8.490000,523502.5101,11.0300,1.0650,10.650,0.0100,1,279,5896,66.7,33.3,50.0,50.0
67,76,64,1,1,1,0,0,0,0,1,1,1,1,0,24.4125,8.750000,0.055400,8.800000,523502.5101,28.6400,1.0660,10.660,0.0200,1,279,5896,33.3,66.7,50.0,50.0
67,77,64,0,0,1,1,1,1,0,0,0,0,1,1,24.7752,8.880000,0.055300,8.930000,523502.5101,11.1600,1.0660,10.660,0.0000,1,279,5896,50.0,50.0,50.0,50.0
67,78,64,0,1,0,0,0,1,0,1,0,1,0,1,22.6827,8.130000,0.055100,8.180000,523502.5101,3.6700,1.1870,11.870,-1.1400,0,279,5896,100.0,0.0,16.7,83.3
67,79,64,1,1,1,1,1,1,1,1,1,0,1,1,24.1893,8.670000,0.055400,8.720000,523502.5101,9.1900,1.0660,10.660,0.0100,1,279,5896,0.0,100.0,16.7,83.3
67,80,64,1,1,1,0,0,0,0,1,0,0,1,1,25.2495,9.050000,0.055400,9.110000,523502.5101,5.0000,1.0660,10.660,0.0100,1,279,5896,50.0,50.0,50.0,50.0
67,81,64,0,0,1,1,1,0,0,0,0,0,0,1,23.3523,8.370000,0.055400,8.430000,523502.5101,11.0100,1.0650,10.650,0.0000,1,279,5896,66.7,33.3,66.7,33.3
67,82,64,1,0,0,0,0,0,0,1,1,0,0,1,22.8222,8.180000,0.055400,8.230000,523502.5101,11.0300,1.0610,10.610,0.0400,1,279,5896,66.7,33.3,66.7,33.3
67,83,64,0,0,1,1,1,1,1,1,1,1,0,0,25.0542,8.980000,0.055400,9.030000,523502.5101,21.2100,1.0640,10.640,0.0000,1,279,5896,33.3,66.7,33.3,66.7
67,84,64,1,0,0,1,0,1,1,1,1,1,1,1,23.4360,8.400000,0.055400,8.450000,523502.5101,22.5000,1.0660,10.660,0.0400,1,279,5896,33.3,66.7,16.7,83.3
67,85,64,1,0,1,0,0,1,1,1,0,1,1,1,23.9940,8.600000,0.055400,8.650000,523502.5101,12.4900,1.0640,10.640,0.0200,1,279,5896,33.3,66.7,33.3,66.7
67,86,64,1,0,0,1,1,1,1,1,0,1,0,0,24.8031,8.890000,0.055400,8.950000,523502.5101,10.5000,1.0630,10.630,0.0300,1,279,5896,50.0,50.0,33.3,66.7
67,87,64,1,0,0,1,1,0,0,1,0,0,1,0,23.5476,8.440000,0.055400,8.490000,523502.5101,19.8100,1.0650,10.650,0.0100,1,279,5896,50.0,50.0,66.7,33.3
67,88,64,0,1,1,0,0,0,0,1,0,0,0,0,23.9103,8.570000,0.055400,8.620000,523502.5101,18.2900,1.0610,10.610,0.1000,1,279,5896,83.3,16.7,66.7,33.3
67,89,64,1,1,0,1,1,1,1,1,1,1,0,0,22.9617,8.230000,0.055400,8.280000,523502.5101,13.3200,1.0690,10.690,0.0000,1,279,5896,33.3,66.7,16.7,83.3
67,90,64,0,0,0,0,0,0,1,0,1,1,1,0,21.0645,7.550000,0.055400,7.600000,523502.5101,20.5500,1.0640,10.640,0.0000,1,279,5896,50.0,50.0,83.3,16.7
67,91,64,0,0,0,0,1,1,0,0,1,1,1,0,22.9617,8.230000,0.055400,8.290000,523502.5101,20.2100,1.0640,10.640,0.0100,1,279,5896,50.0,50.0,66.7,33.3
67,92,64,0,0,1,0,0,1,0,0,0,0,1,0,23.2686,8.340000,0.055400,8.400000,523502.5101,20.1300,1.0650,10.650,0.0000,1,279,5896,66.7,33.3,83.3,16.7
67,93,64,0,1,0,0,1,0,1,0,0,0,1,0,23.3802,8.380000,0.055400,8.440000,523502.5101,18.5500,1.0620,10.620,0.0400,1,279,5896,50.0,50.0,83.3,16.7
67,94,64,1,1,1,1,0,0,1,0,0,1,1,0,23.4360,8.400000,0.055400,8.460000,523502.5101,29.3400,1.0620,10.620,0.0100,1,279,5896,33.3,66.7,50.0,50.0
67,95,64,1,0,1,1,1,1,1,0,1,1,0,1,23.7150,8.500000,0.055400,8.550000,523502.5101,11.4100,1.0640,10.640,0.0100,1,279,5896,16.7,83.3,33.3,66.7
67,96,64,0,0,0,0,0,1,1,0,0,0,1,1,22.9338,8.220000,0.055400,8.280000,523502.5101,11.0200,1.0590,10.590,0.0400,1,279,5896,66.7,33.3,66.7,33.3
67,97,64,0,0,0,1,0,0,0,0,0,0,1,0,22.6548,8.120000,0.055400,8.170000,523502.5101,19.8500,1.0120,10.120,0.4500,1,279,5896,83.3,16.7,83.3,16.7
67,98,64,1,1,1,1,0,1,1,1,1,1,1,0,23.6034,8.460000,0.055400,8.510000,523502.5101,13.9700,1.0650,10.650,0.0000,1,279,5896,16.7,83.3,16.7,83.3
67,99,64,0,1,1,0,1,1,1,1,1,1,1,1,22.9617,8.230000,0.055400,8.290000,523502.5101,7.6300,1.0640,10.640,0.0100,1,279,5896,16.7,83.3,16.7,83.3
68,0,64,0,1,1,1,0,0,1,1,1,1,1,0,24.4404,8.760000,0.055400,8.810000,523502.5101,27.6700,1.0640,10.640,0.0500,1,279,5896,33.3,66.7,33.3,66.7
68,1,64,1,1,0,1,0,0,1,0,0,0,1,0,23.7987,8.530000,0.055400,8.580000,523502.5101,28.9200,1.0620,10.620,0.0300,1,279,5896,50.0,50.0,66.7,33.3
68,2,64,0,0,0,0,1,1,0,0,0,0,0,1,23.3802,8.380000,0.055400,8.440000,523502.5101,11.0900,1.0420,10.420,0.2400,1,279,5896,83.3,16.7,66.7,33.3
68,3,64,0,0,0,1,0,0,0,1,0,0,1,0,23.6034,8.460000,0.055400,8.520000,523502.5101,19.8100,1.0640,10.640,0.0000,1,279,5896,83.3,16.7,66.7,33.3
68,4,64,0,1,0,1,0,1,1,0,0,1,0,1,23.0733,8.270000,0.055400,8.320000,523502.5101,3.5100,1.0660,10.660,0.0000,1,279,5896,83.3,16.7,16.7,83.3
68,5,64,0,1,0,0,0,1,1,1,1,1,1,1,23.7987,8.530000,0.055400,8.590000,523502.5101,6.3500,1.0670,10.670,0.0100,1,279,5896,50.0,50.0,16.7,83.3
68,6,64,0,0,0,1,1,1,1,0,1,1,0,0,24.3288,8.720000,0.055400,8.780000,523502.5101,20.1700,1.0610,10.610,0.0400,1,279,5896,50.0,50.0,50.0,50.0
68,7,64,1,1,1,1,1,1,0,0,0,1,0,1,22.4595,8.050000,0.055400,8.110000,523502.5101,6.9100,1.0630,10.630,0.0200,1,279,5896,50.0,50.0,16.7,83.3
68,8,64,1,1,1,1,1,0,0,0,0,1,0,0,24.5799,8.810000,0.055400,8.860000,523502.5101,29.0100,1.0660,10.660,0.0600,1,279,5896,50.0,50.0,50.0,50.0
68,9,64,0,0,1,0,1,0,1,1,1,0,0,0,23.2686,8.340000,0.055400,8.390000,523502.5101,20.2500,1.0630,10.630,0.0200,1,279,5896,33.3,66.7,83.3,16.7
68,10,64,1,0,1,1,1,0,1,0,0,0,0,0,23.6592,8.480000,0.055400,8.530000,523502.5101,20.1600,1.0500,10.500,0.2000,1,279,5896,33.3,66.7,83.3,16.7
68,11,64,1,0,0,0,0,0,1,0,1,1,1,1,22.5711,8.090000,0.055400,8.140000,523502.5101,11.7500,1.0660,10.660,0.0100,1,279,5896,33.3,66.7,66.7,33.3
68,13,64,1,1,1,1,1,0,0,1,1,0,1,0,23.7429,8.510000,0.055400,8.560000,523502.5101,29.9300,1.0570,10.570,0.0600,1,279,5896,16.7,83.3,50.0,50.0
68,14,64,1,1,1,1,1,0,0,0,0,0,0,0,23.7987,8.530000,0.055400,8.590000,523502.5101,29.1000,1.0590,10.590,0.1200,1,279,5896,50.0,50.0,66.7,33.3
68,15,64,1,0,0,0,1,1,0,0,1,0,1,0,23.6313,8.470000,0.055400,8.520000,523502.5101,20.1700,1.0700,10.700,0.0100,1,279,5896,33.3,66.7,83.3,16.7
68,17,64,0,0,0,1,1,0,1,1,0,1,1,0,24.1335,8.650000,0.055400,8.700000,523502.5101,10.2900,1.0600,10.600,0.0600,1,279,5896,50.0,50.0,50.0,50.0
68,18,64,1,1,0,1,1,1,1,0,0,0,1,0,24.4683,8.770000,0.055400,8.830000,523502.5101,30.0400,1.0680,10.680,0.0000,1,279,5896,33.3,66.7,50.0,50.0
68,19,64,1,1,1,0,0,0,0,1,1,0,1,1,24.2730,8.700000,0.055400,8.750000,523502.5101,5.0800,1.0650,10.650,0.0000,1,279,5896,33.3,66.7,50.0,50.0
68,20,64,0,1,0,1,1,0,0,1,0,1,0,1,22.8780,8.200000,0.055400,8.260000,523502.5101,3.7100,1.0570,10.570,0.0600,1,279,5896,83.3,16.7,16.7,83.3
68,21,64,1,1,0,0,1,0,0,1,0,1,1,0,24.4404,8.760000,0.055400,8.810000,523502.5101,10.1100,1.0650,10.650,0.0000,1,279,5896,50.0,50.0,50.0,50.0
68,22,64,0,0,0,0,0,0,1,1,1,0,1,0,23.1570,8.300000,0.055400,8.360000,523502.5101,20.2500,1.0640,10.640,0.0100,1,279,5896,50.0,50.0,83.3,16.7
68,23,64,1,1,1,1,1,1,0,0,1,1,1,1,25.5843,9.170000,0.055400,9.230000,523502.5101,9.3600,1.0610,10.610,0.0800,1,279,5896,16.7,83.3,16.7,83.3
68,24,64,0,0,1,0,1,0,1,1,0,1,1,0,22.8780,8.200000,0.055400,8.250000,523502.5101,10.2900,1.0540,10.540,0.1200,1,279,5896,33.3,66.7,66.7,33.3
68,25,64,0,0,1,0,1,0,0,0,0,1,0,1,22.9059,8.210000,0.055400,8.270000,523502.5101,11.2200,1.0640,10.640,0.0200,1,279,5896,66.7,33.3,66.7,33.3
68,26,64,1,0,0,0,0,0,0,0,0,1,1,0,22.7385,8.150000,0.055400,8.200000,523502.5101,19.8700,1.0650,10.650,0.0000,1,279,5896,66.7,33.3,83.3,16.7
68,27,64,0,0,1,1,0,0,1,0,0,1,1,1,23.3244,8.360000,0.055400,8.420000,523502.5101,11.6600,1.0640,10.640,0.0000,1,279,5896,50.0,50.0,50.0,50.0
68,28,64,1,1,0,1,1,1,0,0,0,1,1,1,23.4639,8.410000,0.055400,8.460000,523502.5101,7.0900,1.0660,10.660,0.0100,1,279,5896,50.0,50.0,16.7,83.3
68,29,64,0,0,0,0,1,0,0,1,1,0,1,0,22.7385,8.150000,0.055400,8.200000,523502.5101,20.0400,1.0610,10.610,0.0200,1,279,5896,50.0,50.0,83.3,16.7
68,30,64,1,1,1,1,1,1,0,0,0,0,1,1,24.4404,8.760000,0.055400,8.810000,523502.5101,6.7600,1.0700,10.700,0.0000,1,279,5896,33.3,66.7,33.3,66.7
68,31,64,1,0,1,1,0,1,1,1,1,1,1,1,24.3009,8.710000,0.055400,8.760000,523502.5101,22.5000,1.0650,10.650,0.0100,1,279,5896,16.7,83.3,16.7,83.3
68,32,64,1,1,1,0,1,0,1,0,0,0,1,0,24.5520,8.800000,0.055400,8.850000,523502.5101,29.2700,1.0640,10.640,0.0100,1,279,5896,16.7,83.3,83.3,16.7
68,34,64,0,1,0,1,1,1,0,1,0,1,0,0,23.2686,8.340000,0.055400,8.390000,523502.5101,8.0500,1.0620,10.620,0.0200,1,279,5896,83.3,16.7,16.7,83.3
68,37,64,1,0,0,0,0,1,0,0,1,0,1,1,22.8222,8.180000,0.055400,8.240000,523502.5101,11.1200,1.0490,10.490,0.1700,1,279,5896,50.0,50.0,66.7,33.3
68,38,64,1,1,1,1,1,1,1,0,1,1,0,0,24.3288,8.720000,0.055400,8.780000,523502.5101,31.8600,1.0630,10.630,0.0200,1,279,5896,16.7,83.3,33.3,66.7
68,39,64,1,1,1,0,1,1,0,0,1,1,0,0,24.2451,8.690000,0.055400,8.740000,523502.5101,28.5400,1.0650,10.650,0.0200,1,279,5896,33.3,66.7,50.0,50.0
68,40,64,0,0,1,0,0,1,1,0,1,1,1,0,23.1849,8.310000,0.055400,8.370000,523502.5101,20.4900,1.0650,10.650,0.0000,1,279,5896,33.3,66.7,66.7,33.3
68,41,64,1,0,0,1,1,0,1,0,1,0,1,1,24.0498,8.620000,0.055400,8.680000,523502.5101,11.0600,1.0650,10.650,0.0100,1,279,5896,16.7,83.3,66.7,33.3
68,42,64,0,0,1,1,1,0,1,1,1,1,1,1,21.6225,7.750000,0.055400,7.800000,523502.5101,13.2200,1.0590,10.590,0.0000,1,279,5896,16.7,83.3,33.3,66.7
68,43,64,1,0,0,0,1,0,0,1,1,1,1,1,22.5432,8.080000,0.055400,8.140000,523502.5101,12.9600,1.0640,10.640,0.0000,1,279,5896,33.3,66.7,50.0,50.0
68,45,64,0,0,0,1,1,1,1,0,1,0,1,0,24.2172,8.680000,0.055400,8.730000,523502.5101,20.4600,1.0630,10.630,0.0200,1,279,5896,33.3,66.7,66.7,33.3
68,46,64,0,1,0,1,0,1,0,1,1,0,0,1,23.2965,8.350000,0.055400,8.410000,523502.5101,3.4600,1.0660,10.660,0.0100,1,279,5896,83.3,16.7,16.7,83.3
68,47,64,0,0,0,1,0,0,1,1,0,0,1,0,23.3244,8.360000,0.055400,8.410000,523502.5101,19.9300,1.0660,10.660,0.0300,1,279,5896,66.7,33.3,66.7,33.3
68,48,64,1,0,0,1,0,0,0,0,0,0,0,1,23.1291,8.290000,0.055400,8.350000,523502.5101,11.0100,1.0670,10.670,0.0200,1,279,5896,83.3,16.7,66.7,33.3
68,49,64,1,1,0,0,1,1,0,0,0,1,1,0,23.6592,8.480000,0.055400,8.540000,523502.5101,28.3500,1.0620,10.620,0.0500,1,279,5896,50.0,50.0,50.0,50.0
68,50,64,0,1,0,1,1,1,1,0,0,1,0,1,22.8222,8.180000,0.055400,8.240000,523502.5101,3.8200,1.0610,10.610,0.0200,1,279,5896,66.7,33.3,16.7,83.3
68,51,64,1,0,0,0,1,1,0,0,0,1,0,0,22.7106,8.140000,0.055400,8.200000,523502.5101,19.8900,1.0620,10.620,0.0300,1,279,5896,66.7,33.3,66.7,33.3
68,52,64,1,0,0,1,0,1,0,0,0,0,0,0,24.1335,8.650000,0.055400,8.710000,523502.5101,20.0400,1.0490,10.490,0.1500,1,279,5896,83.3,16.7,66.7,33.3
68,53,64,1,1,1,1,1,1,0,1,1,1,1,1,19.6137,7.030000,0.055300,7.090000,523502.5101,21.1000,1.0140,10.140,0.4400,1,279,5896,16.7,83.3,0.0,100.0
68,54,64,1,1,0,1,0,1,0,1,0,1,0,1,20.9529,7.510000,0.055400,7.560000,523502.5101,13.0500,1.0240,10.240,0.3200,1,279,5896,83.3,16.7,0.0,100.0
68,55,64,1,1,0,0,0,0,0,1,1,0,0,0,23.6871,8.490000,0.055400,8.550000,523502.5101,28.1700,1.0650,10.650,0.0100,1,279,5896,66.7,33.3,66.7,33.3
68,56,64,0,0,1,0,1,1,0,0,1,0,0,0,23.2128,8.320000,0.055400,8.370000,523502.5101,20.1200,1.0640,10.640,0.0100,1,279,5896,50.0,50.0,83.3,16.7
68,57,64,1,1,1,1,1,1,1,0,1,1,1,1,23.6592,8.480000,0.055400,8.530000,523502.5101,10.3500,1.0620,10.620,0.0200,1,279,5896,0.0,100.0,16.7,83.3
68,58,64,1,1,1,0,1,0,0,1,1,0,0,0,23.7987,8.530000,0.055400,8.580000,523502.5101,28.4100,1.0680,10.680,0.0000,1,279,5896,33.3,66.7,66.7,33.3
68,59,64,0,0,0,0,0,0,1,1,1,0,0,0,22.8222,8.180000,0.055400,8.240000,523502.5101,20.2500,1.0670,10.670,0.0000,1,279,5896,66.7,33.3,83.3,16.7
68,60,64,1,0,1,1,1,0,1,0,1,1,0,0,23.6592,8.480000,0.055400,8.530000,523502.5101,20.2600,1.0560,10.560,0.1100,1,279,5896,16.7,83.3,66.7,33.3
68,61,64,1,1,1,0,0,1,1,1,0,1,1,0,24.9426,8.940000,0.055400,8.990000,523502.5101,10.4700,1.0530,10.530,0.1200,1,279,5896,33.3,66.7,33.3,66.7
68,62,64,1,1,1,0,0,0,0,0,0,0,0,0,23.5476,8.440000,0.055400,8.490000,523502.5101,28.6600,1.0620,10.620,0.0200,1,279,5896,66.7,33.3,83.3,16.7
68,63,64,0,0,0,0,0,1,0,1,0,1,1,1,23.6034,8.460000,0.055400,8.510000,523502.5101,12.3100,1.0610,10.610,0.0100,1,279,5896,83.3,16.7,33.3,66.7
68,64,64,1,0,0,0,1,0,1,0,1,0,1,0,22.1526,7.940000,0.055200,8.000000,523502.5101,20.3400,1.0720,10.720,0.0200,1,279,5896,16.7,83.3,100.0,0.0
68,65,64,1,1,1,0,0,0,0,1,1,1,1,1,24.3288,8.720000,0.055400,8.770000,523502.5101,9.2400,1.0650,10.650,0.0000,1,279,5896,33.3,66.7,33.3,66.7
68,66,64,0,1,0,0,1,0,1,1,1,1,0,0,24.2451,8.690000,0.055400,8.740000,523502.5101,18.5500,1.0670,10.670,0.0200,1,279,5896,50.0,50.0,50.0,50.0
68,67,64,0,0,0,0,1,0,1,1,1,1,1,1,22.7664,8.160000,0.055400,8.210000,523502.5101,13.2200,1.0640,10.640,0.0000,1,279,5896,33.3,66.7,50.0,50.0
68,68,64,1,1,1,1,1,0,1,1,0,1,1,1,23.9940,8.600000,0.055400,8.660000,523502.5101,9.0300,1.0660,10.660,0.0000,1,279,5896,16.7,83.3,16.7,83.3
68,69,64,0,1,0,1,1,0,0,1,1,0,0,0,21.8178,7.820000,0.055400,7.880000,523502.5101,18.3600,1.0700,10.700,0.0000,1,279,5896,66.7,33.3,50.0,50.0
68,70,64,1,0,1,0,1,1,1,1,1,1,1,1,23.2407,8.330000,0.055400,8.390000,523502.5101,24.2000,1.0580,10.580,0.0700,1,279,5896,0.0,100.0,33.3,66.7
68,71,64,1,1,1,0,1,0,1,1,1,1,0,0,24.9147,8.930000,0.055400,8.990000,523502.5101,28.7800,1.0590,10.590,0.1000,1,279,5896,16.7,83.3,50.0,50.0
68,72,64,1,1,1,1,0,0,1,1,0,1,1,0,24.6636,8.840000,0.055400,8.890000,523502.5101,10.5100,1.0560,10.560,0.1500,1,279,5896,33.3,66.7,33.3,66.7
68,73,64,1,1,1,1,1,1,0,0,0,0,1,0,24.5799,8.810000,0.055400,8.870000,523502.5101,30.0000,1.0630,10.630,0.0500,1,279,5896,33.3,66.7,50.0,50.0
68,74,64,1,1,1,1,1,1,0,0,0,1,1,1,24.2730,8.700000,0.055400,8.760000,523502.5101,8.6800,1.0630,10.630,0.0000,1,279,5896,33.3,66.7,16.7,83.3
68,75,64,0,0,0,0,0,1,0,0,0,1,1,0,23.2686,8.340000,0.055400,8.400000,523502.5101,20.1100,1.0640,10.640,0.0400,1,279,5896,83.3,16.7,66.7,33.3
68,76,64,0,0,0,1,0,0,1,0,0,1,1,0,22.5990,8.100000,0.055400,8.160000,523502.5101,20.2600,1.0440,10.440,0.1200,1,279,5896,66.7,33.3,66.7,33.3
68,77,64,0,0,0,1,1,0,1,0,1,0,0,0,22.6827,8.130000,0.055400,8.190000,523502.5101,20.2000,1.0490,10.490,0.1900,1,279,5896,50.0,50.0,83.3,16.7
68,78,64,1,0,1,1,1,0,0,1,1,0,1,0,23.8824,8.560000,0.055400,8.610000,523502.5101,20.0400,1.0650,10.650,0.0500,1,279,5896,16.7,83.3,66.7,33.3
68,79,64,1,1,0,1,1,1,1,1,1,1,1,1,21.5388,7.720000,0.055300,7.770000,523502.5101,21.1000,1.0280,10.280,0.2900,1,279,5896,16.7,83.3,0.0,100.0
68,80,64,1,0,0,1,1,0,1,0,0,0,0,0,23.1570,8.300000,0.055400,8.360000,523502.5101,20.1600,1.0360,10.360,0.2000,1,279,5896,50.0,50.0,83.3,16.7
68,81,64,1,1,1,1,1,1,0,0,1,0,0,0,26.7840,9.600000,0.055400,9.650000,523502.5101,30.0600,1.0670,10.670,0.0300,1,279,5896,33.3,66.7,50.0,50.0
68,82,64,1,1,0,1,1,0,1,0,0,0,1,1,23.7429,8.510000,0.055400,8.570000,523502.5101,4.9300,1.0650,10.650,0.0000,1,279,5896,33.3,66.7,50.0,50.0
68,83,64,0,0,1,1,0,0,0,0,1,1,1,1,23.9103,8.570000,0.055400,8.630000,523502.5101,11.7400,1.0650,10.650,0.0100,1,279,5896,50.0,50.0,50.0,50.0
68,84,64,1,1,0,0,1,0,0,1,0,0,1,1,23.3802,8.380000,0.055400,8.430000,523502.5101,4.8600,1.0670,10.670,0.0000,1,279,5896,50.0,50.0,50.0,50.0
68,85,64,1,1,1,1,1,1,1,0,0,1,1,1,23.2686,8.340000,0.055400,8.390000,523502.5101,10.0800,1.0670,10.670,0.0200,1,279,5896,16.7,83.3,16.7,83.3
68,86,64,0,0,0,1,1,1,0,1,1,1,1,1,23.9940,8.600000,0.055400,8.650000,523502.5101,13.7800,1.0640,10.640,0.0100,1,279,5896,50.0,50.0,16.7,83.3
68,87,64,0,0,1,1,0,0,1,1,1,0,1,1,23.7429,8.510000,0.055400,8.560000,523502.5101,11.1900,1.0560,10.560,0.0000,1,279,5896,33.3,66.7,50.0,50.0
68,88,64,0,0,0,1,1,0,1,0,0,0,1,1,23.4639,8.410000,0.055400,8.460000,523502.5101,11.0200,1.0700,10.700,0.0100,1,279,5896,50.0,50.0,66.7,33.3
68,89,64,0,0,1,1,1,1,1,1,1,1,1,0,25.0542,8.980000,0.055400,9.040000,523502.5101,21.7500,1.0560,10.560,0.1000,1,279,5896,16.7,83.3,33.3,66.7
68,90,64,0,0,0,0,0,1,1,1,1,0,1,1,22.5990,8.100000,0.055400,8.150000,523502.5101,11.2500,1.0640,10.640,0.0100,1,279,5896,50.0,50.0,50.0,50.0
68,91,64,0,0,0,0,0,0,1,0,0,1,0,0,22.5432,8.080000,0.055400,8.130000,523502.5101,20.2000,1.0640,10.640,0.0600,1,279,5896,83.3,16.7,83.3,16.7
68,92,64,0,0,1,0,0,0,0,1,0,0,0,0,23.0454,8.260000,0.055400,8.320000,523502.5101,19.7000,1.0660,10.660,0.0300,1,279,5896,83.3,16.7,83.3,16.7
68,93,64,1,0,0,0,1,0,0,0,1,0,1,1,21.9852,7.880000,0.055400,7.930000,523502.5101,11.1100,1.0670,10.670,0.0000,1,279,5896,33.3,66.7,83.3,16.7
68,94,64,1,1,1,0,1,1,0,1,0,1,1,1,23.7987,8.530000,0.055400,8.590000,523502.5101,7.2300,1.0660,10.660,0.0200,1,279,5896,33.3,66.7,16.7,83.3
68,95,64,1,1,1,1,1,0,1,1,1,1,0,0,24.4404,8.760000,0.055400,8.820000,523502.5101,30.5900,1.0560,10.560,0.0600,1,279,5896,16.7,83.3,33.3,66.7
68,96,64,1,1,1,0,1,0,0,0,1,0,0,0,24.7752,8.880000,0.055400,8.940000,523502.5101,28.9600,1.0670,10.670,0.0200,1,279,5896,33.3,66.7,83.3,16.7
68,97,64,0,0,1,0,0,0,0,0,0,0,0,1,21.9852,7.880000,0.055400,7.930000,523502.5101,11.0100,1.0700,10.700,0.0100,1,279,5896,83.3,16.7,83.3,16.7
68,98,64,0,0,1,1,0,1,1,1,1,1,1,0,25.1100,9.000000,0.055400,9.050000,523502.5101,21.2200,1.0640,10.640,0.0100,1,279,5896,33.3,66.7,33.3,66.7
68,99,64,0,0,0,0,1,1,0,0,1,0,0,0,22.5990,8.100000,0.055400,8.160000,523502.5101,20.1200,1.0690,10.690,0.0100,1,279,5896,66.7,33.3,83.3,16.7
69,0,64,1,1,0,1,0,0,1,1,0,1,1,0,23.2965,8.350000,0.055400,8.410000,523502.5101,10.2800,1.0690,10.690,0.0000,1,279,5896,50.0,50.0,33.3,66.7
69,2,64,1,0,1,0,0,1,1,1,1,1,1,0,24.2730,8.700000,0.055400,8.750000,523502.5101,21.2200,1.0570,10.570,0.1200,1,279,5896,16.7,83.3,50.0,50.0
69,3,64,1,0,1,0,1,0,1,0,1,1,1,1,22.8222,8.180000,0.055400,8.230000,523502.5101,11.7500,1.0640,10.640,0.0000,1,279,5896,0.0,100.0,66.7,33.3
69,4,64,0,0,0,1,1,1,0,0,0,1,0,0,24.1335,8.650000,0.055400,8.710000,523502.5101,19.8900,1.0570,10.570,0.1100,1,279,5896,83.3,16.7,50.0,50.0
69,5,64,1,0,0,0,0,0,1,1,1,1,1,1,23.0454,8.260000,0.055400,8.310000,523502.5101,13.2200,1.0640,10.640,0.0400,1,279,5896,33.3,66.7,50.0,50.0
69,8,64,1,1,1,1,0,0,0,1,1,0,0,0,24.5520,8.800000,0.055400,8.860000,523502.5101,29.7400,1.0660,10.660,0.0300,1,279,5896,50.0,50.0,50.0,50.0
69,11,64,1,1,1,1,0,0,0,0,0,1,1,0,23.1570,8.300000,0.055400,8.360000,523502.5101,28.7900,1.0670,10.670,0.0300,1,279,5896,50.0,50.0,50.0,50.0
69,12,64,1,0,0,1,0,0,0,0,0,1,1,0,22.8501,8.190000,0.055400,8.240000,523502.5101,19.8700,1.0630,10.630,0.0100,1,279,5896,66.7,33.3,66.7,33.3
69,13,64,0,0,0,0,0,0,0,0,1,0,0,0,21.5667,7.730000,0.055200,7.790000,523502.5101,20.0100,1.0610,10.610,0.1100,1,279,5896,83.3,16.7,100.0,0.0
69,14,64,0,1,0,0,1,0,1,0,1,0,1,0,24.5799,8.810000,0.055400,8.870000,523502.5101,18.7700,1.0670,10.670,0.0300,1,279,5896,33.3,66.7,83.3,16.7
69,15,64,1,0,1,0,1,0,0,0,1,0,0,0,22.7106,8.140000,0.055200,8.190000,523502.5101,20.0100,1.0700,10.700,0.0300,1,279,5896,33.3,66.7,100.0,0.0
69,16,64,1,1,0,0,1,1,0,1,1,1,1,1,23.9661,8.590000,0.055400,8.640000,523502.5101,8.9600,1.0680,10.680,0.0000,1,279,5896,33.3,66.7,16.7,83.3
69,17,64,1,1,0,1,1,0,0,0,1,0,0,0,23.9940,8.600000,0.055400,8.660000,523502.5101,28.5200,1.0660,10.660,0.0200,1,279,5896,50.0,50.0,66.7,33.3
69,20,64,1,1,1,1,1,1,0,1,1,0,1,0,23.5197,8.430000,0.055400,8.490000,523502.5101,13.9200,1.0640,10.640,0.0100,1,279,5896,16.7,83.3,33.3,66.7
69,21,64,1,1,1,1,1,1,0,1,0,1,0,0,24.1335,8.650000,0.055400,8.710000,523502.5101,11.3700,1.0680,10.680,0.0200,1,279,5896,50.0,50.0,16.7,83.3
69,22,64,1,1,1,1,1,1,0,0,1,1,1,0,24.3567,8.730000,0.055400,8.790000,523502.5101,30.4500,1.0680,10.680,0.0100,1,279,5896,16.7,83.3,33.3,66.7
69,23,64,1,1,1,1,1,0,0,0,1,0,0,0,23.9940,8.600000,0.055400,8.650000,523502.5101,29.4600,1.0650,10.650,0.0000,1,279,5896,33.3,66.7,66.7,33.3
69,24,64,0,1,0,1,0,0,0,1,1,0,0,0,23.2128,8.320000,0.055400,8.370000,523502.5101,18.2200,1.0680,10.680,0.0100,1,279,5896,83.3,16.7,50.0,50.0
69,26,64,1,1,1,0,1,1,1,0,1,1,0,0,24.1893,8.670000,0.055400,8.720000,523502.5101,29.2800,1.0640,10.640,0.0100,1,279,5896,16.7,83.3,50.0,50.0
69,27,64,1,1,1,0,1,0,1,1,1,1,1,0,24.4962,8.780000,0.055400,8.840000,523502.5101,28.9700,1.0640,10.640,0.0000,1,279,5896,0.0,100.0,50.0,50.0
69,28,64,0,0,1,1,1,0,1,0,1,0,1,0,22.9059,8.210000,0.055400,8.260000,523502.5101,20.3400,1.0650,10.650,0.0100,1,279,5896,16.7,83.3,83.3,16.7
69,29,64,1,0,0,0,0,1,1,1,1,1,1,0,23.4639,8.410000,0.055400,8.470000,523502.5101,21.2200,1.0680,10.680,0.0100,1,279,5896,33.3,66.7,50.0,50.0
69,30,64,0,1,0,0,1,1,0,1,0,1,0,1,23.6592,8.480000,0.055400,8.540000,523502.5101,3.6200,1.0670,10.670,-0.0400,0,279,5896,83.3,16.7,16.7,83.3
69,31,64,1,0,0,0,0,0,0,0,0,1,0,0,22.8501,8.190000,0.055400,8.240000,523502.5101,19.7900,1.0620,10.620,0.0300,1,279,5896,83.3,16.7,83.3,16.7
69,32,64,0,0,0,0,0,0,1,0,1,0,1,0,21.9573,7.870000,0.055200,7.920000,523502.5101,20.3400,1.0720,10.720,0.0200,1,279,5896,50.0,50.0,100.0,0.0
69,33,64,1,1,1,0,1,1,0,0,1,0,0,0,24.5799,8.810000,0.055400,8.860000,523502.5101,28.9200,1.0660,10.660,0.0200,1,279,5896,33.3,66.7,66.7,33.3
69,34,64,0,0,0,0,0,0,0,0,0,0,1,0,21.9015,7.850000,0.055200,7.900000,523502.5101,19.8500,1.0700,10.700,0.0200,1,279,5896,83.3,16.7,100.0,0.0
69,35,64,0,1,1,1,1,0,0,1,1,0,0,0,24.4404,8.760000,0.055400,8.810000,523502.5101,17.8500,1.0650,10.650,0.0000,1,279,5896,50.0,50.0,50.0,50.0
69,37,64,1,1,1,1,1,1,1,0,0,1,0,0,23.5476,8.440000,0.055400,8.500000,523502.5101,31.6300,1.0650,10.650,0.0000,1,279,5896,33.3,66.7,33.3,66.7
69,38,64,1,1,0,0,1,0,0,1,1,0,0,1,24.4962,8.780000,0.055400,8.830000,523502.5101,4.6800,1.0680,10.680,0.0200,1,279,5896,50.0,50.0,50.0,50.0
69,39,64,0,0,0,1,1,0,1,0,0,1,1,0,23.1291,8.290000,0.055400,8.350000,523502.5101,20.2600,1.0510,10.510,0.0800,1,279,5896,50.0,50.0,66.7,33.3
69,40,64,1,0,1,1,1,1,1,1,1,1,1,1,23.8266,8.540000,0.055400,8.600000,523502.5101,24.2000,1.0640,10.640,-0.0100,0,279,5896,0.0,100.0,16.7,83.3
69,41,64,0,0,0,0,1,0,1,0,0,0,1,0,21.6783,7.770000,0.055200,7.830000,523502.5101,20.1900,1.0720,10.720,0.0100,1,279,5896,50.0,50.0,100.0,0.0
69,42,64,0,0,0,1,0,0,1,0,1,1,1,0,23.0733,8.270000,0.055400,8.330000,523502.5101,20.5500,1.0650,10.650,0.0100,1,279,5896,50.0,50.0,66.7,33.3
69,43,64,1,1,1,1,0,1,0,1,0,0,0,0,23.7987,8.530000,0.055400,8.580000,523502.5101,11.5200,1.0660,10.660,0.0200,1,279,5896,66.7,33.3,33.3,66.7
69,45,64,0,0,1,1,1,0,0,0,0,0,1,0,23.3523,8.370000,0.055400,8.420000,523502.5101,19.8500,1.0520,10.520,0.1000,1,279,5896,50.0,50.0,83.3,16.7
69,46,64,0,0,0,0,1,0,0,0,0,1,1,0,22.1247,7.930000,0.055400,7.990000,523502.5101,19.8700,1.0420,10.420,0.2200,1,279,5896,66.7,33.3,83.3,16.7
69,47,64,0,0,0,0,1,1,0,0,1,0,1,1,22.7664,8.160000,0.055400,8.220000,523502.5101,11.2100,1.0640,10.640,0.0100,1,279,5896,50.0,50.0,66.7,33.3
69,48,64,1,0,0,1,1,0,1,0,1,0,0,0,22.6548,8.120000,0.055400,8.180000,523502.5101,20.2000,1.0600,10.600,0.0900,1,279,5896,33.3,66.7,83.3,16.7
69,49,64,1,0,0,0,0,0,0,0,0,1,1,1,22.2921,7.990000,0.055400,8.050000,523502.5101,11.5900,1.0630,10.630,0.0200,1,279,5896,66.7,33.3,66.7,33.3
69,50,64,1,1,0,1,1,0,1,0,1,1,1,1,24.5520,8.800000,0.055400,8.860000,523502.5101,6.3100,1.0600,10.600,0.1100,1,279,5896,16.7,83.3,33.3,66.7
69,51,64,1,1,1,0,1,1,1,1,1,1,0,0,24.5241,8.790000,0.055400,8.840000,523502.5101,29.9600,1.0630,10.630,0.0000,1,279,5896,16.7,83.3,33.3,66.7
69,52,64,0,0,0,0,1,0,1,1,1,0,1,1,22.4316,8.040000,0.055400,8.100000,523502.5101,11.1900,1.0610,10.610,0.0400,1,279,5896,33.3,66.7,66.7,33.3
69,54,64,1,1,1,1,0,1,1,1,1,1,0,0,23.3523,8.370000,0.055400,8.430000,523502.5101,13.4100,1.0630,10.630,0.0000,1,279,5896,33.3,66.7,16.7,83.3
69,55,64,1,1,1,1,1,0,1,1,1,1,1,0,25.0263,8.970000,0.055400,9.020000,523502.5101,31.0200,1.0680,10.680,0.0100,1,279,5896,0.0,100.0,33.3,66.7
69,56,64,1,0,0,1,1,0,1,0,0,1,0,0,23.7429,8.510000,0.055400,8.570000,523502.5101,20.2000,1.0640,10.640,0.0200,1,279,5896,50.0,50.0,66.7,33.3
69,57,64,1,0,1,1,0,0,0,0,0,0,0,0,22.6269,8.110000,0.055400,8.170000,523502.5101,19.7600,1.0290,10.290,0.2700,1,279,5896,66.7,33.3,83.3,16.7
69,58,64,1,1,1,1,1,1,0,1,1,1,0,0,24.2172,8.680000,0.055400,8.730000,523502.5101,14.8100,1.0680,10.680,0.0100,1,279,5896,33.3,66.7,16.7,83.3
69,59,64,0,0,0,0,0,0,0,0,1,0,1,1,22.1526,7.940000,0.055400,7.990000,523502.5101,11.1100,1.0600,10.600,0.0200,1,279,5896,66.7,33.3,83.3,16.7
69,61,64,1,1,0,1,0,1,0,0,0,0,0,0,24.0219,8.610000,0.055400,8.660000,523502.5101,28.4500,1.0630,10.630,0.0100,1,279,5896,83.3,16.7,50.0,50.0
69,64,64,1,0,0,1,1,0,0,0,0,0,1,1,23.1849,8.310000,0.055400,8.370000,523502.5101,11.0400,1.0660,10.660,0.0200,1,279,5896,50.0,50.0,66.7,33.3
69,65,64,0,0,1,1,1,0,1,1,1,1,1,0,24.5520,8.800000,0.055400,8.860000,523502.5101,20.3900,1.0650,10.650,0.0200,1,279,5896,16.7,83.3,50.0,50.0
69,66,64,0,0,1,1,1,0,0,0,0,0,1,1,22.7943,8.170000,0.055400,8.220000,523502.5101,11.0400,1.0600,10.600,0.0200,1,279,5896,50.0,50.0,66.7,33.3
69,67,64,0,0,0,1,1,1,0,1,0,1,1,1,23.9661,8.590000,0.055400,8.640000,523502.5101,12.3500,1.0640,10.640,0.0500,1,279,5896,66.7,33.3,16.7,83.3
69,69,64,0,1,0,1,1,1,0,1,0,0,0,1,23.0733,8.270000,0.055400,8.330000,523502.5101,3.6500,1.0650,10.650,0.0000,1,279,5896,83.3,16.7,16.7,83.3
69,71,64,1,0,0,0,0,0,1,1,0,0,1,0,23.2686,8.340000,0.055400,8.400000,523502.5101,19.9300,1.0620,10.620,0.0300,1,279,5896,50.0,50.0,83.3,16.7
69,72,64,0,1,1,1,1,1,1,1,0,0,1,1,23.0733,8.270000,0.055400,8.320000,523502.5101,5.2600,1.0630,10.630,0.0100,1,279,5896,33.3,66.7,16.7,83.3
69,74,64,1,1,1,1,1,0,0,1,0,1,1,0,23.6313,8.470000,0.055400,8.530000,523502.5101,10.8600,1.0550,10.550,0.1300,1,279,5896,33.3,66.7,33.3,66.7
69,75,64,1,0,1,0,1,0,1,0,0,0,1,0,22.3200,8.000000,0.055200,8.050000,523502.5101,20.1900,1.0710,10.710,0.0100,1,279,5896,16.7,83.3,100.0,0.0
69,76,64,0,0,1,0,0,0,0,0,1,1,0,0,22.5990,8.100000,0.055400,8.160000,523502.5101,20.0600,1.0620,10.620,0.0100,1,279,5896,66.7,33.3,83.3,16.7
69,79,64,1,1,0,0,1,1,0,1,0,1,1,1,22.6827,8.130000,0.055400,8.180000,523502.5101,6.9600,1.0590,10.590,0.0100,1,279,5896,50.0,50.0,16.7,83.3
69,80,64,1,0,0,0,0,1,1,1,1,1,0,0,23.7708,8.520000,0.055400,8.580000,523502.5101,20.3800,1.0640,10.640,0.0100,1,279,5896,50.0,50.0,50.0,50.0
69,81,64,1,1,0,0,1,1,1,0,0,0,1,0,24.8310,8.900000,0.055400,8.960000,523502.5101,29.0900,1.0620,10.620,0.0200,1,279,5896,33.3,66.7,66.7,33.3
69,84,64,1,0,0,0,1,1,1,1,1,1,0,0,25.0542,8.980000,0.055400,9.040000,523502.5101,21.2100,1.0660,10.660,0.0100,1,279,5896,33.3,66.7,50.0,50.0
69,85,64,1,1,0,1,1,1,0,0,0,1,1,0,23.9103,8.570000,0.055400,8.630000,523502.5101,29.2700,1.0650,10.650,0.0100,1,279,5896,50.0,50.0,33.3,66.7
69,86,64,1,1,1,1,0,1,0,0,0,0,1,0,24.3846,8.740000,0.055400,8.790000,523502.5101,29.2200,1.0640,10.640,0.0000,1,279,5896,50.0,50.0,50.0,50.0
69,87,64,0,1,1,1,1,1,1,1,1,0,1,1,22.9617,8.230000,0.055400,8.290000,523502.5101,5.4600,1.0630,10.630,0.0100,1,279,5896,16.7,83.3,16.7,83.3
69,88,64,1,1,1,1,1,1,0,1,1,0,1,1,22.7943,8.170000,0.055400,8.220000,523502.5101,7.5100,1.0560,10.560,0.0100,1,279,5896,16.7,83.3,16.7,83.3
69,89,64,1,0,0,1,1,1,0,0,0,1,0,1,23.6313,8.470000,0.055400,8.530000,523502.5101,11.2600,1.0630,10.630,0.0100,1,279,5896,66.7,33.3,33.3,66.7
69,90,64,1,1,1,1,0,0,1,0,1,1,0,0,24.5799,8.810000,0.055400,8.860000,523502.5101,29.5600,1.0610,10.610,0.0400,1,279,5896,33.3,66.7,50.0,50.0
69,91,64,0,1,1,1,0,1,1,1,1,1,1,0,22.8501,8.190000,0.055400,8.250000,523502.5101,18.9400,1.0630,10.630,0.0000,1,279,5896,33.3,66.7,16.7,83.3
69,92,64,1,1,0,1,1,1,0,1,1,1,0,1,20.6181,7.390000,0.055300,7.450000,523502.5101,14.6200,1.0250,10.250,0.3100,1,279,5896,50.0,50.0,0.0,100.0
69,93,64,0,0,1,1,1,0,1,0,1,0,0,0,23.1291,8.290000,0.055400,8.350000,523502.5101,20.2000,1.0370,10.370,0.2500,1,279,5896,33.3,66.7,83.3,16.7
69,94,64,1,0,0,1,1,0,1,0,0,0,1,1,23.5755,8.450000,0.055400,8.510000,523502.5101,11.0200,1.0660,10.660,0.0000,1,279,5896,33.3,66.7,66.7,33.3
69,95,64,0,1,0,1,0,1,0,1,0,1,1,1,20.3391,7.290000,0.055400,7.350000,523502.5101,12.2300,1.0180,10.180,0.4400,1,279,5896,83.3,16.7,0.0,100.0
69,96,64,1,1,0,1,1,1,1,1,1,1,1,0,22.8222,8.180000,0.055400,8.230000,523502.5101,14.1000,1.0640,10.640,0.0000,1,279,5896,16.7,83.3,16.7,83.3
69,97,64,0,1,1,1,1,1,0,0,1,1,1,1,23.0733,8.270000,0.055400,8.320000,523502.5101,5.5600,1.0550,10.550,0.0100,1,279,5896,33.3,66.7,16.7,83.3
69,98,64,1,1,1,0,0,1,1,1,1,1,1,1,23.7150,8.500000,0.055400,8.560000,523502.5101,9.8400,1.0630,10.630,0.0100,1,279,5896,16.7,83.3,16.7,83.3
70,0,64,1,1,1,1,1,0,1,0,1,0,0,0,25.4169,9.110000,0.055400,9.170000,523502.5101,30.1800,1.0660,10.660,0.0200,1,279,5896,16.7,83.3,66.7,33.3
70,1,64,1,1,0,1,0,0,1,1,1,1,1,1,23.4081,8.390000,0.055400,8.440000,523502.5101,9.2600,1.0640,10.640,0.0100,1,279,5896,33.3,66.7,16.7,83.3
70,2,64,0,0,0,0,1,0,0,0,0,1,0,0,23.7429,8.510000,0.055400,8.560000,523502.5101,19.7900,1.0690,10.690,0.0100,1,279,5896,83.3,16.7,83.3,16.7
70,3,64,0,1,0,1,1,1,0,1,0,1,1,1,20.8971,7.490000,0.055300,7.550000,523502.5101,12.4400,1.0330,10.330,0.2300,1,279,5896,66.7,33.3,0.0,100.0
70,4,64,1,1,0,0,1,0,1,0,1,1,0,0,24.1893,8.670000,0.055400,8.720000,523502.5101,29.0700,1.0650,10.650,0.0200,1,279,5896,33.3,66.7,66.7,33.3
70,6,64,1,1,1,0,1,1,1,0,1,1,1,0,24.9147,8.930000,0.055400,8.980000,523502.5101,29.7200,1.0640,10.640,0.0000,1,279,5896,0.0,100.0,50.0,50.0
70,7,64,1,0,0,0,1,0,1,1,1,1,1,1,23.3244,8.360000,0.055400,8.410000,523502.5101,13.2200,1.0640,10.640,0.0200,1,279,5896,16.7,83.3,50.0,50.0
70,9,64,1,1,0,0,1,0,1,1,1,1,0,0,24.5241,8.790000,0.055400,8.850000,523502.5101,28.7300,1.0630,10.630,0.0100,1,279,5896,33.3,66.7,50.0,50.0
70,11,64,1,0,1,1,0,0,0,0,0,0,1,0,23.2407,8.330000,0.055400,8.390000,523502.5101,19.8500,1.0700,10.700,0.0000,1,279,5896,50.0,50.0,83.3,16.7
70,12,64,1,1,0,1,1,1,0,1,1,1,1,0,23.5197,8.430000,0.055400,8.490000,523502.5101,11.6600,1.0650,10.650,0.0000,1,279,5896,33.3,66.7,16.7,83.3
70,13,64,0,0,0,0,0,0,1,1,1,1,1,0,23.0733,8.270000,0.055400,8.320000,523502.5101,20.3900,1.0630,10.630,0.0100,1,279,5896,50.0,50.0,66.7,33.3
70,14,64,1,0,1,0,1,1,1,1,0,0,1,1,23.3244,8.360000,0.055400,8.420000,523502.5101,11.6000,1.0640,10.640,0.0000,1,279,5896,16.7,83.3,50.0,50.0
70,15,64,0,0,0,0,1,0,1,0,1,0,0,0,22.1526,7.940000,0.055200,7.990000,523502.5101,20.2000,1.0660,10.660,0.0100,1,279,5896,50.0,50.0,100.0,0.0
70,18,64,0,0,0,1,0,0,0,0,0,0,0,0,22.5432,8.080000,0.055100,8.140000,523502.5101,19.7600,1.3880,13.880,-3.1100,0,279,5896,100.0,0.0,83.3,16.7
70,20,64,1,1,1,1,1,1,1,1,1,0,0,0,25.0542,8.980000,0.055400,9.030000,523502.5101,36.9500,1.0640,10.640,0.0000,1,279,5896,16.7,83.3,33.3,66.7
70,21,64,0,1,1,1,0,1,0,1,0,1,1,1,20.5344,7.360000,0.055300,7.410000,523502.5101,13.2600,1.0440,10.440,0.1500,1,279,5896,66.7,33.3,0.0,100.0
70,22,64,0,0,1,0,1,0,1,0,1,0,1,0,21.9015,7.850000,0.055200,7.910000,523502.5101,20.3400,1.0660,10.660,0.0000,1,279,5896,16.7,83.3,100.0,0.0
70,24,64,1,1,0,0,1,0,0,1,1,1,1,0,24.3288,8.720000,0.055400,8.770000,523502.5101,28.5000,1.0690,10.690,0.0100,1,279,5896,33.3,66.7,50.0,50.0
70,25,64,1,1,0,1,1,0,1,0,1,0,1,0,22.5990,8.100000,0.055400,8.150000,523502.5101,29.4300,1.0610,10.610,0.0200,1,279,5896,16.7,83.3,66.7,33.3
70,27,64,1,1,1,1,1,1,0,0,0,1,1,0,24.1056,8.640000,0.055400,8.690000,523502.5101,29.9600,1.0640,10.640,0.0100,1,279,5896,33.3,66.7,33.3,66.7
70,29,64,1,1,1,1,0,1,0,0,0,1,1,0,23.9940,8.600000,0.055400,8.650000,523502.5101,29.0400,1.0620,10.620,0.0400,1,279,5896,50.0,50.0,33.3,66.7
70,30,64,1,1,1,1,0,1,0,1,1,1,1,1,19.8090,7.100000,0.055300,7.160000,523502.5101,18.5800,1.0240,10.240,0.3300,1,279,5896,33.3,66.7,0.0,100.0
70,32,64,0,0,1,0,1,0,0,0,1,1,1,0,23.0175,8.250000,0.055400,8.310000,523502.5101,20.1400,1.0630,10.630,0.0100,1,279,5896,33.3,66.7,83.3,16.7
70,33,64,1,0,1,0,0,0,0,0,1,0,1,1,22.5990,8.100000,0.055400,8.160000,523502.5101,11.1100,1.0670,10.670,0.0100,1,279,5896,33.3,66.7,83.3,16.7
70,34,64,1,1,1,1,0,1,0,1,0,1,0,1,21.0087,7.530000,0.055300,7.580000,523502.5101,13.8400,1.0220,10.220,0.3400,1,279,5896,66.7,33.3,0.0,100.0
70,37,64,1,0,1,1,0,1,1,0,1,1,1,0,25.3053,9.070000,0.055400,9.130000,523502.5101,20.4900,1.0640,10.640,0.0400,1,279,5896,16.7,83.3,50.0,50.0
70,38,64,1,1,1,1,1,0,0,1,0,0,1,0,23.2128,8.320000,0.055400,8.370000,523502.5101,29.3100,1.0620,10.620,0.0500,1,279,5896,33.3,66.7,50.0,50.0
70,39,64,0,0,0,0,1,0,1,0,0,0,0,1,22.2921,7.990000,0.055400,8.040000,523502.5101,11.0000,1.0700,10.700,0.0000,1,279,5896,66.7,33.3,83.3,16.7
70,40,64,0,0,1,1,1,1,1,0,1,1,1,0,23.2965,8.350000,0.055400,8.410000,523502.5101,20.5300,1.0620,10.620,0.0200,1,279,5896,16.7,83.3,50.0,50.0
70,42,64,1,1,0,0,1,0,0,0,0,1,1,0,24.0498,8.620000,0.055400,8.680000,523502.5101,28.4800,1.0650,10.650,0.0100,1,279,5896,50.0,50.0,66.7,33.3
70,43,64,1,0,1,1,1,0,0,0,1,1,1,0,24.5520,8.800000,0.055400,8.850000,523502.5101,20.1400,1.0650,10.650,0.0000,1,279,5896,16.7,83.3,66.7,33.3
70,44,64,1,1,1,1,1,0,0,0,1,1,0,0,23.6592,8.480000,0.055400,8.530000,523502.5101,29.7900,1.0660,10.660,0.0200,1,279,5896,33.3,66.7,50.0,50.0
70,46,64,1,1,1,0,1,0,1,0,1,0,0,0,22.9338,8.220000,0.055400,8.280000,523502.5101,29.3900,1.0610,10.610,0.0500,1,279,5896,16.7,83.3,83.3,16.7
70,47,64,0,0,0,1,1,0,1,1,1,1,1,1,23.5755,8.450000,0.055400,8.510000,523502.5101,13.2200,1.0550,10.550,0.0800,1,279,5896,33.3,66.7,33.3,66.7
70,48,64,0,0,0,0,1,0,1,1,1,1,0,0,23.2128,8.320000,0.055400,8.380000,523502.5101,20.2900,1.0680,10.680,0.0100,1,279,5896,50.0,50.0,66.7,33.3
70,49,64,1,1,0,0,0,0,0,0,1,0,0,0,22.8222,8.180000,0.055400,8.240000,523502.5101,28.5600,1.0560,10.560,0.0900,1,279,5896,66.7,33.3,83.3,16.7
70,50,64,1,0,1,1,1,1,1,0,0,1,0,0,24.6636,8.840000,0.055400,8.890000,523502.5101,20.2300,1.0650,10.650,0.0100,1,279,5896,33.3,66.7,50.0,50.0
70,52,64,1,0,0,0,1,0,0,1,1,0,1,0,23.3244,8.360000,0.055400,8.420000,523502.5101,20.0400,1.0650,10.650,0.0600,1,279,5896,33.3,66.7,83.3,16.7
70,53,64,0,0,1,0,1,0,1,1,1,1,1,0,23.3802,8.380000,0.055400,8.440000,523502.5101,20.3900,1.0550,10.550,0.1300,1,279,5896,16.7,83.3,66.7,33.3
70,54,64,0,0,0,0,1,1,1,1,0,0,1,1,22.7943,8.170000,0.055400,8.230000,523502.5101,11.6000,1.0630,10.630,0.0300,1,279,5896,50.0,50.0,50.0,50.0
70,55,64,1,0,0,0,0,1,0,0,1,1,1,1,23.0733,8.270000,0.055400,8.320000,523502.5101,11.8000,1.0640,10.640,0.0100,1,279,5896,50.0,50.0,50.0,50.0
70,56,64,0,1,1,1,1,1,0,1,0,1,1,1,20.9808,7.520000,0.055300,7.570000,523502.5101,13.4800,1.0530,10.530,0.0300,1,279,5896,50.0,50.0,0.0,100.0
70,58,64,1,1,1,1,0,1,0,0,0,0,1,1,24.4125,8.750000,0.055400,8.800000,523502.5101,5.7700,1.0650,10.650,0.0000,1,279,5896,50.0,50.0,33.3,66.7
70,59,64,1,1,0,1,0,1,1,1,0,1,0,1,20.3391,7.290000,0.055300,7.350000,523502.5101,13.7000,1.0160,10.160,0.4200,1,279,5896,66.7,33.3,0.0,100.0
70,60,64,1,1,1,1,1,1,1,1,0,1,0,0,23.1012,8.280000,0.055400,8.340000,523502.5101,23.1400,1.0630,10.630,0.0100,1,279,5896,33.3,66.7,16.7,83.3
70,62,64,0,0,0,0,0,1,0,0,1,0,0,0,23.1012,8.280000,0.055400,8.330000,523502.5101,20.1300,1.0690,10.690,0.0100,1,279,5896,83.3,16.7,83.3,16.7
70,63,64,1,1,1,1,0,0,1,0,0,1,0,0,23.8266,8.540000,0.055400,8.590000,523502.5101,29.1100,1.0660,10.660,0.0100,1,279,5896,50.0,50.0,50.0,50.0
70,65,64,1,1,1,1,1,0,1,1,0,0,0,0,24.6636,8.840000,0.055400,8.890000,523502.5101,29.4500,1.0620,10.620,0.0000,1,279,5896,33.3,66.7,50.0,50.0
70,66,64,1,1,1,1,0,1,1,1,1,1,1,1,20.1438,7.220000,0.055300,7.280000,523502.5101,19.6700,1.0220,10.220,0.3400,1,279,5896,16.7,83.3,0.0,100.0
70,67,64,0,0,0,1,0,0,1,0,1,0,1,0,23.2407,8.330000,0.055400,8.390000,523502.5101,20.3400,1.0480,10.480,0.2000,1,279,5896,50.0,50.0,83.3,16.7
70,69,64,0,1,1,1,1,1,0,1,1,1,1,1,21.2040,7.600000,0.055300,7.660000,523502.5101,15.2600,1.0030,10.030,0.5400,1,279,5896,33.3,66.7,0.0,100.0
70,70,64,1,1,1,0,1,1,1,0,1,1,1,1,23.6592,8.480000,0.055400,8.530000,523502.5101,6.7000,1.0630,10.630,0.0100,1,279,5896,0.0,100.0,33.3,66.7
70,75,64,1,1,0,0,1,1,1,1,0,1,1,1,23.8266,8.540000,0.055400,8.600000,523502.5101,7.8100,1.0630,10.630,0.0300,1,279,5896,33.3,66.7,16.7,83.3
70,76,64,0,0,0,1,1,0,1,0,0,0,1,0,23.2965,8.350000,0.055400,8.400000,523502.5101,20.1900,1.0430,10.430,0.2100,1,279,5896,50.0,50.0,83.3,16.7
70,79,64,0,0,1,1,1,1,0,0,1,0,0,0,24.4404,8.760000,0.055400,8.810000,523502.5101,20.1200,1.0600,10.600,0.0400,1,279,5896,50.0,50.0,66.7,33.3
70,82,64,1,0,0,0,1,0,0,0,1,0,0,0,21.8178,7.820000,0.055200,7.880000,523502.5101,20.0100,1.0660,10.660,0.0700,1,279,5896,50.0,50.0,100.0,0.0
70,84,64,1,1,1,1,1,1,0,1,1,0,0,0,24.4962,8.780000,0.055400,8.840000,523502.5101,14.1300,1.0570,10.570,0.1000,1,279,5896,33.3,66.7,33.3,66.7
70,85,64,0,1,0,1,0,0,0,0,0,0,1,0,24.0498,8.620000,0.055400,8.670000,523502.5101,18.1300,1.0610,10.610,0.0200,1,279,5896,83.3,16.7,66.7,33.3
70,86,64,1,1,1,1,0,1,0,0,1,1,0,0,23.9940,8.600000,0.055400,8.650000,523502.5101,29.5400,1.0650,10.650,0.0000,1,279,5896,50.0,50.0,33.3,66.7
70,88,64,1,0,0,1,1,1,0,1,0,1,0,1,24.1893,8.670000,0.055400,8.730000,523502.5101,11.5400,1.0630,10.630,0.0000,1,279,5896,66.7,33.3,16.7,83.3
70,91,64,0,0,0,1,0,1,0,1,0,1,0,1,21.7620,7.800000,0.055100,7.850000,523502.5101,11.5200,1.2610,12.610,-1.8300,0,279,5896,100.0,0.0,16.7,83.3
70,93,64,1,1,1,0,0,0,0,1,1,1,0,0,23.8824,8.560000,0.055400,8.610000,523502.5101,28.3800,1.0600,10.600,0.0300,1,279,5896,50.0,50.0,50.0,50.0
70,94,64,1,0,0,1,0,0,0,0,1,1,0,1,23.5476,8.440000,0.055400,8.500000,523502.5101,11.3400,1.0550,10.550,0.1200,1,279,5896,66.7,33.3,50.0,50.0
70,95,64,0,1,1,1,0,1,0,1,0,1,0,1,20.5902,7.380000,0.055300,7.430000,523502.5101,12.2300,1.0270,10.270,0.2900,1,279,5896,83.3,16.7,0.0,100.0
70,96,64,0,0,0,1,0,1,1,1,1,1,1,1,23.5197,8.430000,0.055400,8.480000,523502.5101,22.5000,1.0640,10.640,0.0200,1,279,5896,50.0,50.0,16.7,83.3
70,98,64,1,0,0,0,0,0,0,0,0,1,0,1,22.8780,8.200000,0.055400,8.250000,523502.5101,11.2200,1.0640,10.640,0.0000,1,279,5896,83.3,16.7,66.7,33.3
70,99,64,1,1,0,1,1,0,0,1,1,0,1,0,23.8824,8.560000,0.055400,8.610000,523502.5101,28.4200,1.0660,10.660,0.0200,1,279,5896,33.3,66.7,50.0,50.0
71,0,64,1,1,0,0,1,1,0,0,1,0,0,0,24.1056,8.640000,0.055400,8.690000,523502.5101,28.3500,1.0680,10.680,0.0100,1,279,5896,50.0,50.0,66.7,33.3
71,1,64,0,0,0,0,1,0,1,0,1,1,1,0,22.9059,8.210000,0.055400,8.260000,523502.5101,20.5500,1.0660,10.660,0.0100,1,279,5896,33.3,66.7,83.3,16.7
71,2,64,1,1,0,1,1,0,0,1,0,1,1,1,24.5799,8.810000,0.055400,8.870000,523502.5101,6.9600,1.0650,10.650,0.0400,1,279,5896,50.0,50.0,16.7,83.3
71,3,64,0,1,1,1,1,1,0,1,1,0,1,1,23.4918,8.420000,0.055400,8.480000,523502.5101,4.7800,1.0640,10.640,0.0100,1,279,5896,33.3,66.7,16.7,83.3
71,6,64,0,0,1,0,0,1,0,0,1,1,0,0,23.0733,8.270000,0.055400,8.330000,523502.5101,20.2800,1.0560,10.560,0.0000,1,279,5896,66.7,33.3,66.7,33.3
71,8,64,1,1,1,1,0,1,0,1,0,1,1,1,20.5902,7.380000,0.055300,7.430000,523502.5101,15.8600,1.0560,10.560,0.0500,1,279,5896,50.0,50.0,0.0,100.0
71,10,64,0,0,0,0,0,0,1,0,0,0,1,0,21.8178,7.820000,0.055200,7.870000,523502.5101,20.1900,1.0710,10.710,0.0300,1,279,5896,66.7,33.3,100.0,0.0
71,11,64,1,0,1,1,1,0,0,0,1,1,0,0,23.5197,8.430000,0.055400,8.480000,523502.5101,20.0600,1.0500,10.500,0.1700,1,279,5896,33.3,66.7,66.7,33.3
71,12,64,1,1,0,0,0,0,0,0,1,1,0,0,23.4081,8.390000,0.055400,8.450000,523502.5101,28.6400,1.0560,10.560,0.1500,1,279,5896,66.7,33.3,66.7,33.3
71,13,64,1,0,0,0,0,1,0,1,1,1,1,1,22.7664,8.160000,0.055400,8.220000,523502.5101,13.7100,1.0620,10.620,0.0100,1,279,5896,50.0,50.0,33.3,66.7
71,14,64,1,1,0,0,0,0,1,0,1,0,1,0,23.7987,8.530000,0.055400,8.590000,523502.5101,29.3400,1.0630,10.630,0.0100,1,279,5896,33.3,66.7,83.3,16.7
71,15,64,0,1,1,1,0,1,1,1,1,1,0,0,23.9103,8.570000,0.055400,8.630000,523502.5101,18.0900,1.0700,10.700,0.0000,1,279,5896,50.0,50.0,16.7,83.3
71,17,64,1,1,0,1,1,1,1,1,0,1,1,1,20.3670,7.300000,0.055300,7.360000,523502.5101,16.5800,1.0070,10.070,0.5000,1,279,5896,33.3,66.7,0.0,100.0
71,18,64,1,0,1,1,0,0,0,0,0,0,1,1,23.1849,8.310000,0.055400,8.370000,523502.5101,11.0400,1.0610,10.610,0.0100,1,279,5896,50.0,50.0,66.7,33.3
71,20,64,0,0,1,1,1,0,1,0,0,0,1,0,23.2965,8.350000,0.055400,8.410000,523502.5101,20.1900,1.0660,10.660,0.0100,1,279,5896,33.3,66.7,83.3,16.7
71,21,64,1,1,0,0,0,1,1,1,1,1,1,1,23.6034,8.460000,0.055400,8.510000,523502.5101,9.5000,1.0590,10.590,-0.0600,0,279,5896,33.3,66.7,16.7,83.3
71,23,64,1,1,0,1,1,1,0,1,0,0,0,1,24.3846,8.740000,0.055400,8.790000,523502.5101,5.6900,1.0680,10.680,0.0200,1,279,5896,66.7,33.3,16.7,83.3
71,24,64,1,1,0,0,1,1,0,1,0,0,1,0,23.6871,8.490000,0.055400,8.550000,523502.5101,10.4400,1.0570,10.570,0.1100,1,279,5896,50.0,50.0,50.0,50.0
71,27,64,0,1,1,1,0,0,1,1,1,1,1,1,22.7106,8.140000,0.055400,8.200000,523502.5101,6.7000,1.0680,10.680,0.0100,1,279,5896,33.3,66.7,16.7,83.3
71,29,64,1,1,0,0,0,0,1,1,1,0,0,0,23.5197,8.430000,0.055400,8.480000,523502.5101,28.6200,1.0660,10.660,0.0000,1,279,5896,50.0,50.0,66.7,33.3
71,30,64,0,1,1,1,1,1,1,1,0,1,1,1,20.6460,7.400000,0.055300,7.450000,523502.5101,14.6100,1.0290,10.290,0.2700,1,279,5896,33.3,66.7,0.0,100.0
71,32,64,1,1,0,1,1,1,1,0,1,1,1,0,24.4404,8.760000,0.055400,8.810000,523502.5101,30.3600,1.0620,10.620,0.0000,1,279,5896,16.7,83.3,33.3,66.7
71,33,64,1,1,1,1,1,0,1,0,1,1,1,0,23.3523,8.370000,0.055400,8.430000,523502.5101,30.6800,1.0680,10.680,0.0200,1,279,5896,0.0,100.0,50.0,50.0
71,34,64,1,1,1,0,0,1,1,1,1,0,1,0,24.4683,8.770000,0.055400,8.820000,523502.5101,29.7000,1.0610,10.610,0.0700,1,279,5896,16.7,83.3,50.0,50.0
71,35,64,1,1,0,0,1,0,1,1,1,0,1,0,23.8824,8.560000,0.055400,8.610000,523502.5101,28.8400,1.0670,10.670,0.0100,1,279,5896,16.7,83.3,66.7,33.3
71,37,64,1,1,1,1,1,0,0,0,1,0,1,1,24.1614,8.660000,0.055400,8.710000,523502.5101,6.3600,1.0640,10.640,0.0100,1,279,5896,16.7,83.3,50.0,50.0
71,38,64,0,1,1,1,1,1,0,1,0,1,0,1,19.8648,7.120000,0.055300,7.170000,523502.5101,12.5700,1.0260,10.260,0.3100,1,279,5896,66.7,33.3,0.0,100.0
71,40,64,0,1,0,1,0,1,0,1,0,1,0,0,21.6504,7.760000,0.055100,7.810000,523502.5101,8.2300,1.3930,13.930,-3.2000,0,279,5896,100.0,0.0,16.7,83.3
71,42,64,1,1,0,0,0,1,0,1,0,1,0,1,23.3523,8.370000,0.055400,8.420000,523502.5101,5.4300,1.0630,10.630,0.0200,1,279,5896,83.3,16.7,16.7,83.3
71,43,64,1,1,0,1,0,1,1,0,0,0,1,0,24.5241,8.790000,0.055400,8.850000,523502.5101,28.7500,1.0680,10.680,0.0300,1,279,5896,50.0,50.0,50.0,50.0
71,45,64,0,0,1,1,1,0,0,0,1,1,0,1,23.4639,8.410000,0.055400,8.460000,523502.5101,11.3400,1.0630,10.630,0.0500,1,279,5896,50.0,50.0,50.0,50.0
71,46,64,0,1,1,1,1,1,0,0,0,1,0,0,22.7106,8.140000,0.055400,8.200000,523502.5101,17.6400,1.0630,10.630,0.0100,1,279,5896,66.7,33.3,33.3,66.7
71,47,64,0,1,0,1,0,1,1,1,0,1,0,1,20.7297,7.430000,0.055300,7.480000,523502.5101,11.4600,1.0290,10.290,0.2700,1,279,5896,83.3,16.7,0.0,100.0
71,49,64,0,1,0,1,0,0,0,1,0,1,1,1,23.4081,8.390000,0.055400,8.440000,523502.5101,4.3000,1.0620,10.620,0.0300,1,279,5896,83.3,16.7,16.7,83.3
71,50,64,0,0,1,0,1,1,1,0,1,0,1,0,23.5197,8.430000,0.055400,8.490000,523502.5101,20.4600,1.0630,10.630,0.0000,1,279,5896,16.7,83.3,83.3,16.7
71,52,64,1,1,1,1,0,0,0,1,0,1,1,0,24.9984,8.960000,0.055400,9.020000,523502.5101,10.3000,1.0640,10.640,0.0200,1,279,5896,50.0,50.0,33.3,66.7
71,54,64,1,1,1,1,1,0,0,1,1,0,0,0,24.1614,8.660000,0.055400,8.720000,523502.5101,30.1500,1.0640,10.640,0.0100,1,279,5896,33.3,66.7,50.0,50.0
71,55,64,0,0,0,0,0,0,1,0,0,1,1,0,22.3200,8.000000,0.055400,8.060000,523502.5101,20.2600,1.0660,10.660,0.0200,1,279,5896,66.7,33.3,83.3,16.7
71,56,64,1,1,1,1,1,1,1,1,0,1,1,0,23.2407,8.330000,0.055400,8.390000,523502.5101,14.8400,1.0650,10.650,0.0100,1,279,5896,16.7,83.3,16.7,83.3
71,57,64,1,0,0,1,0,0,0,0,0,1,0,0,23.2965,8.350000,0.055400,8.410000,523502.5101,19.7900,1.0680,10.680,0.0000,1,279,5896,83.3,16.7,66.7,33.3
71,59,64,1,1,0,0,0,1,0,0,1,0,0,0,23.4918,8.420000,0.055400,8.480000,523502.5101,28.5200,1.0660,10.660,0.0000,1,279,5896,66.7,33.3,66.7,33.3
71,61,64,1,1,0,1,0,1,0,0,1,1,0,0,23.4360,8.400000,0.055400,8.450000,523502.5101,28.8900,1.0620,10.620,0.0200,1,279,5896,66.7,33.3,33.3,66.7
71,62,64,1,1,1,1,1,1,1,1,0,0,1,1,24.3288,8.720000,0.055400,8.770000,523502.5101,8.7400,1.0640,10.640,0.0300,1,279,5896,16.7,83.3,16.7,83.3
71,63,64,1,1,1,1,0,1,0,0,0,1,0,1,23.0454,8.260000,0.055400,8.310000,523502.5101,5.9700,1.0650,10.650,0.0100,1,279,5896,66.7,33.3,16.7,83.3
71,65,64,1,1,0,1,1,1,1,0,1,1,1,1,23.6871,8.490000,0.055400,8.550000,523502.5101,7.7100,1.0640,10.640,0.0200,1,279,5896,16.7,83.3,16.7,83.3
71,66,64,0,0,0,0,1,0,0,0,1,0,1,0,22.0131,7.890000,0.055200,7.950000,523502.5101,20.0700,1.0690,10.690,0.0400,1,279,5896,50.0,50.0,100.0,0.0
71,67,64,0,0,0,0,1,0,0,0,0,1,1,1,22.7943,8.170000,0.055400,8.230000,523502.5101,11.5900,1.0620,10.620,0.0000,1,279,5896,66.7,33.3,66.7,33.3
71,68,64,1,0,1,1,1,1,1,1,0,1,1,1,24.2172,8.680000,0.055400,8.740000,523502.5101,13.1000,1.0620,10.620,0.0200,1,279,5896,16.7,83.3,16.7,83.3
71,70,64,1,0,1,0,1,1,1,1,1,1,0,0,24.2730,8.700000,0.055400,8.750000,523502.5101,21.2100,1.0670,10.670,0.0200,1,279,5896,16.7,83.3,50.0,50.0
71,71,64,1,1,0,1,0,1,1,0,0,1,0,1,23.2965,8.350000,0.055400,8.400000,523502.5101,5.0500,1.0660,10.660,0.0200,1,279,5896,66.7,33.3,16.7,83.3
71,72,64,1,1,0,0,0,0,0,0,0,0,0,0,23.5476,8.440000,0.055400,8.500000,523502.5101,28.2200,1.0640,10.640,0.0100,1,279,5896,83.3,16.7,83.3,16.7
71,73,64,0,0,1,1,1,0,0,0,1,0,1,1,23.3244,8.360000,0.055400,8.420000,523502.5101,11.1100,1.0660,10.660,0.0000,1,279,5896,33.3,66.7,66.7,33.3
71,74,64,0,0,0,0,1,1,1,0,1,0,1,0,22.8222,8.180000,0.055400,8.230000,523502.5101,20.4600,1.0620,10.620,0.0300,1,279,5896,33.3,66.7,83.3,16.7
71,76,64,1,1,0,1,0,0,0,0,0,1,0,1,23.5476,8.440000,0.055400,8.500000,523502.5101,4.9700,1.0540,10.540,0.1000,1,279,5896,83.3,16.7,33.3,66.7
71,78,64,1,1,0,0,0,0,1,0,1,1,1,0,23.9103,8.570000,0.055400,8.620000,523502.5101,29.4000,1.0580,10.580,0.1000,1,279,5896,33.3,66.7,66.7,33.3
71,80,64,1,1,0,1,1,0,1,1,1,0,1,0,24.0498,8.620000,0.055400,8.670000,523502.5101,29.1600,1.0680,10.680,0.0100,1,279,5896,16.7,83.3,50.0,50.0
71,81,64,0,0,0,1,0,0,0,0,1,0,1,0,23.3802,8.380000,0.055400,8.430000,523502.5101,20.0700,1.0540,10.540,0.0800,1,279,5896,66.7,33.3,83.3,16.7
71,83,64,1,1,0,1,0,0,0,0,1,1,1,1,23.6592,8.480000,0.055400,8.530000,523502.5101,6.1100,1.0660,10.660,0.0000,1,279,5896,50.0,50.0,33.3,66.7
71,84,64,1,1,1,1,0,0,0,1,1,1,1,1,22.2084,7.960000,0.055400,8.020000,523502.5101,10.5200,1.0640,10.640,0.0100,1,279,5896,33.3,66.7,16.7,83.3
71,86,64,1,1,1,0,1,0,1,1,0,0,0,0,24.3567,8.730000,0.055400,8.780000,523502.5101,28.9100,1.0640,10.640,0.0500,1,279,5896,33.3,66.7,66.7,33.3
71,87,64,0,0,0,0,1,0,1,1,1,0,0,0,23.0175,8.250000,0.055400,8.310000,523502.5101,20.2500,1.0600,10.600,0.1000,1,279,5896,50.0,50.0,83.3,16.7
71,88,64,1,1,1,0,0,0,0,0,0,1,1,0,24.0219,8.610000,0.055400,8.660000,523502.5101,28.6700,1.0660,10.660,0.0000,1,279,5896,50.0,50.0,66.7,33.3
71,89,64,0,0,1,1,0,1,0,0,0,1,0,0,23.7150,8.500000,0.055400,8.560000,523502.5101,19.9900,1.0680,10.680,0.0300,1,279,5896,83.3,16.7,50.0,50.0
71,91,64,1,1,0,0,1,0,1,0,1,0,0,0,23.8824,8.560000,0.055400,8.620000,523502.5101,28.8700,1.0660,10.660,0.0300,1,279,5896,33.3,66.7,83.3,16.7
71,93,64,1,1,0,0,1,0,0,1,1,0,1,1,22.8780,8.200000,0.055400,8.260000,523502.5101,5.0100,1.0680,10.680,0.0000,1,279,5896,33.3,66.7,50.0,50.0
71,94,64,1,0,1,1,1,0,1,1,1,1,1,0,24.7473,8.870000,0.055400,8.930000,523502.5101,20.3900,1.0480,10.480,0.2200,1,279,5896,0.0,100.0,50.0,50.0
71,95,64,0,1,1,1,0,1,0,1,0,1,1,0,22.7943,8.170000,0.055400,8.230000,523502.5101,8.9800,1.0640,10.640,0.0100,1,279,5896,66.7,33.3,16.7,83.3
71,96,64,1,1,1,1,1,1,1,1,0,0,0,0,24.3009,8.710000,0.055400,8.760000,523502.5101,33.3200,1.0670,10.670,0.0200,1,279,5896,33.3,66.7,33.3,66.7
71,97,64,0,0,0,0,0,1,1,1,1,1,0,1,23.9382,8.580000,0.055400,8.640000,523502.5101,12.1400,1.0640,10.640,0.0000,1,279,5896,66.7,33.3,33.3,66.7
71,98,64,0,0,0,0,0,0,0,1,1,0,1,0,22.6827,8.130000,0.055400,8.180000,523502.5101,20.0400,1.0640,10.640,0.0100,1,279,5896,66.7,33.3,83.3,16.7
71,99,64,1,1,1,1,1,1,1,1,1,1,0,1,20.8971,7.490000,0.055300,7.540000,523502.5101,18.3000,1.0140,10.140,0.4300,1,279,5896,16.7,83.3,0.0,100.0
72,0,64,1,1,0,0,0,0,0,0,0,1,0,0,23.5755,8.450000,0.055400,8.500000,523502.5101,28.3200,1.0620,10.620,0.0500,1,279,5896,83.3,16.7,66.7,33.3
72,3,64,0,0,1,1,0,0,0,0,0,0,0,0,22.4595,8.050000,0.055400,8.110000,523502.5101,19.7600,1.0550,10.550,0.1100,1,279,5896,83.3,16.7,83.3,16.7
72,4,64,1,1,0,1,1,1,1,1,0,1,1,0,24.0219,8.610000,0.055400,8.670000,523502.5101,11.0100,1.0560,10.560,0.0000,1,279,5896,33.3,66.7,16.7,83.3
72,9,64,0,1,1,1,0,0,0,1,1,1,1,1,23.5197,8.430000,0.055400,8.480000,523502.5101,6.4200,1.0480,10.480,0.1900,1,279,5896,50.0,50.0,16.7,83.3
72,10,64,1,1,1,0,0,1,1,1,0,0,1,0,23.5197,8.430000,0.055400,8.480000,523502.5101,29.2400,1.0620,10.620,0.0100,1,279,5896,33.3,66.7,50.0,50.0
72,11,64,0,1,0,1,0,1,0,1,1,1,1,1,20.5623,7.370000,0.055300,7.430000,523502.5101,13.8000,1.0280,10.280,0.2500,1,279,5896,66.7,33.3,0.0,100.0
72,12,64,1,1,1,1,1,0,0,0,1,1,1,0,24.1893,8.670000,0.055400,8.730000,523502.5101,29.8100,1.0650,10.650,0.0000,1,279,5896,16.7,83.3,50.0,50.0
72,13,64,1,1,1,1,0,1,1,0,0,1,1,1,23.2686,8.340000,0.055400,8.400000,523502.5101,7.1000,1.0690,10.690,0.0200,1,279,5896,33.3,66.7,16.7,83.3
72,15,64,1,0,0,1,0,0,0,0,0,0,1,0,22.9896,8.240000,0.055400,8.300000,523502.5101,19.8500,1.0450,10.450,0.2200,1,279,5896,66.7,33.3,83.3,16.7
72,18,64,1,1,0,0,0,1,1,0,1,1,1,0,24.3288,8.720000,0.055400,8.770000,523502.5101,29.3600,1.0630,10.630,0.0700,1,279,5896,33.3,66.7,50.0,50.0
72,21,64,0,0,0,0,1,0,0,0,1,0,1,1,22.2642,7.980000,0.055400,8.030000,523502.5101,11.1100,1.0630,10.630,0.0100,1,279,5896,50.0,50.0,83.3,16.7
72,23,64,0,1,1,0,0,1,0,1,0,1,1,1,24.1335,8.650000,0.055400,8.710000,523502.5101,4.7700,1.0660,10.660,0.0000,1,279,5896,66.7,33.3,16.7,83.3
72,25,64,1,0,1,1,1,0,1,1,0,0,1,0,24.1614,8.660000,0.055400,8.710000,523502.5101,19.9300,1.0330,10.330,0.2300,1,279,5896,16.7,83.3,66.7,33.3
72,27,64,1,1,0,1,0,0,1,1,0,1,0,1,23.8824,8.560000,0.055400,8.610000,523502.5101,5.3100,1.0640,10.640,0.0400,1,279,5896,66.7,33.3,16.7,83.3
72,30,64,1,1,0,1,1,1,1,0,0,1,1,0,24.7473,8.870000,0.055400,8.920000,523502.5101,29.9500,1.0660,10.660,0.0300,1,279,5896,33.3,66.7,33.3,66.7
72,31,64,1,0,0,1,0,0,1,0,0,1,0,1,24.3288,8.720000,0.055400,8.780000,523502.5101,11.2400,1.0680,10.680,-0.0700,0,279,5896,66.7,33.3,50.0,50.0
72,35,64,0,1,0,1,0,1,0,1,1,1,0,1,19.9764,7.160000,0.055300,7.210000,523502.5101,11.6000,1.0380,10.380,0.2000,1,279,5896,83.3,16.7,0.0,100.0
72,38,64,1,1,1,1,0,1,1,1,0,1,1,1,21.0366,7.540000,0.055300,7.590000,523502.5101,16.5700,1.0250,10.250,0.3500,1,279,5896,33.3,66.7,0.0,100.0
72,40,64,1,0,1,0,1,1,1,1,1,0,1,1,23.6871,8.490000,0.055400,8.550000,523502.5101,11.8100,1.0640,10.640,0.0100,1,279,5896,0.0,100.0,50.0,50.0
72,42,64,0,1,1,1,1,0,0,1,0,1,1,1,23.4081,8.390000,0.055400,8.450000,523502.5101,5.0600,1.0650,10.650,0.0000,1,279,5896,50.0,50.0,16.7,83.3
72,43,64,0,0,1,1,1,0,1,1,0,0,0,0,23.3802,8.380000,0.055400,8.430000,523502.5101,19.9200,1.0650,10.650,0.0100,1,279,5896,50.0,50.0,66.7,33.3
72,44,64,1,1,0,0,1,1,1,1,1,1,0,1,23.6871,8.490000,0.055400,8.550000,523502.5101,6.7400,1.0650,10.650,0.0000,1,279,5896,33.3,66.7,16.7,83.3
72,46,64,0,1,1,1,1,0,0,1,1,1,1,1,23.6592,8.480000,0.055400,8.540000,523502.5101,6.4700,1.0550,10.550,0.0100,1,279,5896,33.3,66.7,16.7,83.3
72,47,64,0,0,0,1,0,1,0,0,1,1,0,0,24.1614,8.660000,0.055400,8.710000,523502.5101,20.2800,1.0570,10.570,0.1000,1,279,5896,83.3,16.7,50.0,50.0
72,50,64,1,1,1,1,1,0,1,0,1,0,1,0,23.9103,8.570000,0.055400,8.620000,523502.5101,30.5800,1.0690,10.690,0.0100,1,279,5896,0.0,100.0,66.7,33.3
72,51,64,1,1,1,1,1,0,1,1,0,1,1,0,24.4683,8.770000,0.055400,8.830000,523502.5101,11.4000,1.0560,10.560,0.0700,1,279,5896,16.7,83.3,33.3,66.7
72,52,64,1,1,0,1,1,1,1,1,0,1,0,1,20.3112,7.280000,0.055300,7.340000,523502.5101,14.5600,1.0270,10.270,0.3000,1,279,5896,50.0,50.0,0.0,100.0
72,53,64,0,1,1,1,1,1,0,1,1,1,0,0,22.9059,8.210000,0.055400,8.260000,523502.5101,9.0300,1.0650,10.650,0.0100,1,279,5896,50.0,50.0,16.7,83.3
72,54,64,1,0,0,1,1,1,1,0,1,0,1,0,24.3288,8.720000,0.055400,8.770000,523502.5101,20.4600,1.0490,10.490,0.1600,1,279,5896,16.7,83.3,66.7,33.3
72,56,64,0,0,1,1,0,1,0,1,0,1,0,1,24.1056,8.640000,0.055400,8.700000,523502.5101,11.5200,1.0650,10.650,0.0300,1,279,5896,83.3,16.7,16.7,83.3
72,57,64,0,1,1,1,0,1,0,1,1,1,0,1,20.1717,7.230000,0.055300,7.290000,523502.5101,12.4000,1.0180,10.180,0.4600,1,279,5896,66.7,33.3,0.0,100.0
72,58,64,1,1,1,1,1,0,0,1,1,1,1,0,24.5241,8.790000,0.055400,8.840000,523502.5101,30.2800,1.0650,10.650,0.0200,1,279,5896,16.7,83.3,33.3,66.7
72,59,64,0,0,1,0,0,0,0,0,1,0,0,0,21.1761,7.590000,0.055200,7.650000,523502.5101,20.0100,1.0720,10.720,0.0100,1,279,5896,66.7,33.3,100.0,0.0
72,61,64,1,1,0,1,0,1,0,0,0,1,0,1,23.0733,8.270000,0.055400,8.330000,523502.5101,5.1200,1.0620,10.620,0.0100,1,279,5896,83.3,16.7,16.7,83.3
72,62,64,0,1,0,1,1,1,0,1,0,1,1,0,23.5755,8.450000,0.055400,8.500000,523502.5101,8.2000,1.0630,10.630,0.0200,1,279,5896,66.7,33.3,16.7,83.3
72,64,64,0,0,1,0,0,0,0,0,0,0,1,0,22.1247,7.930000,0.055200,7.990000,523502.5101,19.8500,1.0660,10.660,0.0600,1,279,5896,66.7,33.3,100.0,0.0
72,65,64,1,1,1,1,0,1,0,1,0,1,1,0,23.2128,8.320000,0.055400,8.380000,523502.5101,10.2500,1.0690,10.690,0.0200,1,279,5896,50.0,50.0,16.7,83.3
72,67,64,1,1,0,1,1,1,0,0,0,0,0,0,24.1893,8.670000,0.055400,8.730000,523502.5101,29.3000,1.0640,10.640,0.0100,1,279,5896,66.7,33.3,50.0,50.0
72,68,64,1,1,1,1,1,0,0,0,1,1,1,1,24.0219,8.610000,0.055400,8.670000,523502.5101,8.1300,1.0630,10.630,0.0100,1,279,5896,16.7,83.3,33.3,66.7
72,69,64,0,1,1,1,1,0,1,1,1,1,1,1,22.8780,8.200000,0.055400,8.260000,523502.5101,6.8100,1.0650,10.650,0.0000,1,279,5896,16.7,83.3,16.7,83.3
72,70,64,1,1,0,1,1,1,0,1,1,1,0,0,23.0454,8.260000,0.055400,8.320000,523502.5101,11.3000,1.0640,10.640,0.0200,1,279,5896,50.0,50.0,16.7,83.3
72,71,64,1,1,0,0,1,0,0,0,1,0,0,0,23.7987,8.530000,0.055400,8.590000,523502.5101,28.4700,1.0600,10.600,0.0600,1,279,5896,50.0,50.0,83.3,16.7
72,74,64,1,1,0,1,1,0,1,1,0,1,0,1,23.4360,8.400000,0.055400,8.460000,523502.5101,5.7500,1.0620,10.620,0.0200,1,279,5896,50.0,50.0,16.7,83.3
72,78,64,0,1,1,1,0,1,0,1,1,1,1,1,20.4786,7.340000,0.055300,7.390000,523502.5101,14.7100,1.0410,10.410,0.1600,1,279,5896,50.0,50.0,0.0,100.0
72,79,64,1,1,0,0,0,1,0,1,0,0,1,0,23.3244,8.360000,0.055400,8.420000,523502.5101,10.7400,1.0650,10.650,0.0000,1,279,5896,66.7,33.3,50.0,50.0
72,80,64,1,1,0,1,1,1,0,0,1,1,0,0,24.1335,8.650000,0.055400,8.710000,523502.5101,29.3400,1.0640,10.640,0.0100,1,279,5896,50.0,50.0,33.3,66.7
72,81,64,0,0,1,1,0,1,1,0,1,1,1,0,23.6592,8.480000,0.055400,8.540000,523502.5101,20.4900,1.0620,10.620,0.0200,1,279,5896,33.3,66.7,50.0,50.0
72,83,64,0,1,1,1,1,0,1,1,0,1,1,1,22.8222,8.180000,0.055400,8.240000,523502.5101,5.1900,1.0550,10.550,0.0500,1,279,5896,33.3,66.7,16.7,83.3
72,84,64,0,0,1,0,0,1,1,1,1,0,1,0,23.3244,8.360000,0.055400,8.420000,523502.5101,20.7400,1.0650,10.650,0.0000,1,279,5896,33.3,66.7,66.7,33.3
72,86,64,1,0,1,1,1,0,0,1,1,1,1,0,24.0777,8.630000,0.055400,8.680000,523502.5101,20.2300,1.0640,10.640,0.0100,1,279,5896,16.7,83.3,50.0,50.0
72,87,64,1,1,0,0,0,1,0,1,1,1,1,1,22.7664,8.160000,0.055400,8.220000,523502.5101,8.9900,1.0640,10.640,0.0000,1,279,5896,50.0,50.0,16.7,83.3
72,88,64,0,0,1,0,1,0,0,0,1,0,1,0,22.1526,7.940000,0.055200,7.990000,523502.5101,20.0700,1.0690,10.690,0.0600,1,279,5896,33.3,66.7,100.0,0.0
72,89,64,1,1,1,1,0,1,0,0,1,1,1,1,22.7385,8.150000,0.055400,8.210000,523502.5101,7.5000,1.0630,10.630,0.0200,1,279,5896,33.3,66.7,16.7,83.3
72,90,64,1,1,0,1,1,1,1,1,1,1,0,1,20.3112,7.280000,0.055300,7.340000,523502.5101,15.4000,1.0210,10.210,0.3600,1,279,5896,33.3,66.7,0.0,100.0
72,93,64,1,1,1,1,0,1,0,1,1,0,0,1,22.9059,8.210000,0.055400,8.260000,523502.5101,5.4900,1.0620,10.620,0.0100,1,279,5896,50.0,50.0,16.7,83.3
72,95,64,1,1,1,0,0,1,0,0,1,1,1,0,23.5197,8.430000,0.055400,8.490000,523502.5101,29.3100,1.0660,10.660,0.0000,1,279,5896,33.3,66.7,50.0,50.0
72,96,64,1,0,1,0,1,1,0,0,1,1,1,1,23.3244,8.360000,0.055400,8.420000,523502.5101,11.8800,1.0660,10.660,0.0000,1,279,5896,16.7,83.3,50.0,50.0
72,98,64,1,0,0,0,0,1,1,1,1,0,1,1,22.8780,8.200000,0.055400,8.260000,523502.5101,11.2500,1.0640,10.640,0.0000,1,279,5896,33.3,66.7,50.0,50.0
72,99,64,0,0,1,1,0,0,0,0,0,0,1,0,22.8501,8.190000,0.055400,8.250000,523502.5101,19.8500,1.0570,10.570,0.0100,1,279,5896,66.7,33.3,83.3,16.7
73,0,64,1,1,1,1,1,1,0,1,0,1,0,1,20.5902,7.380000,0.055300,7.430000,523502.5101,15.3600,1.0120,10.120,0.4600,1,279,5896,50.0,50.0,0.0,100.0
73,1,64,1,1,0,1,0,1,1,1,0,0,0,1,23.5755,8.450000,0.055400,8.510000,523502.5101,5.3100,1.0630,10.630,0.0100,1,279,5896,66.7,33.3,16.7,83.3
73,4,64,1,1,0,0,1,1,1,0,1,1,0,0,23.5476,8.440000,0.055400,8.490000,523502.5101,29.0900,1.0660,10.660,0.0400,1,279,5896,33.3,66.7,50.0,50.0
73,9,64,1,1,1,1,1,1,1,1,1,1,1,0,23.2686,8.340000,0.055400,8.400000,523502.5101,38.9000,1.0660,10.660,0.0400,1,279,5896,0.0,100.0,16.7,83.3
73,10,64,0,1,0,1,1,1,0,1,1,1,0,1,20.7576,7.440000,0.055300,7.490000,523502.5101,12.2300,1.0300,10.300,0.2600,1,279,5896,66.7,33.3,0.0,100.0
73,11,64,1,1,0,0,1,1,0,1,1,0,1,0,24.1056,8.640000,0.055400,8.690000,523502.5101,10.5900,1.0610,10.610,0.0700,1,279,5896,33.3,66.7,50.0,50.0
73,12,64,0,1,1,1,1,1,0,0,1,1,0,0,23.7708,8.520000,0.055400,8.580000,523502.5101,17.9800,1.0670,10.670,0.0300,1,279,5896,50.0,50.0,33.3,66.7
73,13,64,1,1,0,1,1,1,1,0,1,0,1,0,24.2172,8.680000,0.055400,8.730000,523502.5101,30.7800,1.0580,10.580,0.0600,1,279,5896,16.7,83.3,50.0,50.0
73,14,64,1,0,1,1,1,0,1,1,0,0,0,0,24.8589,8.910000,0.055400,8.970000,523502.5101,19.9200,1.0300,10.300,0.4000,1,279,5896,33.3,66.7,66.7,33.3
73,21,64,0,1,0,1,1,1,1,1,0,1,1,1,19.8648,7.120000,0.055300,7.180000,523502.5101,13.3000,1.0090,10.090,0.4900,1,279,5896,50.0,50.0,0.0,100.0
73,23,64,0,0,1,0,1,1,1,1,1,1,1,1,21.7620,7.800000,0.055400,7.860000,523502.5101,24.2000,1.0650,10.650,0.0300,1,279,5896,16.7,83.3,33.3,66.7
73,24,64,0,1,1,1,1,0,1,1,1,1,1,0,23.6034,8.460000,0.055400,8.510000,523502.5101,18.4200,1.0640,10.640,0.0100,1,279,5896,16.7,83.3,33.3,66.7
73,25,64,0,1,0,0,0,0,0,0,1,0,0,0,24.1893,8.670000,0.055400,8.720000,523502.5101,18.2900,1.0630,10.630,0.0000,1,279,5896,83.3,16.7,83.3,16.7
73,26,64,1,1,1,0,1,1,1,1,1,1,1,0,24.4125,8.750000,0.055400,8.810000,523502.5101,31.0600,1.0570,10.570,0.0900,1,279,5896,0.0,100.0,33.3,66.7
73,27,64,0,1,0,1,0,0,0,1,0,1,0,1,22.6269,8.110000,0.055100,8.170000,523502.5101,3.6500,1.3010,13.010,-2.2700,0,279,5896,100.0,0.0,16.7,83.3
73,28,64,0,0,0,1,0,0,0,0,0,0,1,1,23.4360,8.400000,0.055400,8.460000,523502.5101,11.0400,1.0620,10.620,0.0100,1,279,5896,83.3,16.7,66.7,33.3
73,30,64,1,1,0,1,0,1,0,1,0,1,1,0,22.6827,8.130000,0.055400,8.180000,523502.5101,9.6500,1.0640,10.640,0.0100,1,279,5896,66.7,33.3,16.7,83.3
73,31,64,0,1,1,1,0,1,0,0,0,0,0,0,23.7429,8.510000,0.055400,8.570000,523502.5101,27.2900,1.0630,10.630,0.0200,1,279,5896,83.3,16.7,50.0,50.0
73,32,64,0,0,0,0,1,0,1,0,0,1,1,0,23.1570,8.300000,0.055400,8.360000,523502.5101,20.2600,1.0620,10.620,0.0100,1,279,5896,50.0,50.0,83.3,16.7
73,33,64,1,1,0,1,1,0,1,1,1,1,0,1,22.8222,8.180000,0.055400,8.230000,523502.5101,6.4100,1.0390,10.390,0.1900,1,279,5896,33.3,66.7,16.7,83.3
73,34,64,0,0,0,1,0,0,1,0,0,0,1,0,22.4874,8.060000,0.055400,8.120000,523502.5101,20.1900,1.0520,10.520,0.0400,1,279,5896,66.7,33.3,83.3,16.7
73,35,64,0,0,1,1,0,0,1,0,1,0,1,0,23.2407,8.330000,0.055400,8.390000,523502.5101,20.3400,1.0620,10.620,0.0000,1,279,5896,33.3,66.7,83.3,16.7
73,38,64,1,1,1,1,0,0,1,1,1,1,0,1,23.4639,8.410000,0.055400,8.470000,523502.5101,6.9100,1.0650,10.650,-0.0200,0,279,5896,33.3,66.7,16.7,83.3
73,39,64,1,1,1,0,0,1,1,1,1,0,0,0,24.6078,8.820000,0.055400,8.880000,523502.5101,29.3600,1.0640,10.640,0.0300,1,279,5896,33.3,66.7,50.0,50.0
73,41,64,1,1,1,1,0,1,0,1,1,1,0,1,19.7811,7.090000,0.055300,7.140000,523502.5101,14.3700,1.0390,10.390,0.1700,1,279,5896,50.0,50.0,0.0,100.0
73,42,64,1,0,1,1,1,1,1,1,1,0,0,0,24.4404,8.760000,0.055400,8.810000,523502.5101,21.0000,1.0630,10.630,0.0300,1,279,5896,16.7,83.3,50.0,50.0
73,44,64,1,0,0,1,1,1,1,1,1,0,1,0,24.5520,8.800000,0.055400,8.850000,523502.5101,21.1200,1.0610,10.610,0.0300,1,279,5896,16.7,83.3,50.0,50.0
73,48,64,1,1,1,0,0,1,0,1,1,1,0,1,24.0219,8.610000,0.055400,8.660000,523502.5101,5.8000,1.0650,10.650,0.0200,1,279,5896,50.0,50.0,16.7,83.3
73,49,64,0,0,1,0,0,0,0,0,1,0,1,1,21.3156,7.640000,0.055400,7.690000,523502.5101,11.1100,1.0690,10.690,0.0000,1,279,5896,50.0,50.0,83.3,16.7
73,50,64,1,1,1,1,0,1,1,1,1,0,1,0,24.5799,8.810000,0.055400,8.860000,523502.5101,30.1700,1.0690,10.690,0.0000,1,279,5896,16.7,83.3,33.3,66.7
73,51,64,1,0,1,1,1,1,0,1,0,1,0,1,24.3009,8.710000,0.055400,8.770000,523502.5101,11.5400,1.0620,10.620,0.0200,1,279,5896,50.0,50.0,16.7,83.3
73,52,64,0,0,0,0,0,1,1,1,0,0,1,0,22.9059,8.210000,0.055400,8.270000,523502.5101,20.2400,1.0610,10.610,0.0400,1,279,5896,66.7,33.3,66.7,33.3
73,54,64,0,0,0,0,0,0,1,0,1,1,0,0,22.3479,8.010000,0.055400,8.070000,523502.5101,20.2600,1.0640,10.640,0.0000,1,279,5896,66.7,33.3,83.3,16.7
73,56,64,1,1,1,0,0,1,1,1,1,0,0,1,23.6313,8.470000,0.055400,8.520000,523502.5101,5.0400,1.0640,10.640,0.0100,1,279,5896,33.3,66.7,33.3,66.7
73,57,64,1,1,0,1,1,1,1,1,0,0,0,1,24.0777,8.630000,0.055400,8.680000,523502.5101,6.1100,1.0630,10.630,0.0000,1,279,5896,50.0,50.0,16.7,83.3
73,58,64,1,1,1,1,0,1,1,1,0,0,0,0,23.1849,8.310000,0.055400,8.370000,523502.5101,29.1200,1.0670,10.670,0.0000,1,279,5896,50.0,50.0,33.3,66.7
73,59,64,1,1,0,0,1,1,0,0,1,1,1,0,24.1056,8.640000,0.055400,8.700000,523502.5101,28.4600,1.0620,10.620,0.0200,1,279,5896,33.3,66.7,50.0,50.0
73,60,64,1,1,1,1,0,1,1,0,1,1,0,0,23.4639,8.410000,0.055400,8.470000,523502.5101,29.4200,1.0500,10.500,0.1300,1,279,5896,33.3,66.7,33.3,66.7
73,62,64,0,0,1,1,0,0,1,0,0,0,1,0,22.5153,8.070000,0.055400,8.130000,523502.5101,20.1900,1.0300,10.300,0.2700,1,279,5896,50.0,50.0,83.3,16.7
73,66,64,1,1,1,1,0,0,1,0,1,1,1,0,23.8545,8.550000,0.055400,8.600000,523502.5101,29.9000,1.0630,10.630,0.0100,1,279,5896,16.7,83.3,50.0,50.0
73,68,64,1,1,0,1,0,1,0,1,0,1,1,1,20.8134,7.460000,0.055300,7.510000,523502.5101,14.7300,1.0000,10.000,0.5700,1,279,5896,66.7,33.3,0.0,100.0
73,69,64,0,1,0,1,0,1,1,1,1,1,0,1,19.8369,7.110000,0.055300,7.160000,523502.5101,11.9300,1.0300,10.300,0.2600,1,279,5896,66.7,33.3,0.0,100.0
73,71,64,1,1,0,0,0,0,1,0,0,0,1,0,24.2451,8.690000,0.055400,8.750000,523502.5101,29.0100,1.0590,10.590,0.1000,1,279,5896,50.0,50.0,83.3,16.7
73,72,64,0,1,1,1,1,1,0,1,0,0,0,1,23.9103,8.570000,0.055400,8.630000,523502.5101,4.4300,1.0650,10.650,0.0000,1,279,5896,66.7,33.3,16.7,83.3
73,73,64,0,1,0,1,1,0,0,1,0,1,1,1,22.9059,8.210000,0.055400,8.260000,523502.5101,4.3600,1.0630,10.630,0.0300,1,279,5896,66.7,33.3,16.7,83.3
73,74,64,0,0,1,1,0,0,1,0,1,1,1,0,23.1291,8.290000,0.055400,8.340000,523502.5101,20.5500,1.0640,10.640,0.0200,1,279,5896,33.3,66.7,66.7,33.3
73,77,64,1,1,0,0,0,0,0,0,1,0,1,0,23.5476,8.440000,0.055400,8.500000,523502.5101,28.8600,1.0630,10.630,0.0100,1,279,5896,50.0,50.0,83.3,16.7
73,78,64,0,0,1,1,1,1,0,0,0,1,0,0,24.6636,8.840000,0.055400,8.890000,523502.5101,19.8900,1.0640,10.640,0.0300,1,279,5896,66.7,33.3,50.0,50.0
73,80,64,1,0,0,1,0,1,1,0,1,0,1,0,24.7194,8.860000,0.055400,8.910000,523502.5101,20.1300,1.0640,10.640,0.0200,1,279,5896,33.3,66.7,66.7,33.3
73,82,64,1,1,0,1,0,1,1,1,1,1,0,1,19.8090,7.100000,0.055300,7.150000,523502.5101,14.0400,0.9900,9.900,0.6600,1,279,5896,50.0,50.0,0.0,100.0
73,83,64,1,1,0,0,1,1,1,1,0,0,1,0,23.8545,8.550000,0.055400,8.610000,523502.5101,29.3200,1.0630,10.630,0.0200,1,279,5896,33.3,66.7,50.0,50.0
73,85,64,1,0,1,1,1,0,1,1,1,1,0,0,25.0263,8.970000,0.055400,9.030000,523502.5101,20.2900,1.0680,10.680,0.0200,1,279,5896,16.7,83.3,50.0,50.0
73,86,64,0,0,0,0,1,0,1,1,0,1,1,0,23.4360,8.400000,0.055400,8.450000,523502.5101,10.2900,1.0490,10.490,0.1400,1,279,5896,50.0,50.0,66.7,33.3
73,87,64,0,0,1,1,0,0,0,0,0,0,1,1,23.2407,8.330000,0.055400,8.380000,523502.5101,11.0400,1.0630,10.630,0.0200,1,279,5896,66.7,33.3,66.7,33.3
73,88,64,1,0,1,1,1,0,1,0,0,1,1,0,23.6034,8.460000,0.055400,8.510000,523502.5101,20.2600,1.0610,10.610,0.0200,1,279,5896,16.7,83.3,66.7,33.3
73,89,64,0,1,1,1,0,1,0,1,1,1,0,0,23.6034,8.460000,0.055400,8.520000,523502.5101,8.8700,1.0660,10.660,0.0100,1,279,5896,66.7,33.3,16.7,83.3
73,91,64,1,1,0,1,1,1,0,0,1,1,0,1,23.6592,8.480000,0.055400,8.540000,523502.5101,6.3900,1.0640,10.640,0.0100,1,279,5896,50.0,50.0,16.7,83.3
73,93,64,0,1,1,1,1,1,0,1,1,1,0,1,20.7297,7.430000,0.055300,7.490000,523502.5101,12.9300,1.0270,10.270,0.3000,1,279,5896,50.0,50.0,0.0,100.0
73,94,64,0,0,0,0,0,0,0,0,1,0,0,1,22.0131,7.890000,0.055400,7.940000,523502.5101,11.0800,1.0670,10.670,0.0000,1,279,5896,83.3,16.7,83.3,16.7
73,97,64,0,1,0,1,0,1,0,1,1,0,1,1,22.4316,8.040000,0.055400,8.090000,523502.5101,3.5300,1.0630,10.630,0.0100,1,279,5896,66.7,33.3,16.7,83.3
74,0,64,1,1,1,1,0,1,1,1,0,1,0,1,19.9485,7.150000,0.055300,7.210000,523502.5101,14.4600,1.0420,10.420,0.1700,1,279,5896,50.0,50.0,0.0,100.0
74,1,64,0,0,0,1,1,0,0,0,0,0,0,0,22.9896,8.240000,0.055400,8.300000,523502.5101,19.7600,1.0360,10.360,0.2000,1,279,5896,83.3,16.7,83.3,16.7
74,2,64,1,1,1,1,1,1,0,1,1,1,0,1,20.6181,7.390000,0.055300,7.450000,523502.5101,16.2700,1.0350,10.350,0.2200,1,279,5896,33.3,66.7,0.0,100.0
74,3,64,0,1,0,1,1,1,1,0,0,1,1,1,23.2965,8.350000,0.055400,8.410000,523502.5101,4.3400,1.0650,10.650,0.0000,1,279,5896,50.0,50.0,16.7,83.3
74,5,64,1,1,0,1,0,1,0,1,1,0,1,1,22.7385,8.150000,0.055400,8.200000,523502.5101,5.1300,1.0620,10.620,0.0200,1,279,5896,50.0,50.0,16.7,83.3
74,6,64,0,1,1,1,1,0,1,0,1,1,1,0,24.5241,8.790000,0.055400,8.840000,523502.5101,18.7500,1.0650,10.650,0.0100,1,279,5896,16.7,83.3,50.0,50.0
74,8,64,1,1,1,0,0,0,0,0,1,0,0,0,24.2451,8.690000,0.055400,8.750000,523502.5101,29.0300,1.0630,10.630,0.0200,1,279,5896,50.0,50.0,83.3,16.7
74,9,64,1,1,1,1,0,1,1,0,0,0,0,0,24.0777,8.630000,0.055400,8.690000,523502.5101,28.8400,1.0640,10.640,0.0000,1,279,5896,50.0,50.0,50.0,50.0
74,10,64,1,1,1,1,1,1,1,0,1,0,1,0,24.9426,8.940000,0.055400,8.990000,523502.5101,32.6100,1.0640,10.640,0.0000,1,279,5896,0.0,100.0,50.0,50.0
74,15,64,1,0,0,1,1,1,1,1,1,1,0,1,23.8266,8.540000,0.055400,8.600000,523502.5101,12.8500,1.0620,10.620,0.0100,1,279,5896,33.3,66.7,16.7,83.3
74,17,64,0,1,1,1,0,1,1,1,1,1,0,1,19.6974,7.060000,0.055300,7.110000,523502.5101,12.6900,1.0380,10.380,0.1900,1,279,5896,50.0,50.0,0.0,100.0
74,18,64,1,1,1,1,0,1,0,1,1,1,0,0,23.0175,8.250000,0.055400,8.300000,523502.5101,11.7400,1.0620,10.620,0.0100,1,279,5896,50.0,50.0,16.7,83.3
74,19,64,0,1,0,1,1,0,1,1,0,1,1,1,23.6592,8.480000,0.055400,8.540000,523502.5101,4.5000,1.0660,10.660,0.0200,1,279,5896,50.0,50.0,16.7,83.3
74,20,64,0,0,0,1,0,0,0,0,1,0,0,0,22.8222,8.180000,0.055400,8.240000,523502.5101,20.0100,1.0460,10.460,0.1800,1,279,5896,83.3,16.7,83.3,16.7
74,21,64,1,1,0,1,0,1,1,0,1,0,1,0,24.1056,8.640000,0.055400,8.700000,523502.5101,28.9400,1.0620,10.620,0.0700,1,279,5896,33.3,66.7,50.0,50.0
74,25,64,1,1,0,1,1,0,0,1,0,1,0,0,23.7987,8.530000,0.055400,8.590000,523502.5101,18.3600,1.0500,10.500,0.1500,1,279,5896,66.7,33.3,33.3,66.7
74,26,64,1,0,1,1,0,1,1,1,0,0,0,0,25.4169,9.110000,0.055400,9.160000,523502.5101,20.2100,1.0650,10.650,0.0100,1,279,5896,50.0,50.0,50.0,50.0
74,27,64,0,0,0,1,0,0,1,1,1,1,0,1,23.7987,8.530000,0.055400,8.580000,523502.5101,11.9400,1.0650,10.650,0.0000,1,279,5896,66.7,33.3,33.3,66.7
74,29,64,1,1,0,0,1,1,1,1,1,1,0,0,24.1614,8.660000,0.055400,8.710000,523502.5101,29.9300,1.0560,10.560,0.1100,1,279,5896,33.3,66.7,33.3,66.7
74,31,64,0,1,1,1,1,1,0,0,0,1,0,1,23.4081,8.390000,0.055400,8.450000,523502.5101,4.6100,1.0650,10.650,0.0200,1,279,5896,66.7,33.3,16.7,83.3
74,34,64,0,1,0,1,1,1,1,1,1,1,1,1,21.5109,7.710000,0.055300,7.760000,523502.5101,16.0300,1.0270,10.270,0.3300,1,279,5896,33.3,66.7,0.0,100.0
74,35,64,0,1,1,1,1,1,1,0,1,1,1,1,23.1849,8.310000,0.055400,8.360000,523502.5101,5.9800,1.0620,10.620,0.0200,1,279,5896,16.7,83.3,16.7,83.3
74,37,64,1,1,1,0,1,1,1,1,1,1,1,1,24.3567,8.730000,0.055400,8.790000,523502.5101,11.2100,1.0620,10.620,0.0000,1,279,5896,0.0,100.0,16.7,83.3
74,38,64,1,1,0,1,0,1,1,1,0,1,1,1,21.0924,7.560000,0.055300,7.610000,523502.5101,15.5500,1.0280,10.280,0.2800,1,279,5896,50.0,50.0,0.0,100.0
74,42,64,1,0,1,1,1,0,1,1,0,0,0,1,23.2965,8.350000,0.055400,8.400000,523502.5101,11.0700,1.0530,10.530,0.1200,1,279,5896,33.3,66.7,50.0,50.0
74,43,64,0,0,0,0,0,0,1,0,0,0,0,0,21.3993,7.670000,0.055200,7.720000,523502.5101,20.1600,1.0730,10.730,0.0100,1,279,5896,83.3,16.7,100.0,0.0
74,44,64,0,1,1,1,1,1,0,1,1,0,0,1,22.9896,8.240000,0.055400,8.290000,523502.5101,4.5400,1.0640,10.640,0.0300,1,279,5896,50.0,50.0,16.7,83.3
74,46,64,0,1,0,1,0,1,0,1,0,1,1,0,22.3479,8.010000,0.055400,8.070000,523502.5101,8.5200,1.0640,10.640,0.0000,1,279,5896,83.3,16.7,16.7,83.3
74,47,64,1,1,1,0,1,0,1,0,1,1,1,0,23.4081,8.390000,0.055400,8.450000,523502.5101,29.6800,1.0460,10.460,0.2400,1,279,5896,0.0,100.0,66.7,33.3
74,48,64,0,0,0,0,0,1,1,0,1,0,1,0,23.4639,8.410000,0.055400,8.460000,523502.5101,20.1300,1.0650,10.650,0.0100,1,279,5896,50.0,50.0,83.3,16.7
74,49,64,1,1,1,1,1,0,0,1,0,1,0,1,23.0454,8.260000,0.055400,8.320000,523502.5101,6.6900,1.0640,10.640,0.0100,1,279,5896,50.0,50.0,16.7,83.3
74,50,64,0,0,1,0,1,1,1,1,1,1,0,1,24.2730,8.700000,0.055400,8.760000,523502.5101,12.8500,1.0620,10.620,0.0100,1,279,5896,33.3,66.7,33.3,66.7
74,51,64,0,1,1,1,1,0,0,1,1,1,0,1,19.5300,7.000000,0.055400,7.060000,523502.5101,4.7500,1.0630,10.630,0.0100,1,279,5896,50.0,50.0,16.7,83.3
74,52,64,0,1,0,1,0,1,0,1,1,1,0,0,23.2128,8.320000,0.055400,8.380000,523502.5101,8.7200,1.0630,10.630,0.0100,1,279,5896,83.3,16.7,16.7,83.3
74,54,64,1,1,1,1,1,1,1,1,0,1,0,1,20.3949,7.310000,0.055300,7.370000,523502.5101,17.3900,1.0300,10.300,0.2700,1,279,5896,33.3,66.7,0.0,100.0
74,56,64,0,0,0,0,0,0,1,0,1,0,1,1,22.2363,7.970000,0.055400,8.030000,523502.5101,11.0600,1.0610,10.610,0.0100,1,279,5896,50.0,50.0,83.3,16.7
74,57,64,0,0,1,1,0,0,0,0,1,0,0,0,22.5432,8.080000,0.055400,8.130000,523502.5101,20.0100,1.0580,10.580,0.0500,1,279,5896,66.7,33.3,83.3,16.7
74,58,64,1,1,0,1,1,0,1,1,1,1,1,1,24.2172,8.680000,0.055400,8.740000,523502.5101,9.7800,1.0590,10.590,0.0200,1,279,5896,16.7,83.3,16.7,83.3
74,59,64,0,1,0,1,0,0,0,1,1,1,0,1,22.8222,8.180000,0.055400,8.240000,523502.5101,3.9400,1.0630,10.630,0.0200,1,279,5896,83.3,16.7,16.7,83.3
74,62,64,1,1,1,1,0,0,1,0,1,1,0,1,23.6592,8.480000,0.055400,8.530000,523502.5101,6.0800,1.0560,10.560,0.1000,1,279,5896,33.3,66.7,33.3,66.7
74,63,64,1,1,0,1,0,1,0,1,1,1,0,1,19.4742,6.980000,0.055300,7.030000,523502.5101,13.5200,1.0120,10.120,0.4500,1,279,5896,66.7,33.3,0.0,100.0
74,64,64,0,1,0,0,0,1,0,1,1,1,0,1,23.4639,8.410000,0.055400,8.460000,523502.5101,3.9000,1.0650,10.650,0.0500,1,279,5896,83.3,16.7,16.7,83.3
74,65,64,1,0,1,1,1,1,0,1,0,0,1,1,24.1614,8.660000,0.055400,8.710000,523502.5101,11.1000,1.0640,10.640,0.0000,1,279,5896,33.3,66.7,33.3,66.7
74,66,64,0,1,1,1,1,1,1,1,1,1,0,1,20.3670,7.300000,0.055300,7.360000,523502.5101,13.9500,1.0260,10.260,0.3000,1,279,5896,33.3,66.7,0.0,100.0
74,70,64,0,0,1,0,0,0,0,0,0,0,0,0,21.1761,7.590000,0.055200,7.650000,523502.5101,19.7600,1.0690,10.690,0.0300,1,279,5896,83.3,16.7,100.0,0.0
74,74,64,1,1,0,1,0,0,1,0,1,1,1,0,24.2172,8.680000,0.055400,8.740000,523502.5101,29.3200,1.0630,10.630,0.0200,1,279,5896,33.3,66.7,50.0,50.0
74,77,64,1,0,0,0,1,0,1,1,0,0,0,0,22.7385,8.150000,0.055400,8.200000,523502.5101,19.9200,1.0640,10.640,0.0100,1,279,5896,50.0,50.0,83.3,16.7
74,78,64,1,1,0,1,1,1,1,1,0,1,0,0,23.7429,8.510000,0.055400,8.560000,523502.5101,19.2900,1.0650,10.650,0.0000,1,279,5896,50.0,50.0,16.7,83.3
74,79,64,0,0,0,0,0,1,0,0,0,0,1,0,22.6269,8.110000,0.055400,8.170000,523502.5101,20.1300,1.0700,10.700,0.0100,1,279,5896,83.3,16.7,83.3,16.7
74,80,64,1,1,1,1,1,1,1,0,0,0,0,0,24.2451,8.690000,0.055400,8.740000,523502.5101,31.7200,1.0680,10.680,0.0300,1,279,5896,33.3,66.7,50.0,50.0
74,81,64,1,1,1,1,0,1,1,0,1,1,1,1,22.7943,8.170000,0.055400,8.230000,523502.5101,7.6200,1.0630,10.630,0.0100,1,279,5896,16.7,83.3,16.7,83.3
74,85,64,0,0,0,0,1,0,0,0,1,1,0,0,23.0454,8.260000,0.055400,8.310000,523502.5101,20.0600,1.0640,10.640,0.0300,1,279,5896,66.7,33.3,83.3,16.7
74,87,64,0,0,0,0,0,0,1,0,1,1,1,1,22.0410,7.900000,0.055400,7.950000,523502.5101,11.7500,1.0630,10.630,0.0000,1,279,5896,50.0,50.0,66.7,33.3
74,88,64,0,1,0,1,1,0,0,1,1,1,0,1,22.7664,8.160000,0.055400,8.210000,523502.5101,4.0300,1.0680,10.680,0.0200,1,279,5896,66.7,33.3,16.7,83.3
74,89,64,0,0,0,0,0,0,0,0,1,0,1,0,21.7062,7.780000,0.055200,7.830000,523502.5101,20.0700,1.0680,10.680,0.0300,1,279,5896,66.7,33.3,100.0,0.0
74,90,64,1,1,1,1,1,1,0,1,1,1,1,0,23.5755,8.450000,0.055400,8.510000,523502.5101,14.7900,1.0430,10.430,0.1300,1,279,5896,16.7,83.3,16.7,83.3
74,94,64,1,1,0,1,1,1,0,1,0,1,0,1,20.4507,7.330000,0.055300,7.380000,523502.5101,14.1800,1.0460,10.460,0.1000,1,279,5896,66.7,33.3,0.0,100.0
74,96,64,1,0,0,1,0,0,0,0,0,0,0,0,23.2965,8.350000,0.055400,8.410000,523502.5101,19.7600,1.0440,10.440,0.2200,1,279,5896,83.3,16.7,83.3,16.7
74,97,64,1,1,0,0,1,0,1,1,0,0,1,0,24.1893,8.670000,0.055400,8.730000,523502.5101,28.6700,1.0630,10.630,0.0000,1,279,5896,33.3,66.7,66.7,33.3
74,98,64,0,0,1,1,1,0,0,1,1,0,0,0,23.2965,8.350000,0.055400,8.410000,523502.5101,19.9900,1.0690,10.690,0.0100,1,279,5896,50.0,50.0,66.7,33.3
74,99,64,0,0,0,1,1,0,0,0,0,1,1,0,23.1012,8.280000,0.055400,8.330000,523502.5101,19.8700,1.0300,10.300,0.3600,1,279,5896,66.7,33.3,66.7,33.3
75,2,64,1,1,1,1,1,0,1,1,0,1,0,1,22.5153,8.070000,0.055400,8.130000,523502.5101,6.9700,1.0560,10.560,0.0700,1,279,5896,33.3,66.7,16.7,83.3
75,3,64,0,0,1,1,0,0,1,0,0,0,0,0,23.1012,8.280000,0.055400,8.330000,523502.5101,20.1600,1.0470,10.470,0.1500,1,279,5896,66.7,33.3,83.3,16.7
75,4,64,1,1,1,1,0,1,1,1,0,1,0,0,24.4404,8.760000,0.055400,8.820000,523502.5101,18.8000,1.0620,10.620,0.0100,1,279,5896,50.0,50.0,16.7,83.3
75,7,64,1,1,1,0,1,0,1,0,1,0,1,0,24.3846,8.740000,0.055400,8.790000,523502.5101,29.8300,1.0670,10.670,0.0200,1,279,5896,0.0,100.0,83.3,16.7
75,9,64,0,1,1,1,1,1,1,1,1,1,1,0,23.4360,8.400000,0.055400,8.460000,523502.5101,11.1600,1.0640,10.640,0.0100,1,279,5896,16.7,83.3,16.7,83.3
75,11,64,1,1,1,1,1,1,0,1,1,0,0,1,24.1056,8.640000,0.055400,8.690000,523502.5101,6.8600,1.0530,10.530,0.1600,1,279,5896,33.3,66.7,16.7,83.3
75,15,64,1,1,0,1,0,1,1,1,1,0,0,1,22.7943,8.170000,0.055400,8.220000,523502.5101,5.4400,1.0620,10.620,0.0200,1,279,5896,50.0,50.0,16.7,83.3
75,16,64,0,0,0,1,0,0,1,0,0,0,0,0,24.3009,8.710000,0.055400,8.760000,523502.5101,20.1600,1.0650,10.650,0.0300,1,279,5896,83.3,16.7,83.3,16.7
75,17,64,0,0,0,1,1,0,1,0,0,0,0,0,23.6592,8.480000,0.055400,8.540000,523502.5101,20.1600,1.0330,10.330,0.2300,1,279,5896,66.7,33.3,83.3,16.7
75,21,64,1,1,0,1,0,1,0,0,1,1,0,1,23.0733,8.270000,0.055400,8.320000,523502.5101,5.3900,1.0630,10.630,0.0200,1,279,5896,66.7,33.3,16.7,83.3
75,22,64,1,1,1,1,1,0,1,1,1,1,0,1,21.8457,7.830000,0.055400,7.890000,523502.5101,7.7600,1.0640,10.640,0.0000,1,279,5896,16.7,83.3,16.7,83.3
75,23,64,0,1,1,0,0,0,0,0,0,0,0,0,23.3244,8.360000,0.055400,8.410000,523502.5101,18.3600,1.0680,10.680,0.0200,1,279,5896,83.3,16.7,83.3,16.7
75,29,64,1,1,1,1,1,1,1,0,0,0,1,1,22.7943,8.170000,0.055400,8.220000,523502.5101,7.7200,1.0660,10.660,0.0000,1,279,5896,16.7,83.3,33.3,66.7
75,30,64,1,0,1,1,0,1,0,1,1,1,1,1,25.5564,9.160000,0.055400,9.220000,523502.5101,13.7100,1.0590,10.590,0.0400,1,279,5896,33.3,66.7,16.7,83.3
75,31,64,0,1,1,1,1,1,1,1,0,0,0,1,22.2921,7.990000,0.055400,8.040000,523502.5101,5.0500,1.0650,10.650,0.0300,1,279,5896,50.0,50.0,16.7,83.3
75,32,64,1,1,1,1,1,1,1,0,1,0,0,0,25.6401,9.190000,0.055400,9.240000,523502.5101,32.5900,1.0660,10.660,0.0500,1,279,5896,16.7,83.3,50.0,50.0
75,33,64,1,1,1,0,1,0,1,0,1,1,1,1,24.2172,8.680000,0.055400,8.730000,523502.5101,6.4300,1.0640,10.640,0.0100,1,279,5896,0.0,100.0,50.0,50.0
75,35,64,1,1,0,1,1,0,1,0,1,1,1,0,24.1335,8.650000,0.055400,8.700000,523502.5101,29.7900,1.0600,10.600,0.0600,1,279,5896,16.7,83.3,50.0,50.0
75,36,64,1,1,1,1,1,1,1,1,1,0,0,1,23.7987,8.530000,0.055400,8.580000,523502.5101,8.5900,1.0640,10.640,0.0000,1,279,5896,16.7,83.3,16.7,83.3
75,42,64,1,1,1,1,0,1,1,1,1,1,0,1,20.6181,7.390000,0.055300,7.440000,523502.5101,14.8800,1.0290,10.290,0.2800,1,279,5896,33.3,66.7,0.0,100.0
75,43,64,1,1,1,0,1,0,0,0,1,1,1,0,24.5241,8.790000,0.055400,8.840000,523502.5101,28.9700,1.0600,10.600,0.0200,1,279,5896,16.7,83.3,66.7,33.3
75,44,64,1,1,0,0,1,1,1,0,1,0,1,0,25.2774,9.060000,0.055400,9.110000,523502.5101,29.3900,1.0640,10.640,0.0100,1,279,5896,16.7,83.3,66.7,33.3
75,47,64,1,1,0,1,0,1,1,1,0,1,0,0,23.4918,8.420000,0.055400,8.480000,523502.5101,18.8700,1.0660,10.660,0.0000,1,279,5896,66.7,33.3,16.7,83.3
75,48,64,0,0,1,1,0,1,1,1,1,1,0,1,24.2730,8.700000,0.055400,8.750000,523502.5101,12.1400,1.0620,10.620,0.0000,1,279,5896,50.0,50.0,16.7,83.3
75,50,64,1,1,0,0,1,0,1,0,0,0,1,0,23.9940,8.600000,0.055400,8.660000,523502.5101,29.0100,1.0650,10.650,0.0100,1,279,5896,33.3,66.7,83.3,16.7
75,52,64,1,1,0,0,1,1,1,1,1,1,1,0,23.9103,8.570000,0.055400,8.620000,523502.5101,30.9100,1.0640,10.640,0.0100,1,279,5896,16.7,83.3,33.3,66.7
75,54,64,1,0,0,0,1,0,1,1,1,1,1,0,23.7429,8.510000,0.055400,8.570000,523502.5101,20.3900,1.0640,10.640,0.0000,1,279,5896,16.7,83.3,66.7,33.3
75,55,64,0,0,0,0,0,1,0,1,1,1,1,1,23.6313,8.470000,0.055400,8.520000,523502.5101,13.7100,1.0660,10.660,0.0300,1,279,5896,66.7,33.3,33.3,66.7
75,56,64,1,1,0,1,1,1,1,0,0,1,0,0,23.4639,8.410000,0.055400,8.470000,523502.5101,29.4100,1.0620,10.620,0.0500,1,279,5896,50.0,50.0,33.3,66.7
75,58,64,0,1,0,1,1,1,0,1,0,0,1,1,23.5755,8.450000,0.055400,8.510000,523502.5101,3.6900,1.0590,10.590,0.0500,1,279,5896,66.7,33.3,16.7,83.3
75,59,64,0,0,1,0,1,0,0,0,0,0,0,0,22.2084,7.960000,0.055200,8.010000,523502.5101,19.7600,1.0610,10.610,0.1000,1,279,5896,66.7,33.3,100.0,0.0
75,60,64,0,0,0,1,0,1,1,1,1,1,0,1,21.0924,7.560000,0.055400,7.610000,523502.5101,12.1400,1.0650,10.650,0.0000,1,279,5896,66.7,33.3,16.7,83.3
75,61,64,0,0,1,0,0,1,0,1,1,0,1,0,23.2128,8.320000,0.055400,8.370000,523502.5101,10.5600,1.0680,10.680,0.0000,1,279,5896,50.0,50.0,66.7,33.3
75,62,64,1,1,1,1,0,1,1,0,0,1,0,1,22.9059,8.210000,0.055400,8.270000,523502.5101,6.0000,1.0660,10.660,0.0000,1,279,5896,50.0,50.0,16.7,83.3
75,63,64,0,1,0,1,0,1,1,1,0,1,1,1,20.3391,7.290000,0.055300,7.340000,523502.5101,12.4200,1.0280,10.280,0.2900,1,279,5896,66.7,33.3,0.0,100.0
75,66,64,0,0,1,0,1,1,0,1,1,1,1,1,23.8824,8.560000,0.055400,8.610000,523502.5101,13.7800,1.0640,10.640,0.0000,1,279,5896,33.3,66.7,33.3,66.7
75,67,64,0,0,0,0,1,0,0,0,0,0,1,0,22.2363,7.970000,0.055200,8.030000,523502.5101,19.8500,1.0740,10.740,0.0100,1,279,5896,66.7,33.3,100.0,0.0
75,68,64,0,0,0,0,1,1,1,0,0,0,0,0,22.2921,7.990000,0.055400,8.040000,523502.5101,20.1900,1.0650,10.650,0.0000,1,279,5896,66.7,33.3,83.3,16.7
75,71,64,1,1,0,0,1,1,0,0,1,1,0,0,24.0498,8.620000,0.055400,8.670000,523502.5101,28.3600,1.0620,10.620,0.0000,1,279,5896,50.0,50.0,50.0,50.0
75,72,64,1,1,0,0,1,1,1,0,0,0,0,0,24.2451,8.690000,0.055400,8.740000,523502.5101,28.8900,1.0640,10.640,0.0000,1,279,5896,50.0,50.0,66.7,33.3
75,74,64,1,1,1,1,1,1,1,1,0,0,1,0,24.1893,8.670000,0.055400,8.730000,523502.5101,33.3600,1.0680,10.680,0.0100,1,279,5896,16.7,83.3,33.3,66.7
75,76,64,1,1,0,1,0,1,0,1,1,1,1,1,20.6181,7.390000,0.055300,7.440000,523502.5101,16.7500,1.0610,10.610,0.0500,1,279,5896,50.0,50.0,0.0,100.0
75,77,64,0,1,0,1,1,1,1,1,0,1,1,0,23.4360,8.400000,0.055400,8.450000,523502.5101,8.7500,1.0630,10.630,0.0100,1,279,5896,50.0,50.0,16.7,83.3
75,78,64,1,0,1,1,0,1,1,0,1,1,0,0,23.5755,8.450000,0.055400,8.510000,523502.5101,20.2200,1.0650,10.650,0.0100,1,279,5896,33.3,66.7,50.0,50.0
75,80,64,0,0,0,0,0,0,1,0,0,0,0,1,21.7899,7.810000,0.055400,7.870000,523502.5101,11.0000,1.0630,10.630,0.0000,1,279,5896,83.3,16.7,83.3,16.7
75,85,64,0,0,1,0,0,0,1,0,0,0,0,0,22.0131,7.890000,0.055200,7.950000,523502.5101,20.1600,1.0720,10.720,0.0200,1,279,5896,66.7,33.3,100.0,0.0
75,87,64,1,1,0,0,1,0,1,0,1,1,1,0,23.7708,8.520000,0.055400,8.580000,523502.5101,29.4000,1.0590,10.590,0.0600,1,279,5896,16.7,83.3,66.7,33.3
75,91,64,0,1,1,1,0,1,1,0,1,1,0,1,22.8501,8.190000,0.055400,8.240000,523502.5101,4.2500,1.0640,10.640,0.0200,1,279,5896,50.0,50.0,16.7,83.3
75,96,64,0,1,1,1,0,1,1,1,0,1,0,1,19.5021,6.990000,0.055300,7.040000,523502.5101,12.2000,1.0440,10.440,0.1200,1,279,5896,66.7,33.3,0.0,100.0
75,97,64,0,0,0,0,0,0,1,0,1,0,0,0,21.6225,7.750000,0.055200,7.800000,523502.5101,20.2000,1.0670,10.670,0.0000,1,279,5896,66.7,33.3,100.0,0.0
75,98,64,1,1,1,1,0,1,1,0,1,1,1,0,25.4169,9.110000,0.055400,9.170000,523502.5101,29.6900,1.0700,10.700,0.0100,1,279,5896,16.7,83.3,33.3,66.7
75,99,64,1,1,1,1,0,1,0,0,1,1,1,0,24.2172,8.680000,0.055400,8.730000,523502.5101,29.7200,1.0660,10.660,0.0300,1,279,5896,33.3,66.7,33.3,66.7
76,0,64,1,1,0,0,0,0,1,0,0,0,0,0,24.0219,8.610000,0.055400,8.660000,523502.5101,28.7400,1.0630,10.630,0.0200,1,279,5896,66.7,33.3,83.3,16.7
76,3,64,1,0,1,1,1,1,0,1,1,1,1,1,24.4125,8.750000,0.055400,8.800000,523502.5101,13.7800,1.0650,10.650,0.0200,1,279,5896,16.7,83.3,16.7,83.3
76,12,64,0,0,1,1,1,1,0,1,1,1,1,1,25.1937,9.030000,0.055400,9.090000,523502.5101,13.7800,1.0610,10.610,0.0400,1,279,5896,33.3,66.7,16.7,83.3
76,13,64,0,1,1,1,0,1,0,1,0,0,0,1,22.9338,8.220000,0.055400,8.270000,523502.5101,4.0100,1.0630,10.630,0.0400,1,279,5896,83.3,16.7,16.7,83.3
76,15,64,0,1,0,1,0,1,0,1,0,0,1,1,23.3244,8.360000,0.055400,8.420000,523502.5101,3.4100,1.0630,10.630,0.0000,1,279,5896,83.3,16.7,16.7,83.3
76,17,64,1,1,1,1,1,1,1,1,1,0,1,0,24.6357,8.830000,0.055400,8.890000,523502.5101,36.1600,1.0600,10.600,0.0400,1,279,5896,0.0,100.0,33.3,66.7
76,18,64,0,1,0,1,0,0,1,1,1,1,0,1,23.1012,8.280000,0.055400,8.340000,523502.5101,4.1700,1.0620,10.620,0.0200,1,279,5896,66.7,33.3,16.7,83.3
76,19,64,0,0,0,0,0,1,1,1,0,1,1,1,23.6034,8.460000,0.055400,8.510000,523502.5101,12.4900,1.0620,10.620,0.0000,1,279,5896,66.7,33.3,33.3,66.7
76,20,64,0,0,0,1,0,1,0,1,1,1,0,1,24.5241,8.790000,0.055400,8.840000,523502.5101,11.7400,1.0620,10.620,0.0000,1,279,5896,83.3,16.7,16.7,83.3
76,24,64,0,0,1,0,1,1,1,0,1,1,1,1,22.9896,8.240000,0.055400,8.290000,523502.5101,11.9800,1.0680,10.680,0.0100,1,279,5896,16.7,83.3,50.0,50.0
76,25,64,1,1,0,0,0,1,1,1,1,1,0,1,23.8266,8.540000,0.055400,8.590000,523502.5101,6.2200,1.0650,10.650,0.0100,1,279,5896,50.0,50.0,16.7,83.3
76,27,64,1,1,0,1,0,1,0,1,0,0,0,1,22.6269,8.110000,0.055400,8.170000,523502.5101,4.7000,1.0660,10.660,0.0100,1,279,5896,83.3,16.7,16.7,83.3
76,29,64,1,1,1,1,0,1,0,1,1,1,1,0,22.8222,8.180000,0.055400,8.230000,523502.5101,12.4700,1.0640,10.640,0.0000,1,279,5896,33.3,66.7,16.7,83.3
76,30,64,1,1,1,1,1,1,1,0,0,0,0,1,24.1335,8.650000,0.055400,8.710000,523502.5101,7.1000,1.0600,10.600,0.0300,1,279,5896,33.3,66.7,33.3,66.7
76,35,64,1,1,0,1,0,1,1,1,0,1,1,0,22.7664,8.160000,0.055400,8.210000,523502.5101,10.8300,1.0640,10.640,0.0200,1,279,5896,50.0,50.0,16.7,83.3
76,37,64,1,1,0,1,1,0,0,1,1,1,0,1,23.0175,8.250000,0.055400,8.310000,523502.5101,6.0200,1.0610,10.610,0.0500,1,279,5896,50.0,50.0,16.7,83.3
76,38,64,0,1,0,1,0,1,1,1,0,0,0,1,23.9940,8.600000,0.055400,8.660000,523502.5101,3.4200,1.0660,10.660,0.0200,1,279,5896,83.3,16.7,16.7,83.3
76,41,64,1,1,1,1,1,0,0,1,1,0,0,1,23.2128,8.320000,0.055400,8.370000,523502.5101,5.8600,1.0650,10.650,0.0100,1,279,5896,33.3,66.7,33.3,66.7
76,43,64,0,0,1,0,1,0,1,1,1,0,1,0,22.9617,8.230000,0.055400,8.280000,523502.5101,20.2500,1.0650,10.650,0.0500,1,279,5896,16.7,83.3,83.3,16.7
76,48,64,0,1,1,1,0,1,1,0,0,1,0,0,23.4081,8.390000,0.055400,8.440000,523502.5101,27.1400,1.0650,10.650,0.0100,1,279,5896,66.7,33.3,33.3,66.7
76,50,64,1,1,0,0,1,1,0,1,0,1,0,1,22.9338,8.220000,0.055400,8.270000,523502.5101,5.3800,1.0600,10.600,0.0200,1,279,5896,66.7,33.3,16.7,83.3
76,57,64,1,1,1,1,0,1,1,0,1,0,1,0,23.9661,8.590000,0.055400,8.650000,523502.5101,29.4800,1.0620,10.620,0.0400,1,279,5896,16.7,83.3,50.0,50.0
76,58,64,0,0,0,1,1,0,0,1,1,0,0,0,23.3523,8.370000,0.055400,8.430000,523502.5101,19.9900,1.0660,10.660,0.0000,1,279,5896,66.7,33.3,66.7,33.3
76,64,64,0,0,1,1,0,1,1,1,1,1,1,1,23.2686,8.340000,0.055400,8.400000,523502.5101,22.5000,1.0640,10.640,0.0300,1,279,5896,33.3,66.7,16.7,83.3
76,65,64,1,1,1,1,1,0,1,1,1,0,1,0,25.3053,9.070000,0.055400,9.130000,523502.5101,30.5700,1.0640,10.640,0.0000,1,279,5896,0.0,100.0,50.0,50.0
76,66,64,1,1,0,1,1,1,1,1,1,0,0,1,23.9103,8.570000,0.055400,8.620000,523502.5101,6.6100,1.0620,10.620,0.0100,1,279,5896,33.3,66.7,16.7,83.3
76,67,64,1,1,0,1,1,0,0,1,0,0,0,0,23.7708,8.520000,0.055400,8.570000,523502.5101,28.2000,1.0630,10.630,0.0000,1,279,5896,66.7,33.3,50.0,50.0
76,68,64,0,0,0,1,0,1,1,1,0,1,1,1,24.0777,8.630000,0.055400,8.690000,523502.5101,12.4900,1.0660,10.660,0.0000,1,279,5896,66.7,33.3,16.7,83.3
76,72,64,1,1,1,1,0,1,1,0,1,0,0,0,25.8075,9.250000,0.055400,9.300000,523502.5101,29.1900,1.0620,10.620,0.0200,1,279,5896,33.3,66.7,50.0,50.0
76,74,64,0,1,1,0,0,1,1,1,1,1,0,1,23.0733,8.270000,0.055400,8.320000,523502.5101,4.4000,1.0620,10.620,0.0100,1,279,5896,50.0,50.0,16.7,83.3
76,75,64,1,1,1,1,0,1,0,0,1,0,0,0,23.9382,8.580000,0.055400,8.630000,523502.5101,29.2400,1.0440,10.440,0.2200,1,279,5896,50.0,50.0,50.0,50.0
76,76,64,1,1,0,0,0,1,1,1,1,1,1,0,23.9103,8.570000,0.055400,8.630000,523502.5101,30.3400,1.0550,10.550,0.1100,1,279,5896,33.3,66.7,33.3,66.7
76,79,64,1,1,0,0,1,0,0,1,0,1,0,1,23.9103,8.570000,0.055400,8.630000,523502.5101,5.3800,1.0620,10.620,0.0600,1,279,5896,66.7,33.3,33.3,66.7
76,80,64,0,0,1,0,1,1,1,1,0,0,1,0,22.8501,8.190000,0.055400,8.240000,523502.5101,20.5400,1.0640,10.640,0.0500,1,279,5896,33.3,66.7,66.7,33.3
76,83,64,1,1,1,1,1,0,1,0,1,1,0,1,22.8501,8.190000,0.055400,8.250000,523502.5101,6.9200,1.0670,10.670,0.0200,1,279,5896,16.7,83.3,33.3,66.7
76,84,64,1,1,0,1,0,1,1,1,1,1,1,0,23.2407,8.330000,0.055400,8.390000,523502.5101,29.7700,1.0650,10.650,0.0200,1,279,5896,33.3,66.7,16.7,83.3
76,85,64,1,1,0,1,0,1,0,1,1,0,0,0,22.9338,8.220000,0.055400,8.270000,523502.5101,10.6700,1.0320,10.320,0.2500,1,279,5896,66.7,33.3,33.3,66.7
76,88,64,0,1,1,1,0,1,1,0,0,1,1,1,23.1012,8.280000,0.055400,8.330000,523502.5101,4.7100,1.0640,10.640,0.0100,1,279,5896,50.0,50.0,16.7,83.3
76,89,64,1,1,0,1,0,1,1,1,1,1,1,1,20.8413,7.470000,0.055300,7.520000,523502.5101,17.5200,0.9690,9.690,0.8500,1,279,5896,33.3,66.7,0.0,100.0
76,92,64,1,0,1,1,1,0,1,0,1,1,1,1,23.8545,8.550000,0.055400,8.600000,523502.5101,11.7500,1.0650,10.650,0.0100,1,279,5896,0.0,100.0,50.0,50.0
76,93,64,1,1,1,1,1,1,1,0,1,0,0,1,23.1291,8.290000,0.055400,8.340000,523502.5101,7.1200,1.0620,10.620,0.0200,1,279,5896,16.7,83.3,33.3,66.7
76,94,64,1,1,0,0,0,1,0,1,1,1,1,0,24.0777,8.630000,0.055400,8.680000,523502.5101,11.1000,1.0580,10.580,0.1300,1,279,5896,50.0,50.0,33.3,66.7
76,96,64,1,1,0,0,1,1,1,0,1,0,0,0,24.6636,8.840000,0.055400,8.890000,523502.5101,29.0800,1.0640,10.640,0.0100,1,279,5896,33.3,66.7,66.7,33.3
76,97,64,0,0,1,1,1,1,1,0,1,0,1,0,24.6078,8.820000,0.055400,8.870000,523502.5101,20.4600,1.0590,10.590,0.0700,1,279,5896,16.7,83.3,66.7,33.3
77,0,64,1,1,0,0,1,1,1,1,1,0,1,0,24.5799,8.810000,0.055400,8.860000,523502.5101,30.1200,1.0560,10.560,0.1100,1,279,5896,16.7,83.3,50.0,50.0
77,16,64,1,1,0,1,0,1,1,1,1,0,1,1,22.9338,8.220000,0.055400,8.280000,523502.5101,5.7300,1.0680,10.680,0.0100,1,279,5896,33.3,66.7,16.7,83.3
77,22,64,0,0,1,0,0,0,1,0,1,0,0,0,21.6504,7.760000,0.055200,7.820000,523502.5101,20.2000,1.0650,10.650,0.0100,1,279,5896,50.0,50.0,100.0,0.0
77,23,64,1,1,0,1,1,1,1,1,0,0,1,0,23.9661,8.590000,0.055400,8.640000,523502.5101,30.0800,1.0630,10.630,0.0600,1,279,5896,33.3,66.7,33.3,66.7
77,24,64,0,0,1,0,0,1,1,1,1,1,1,1,22.9059,8.210000,0.055400,8.270000,523502.5101,22.5000,1.0660,10.660,0.0100,1,279,5896,33.3,66.7,33.3,66.7
77,25,64,1,1,1,1,0,1,1,0,1,0,0,1,23.0175,8.250000,0.055400,8.300000,523502.5101,5.6300,1.0650,10.650,0.0000,1,279,5896,33.3,66.7,33.3,66.7
77,26,64,0,1,1,1,0,0,1,1,1,1,0,1,23.5197,8.430000,0.055400,8.480000,523502.5101,4.9000,1.0620,10.620,0.0200,1,279,5896,50.0,50.0,16.7,83.3
77,27,64,0,1,0,1,0,1,1,1,1,1,1,1,21.2319,7.610000,0.055300,7.660000,523502.5101,14.0600,1.0250,10.250,0.3400,1,279,5896,50.0,50.0,0.0,100.0
77,28,64,1,1,1,1,1,0,0,1,1,0,1,1,22.7385,8.150000,0.055400,8.210000,523502.5101,6.3900,1.0590,10.590,0.0300,1,279,5896,16.7,83.3,33.3,66.7
77,29,64,1,1,0,0,0,0,1,0,1,0,0,0,23.8266,8.540000,0.055400,8.600000,523502.5101,28.8700,1.0680,10.680,0.0100,1,279,5896,50.0,50.0,83.3,16.7
77,30,64,0,0,1,1,1,1,1,1,0,0,0,0,23.9940,8.600000,0.055400,8.660000,523502.5101,20.5400,1.0670,10.670,0.0000,1,279,5896,50.0,50.0,50.0,50.0
77,32,64,1,1,1,1,0,1,1,0,1,1,0,1,21.5946,7.740000,0.055400,7.800000,523502.5101,6.3600,1.0600,10.600,0.0900,1,279,5896,33.3,66.7,16.7,83.3
77,34,64,1,1,1,1,1,1,1,0,1,1,0,1,23.2128,8.320000,0.055400,8.370000,523502.5101,8.0900,1.0640,10.640,0.0200,1,279,5896,16.7,83.3,16.7,83.3
77,35,64,0,1,1,1,0,1,0,1,1,0,0,1,22.2084,7.960000,0.055400,8.020000,523502.5101,4.0300,1.0630,10.630,0.0100,1,279,5896,66.7,33.3,16.7,83.3
77,36,64,0,1,1,1,0,1,1,1,1,0,0,1,23.9661,8.590000,0.055400,8.650000,523502.5101,4.0600,1.0670,10.670,0.0000,1,279,5896,50.0,50.0,16.7,83.3
77,39,64,0,0,1,0,0,1,0,0,0,0,0,0,23.0175,8.250000,0.055400,8.300000,523502.5101,20.0400,1.0650,10.650,0.0300,1,279,5896,83.3,16.7,83.3,16.7
77,41,64,1,1,0,1,0,1,1,0,1,1,0,1,23.1291,8.290000,0.055400,8.340000,523502.5101,5.3000,1.0660,10.660,0.0100,1,279,5896,50.0,50.0,16.7,83.3
77,45,64,0,0,1,0,1,1,0,0,0,0,0,0,22.2642,7.980000,0.055400,8.030000,523502.5101,19.8700,1.0620,10.620,0.0200,1,279,5896,66.7,33.3,83.3,16.7
77,48,64,1,1,0,0,1,1,1,0,1,1,1,0,23.8266,8.540000,0.055400,8.600000,523502.5101,29.3500,1.0560,10.560,0.0800,1,279,5896,16.7,83.3,50.0,50.0
77,49,64,1,1,1,1,1,0,0,1,1,1,0,0,24.3846,8.740000,0.055400,8.790000,523502.5101,30.0000,1.0630,10.630,0.0100,1,279,5896,33.3,66.7,33.3,66.7
77,53,64,1,1,1,1,0,0,1,1,1,1,0,0,24.5799,8.810000,0.055400,8.870000,523502.5101,29.8300,1.0550,10.550,0.1000,1,279,5896,33.3,66.7,33.3,66.7
77,56,64,0,0,0,0,0,0,1,1,0,0,0,0,22.6269,8.110000,0.055300,8.160000,523502.5101,19.9200,1.0650,10.650,0.0000,1,279,5896,83.3,16.7,83.3,16.7
77,58,64,1,1,0,1,0,0,0,1,1,1,0,1,22.9059,8.210000,0.055400,8.260000,523502.5101,5.6900,1.0620,10.620,0.0300,1,279,5896,66.7,33.3,16.7,83.3
77,59,64,0,0,0,0,1,0,1,0,0,0,0,0,21.1203,7.570000,0.055200,7.630000,523502.5101,20.1600,1.0680,10.680,0.0000,1,279,5896,66.7,33.3,100.0,0.0
77,60,64,1,1,0,1,1,0,1,0,1,0,1,1,24.4962,8.780000,0.055400,8.840000,523502.5101,5.0900,1.0630,10.630,0.0200,1,279,5896,16.7,83.3,50.0,50.0
77,63,64,1,1,1,1,1,1,1,0,1,1,1,0,24.9705,8.950000,0.055400,9.010000,523502.5101,32.3100,1.0630,10.630,0.0200,1,279,5896,0.0,100.0,33.3,66.7
77,64,64,1,1,0,1,1,0,0,0,1,1,0,0,24.5520,8.800000,0.055400,8.860000,523502.5101,28.8200,1.0610,10.610,0.0300,1,279,5896,50.0,50.0,50.0,50.0
77,68,64,1,1,0,0,0,1,1,1,0,1,0,1,23.0454,8.260000,0.055400,8.310000,523502.5101,5.5100,1.0640,10.640,0.0000,1,279,5896,66.7,33.3,16.7,83.3
77,70,64,1,1,1,1,1,1,1,0,0,1,1,0,24.4404,8.760000,0.055400,8.810000,523502.5101,31.9700,1.0630,10.630,0.0800,1,279,5896,16.7,83.3,33.3,66.7
77,73,64,0,1,1,1,1,0,0,1,0,1,0,1,23.0454,8.260000,0.055400,8.310000,523502.5101,4.3500,1.0610,10.610,0.0000,1,279,5896,66.7,33.3,16.7,83.3
77,74,64,0,1,1,1,1,1,1,0,1,0,0,0,24.1335,8.650000,0.055400,8.700000,523502.5101,18.9800,1.0570,10.570,0.0900,1,279,5896,33.3,66.7,50.0,50.0
77,76,64,1,1,0,1,1,0,1,0,1,0,0,0,24.0777,8.630000,0.055400,8.680000,523502.5101,28.8500,1.0670,10.670,0.0100,1,279,5896,33.3,66.7,66.7,33.3
77,79,64,0,0,0,0,0,0,0,0,1,1,1,0,21.5388,7.720000,0.055400,7.780000,523502.5101,20.1400,1.0630,10.630,0.0000,1,279,5896,66.7,33.3,83.3,16.7
77,81,64,0,0,1,0,1,1,1,1,1,0,1,1,23.3244,8.360000,0.055400,8.410000,523502.5101,11.8100,1.0660,10.660,0.0100,1,279,5896,16.7,83.3,50.0,50.0
77,86,64,1,1,0,1,0,1,1,0,1,1,1,1,23.0175,8.250000,0.055400,8.310000,523502.5101,6.2500,1.0560,10.560,0.0700,1,279,5896,33.3,66.7,16.7,83.3
77,88,64,0,1,0,1,0,1,1,0,1,1,0,1,22.9617,8.230000,0.055400,8.280000,523502.5101,3.6200,1.0630,10.630,0.0000,1,279,5896,66.7,33.3,16.7,83.3
77,91,64,1,1,0,0,1,1,1,1,0,1,0,1,22.9617,8.230000,0.055400,8.280000,523502.5101,5.8200,1.0430,10.430,0.2300,1,279,5896,50.0,50.0,16.7,83.3
77,94,64,0,1,1,1,0,1,0,0,1,1,0,1,21.9573,7.870000,0.055400,7.920000,523502.5101,4.3800,1.0650,10.650,0.0100,1,279,5896,66.7,33.3,16.7,83.3
77,96,64,1,1,1,1,0,1,1,0,1,0,1,1,24.6915,8.850000,0.055400,8.900000,523502.5101,5.8500,1.0670,10.670,0.0100,1,279,5896,16.7,83.3,33.3,66.7
77,97,64,1,1,1,1,1,0,1,0,1,1,0,0,24.4125,8.750000,0.055400,8.800000,523502.5101,30.4400,1.0650,10.650,0.0100,1,279,5896,16.7,83.3,50.0,50.0
78,3,64,1,1,1,1,1,1,0,1,0,0,1,0,24.2451,8.690000,0.055400,8.750000,523502.5101,13.1700,1.0640,10.640,0.0400,1,279,5896,33.3,66.7,33.3,66.7
78,4,64,1,1,0,0,1,0,1,0,0,0,0,0,23.4360,8.400000,0.055400,8.450000,523502.5101,28.7400,1.0630,10.630,0.0100,1,279,5896,50.0,50.0,83.3,16.7
78,5,64,1,1,1,1,1,1,0,1,0,0,1,1,24.0219,8.610000,0.055400,8.670000,523502.5101,7.1100,1.0680,10.680,-0.0500,0,279,5896,33.3,66.7,16.7,83.3
78,9,64,0,0,1,1,0,1,1,1,0,1,0,1,23.9940,8.600000,0.055400,8.660000,523502.5101,11.6600,1.0610,10.610,0.0300,1,279,5896,66.7,33.3,16.7,83.3
78,11,64,1,1,1,0,0,1,0,1,1,1,1,0,24.3567,8.730000,0.055400,8.790000,523502.5101,11.2000,1.0630,10.630,0.0400,1,279,5896,33.3,66.7,33.3,66.7
78,16,64,1,1,1,0,0,1,1,1,1,1,0,1,23.3802,8.380000,0.055400,8.440000,523502.5101,6.2300,1.0610,10.610,0.0500,1,279,5896,33.3,66.7,16.7,83.3
78,18,64,1,1,1,1,0,1,0,0,1,1,0,1,23.2128,8.320000,0.055400,8.370000,523502.5101,6.2300,1.0600,10.600,0.0500,1,279,5896,50.0,50.0,16.7,83.3
78,19,64,1,0,1,1,0,1,0,1,0,1,0,1,24.8031,8.890000,0.055400,8.940000,523502.5101,11.5200,1.0610,10.610,0.0300,1,279,5896,66.7,33.3,16.7,83.3
78,30,64,1,1,1,1,1,1,1,0,1,0,1,1,23.2407,8.330000,0.055400,8.380000,523502.5101,7.6600,1.0660,10.660,0.0000,1,279,5896,0.0,100.0,33.3,66.7
78,57,64,1,1,0,1,0,1,1,0,1,1,1,0,23.8824,8.560000,0.055400,8.620000,523502.5101,29.2900,1.0650,10.650,0.0100,1,279,5896,33.3,66.7,33.3,66.7
78,58,64,0,0,0,0,0,0,0,1,1,0,0,0,22.2921,7.990000,0.055400,8.050000,523502.5101,19.9900,1.0630,10.630,0.0300,1,279,5896,83.3,16.7,83.3,16.7
78,60,64,0,0,1,0,1,1,1,1,1,1,1,0,24.1056,8.640000,0.055400,8.700000,523502.5101,21.7500,1.0660,10.660,0.0000,1,279,5896,16.7,83.3,50.0,50.0
78,61,64,1,1,1,0,0,1,0,0,1,1,1,1,23.8824,8.560000,0.055400,8.610000,523502.5101,6.3700,1.0640,10.640,0.0400,1,279,5896,33.3,66.7,33.3,66.7
78,65,64,0,1,1,1,1,1,1,0,1,0,1,0,24.1614,8.660000,0.055400,8.710000,523502.5101,19.2800,1.0680,10.680,0.0200,1,279,5896,16.7,83.3,50.0,50.0
78,67,64,1,1,0,1,0,1,1,0,1,1,0,0,23.2407,8.330000,0.055400,8.390000,523502.5101,29.0100,1.0670,10.670,0.0200,1,279,5896,50.0,50.0,33.3,66.7
78,68,64,1,1,1,1,0,1,1,1,0,0,0,1,24.5241,8.790000,0.055400,8.840000,523502.5101,5.8300,1.0670,10.670,0.0100,1,279,5896,50.0,50.0,16.7,83.3
78,69,64,1,0,0,0,0,0,1,0,1,1,1,0,22.4595,8.050000,0.055400,8.110000,523502.5101,20.5500,1.0650,10.650,0.0000,1,279,5896,33.3,66.7,83.3,16.7
78,70,64,0,1,1,1,1,1,1,1,0,1,0,1,20.7855,7.450000,0.055300,7.510000,523502.5101,13.3500,1.0290,10.290,0.2700,1,279,5896,50.0,50.0,0.0,100.0
78,72,64,0,1,0,0,1,0,0,1,1,0,1,0,23.9661,8.590000,0.055400,8.650000,523502.5101,18.3900,1.0630,10.630,0.0100,1,279,5896,50.0,50.0,66.7,33.3
78,74,64,1,1,0,1,0,1,1,0,0,1,1,1,22.6269,8.110000,0.055400,8.160000,523502.5101,5.9400,1.0650,10.650,0.0100,1,279,5896,50.0,50.0,16.7,83.3
78,80,64,1,1,1,0,1,1,1,0,1,0,0,0,24.6078,8.820000,0.055400,8.870000,523502.5101,29.6100,1.0640,10.640,0.0200,1,279,5896,16.7,83.3,66.7,33.3
78,82,64,0,0,1,0,1,0,1,0,1,1,1,0,21.4830,7.700000,0.055400,7.750000,523502.5101,20.5500,1.0580,10.580,0.0800,1,279,5896,16.7,83.3,83.3,16.7
78,88,64,1,1,1,1,1,0,1,1,1,0,0,0,25.2495,9.050000,0.055400,9.100000,523502.5101,30.8000,1.0640,10.640,0.0100,1,279,5896,16.7,83.3,50.0,50.0
78,90,64,1,0,1,1,0,0,1,1,0,0,0,0,23.4639,8.410000,0.055400,8.470000,523502.5101,19.9200,1.0620,10.620,0.0000,1,279,5896,50.0,50.0,66.7,33.3
78,93,64,0,0,0,0,0,1,1,1,1,1,1,0,23.5476,8.440000,0.055400,8.490000,523502.5101,21.2200,1.0660,10.660,0.0400,1,279,5896,50.0,50.0,50.0,50.0
78,96,64,1,1,1,0,0,0,1,1,1,1,1,0,24.6636,8.840000,0.055400,8.900000,523502.5101,29.0200,1.0630,10.630,0.0400,1,279,5896,16.7,83.3,50.0,50.0
78,97,64,0,0,0,1,0,1,0,0,0,0,1,0,23.7150,8.500000,0.055400,8.550000,523502.5101,20.1300,1.0680,10.680,0.0100,1,279,5896,83.3,16.7,66.7,33.3
78,98,64,0,0,1,0,1,0,1,0,1,0,0,1,21.9294,7.860000,0.055400,7.920000,523502.5101,10.9900,1.0620,10.620,0.0100,1,279,5896,33.3,66.7,83.3,16.7
79,0,64,1,1,1,1,0,1,0,1,0,1,0,0,22.9896,8.240000,0.055400,8.300000,523502.5101,10.1600,1.0660,10.660,0.0200,1,279,5896,66.7,33.3,16.7,83.3
79,2,64,0,0,1,0,1,1,0,1,1,1,0,1,23.9661,8.590000,0.055400,8.650000,523502.5101,12.0200,1.0640,10.640,0.0100,1,279,5896,50.0,50.0,33.3,66.7
79,4,64,1,1,1,1,0,1,0,0,0,0,0,1,23.3244,8.360000,0.055400,8.410000,523502.5101,5.5300,1.0630,10.630,0.0000,1,279,5896,66.7,33.3,33.3,66.7
79,8,64,1,1,0,0,0,1,1,0,1,1,0,0,23.4081,8.390000,0.055400,8.450000,523502.5101,29.1000,1.0660,10.660,0.0000,1,279,5896,50.0,50.0,50.0,50.0
79,9,64,0,1,1,1,1,1,0,1,0,0,1,1,23.6871,8.490000,0.055400,8.540000,523502.5101,4.5900,1.0630,10.630,0.0400,1,279,5896,50.0,50.0,16.7,83.3
79,11,64,0,0,1,1,1,0,0,1,1,0,1,0,22.9617,8.230000,0.055400,8.290000,523502.5101,20.0400,1.0660,10.660,0.0400,1,279,5896,33.3,66.7,66.7,33.3
79,20,64,1,1,0,1,1,1,1,0,0,0,0,0,24.1335,8.650000,0.055400,8.710000,523502.5101,29.6700,1.0670,10.670,0.0100,1,279,5896,50.0,50.0,50.0,50.0
79,21,64,0,0,1,1,1,1,0,1,0,1,0,0,24.3009,8.710000,0.055400,8.760000,523502.5101,9.5400,1.0660,10.660,0.0100,1,279,5896,66.7,33.3,33.3,66.7
79,23,64,1,1,0,1,1,1,0,0,1,1,1,1,23.2407,8.330000,0.055400,8.380000,523502.5101,7.4700,1.0680,10.680,0.0100,1,279,5896,33.3,66.7,16.7,83.3
79,24,64,1,1,1,1,1,0,1,0,0,1,0,0,25.1100,9.000000,0.055400,9.050000,523502.5101,29.7000,1.0630,10.630,0.0200,1,279,5896,33.3,66.7,50.0,50.0
79,31,64,0,0,1,1,0,0,0,0,1,1,1,0,22.8501,8.190000,0.055400,8.250000,523502.5101,20.1400,1.0660,10.660,0.0000,1,279,5896,50.0,50.0,66.7,33.3
79,34,64,1,0,1,1,0,0,0,0,1,1,0,0,23.6592,8.480000,0.055400,8.530000,523502.5101,20.0600,1.0630,10.630,0.0000,1,279,5896,50.0,50.0,66.7,33.3
79,37,64,0,1,0,1,0,1,1,1,1,1,1,0,23.2407,8.330000,0.055400,8.390000,523502.5101,19.2800,1.0610,10.610,0.0500,1,279,5896,50.0,50.0,16.7,83.3
79,45,64,0,0,0,0,0,0,1,0,1,0,0,1,24.0219,8.610000,0.055400,8.660000,523502.5101,10.9900,1.0650,10.650,0.0000,1,279,5896,66.7,33.3,83.3,16.7
79,46,64,0,1,1,1,0,1,0,1,1,1,1,0,23.3244,8.360000,0.055400,8.420000,523502.5101,9.6700,1.0690,10.690,0.0100,1,279,5896,50.0,50.0,16.7,83.3
79,49,64,1,1,1,1,1,1,0,0,1,1,0,1,22.5990,8.100000,0.055400,8.150000,523502.5101,7.4400,1.0690,10.690,0.0000,1,279,5896,33.3,66.7,16.7,83.3
79,50,64,0,0,1,0,1,0,1,1,1,1,1,1,22.9338,8.220000,0.055400,8.280000,523502.5101,13.2200,1.0670,10.670,0.0100,1,279,5896,16.7,83.3,50.0,50.0
79,53,64,0,0,1,0,1,0,1,0,1,1,0,1,23.0175,8.250000,0.055400,8.310000,523502.5101,11.2800,1.0610,10.610,0.0000,1,279,5896,33.3,66.7,66.7,33.3
79,59,64,1,1,1,1,0,0,1,1,1,0,0,0,24.4962,8.780000,0.055400,8.840000,523502.5101,29.9200,1.0700,10.700,0.0100,1,279,5896,33.3,66.7,50.0,50.0
79,63,64,1,1,0,1,1,1,1,1,1,0,1,1,23.0175,8.250000,0.055400,8.310000,523502.5101,7.0700,1.0640,10.640,0.0400,1,279,5896,16.7,83.3,16.7,83.3
79,67,64,1,1,1,1,0,1,1,0,0,1,0,0,24.3288,8.720000,0.055400,8.780000,523502.5101,28.7000,1.0580,10.580,0.0600,1,279,5896,50.0,50.0,33.3,66.7
79,74,64,0,0,1,1,0,1,0,1,1,1,0,1,24.4125,8.750000,0.055400,8.800000,523502.5101,11.7400,1.0640,10.640,0.0000,1,279,5896,66.7,33.3,16.7,83.3
79,82,64,0,0,1,1,0,1,1,0,1,1,0,0,23.7150,8.500000,0.055400,8.560000,523502.5101,20.2200,1.0610,10.610,0.0200,1,279,5896,50.0,50.0,50.0,50.0
79,89,64,0,1,0,1,1,1,0,0,0,1,1,1,23.3244,8.360000,0.055400,8.420000,523502.5101,4.3300,1.0630,10.630,0.0100,1,279,5896,66.7,33.3,16.7,83.3
79,91,64,0,1,0,1,0,1,1,1,1,0,0,1,23.4918,8.420000,0.055400,8.480000,523502.5101,3.5900,1.0690,10.690,0.0200,1,279,5896,66.7,33.3,16.7,83.3
79,93,64,0,0,1,1,1,0,1,1,1,0,0,0,23.6592,8.480000,0.055400,8.530000,523502.5101,20.2500,1.0670,10.670,0.0100,1,279,5896,33.3,66.7,66.7,33.3
79,94,64,1,1,0,1,0,1,0,0,0,1,0,0,23.6313,8.470000,0.055400,8.530000,523502.5101,28.5600,1.0650,10.650,0.0000,1,279,5896,83.3,16.7,33.3,66.7
79,96,64,1,1,0,0,1,0,1,0,1,0,1,0,24.4404,8.760000,0.055400,8.820000,523502.5101,29.3400,1.0640,10.640,0.0100,1,279,5896,16.7,83.3,83.3,16.7
79,99,64,1,0,0,0,0,1,1,1,0,1,1,1,23.1291,8.290000,0.055400,8.350000,523502.5101,12.4900,1.0660,10.660,0.0000,1,279,5896,50.0,50.0,33.3,66.7
80,2,64,1,0,0,0,0,1,1,1,1,1,0,1,23.3523,8.370000,0.055400,8.430000,523502.5101,12.1400,1.0630,10.630,0.0000,1,279,5896,50.0,50.0,33.3,66.7
80,7,64,0,1,0,1,1,1,1,1,1,1,0,1,21.0645,7.550000,0.055300,7.610000,523502.5101,12.8600,1.0440,10.440,0.1400,1,279,5896,50.0,50.0,0.0,100.0
80,8,64,1,1,0,0,0,1,0,0,1,1,1,0,23.0454,8.260000,0.055400,8.310000,523502.5101,28.9900,1.0630,10.630,0.0100,1,279,5896,50.0,50.0,50.0,50.0
80,12,64,1,1,0,1,1,0,1,0,1,0,0,1,23.2128,8.320000,0.055400,8.380000,523502.5101,4.8200,1.0690,10.690,0.0000,1,279,5896,33.3,66.7,50.0,50.0
80,13,64,0,0,0,0,0,1,1,0,0,0,0,0,22.8501,8.190000,0.055400,8.250000,523502.5101,20.0500,1.0680,10.680,0.0100,1,279,5896,83.3,16.7,83.3,16.7
80,14,64,1,0,0,1,1,0,0,1,1,0,1,0,23.1012,8.280000,0.055400,8.330000,523502.5101,20.0400,1.0620,10.620,0.0900,1,279,5896,33.3,66.7,66.7,33.3
80,20,64,1,1,1,1,1,0,1,0,0,1,1,0,24.2172,8.680000,0.055400,8.740000,523502.5101,30.1400,1.0650,10.650,0.0100,1,279,5896,16.7,83.3,50.0,50.0
80,30,64,1,1,1,1,1,0,0,1,0,1,1,1,22.8501,8.190000,0.055400,8.240000,523502.5101,8.6000,1.0640,10.640,0.0100,1,279,5896,33.3,66.7,16.7,83.3
80,34,64,1,1,0,0,0,1,0,1,1,1,0,1,23.0175,8.250000,0.055400,8.300000,523502.5101,5.7700,1.0650,10.650,0.0100,1,279,5896,66.7,33.3,16.7,83.3
80,38,64,1,1,0,1,1,1,0,0,0,1,0,1,23.2686,8.340000,0.055400,8.400000,523502.5101,6.0800,1.0640,10.640,0.0000,1,279,5896,66.7,33.3,16.7,83.3
80,41,64,1,1,0,0,1,1,1,1,1,0,0,0,24.5799,8.810000,0.055400,8.870000,523502.5101,29.6500,1.0640,10.640,0.0000,1,279,5896,33.3,66.7,50.0,50.0
80,45,64,1,1,0,1,0,1,0,1,1,1,0,0,23.4918,8.420000,0.055400,8.470000,523502.5101,10.7700,1.0670,10.670,0.0300,1,279,5896,66.7,33.3,16.7,83.3
80,51,64,0,0,1,0,1,1,1,0,1,0,0,0,23.6034,8.460000,0.055400,8.510000,523502.5101,20.3000,1.0680,10.680,0.0200,1,279,5896,33.3,66.7,83.3,16.7
80,54,64,1,1,1,1,0,0,1,0,0,0,0,1,24.3009,8.710000,0.055400,8.770000,523502.5101,5.3400,1.0710,10.710,0.0000,1,279,5896,50.0,50.0,50.0,50.0
80,56,64,1,1,1,0,0,1,1,0,1,1,1,0,24.0777,8.630000,0.055400,8.680000,523502.5101,29.6600,1.0520,10.520,0.1300,1,279,5896,16.7,83.3,50.0,50.0
80,59,64,1,1,1,1,0,1,1,1,0,0,1,1,23.2128,8.320000,0.055400,8.380000,523502.5101,6.1800,1.0660,10.660,0.0100,1,279,5896,33.3,66.7,16.7,83.3
80,61,64,1,1,1,1,0,0,1,0,1,0,1,0,24.4962,8.780000,0.055400,8.840000,523502.5101,29.6000,1.0600,10.600,0.0600,1,279,5896,16.7,83.3,66.7,33.3
80,65,64,0,1,1,1,1,0,1,0,1,0,1,0,23.8545,8.550000,0.055400,8.600000,523502.5101,18.5300,1.0610,10.610,0.0500,1,279,5896,16.7,83.3,66.7,33.3
80,66,64,0,1,0,1,1,1,1,1,0,1,0,1,20.0043,7.170000,0.055300,7.230000,523502.5101,12.1900,1.0490,10.490,0.1100,1,279,5896,66.7,33.3,0.0,100.0
80,69,64,1,0,1,1,0,1,1,1,0,1,0,1,23.7708,8.520000,0.055400,8.570000,523502.5101,11.6600,1.0680,10.680,0.0100,1,279,5896,50.0,50.0,16.7,83.3
80,74,64,1,1,0,1,0,1,0,0,1,1,1,1,23.5476,8.440000,0.055400,8.500000,523502.5101,6.2800,1.0620,10.620,0.0100,1,279,5896,50.0,50.0,16.7,83.3
80,76,64,1,1,1,1,0,1,0,1,1,0,1,0,24.1614,8.660000,0.055400,8.720000,523502.5101,12.4800,1.0610,10.610,0.0300,1,279,5896,33.3,66.7,33.3,66.7
80,77,64,1,1,1,1,1,0,1,0,0,0,0,0,24.0219,8.610000,0.055400,8.670000,523502.5101,29.7500,1.0650,10.650,0.0000,1,279,5896,33.3,66.7,66.7,33.3
80,83,64,1,0,1,1,0,0,0,1,0,0,0,0,23.9103,8.570000,0.055400,8.620000,523502.5101,19.7000,1.0430,10.430,0.2300,1,279,5896,66.7,33.3,66.7,33.3
80,85,64,1,1,1,0,1,1,1,0,1,0,1,0,24.1335,8.650000,0.055400,8.710000,523502.5101,29.9800,1.0620,10.620,0.0100,1,279,5896,0.0,100.0,66.7,33.3
80,91,64,0,1,1,1,0,1,1,1,0,0,0,1,24.3567,8.730000,0.055400,8.790000,523502.5101,4.0300,1.0660,10.660,0.0000,1,279,5896,66.7,33.3,16.7,83.3
80,92,64,1,0,0,1,1,0,0,0,1,0,1,0,22.7385,8.150000,0.055400,8.200000,523502.5101,20.0700,1.0580,10.580,0.1500,1,279,5896,33.3,66.7,83.3,16.7
80,93,64,0,1,0,1,1,1,1,1,0,1,0,0,23.2407,8.330000,0.055400,8.380000,523502.5101,8.3000,1.0660,10.660,0.0000,1,279,5896,66.7,33.3,16.7,83.3
81,0,64,1,0,1,1,0,0,0,0,1,0,0,0,23.4918,8.420000,0.055400,8.480000,523502.5101,20.0100,1.0640,10.640,0.0000,1,279,5896,50.0,50.0,83.3,16.7
81,1,64,1,1,1,1,0,1,1,1,0,0,1,0,24.2730,8.700000,0.055400,8.750000,523502.5101,29.6100,1.0680,10.680,0.0100,1,279,5896,33.3,66.7,33.3,66.7
81,7,64,1,1,1,1,0,1,1,1,0,1,1,0,22.9617,8.230000,0.055400,8.290000,523502.5101,10.6800,1.0640,10.640,0.0100,1,279,5896,33.3,66.7,16.7,83.3
81,10,64,0,1,1,1,1,0,0,0,1,1,0,1,24.5799,8.810000,0.055400,8.870000,523502.5101,4.2400,1.0670,10.670,0.0100,1,279,5896,50.0,50.0,33.3,66.7
81,13,64,0,1,0,1,1,1,0,1,1,1,1,1,20.9250,7.500000,0.055300,7.550000,523502.5101,14.0200,1.0510,10.510,0.1100,1,279,5896,50.0,50.0,0.0,100.0
81,14,64,1,1,1,1,0,0,1,1,0,0,0,0,23.9382,8.580000,0.055400,8.640000,523502.5101,28.6900,1.0660,10.660,0.0000,1,279,5896,50.0,50.0,50.0,50.0
81,16,64,0,0,1,0,1,0,0,1,1,0,1,0,21.9015,7.850000,0.055400,7.910000,523502.5101,20.0400,1.0630,10.630,0.0400,1,279,5896,33.3,66.7,83.3,16.7
81,25,64,1,0,1,1,1,0,1,0,1,1,0,1,25.0821,8.990000,0.055400,9.050000,523502.5101,11.2800,1.0630,10.630,0.0200,1,279,5896,16.7,83.3,50.0,50.0
81,27,64,0,1,1,1,1,1,1,1,1,0,0,0,23.7429,8.510000,0.055400,8.570000,523502.5101,19.4800,1.0690,10.690,0.0000,1,279,5896,33.3,66.7,33.3,66.7
81,28,64,1,1,0,1,0,1,0,1,1,1,1,0,22.9896,8.240000,0.055400,8.300000,523502.5101,11.3300,1.0670,10.670,0.0200,1,279,5896,50.0,50.0,16.7,83.3
81,33,64,1,0,1,1,0,1,1,1,0,0,1,1,25.0542,8.980000,0.055400,9.040000,523502.5101,11.0800,1.0620,10.620,0.0200,1,279,5896,33.3,66.7,33.3,66.7
81,35,64,1,1,1,0,0,1,0,1,0,1,0,1,23.9661,8.590000,0.055400,8.650000,523502.5101,5.5000,1.0700,10.700,0.0000,1,279,5896,66.7,33.3,16.7,83.3
81,39,64,1,0,1,1,0,1,1,1,1,1,0,1,24.3567,8.730000,0.055400,8.790000,523502.5101,12.1400,1.0640,10.640,0.0200,1,279,5896,33.3,66.7,16.7,83.3
81,47,64,1,1,0,1,1,0,1,0,0,1,1,0,23.5755,8.450000,0.055400,8.500000,523502.5101,29.1200,1.0690,10.690,0.0100,1,279,5896,33.3,66.7,50.0,50.0
81,48,64,1,1,1,0,0,1,1,0,0,1,1,0,23.6313,8.470000,0.055400,8.520000,523502.5101,29.0800,1.0630,10.630,0.0200,1,279,5896,33.3,66.7,50.0,50.0
81,50,64,1,1,0,0,1,1,1,1,0,0,0,0,23.6313,8.470000,0.055400,8.530000,523502.5101,29.1600,1.0640,10.640,0.0000,1,279,5896,50.0,50.0,50.0,50.0
81,51,64,0,1,1,1,0,0,0,0,0,0,0,0,24.8310,8.900000,0.055400,8.950000,523502.5101,26.9100,1.0600,10.600,0.0800,1,279,5896,83.3,16.7,66.7,33.3
81,52,64,1,0,0,1,1,0,1,1,1,0,1,0,23.3523,8.370000,0.055400,8.420000,523502.5101,20.2500,1.0650,10.650,0.0000,1,279,5896,16.7,83.3,66.7,33.3
81,59,64,0,0,1,1,0,0,1,0,1,0,0,0,22.5432,8.080000,0.055400,8.140000,523502.5101,20.2000,1.0310,10.310,0.2500,1,279,5896,50.0,50.0,83.3,16.7
81,65,64,1,1,0,1,1,1,1,0,0,1,1,1,23.8824,8.560000,0.055400,8.610000,523502.5101,7.3300,1.0620,10.620,0.0100,1,279,5896,33.3,66.7,16.7,83.3
81,66,64,1,1,1,0,1,0,1,0,1,0,1,1,24.9147,8.930000,0.055400,8.980000,523502.5101,5.1500,1.0670,10.670,0.0200,1,279,5896,0.0,100.0,66.7,33.3
81,75,64,0,0,1,0,1,1,1,1,0,1,1,1,23.9103,8.570000,0.055400,8.630000,523502.5101,13.1000,1.0620,10.620,0.0000,1,279,5896,33.3,66.7,33.3,66.7
81,80,64,0,1,0,1,1,0,1,1,1,1,0,1,23.4360,8.400000,0.055400,8.460000,523502.5101,4.2500,1.0680,10.680,0.0200,1,279,5896,50.0,50.0,16.7,83.3
81,81,64,1,1,1,0,1,0,1,1,1,0,0,0,26.3934,9.460000,0.055400,9.520000,523502.5101,28.9300,1.0560,10.560,0.1100,1,279,5896,16.7,83.3,66.7,33.3
81,83,64,0,1,1,1,0,1,1,1,0,1,1,1,20.5344,7.360000,0.055300,7.410000,523502.5101,13.3900,1.0120,10.120,0.4500,1,279,5896,50.0,50.0,0.0,100.0
81,84,64,0,1,1,0,0,1,1,1,0,1,0,1,21.4272,7.680000,0.055400,7.730000,523502.5101,3.9300,1.0570,10.570,0.0600,1,279,5896,66.7,33.3,16.7,83.3
81,85,64,1,1,1,0,1,1,0,1,1,1,1,1,22.4316,8.040000,0.055400,8.100000,523502.5101,9.3100,1.0650,10.650,0.0200,1,279,5896,16.7,83.3,16.7,83.3
81,86,64,1,1,0,0,0,1,1,1,1,1,0,0,24.0498,8.620000,0.055400,8.680000,523502.5101,29.0800,1.0660,10.660,0.0000,1,279,5896,50.0,50.0,33.3,66.7
81,89,64,1,1,1,1,1,1,1,0,0,0,1,0,24.3288,8.720000,0.055400,8.780000,523502.5101,32.0900,1.0620,10.620,0.0100,1,279,5896,16.7,83.3,50.0,50.0
81,93,64,1,0,1,1,0,1,0,0,0,0,0,0,24.8868,8.920000,0.055400,8.980000,523502.5101,20.0400,1.0640,10.640,0.0600,1,279,5896,66.7,33.3,66.7,33.3
81,96,64,0,1,1,1,1,0,0,1,1,0,1,0,23.6034,8.460000,0.055400,8.510000,523502.5101,18.1000,1.0610,10.610,0.0800,1,279,5896,33.3,66.7,50.0,50.0
82,0,64,1,0,1,1,1,1,1,0,0,1,1,0,24.3288,8.720000,0.055400,8.780000,523502.5101,20.3200,1.0640,10.640,0.0000,1,279,5896,16.7,83.3,50.0,50.0
82,4,64,1,1,0,1,0,0,0,1,0,1,1,1,24.5799,8.810000,0.055400,8.860000,523502.5101,6.6300,1.0630,10.630,0.0300,1,279,5896,66.7,33.3,16.7,83.3
82,9,64,1,1,1,1,0,0,1,1,0,1,0,1,23.0733,8.270000,0.055400,8.330000,523502.5101,6.2700,1.0640,10.640,0.0000,1,279,5896,50.0,50.0,16.7,83.3
82,12,64,1,1,1,1,0,1,1,1,1,0,0,0,24.3009,8.710000,0.055400,8.770000,523502.5101,29.8800,1.0630,10.630,0.0200,1,279,5896,33.3,66.7,33.3,66.7
82,13,64,0,1,0,1,1,1,1,1,1,0,1,1,23.7708,8.520000,0.055400,8.570000,523502.5101,4.3400,1.0650,10.650,0.0200,1,279,5896,33.3,66.7,16.7,83.3
82,14,64,1,1,0,1,0,1,0,0,0,1,1,1,23.1012,8.280000,0.055400,8.330000,523502.5101,6.0000,1.0640,10.640,0.0000,1,279,5896,66.7,33.3,16.7,83.3
82,19,64,0,1,0,0,1,1,1,1,0,0,1,0,23.7150,8.500000,0.055400,8.550000,523502.5101,18.8000,1.0600,10.600,0.0800,1,279,5896,50.0,50.0,50.0,50.0
82,29,64,0,0,0,0,1,0,0,1,0,1,1,0,23.7987,8.530000,0.055400,8.590000,523502.5101,10.1700,1.0570,10.570,0.0900,1,279,5896,66.7,33.3,66.7,33.3
82,32,64,0,0,0,1,1,1,1,1,0,1,0,1,23.3523,8.370000,0.055400,8.430000,523502.5101,12.0400,1.0660,10.660,0.0000,1,279,5896,66.7,33.3,16.7,83.3
82,33,64,1,0,0,0,1,1,1,0,1,1,1,0,22.7664,8.160000,0.055400,8.220000,523502.5101,20.5300,1.0680,10.680,0.0000,1,279,5896,16.7,83.3,66.7,33.3
82,40,64,0,0,1,0,0,0,0,0,1,1,1,0,23.0733,8.270000,0.055400,8.330000,523502.5101,20.1400,1.0640,10.640,0.0500,1,279,5896,50.0,50.0,83.3,16.7
82,52,64,1,1,1,0,1,0,1,0,1,1,0,1,24.4404,8.760000,0.055400,8.820000,523502.5101,5.4800,1.0620,10.620,0.0600,1,279,5896,16.7,83.3,50.0,50.0
82,53,64,1,0,0,1,1,1,1,1,0,1,1,1,24.7194,8.860000,0.055400,8.910000,523502.5101,13.1000,1.0610,10.610,0.0100,1,279,5896,33.3,66.7,16.7,83.3
82,60,64,0,1,1,1,1,1,1,0,0,0,0,0,23.9940,8.600000,0.055400,8.660000,523502.5101,18.8700,1.0620,10.620,0.0200,1,279,5896,50.0,50.0,50.0,50.0
82,63,64,0,1,1,1,0,1,0,0,0,1,0,0,23.9382,8.580000,0.055400,8.640000,523502.5101,27.2200,1.0600,10.600,0.1000,1,279,5896,83.3,16.7,33.3,66.7
82,66,64,1,0,1,1,0,0,1,0,0,0,0,0,23.6871,8.490000,0.055400,8.550000,523502.5101,20.1600,1.0390,10.390,0.2400,1,279,5896,50.0,50.0,83.3,16.7
82,70,64,1,1,0,1,1,0,0,0,1,0,1,0,23.9940,8.600000,0.055400,8.650000,523502.5101,28.7900,1.0630,10.630,0.0100,1,279,5896,33.3,66.7,66.7,33.3
82,73,64,1,1,0,0,0,1,1,1,1,0,1,0,23.9382,8.580000,0.055400,8.640000,523502.5101,29.4400,1.0630,10.630,0.0700,1,279,5896,33.3,66.7,50.0,50.0
82,76,64,0,0,1,1,0,1,0,0,1,0,0,0,24.0498,8.620000,0.055400,8.680000,523502.5101,20.1300,1.0650,10.650,0.0500,1,279,5896,66.7,33.3,66.7,33.3
82,81,64,0,0,1,0,0,0,1,0,1,1,0,0,22.2642,7.980000,0.055400,8.040000,523502.5101,20.2600,1.0680,10.680,0.0100,1,279,5896,50.0,50.0,83.3,16.7
82,82,64,1,1,0,0,0,0,0,0,1,1,1,0,23.5476,8.440000,0.055400,8.490000,523502.5101,28.7300,1.0650,10.650,0.0400,1,279,5896,50.0,50.0,66.7,33.3
82,86,64,1,1,1,1,1,0,1,0,1,0,0,1,23.9103,8.570000,0.055400,8.630000,523502.5101,6.0500,1.0620,10.620,0.0000,1,279,5896,16.7,83.3,50.0,50.0
82,89,64,0,0,1,1,1,0,1,0,0,0,0,0,23.5197,8.430000,0.055400,8.490000,523502.5101,20.1600,1.0620,10.620,0.0900,1,279,5896,50.0,50.0,83.3,16.7
82,94,64,1,0,0,1,0,1,0,1,0,1,0,1,23.7987,8.530000,0.055400,8.580000,523502.5101,11.5200,1.0650,10.650,0.0300,1,279,5896,83.3,16.7,16.7,83.3
83,0,64,0,0,0,0,0,1,0,0,1,1,1,1,23.0175,8.250000,0.055400,8.300000,523502.5101,11.8000,1.0710,10.710,-0.0100,0,279,5896,66.7,33.3,50.0,50.0
83,2,64,1,1,1,1,1,0,0,0,0,1,1,1,23.6034,8.460000,0.055400,8.510000,523502.5101,7.7600,1.0640,10.640,0.0000,1,279,5896,33.3,66.7,33.3,66.7
83,3,64,1,1,1,1,0,1,0,0,0,1,1,1,24.6915,8.850000,0.055400,8.900000,523502.5101,7.1100,1.0650,10.650,0.0200,1,279,5896,50.0,50.0,16.7,83.3
83,5,64,1,1,0,1,1,1,1,1,0,0,0,0,23.1291,8.290000,0.055400,8.340000,523502.5101,29.7700,1.0630,10.630,0.0600,1,279,5896,50.0,50.0,33.3,66.7
83,9,64,0,1,1,1,0,1,0,0,0,1,0,1,23.4081,8.390000,0.055400,8.440000,523502.5101,4.2500,1.0580,10.580,0.0100,1,279,5896,83.3,16.7,16.7,83.3
83,12,64,1,0,1,1,0,1,0,0,0,1,0,0,23.7150,8.500000,0.055400,8.560000,523502.5101,19.9900,1.0670,10.670,0.0100,1,279,5896,66.7,33.3,50.0,50.0
83,13,64,0,1,1,0,1,1,0,1,1,1,1,1,23.1570,8.300000,0.055400,8.350000,523502.5101,6.1600,1.0640,10.640,0.0200,1,279,5896,33.3,66.7,16.7,83.3
83,15,64,0,0,0,1,1,0,0,1,1,0,1,0,23.2128,8.320000,0.055400,8.370000,523502.5101,20.0400,1.0690,10.690,0.0200,1,279,5896,50.0,50.0,66.7,33.3
83,30,64,0,0,1,0,0,1,1,0,1,0,0,0,23.0175,8.250000,0.055400,8.300000,523502.5101,20.0800,1.0670,10.670,0.0000,1,279,5896,50.0,50.0,83.3,16.7
83,36,64,1,1,1,1,1,1,0,1,0,0,0,0,24.0777,8.630000,0.055400,8.690000,523502.5101,12.9300,1.0550,10.550,0.1100,1,279,5896,50.0,50.0,33.3,66.7
83,47,64,1,1,1,1,0,1,1,1,1,0,1,1,22.4874,8.060000,0.055400,8.120000,523502.5101,6.2200,1.0660,10.660,0.0000,1,279,5896,16.7,83.3,16.7,83.3
83,62,64,0,1,1,1,1,1,1,1,1,0,1,0,24.2172,8.680000,0.055400,8.730000,523502.5101,19.8300,1.0450,10.450,0.1200,1,279,5896,16.7,83.3,33.3,66.7
83,63,64,0,0,1,0,0,0,1,0,1,0,1,1,22.6827,8.130000,0.055400,8.180000,523502.5101,11.0600,1.0630,10.630,0.0000,1,279,5896,33.3,66.7,83.3,16.7
83,66,64,0,0,0,0,1,0,0,0,1,1,1,0,22.9338,8.220000,0.055400,8.270000,523502.5101,20.1400,1.0640,10.640,0.0000,1,279,5896,50.0,50.0,83.3,16.7
83,70,64,0,1,0,1,0,0,1,1,0,1,0,1,22.8501,8.190000,0.055400,8.250000,523502.5101,3.7300,1.0640,10.640,0.0100,1,279,5896,83.3,16.7,16.7,83.3
83,75,64,1,1,1,1,0,1,0,1,0,0,0,1,23.5476,8.440000,0.055400,8.490000,523502.5101,5.4600,1.0670,10.670,0.0000,1,279,5896,66.7,33.3,16.7,83.3
83,78,64,1,1,0,1,0,1,1,1,1,0,1,0,23.6034,8.460000,0.055400,8.510000,523502.5101,29.6800,1.0630,10.630,0.0300,1,279,5896,33.3,66.7,33.3,66.7
83,92,64,0,1,1,1,0,1,1,1,0,1,0,0,22.7385,8.150000,0.055400,8.210000,523502.5101,7.8600,1.0660,10.660,0.0000,1,279,5896,66.7,33.3,16.7,83.3
83,98,64,0,0,1,0,0,1,1,0,1,0,1,0,22.8501,8.190000,0.055400,8.250000,523502.5101,20.1300,1.0670,10.670,0.0200,1,279,5896,33.3,66.7,83.3,16.7
84,7,64,1,1,1,1,1,1,0,0,1,0,1,0,24.8310,8.900000,0.055400,8.950000,523502.5101,30.3700,1.0620,10.620,0.0300,1,279,5896,16.7,83.3,50.0,50.0
84,11,64,1,1,1,1,1,0,1,0,1,1,1,1,22.8501,8.190000,0.055400,8.250000,523502.5101,8.2100,1.0690,10.690,0.0100,1,279,5896,0.0,100.0,33.3,66.7
84,15,64,1,1,1,1,0,0,1,1,0,0,1,1,23.0733,8.270000,0.055400,8.320000,523502.5101,5.6300,1.0630,10.630,0.0100,1,279,5896,33.3,66.7,33.3,66.7
84,30,64,1,1,1,0,1,1,0,0,1,1,1,0,24.5241,8.790000,0.055400,8.840000,523502.5101,28.7900,1.0630,10.630,0.0600,1,279,5896,16.7,83.3,50.0,50.0
84,32,64,1,1,0,1,1,1,1,1,1,0,0,0,24.1614,8.660000,0.055400,8.710000,523502.5101,30.2800,1.0670,10.670,0.0300,1,279,5896,33.3,66.7,33.3,66.7
84,40,64,1,1,0,1,0,1,1,1,0,0,0,0,23.8545,8.550000,0.055400,8.600000,523502.5101,28.8600,1.0650,10.650,0.0000,1,279,5896,66.7,33.3,33.3,66.7
84,43,64,0,1,1,0,0,1,1,1,0,1,1,1,23.9940,8.600000,0.055400,8.650000,523502.5101,4.8500,1.0650,10.650,0.0100,1,279,5896,50.0,50.0,16.7,83.3
84,47,64,1,1,0,0,0,1,0,0,0,1,1,0,23.6871,8.490000,0.055400,8.550000,523502.5101,28.5400,1.0660,10.660,0.0000,1,279,5896,66.7,33.3,50.0,50.0
84,50,64,1,1,0,1,0,0,1,1,0,1,1,1,23.3802,8.380000,0.055400,8.430000,523502.5101,6.8500,1.0610,10.610,0.0100,1,279,5896,50.0,50.0,16.7,83.3
84,53,64,1,1,1,0,1,0,0,1,1,1,1,0,24.4404,8.760000,0.055400,8.820000,523502.5101,28.5600,1.0540,10.540,0.1600,1,279,5896,16.7,83.3,50.0,50.0
84,55,64,1,1,1,0,0,1,1,1,0,1,0,1,22.8780,8.200000,0.055400,8.250000,523502.5101,5.6300,1.0640,10.640,0.0100,1,279,5896,50.0,50.0,16.7,83.3
84,56,64,1,1,0,1,0,1,1,1,1,1,0,0,22.4874,8.060000,0.055400,8.110000,523502.5101,28.8000,1.0640,10.640,0.0000,1,279,5896,50.0,50.0,16.7,83.3
84,58,64,0,0,1,0,1,0,1,0,0,1,1,0,22.4595,8.050000,0.055400,8.100000,523502.5101,20.2600,1.0630,10.630,0.0200,1,279,5896,33.3,66.7,83.3,16.7
84,59,64,0,0,0,0,1,0,1,1,0,0,0,0,23.3244,8.360000,0.055400,8.420000,523502.5101,19.9200,1.0660,10.660,0.0100,1,279,5896,66.7,33.3,83.3,16.7
84,60,64,0,1,1,0,1,1,1,1,1,1,1,0,24.2451,8.690000,0.055400,8.740000,523502.5101,20.4000,1.0530,10.530,0.1700,1,279,5896,16.7,83.3,33.3,66.7
84,78,64,0,1,0,1,0,1,1,1,1,1,0,0,22.8222,8.180000,0.055400,8.230000,523502.5101,18.0900,1.0630,10.630,0.0000,1,279,5896,66.7,33.3,16.7,83.3
84,85,64,1,1,0,0,0,0,1,1,1,1,0,0,24.1893,8.670000,0.055400,8.730000,523502.5101,28.7800,1.0660,10.660,0.0600,1,279,5896,50.0,50.0,50.0,50.0
84,86,64,1,1,1,1,1,1,1,0,0,1,0,1,23.2128,8.320000,0.055400,8.370000,523502.5101,7.9500,1.0410,10.410,0.2500,1,279,5896,33.3,66.7,16.7,83.3
84,95,64,0,0,0,1,1,0,1,0,1,1,1,0,23.1849,8.310000,0.055400,8.370000,523502.5101,20.5500,1.0630,10.630,0.0100,1,279,5896,33.3,66.7,66.7,33.3
85,0,64,0,0,1,1,0,0,0,1,0,0,1,0,22.9617,8.230000,0.055400,8.280000,523502.5101,19.8100,1.0340,10.340,0.2900,1,279,5896,66.7,33.3,66.7,33.3
85,6,64,1,1,1,1,0,1,1,1,1,0,0,1,23.2686,8.340000,0.055400,8.400000,523502.5101,5.7700,1.0630,10.630,0.0000,1,279,5896,33.3,66.7,16.7,83.3
85,8,64,0,1,1,1,1,1,0,0,0,1,1,1,23.5197,8.430000,0.055400,8.480000,523502.5101,5.3100,1.0590,10.590,0.0500,1,279,5896,50.0,50.0,16.7,83.3
85,13,64,0,1,0,0,0,1,1,1,1,1,0,1,23.3244,8.360000,0.055400,8.410000,523502.5101,4.2100,1.0620,10.620,0.0100,1,279,5896,66.7,33.3,16.7,83.3
85,14,64,1,1,1,1,1,1,0,1,0,1,1,0,24.4125,8.750000,0.055400,8.810000,523502.5101,11.2400,1.0690,10.690,0.0100,1,279,5896,33.3,66.7,16.7,83.3
85,16,64,0,0,1,0,1,0,1,0,1,1,0,0,22.3479,8.010000,0.055400,8.060000,523502.5101,20.2600,1.0660,10.660,0.0400,1,279,5896,33.3,66.7,83.3,16.7
85,27,64,1,1,1,0,1,1,0,0,1,0,1,0,23.9382,8.580000,0.055400,8.640000,523502.5101,29.1700,1.0630,10.630,0.0500,1,279,5896,16.7,83.3,66.7,33.3
85,32,64,0,1,1,1,1,0,1,1,0,1,0,1,23.0175,8.250000,0.055400,8.300000,523502.5101,4.3500,1.0650,10.650,0.0000,1,279,5896,50.0,50.0,16.7,83.3
85,56,64,1,1,1,1,1,0,1,0,0,0,1,0,24.3288,8.720000,0.055400,8.770000,523502.5101,30.2500,1.0630,10.630,0.0100,1,279,5896,16.7,83.3,66.7,33.3
85,58,64,1,1,1,0,0,1,1,1,1,1,0,0,24.3288,8.720000,0.055400,8.770000,523502.5101,28.9900,1.0560,10.560,0.0000,1,279,5896,33.3,66.7,33.3,66.7
85,62,64,0,1,1,1,1,1,0,1,1,1,1,0,22.9059,8.210000,0.055400,8.260000,523502.5101,9.4300,1.0680,10.680,0.0200,1,279,5896,33.3,66.7,16.7,83.3
85,66,64,1,1,0,1,0,0,1,1,1,1,0,1,24.8589,8.910000,0.055400,8.960000,523502.5101,5.9700,1.0640,10.640,0.0200,1,279,5896,50.0,50.0,16.7,83.3
85,71,64,1,1,0,1,1,1,0,1,1,0,1,1,23.1291,8.290000,0.055400,8.350000,523502.5101,6.0700,1.0680,10.680,0.0200,1,279,5896,33.3,66.7,16.7,83.3
85,85,64,0,1,1,1,0,1,1,0,0,1,0,1,23.6871,8.490000,0.055400,8.550000,523502.5101,4.1300,1.0640,10.640,0.0100,1,279,5896,66.7,33.3,16.7,83.3
85,90,64,1,1,0,1,1,1,0,1,0,0,1,1,23.7429,8.510000,0.055400,8.570000,523502.5101,6.0300,1.0670,10.670,0.0100,1,279,5896,50.0,50.0,16.7,83.3
85,92,64,0,0,0,0,1,0,1,0,0,1,0,0,22.9059,8.210000,0.055400,8.270000,523502.5101,20.2000,1.0640,10.640,0.0100,1,279,5896,66.7,33.3,83.3,16.7
85,97,64,1,1,1,0,1,0,1,0,0,1,1,0,23.9103,8.570000,0.055400,8.620000,523502.5101,29.2600,1.0660,10.660,0.0000,1,279,5896,16.7,83.3,66.7,33.3
86,22,64,1,1,0,1,1,1,1,1,0,0,1,1,23.2407,8.330000,0.055400,8.390000,523502.5101,6.5900,1.0610,10.610,0.0600,1,279,5896,33.3,66.7,16.7,83.3
86,24,64,0,0,1,0,1,1,1,0,1,1,1,0,22.6548,8.120000,0.055400,8.180000,523502.5101,20.5300,1.0630,10.630,0.0000,1,279,5896,16.7,83.3,66.7,33.3
86,25,64,1,1,0,0,1,1,0,1,1,0,0,0,23.8824,8.560000,0.055400,8.620000,523502.5101,10.3800,1.0680,10.680,0.0300,1,279,5896,50.0,50.0,50.0,50.0
86,26,64,0,0,0,0,1,0,0,0,0,1,0,1,22.8222,8.180000,0.055400,8.240000,523502.5101,11.2200,1.0580,10.580,0.1300,1,279,5896,83.3,16.7,66.7,33.3
86,29,64,0,1,1,0,1,1,1,1,1,1,0,1,24.0777,8.630000,0.055400,8.680000,523502.5101,4.9500,1.0620,10.620,0.0000,1,279,5896,33.3,66.7,16.7,83.3
86,41,64,0,0,0,0,1,0,0,1,0,0,0,0,22.8501,8.190000,0.055400,8.240000,523502.5101,19.7000,1.0660,10.660,0.0100,1,279,5896,83.3,16.7,83.3,16.7
86,51,64,0,0,0,0,0,1,0,0,1,1,1,0,22.3758,8.020000,0.055400,8.070000,523502.5101,20.5200,1.0640,10.640,0.0200,1,279,5896,66.7,33.3,66.7,33.3
86,52,64,1,1,0,0,1,0,1,1,1,1,1,0,24.7194,8.860000,0.055400,8.910000,523502.5101,28.9400,1.0570,10.570,0.0600,1,279,5896,16.7,83.3,50.0,50.0
86,55,64,0,0,0,0,1,0,1,0,1,1,0,0,22.5432,8.080000,0.055400,8.130000,523502.5101,20.2600,1.0650,10.650,0.0000,1,279,5896,50.0,50.0,83.3,16.7
86,57,64,0,0,0,1,0,0,1,0,1,0,0,0,23.3802,8.380000,0.055400,8.430000,523502.5101,20.2000,1.0480,10.480,0.1600,1,279,5896,66.7,33.3,83.3,16.7
86,58,64,0,1,0,0,1,1,1,1,1,1,1,1,23.4918,8.420000,0.055400,8.480000,523502.5101,7.4100,1.0650,10.650,0.0100,1,279,5896,33.3,66.7,16.7,83.3
86,62,64,0,0,0,0,0,0,0,0,1,1,0,1,22.5990,8.100000,0.055400,8.160000,523502.5101,11.3400,1.0630,10.630,0.0200,1,279,5896,83.3,16.7,66.7,33.3
86,68,64,1,1,1,0,1,1,1,1,0,1,0,1,25.5843,9.170000,0.055400,9.220000,523502.5101,6.0200,1.0670,10.670,0.0100,1,279,5896,33.3,66.7,16.7,83.3
86,69,64,1,1,1,1,0,0,0,0,1,0,0,0,22.9896,8.240000,0.055400,8.300000,523502.5101,28.9900,1.0630,10.630,0.0200,1,279,5896,50.0,50.0,66.7,33.3
86,70,64,1,1,1,0,1,1,1,1,1,1,0,1,23.5197,8.430000,0.055400,8.480000,523502.5101,6.8400,1.0670,10.670,0.0000,1,279,5896,16.7,83.3,16.7,83.3
86,77,64,0,1,1,1,0,0,1,1,0,1,1,1,22.1247,7.930000,0.055400,7.980000,523502.5101,5.1700,1.0620,10.620,0.0100,1,279,5896,50.0,50.0,16.7,83.3
86,88,64,0,0,0,0,0,0,0,0,1,1,0,0,22.2084,7.960000,0.055400,8.020000,523502.5101,20.0600,1.0650,10.650,0.0100,1,279,5896,83.3,16.7,83.3,16.7
86,91,64,0,0,1,0,1,0,1,0,0,0,1,0,22.5153,8.070000,0.055200,8.130000,523502.5101,20.1900,1.0700,10.700,0.0300,1,279,5896,33.3,66.7,100.0,0.0
87,1,64,1,0,1,0,0,1,0,1,0,1,0,1,24.0777,8.630000,0.055400,8.690000,523502.5101,11.5200,1.0640,10.640,0.0000,1,279,5896,66.7,33.3,33.3,66.7
87,8,64,1,1,1,0,0,1,1,0,1,1,0,1,24.2730,8.700000,0.055400,8.750000,523502.5101,5.4800,1.0650,10.650,0.0200,1,279,5896,33.3,66.7,33.3,66.7
87,14,64,0,1,1,1,0,1,1,1,0,1,1,0,23.4639,8.410000,0.055400,8.470000,523502.5101,8.4000,1.0640,10.640,0.0000,1,279,5896,50.0,50.0,16.7,83.3
87,17,64,1,0,1,1,1,1,1,1,1,0,1,0,24.8031,8.890000,0.055400,8.940000,523502.5101,21.1200,1.0680,10.680,0.0100,1,279,5896,0.0,100.0,50.0,50.0
87,19,64,1,1,0,0,1,0,0,1,1,0,0,0,23.3802,8.380000,0.055400,8.430000,523502.5101,28.0900,1.0620,10.620,0.0200,1,279,5896,50.0,50.0,66.7,33.3
87,35,64,0,0,0,1,1,1,0,0,1,0,1,0,23.8824,8.560000,0.055400,8.610000,523502.5101,20.1700,1.0570,10.570,0.0700,1,279,5896,50.0,50.0,66.7,33.3
87,58,64,0,1,1,1,1,1,1,1,1,0,0,1,24.3009,8.710000,0.055400,8.760000,523502.5101,5.2300,1.0640,10.640,0.0100,1,279,5896,33.3,66.7,16.7,83.3
87,63,64,1,1,1,0,1,1,1,1,0,1,1,0,24.1335,8.650000,0.055400,8.700000,523502.5101,10.9500,1.0640,10.640,0.0500,1,279,5896,16.7,83.3,33.3,66.7
87,67,64,1,1,0,1,1,0,1,1,1,1,0,0,24.2172,8.680000,0.055400,8.740000,523502.5101,28.9200,1.0660,10.660,0.0400,1,279,5896,33.3,66.7,33.3,66.7
87,70,64,1,1,1,0,0,1,0,1,1,0,1,1,23.2686,8.340000,0.055400,8.400000,523502.5101,5.1300,1.0630,10.630,0.0100,1,279,5896,33.3,66.7,33.3,66.7
87,71,64,1,1,0,0,0,0,0,0,1,1,1,1,23.2128,8.320000,0.055400,8.380000,523502.5101,6.1500,1.0650,10.650,0.0700,1,279,5896,50.0,50.0,50.0,50.0
87,77,64,1,1,0,1,1,1,0,1,1,0,0,1,22.2642,7.980000,0.055400,8.040000,523502.5101,5.6700,1.0600,10.600,0.0300,1,279,5896,50.0,50.0,16.7,83.3
87,88,64,1,1,1,0,1,1,1,1,1,0,0,0,24.1335,8.650000,0.055400,8.710000,523502.5101,29.9400,1.0640,10.640,0.0000,1,279,5896,16.7,83.3,50.0,50.0
87,96,64,0,0,0,0,0,1,1,1,0,0,1,1,23.0175,8.250000,0.055400,8.310000,523502.5101,11.0800,1.0640,10.640,0.0100,1,279,5896,66.7,33.3,50.0,50.0
88,0,64,1,1,0,1,1,0,1,1,0,1,1,1,23.1849,8.310000,0.055400,8.360000,523502.5101,7.2200,1.0620,10.620,0.0200,1,279,5896,33.3,66.7,16.7,83.3
88,24,64,0,0,1,0,0,0,1,0,1,0,1,0,22.1805,7.950000,0.055200,8.000000,523502.5101,20.3400,1.0660,10.660,0.0100,1,279,5896,33.3,66.7,100.0,0.0
88,32,64,0,0,0,1,0,1,1,1,1,1,0,0,24.9147,8.930000,0.055400,8.990000,523502.5101,20.3800,1.0580,10.580,0.0600,1,279,5896,66.7,33.3,33.3,66.7
88,39,64,0,0,1,0,1,0,0,1,1,1,1,0,23.2965,8.350000,0.055400,8.410000,523502.5101,20.2300,1.0480,10.480,0.1700,1,279,5896,33.3,66.7,66.7,33.3
88,40,64,1,1,1,1,1,0,0,0,1,0,1,0,25.0263,8.970000,0.055400,9.020000,523502.5101,29.8300,1.0640,10.640,0.0000,1,279,5896,16.7,83.3,66.7,33.3
88,42,64,1,0,1,1,0,1,1,1,0,1,1,1,24.1056,8.640000,0.055400,8.700000,523502.5101,12.4900,1.0600,10.600,0.0200,1,279,5896,33.3,66.7,16.7,83.3
88,43,64,1,0,1,1,0,0,0,0,0,0,0,1,23.3802,8.380000,0.055400,8.430000,523502.5101,11.0100,1.0630,10.630,0.0100,1,279,5896,66.7,33.3,66.7,33.3
88,52,64,0,0,0,1,1,1,1,1,0,0,0,1,23.7708,8.520000,0.055400,8.580000,523502.5101,11.5700,1.0650,10.650,0.0100,1,279,5896,66.7,33.3,33.3,66.7
88,60,64,1,1,1,0,0,0,1,0,1,1,1,0,23.1012,8.280000,0.055400,8.340000,523502.5101,29.6700,1.0620,10.620,0.0500,1,279,5896,16.7,83.3,66.7,33.3
88,61,64,0,1,0,0,0,1,1,1,0,1,0,1,22.9338,8.220000,0.055400,8.270000,523502.5101,3.7500,1.0640,10.640,0.0000,1,279,5896,83.3,16.7,16.7,83.3
88,63,64,1,1,1,1,0,1,1,0,0,1,1,0,23.5476,8.440000,0.055400,8.500000,523502.5101,28.9800,1.0640,10.640,0.0300,1,279,5896,33.3,66.7,33.3,66.7
88,64,64,1,1,1,0,0,1,1,0,1,1,1,1,23.5755,8.450000,0.055400,8.510000,523502.5101,6.3900,1.0640,10.640,0.0100,1,279,5896,16.7,83.3,33.3,66.7
88,77,64,1,1,1,1,1,0,1,0,0,0,1,1,24.6357,8.830000,0.055400,8.890000,523502.5101,6.2500,1.0640,10.640,0.0100,1,279,5896,16.7,83.3,50.0,50.0
88,83,64,1,1,0,1,0,0,0,0,0,0,1,0,23.7150,8.500000,0.055400,8.560000,523502.5101,28.4300,1.0700,10.700,0.0000,1,279,5896,66.7,33.3,66.7,33.3
88,92,64,0,1,0,1,1,1,1,1,0,0,0,0,23.9103,8.570000,0.055400,8.620000,523502.5101,18.2900,1.0640,10.640,0.0000,1,279,5896,66.7,33.3,33.3,66.7
88,94,64,0,1,0,1,0,1,1,1,0,0,1,1,23.4918,8.420000,0.055400,8.470000,523502.5101,3.4900,1.0630,10.630,0.0200,1,279,5896,66.7,33.3,16.7,83.3
89,0,64,1,0,1,1,1,1,1,1,0,0,1,0,24.7473,8.870000,0.055400,8.920000,523502.5101,20.5400,1.0440,10.440,0.2300,1,279,5896,16.7,83.3,50.0,50.0
89,1,64,1,1,1,0,1,1,1,0,0,0,1,0,23.7429,8.510000,0.055400,8.570000,523502.5101,29.4500,1.0660,10.660,0.0300,1,279,5896,16.7,83.3,66.7,33.3
89,3,64,0,0,0,1,0,0,0,0,0,0,0,1,22.1247,7.930000,0.055100,7.980000,523502.5101,11.0100,1.4520,14.520,-3.7800,0,279,5896,100.0,0.0,66.7,33.3
89,7,64,0,1,0,0,1,0,0,0,0,1,1,0,22.9338,8.220000,0.055400,8.270000,523502.5101,18.1600,1.0630,10.630,0.0000,1,279,5896,66.7,33.3,66.7,33.3
89,20,64,1,0,1,0,0,0,0,0,0,0,0,0,21.9294,7.860000,0.055200,7.910000,523502.5101,19.7600,1.0740,10.740,0.0000,1,279,5896,66.7,33.3,100.0,0.0
89,25,64,0,0,1,0,0,1,1,1,1,1,0,1,23.7150,8.500000,0.055400,8.560000,523502.5101,12.1400,1.0650,10.650,0.0200,1,279,5896,50.0,50.0,33.3,66.7
89,40,64,0,1,1,1,0,0,1,1,1,1,0,0,24.4683,8.770000,0.055400,8.820000,523502.5101,27.4200,1.0370,10.370,0.2000,1,279,5896,50.0,50.0,33.3,66.7
89,41,64,1,1,0,1,1,0,1,1,1,0,0,0,24.7752,8.880000,0.055400,8.940000,523502.5101,28.8100,1.0620,10.620,0.0200,1,279,5896,33.3,66.7,50.0,50.0
89,65,64,0,1,1,0,1,0,1,0,1,1,1,0,23.6313,8.470000,0.055400,8.530000,523502.5101,19.1700,1.0540,10.540,0.1100,1,279,5896,16.7,83.3,66.7,33.3
89,79,64,1,1,0,1,0,1,1,0,0,0,0,1,22.9896,8.240000,0.055400,8.290000,523502.5101,4.6400,1.0620,10.620,0.0200,1,279,5896,66.7,33.3,33.3,66.7
89,83,64,1,1,0,0,0,0,0,0,1,0,1,1,23.2407,8.330000,0.055400,8.390000,523502.5101,5.1100,1.0660,10.660,0.0000,1,279,5896,50.0,50.0,66.7,33.3
89,90,64,1,1,1,0,1,0,1,1,0,0,1,0,24.6078,8.820000,0.055400,8.880000,523502.5101,28.8600,1.0650,10.650,0.0200,1,279,5896,16.7,83.3,66.7,33.3
89,93,64,0,1,0,0,0,1,1,1,1,1,1,0,24.3009,8.710000,0.055400,8.770000,523502.5101,19.7700,1.0530,10.530,0.1300,1,279,5896,50.0,50.0,33.3,66.7
89,98,64,0,0,0,0,0,1,1,0,1,1,1,1,23.2965,8.350000,0.055400,8.400000,523502.5101,11.7600,1.0640,10.640,0.0200,1,279,5896,50.0,50.0,50.0,50.0
90,7,64,1,1,1,1,1,0,1,0,1,0,1,1,22.7106,8.140000,0.055400,8.190000,523502.5101,6.3500,1.0620,10.620,0.0200,1,279,5896,0.0,100.0,50.0,50.0
90,9,64,1,1,1,1,0,1,0,1,1,0,1,1,24.2730,8.700000,0.055400,8.750000,523502.5101,5.9000,1.0650,10.650,0.0000,1,279,5896,33.3,66.7,16.7,83.3
90,11,64,1,1,0,1,0,0,0,1,0,1,0,1,23.1012,8.280000,0.055400,8.340000,523502.5101,5.2800,1.0640,10.640,0.0000,1,279,5896,83.3,16.7,16.7,83.3
90,17,64,0,1,1,1,1,0,1,1,1,1,0,0,24.1056,8.640000,0.055400,8.700000,523502.5101,18.0200,1.0590,10.590,0.0600,1,279,5896,33.3,66.7,33.3,66.7
90,23,64,1,1,0,1,0,1,1,1,0,0,1,1,22.5432,8.080000,0.055400,8.140000,523502.5101,5.6300,1.0610,10.610,0.0100,1,279,5896,50.0,50.0,16.7,83.3
90,40,64,1,0,0,1,0,1,1,1,1,1,0,0,24.7194,8.860000,0.055400,8.920000,523502.5101,20.3800,1.0630,10.630,0.0100,1,279,5896,50.0,50.0,33.3,66.7
90,43,64,1,0,1,1,0,0,0,0,0,1,0,0,22.9896,8.240000,0.055400,8.300000,523502.5101,19.7900,1.0590,10.590,0.0600,1,279,5896,66.7,33.3,66.7,33.3
90,67,64,1,1,1,1,0,1,0,0,1,0,1,1,23.5476,8.440000,0.055400,8.500000,523502.5101,5.9000,1.0680,10.680,0.0100,1,279,5896,33.3,66.7,33.3,66.7
90,79,64,0,0,0,1,0,0,0,0,1,1,1,0,23.1291,8.290000,0.055400,8.340000,523502.5101,20.1400,1.0700,10.700,0.0100,1,279,5896,66.7,33.3,66.7,33.3
90,86,64,1,0,0,1,0,0,1,0,1,0,1,0,23.6592,8.480000,0.055400,8.530000,523502.5101,20.3400,1.0470,10.470,0.2100,1,279,5896,33.3,66.7,83.3,16.7
90,95,64,1,1,1,1,1,0,1,1,0,0,1,0,24.9984,8.960000,0.055400,9.020000,523502.5101,29.8600,1.0650,10.650,0.0200,1,279,5896,16.7,83.3,50.0,50.0
91,11,64,1,1,0,1,1,0,0,1,0,1,0,1,22.8222,8.180000,0.055400,8.240000,523502.5101,5.5900,1.0620,10.620,0.0100,1,279,5896,66.7,33.3,16.7,83.3
91,16,64,1,1,1,1,0,1,1,0,0,0,1,0,23.8545,8.550000,0.055400,8.610000,523502.5101,29.0900,1.0540,10.540,0.1000,1,279,5896,33.3,66.7,50.0,50.0
91,28,64,1,0,1,1,1,1,1,1,1,1,0,1,24.3009,8.710000,0.055400,8.770000,523502.5101,12.8500,1.0610,10.610,0.0600,1,279,5896,16.7,83.3,16.7,83.3
91,34,64,1,1,1,0,0,0,1,0,1,1,0,1,24.4962,8.780000,0.055400,8.830000,523502.5101,5.3900,1.0640,10.640,0.0100,1,279,5896,33.3,66.7,50.0,50.0
91,38,64,0,0,1,0,1,1,1,1,1,1,0,0,23.5755,8.450000,0.055400,8.510000,523502.5101,21.2100,1.0640,10.640,0.0000,1,279,5896,33.3,66.7,50.0,50.0
91,47,64,0,1,1,1,0,0,0,1,1,1,0,0,23.5476,8.440000,0.055400,8.500000,523502.5101,27.2900,1.0580,10.580,0.0500,1,279,5896,66.7,33.3,33.3,66.7
91,63,64,1,1,1,1,0,0,0,1,1,1,0,0,24.5799,8.810000,0.055400,8.860000,523502.5101,29.5900,1.0610,10.610,0.0200,1,279,5896,50.0,50.0,33.3,66.7
91,65,64,1,1,1,1,0,0,1,1,1,1,1,0,23.1291,8.290000,0.055400,8.350000,523502.5101,30.2500,1.0620,10.620,0.0200,1,279,5896,16.7,83.3,33.3,66.7
91,71,64,1,1,1,0,0,1,0,1,1,1,1,1,24.2172,8.680000,0.055400,8.740000,523502.5101,9.2900,1.0630,10.630,0.0200,1,279,5896,33.3,66.7,16.7,83.3
91,85,64,1,0,1,0,1,0,1,0,1,0,0,0,21.9573,7.870000,0.055200,7.930000,523502.5101,20.2000,1.0720,10.720,0.0200,1,279,5896,16.7,83.3,100.0,0.0
91,93,64,1,1,1,1,0,0,0,1,0,1,1,1,24.3846,8.740000,0.055400,8.800000,523502.5101,7.7400,1.0670,10.670,0.0200,1,279,5896,50.0,50.0,16.7,83.3
91,94,64,1,1,1,0,0,0,1,0,1,0,0,0,24.1056,8.640000,0.055400,8.700000,523502.5101,29.3400,1.0640,10.640,0.0100,1,279,5896,33.3,66.7,83.3,16.7
91,97,64,0,0,1,0,0,0,0,1,1,0,0,0,22.7106,8.140000,0.055400,8.190000,523502.5101,19.9900,1.0660,10.660,0.0200,1,279,5896,66.7,33.3,83.3,16.7
92,5,64,0,0,1,0,1,0,1,0,1,0,0,0,21.9294,7.860000,0.055200,7.910000,523502.5101,20.2000,1.0670,10.670,0.0700,1,279,5896,33.3,66.7,100.0,0.0
92,10,64,0,1,1,0,1,1,0,1,0,1,0,1,23.2128,8.320000,0.055400,8.370000,523502.5101,3.7700,1.0630,10.630,0.0000,1,279,5896,66.7,33.3,16.7,83.3
92,15,64,0,1,1,1,0,1,1,0,0,0,0,1,22.1526,7.940000,0.055400,7.990000,523502.5101,3.7600,1.0630,10.630,0.0000,1,279,5896,66.7,33.3,33.3,66.7
92,22,64,0,0,1,1,0,1,0,0,1,1,1,0,22.9059,8.210000,0.055400,8.270000,523502.5101,20.5200,1.0690,10.690,0.0200,1,279,5896,50.0,50.0,50.0,50.0
92,40,64,1,1,1,0,0,0,1,0,0,1,1,0,23.9103,8.570000,0.055400,8.630000,523502.5101,29.2500,1.0630,10.630,0.0100,1,279,5896,33.3,66.7,66.7,33.3
92,45,64,1,0,1,1,1,1,0,1,0,1,1,1,24.3846,8.740000,0.055400,8.800000,523502.5101,12.3500,1.0650,10.650,0.0100,1,279,5896,33.3,66.7,16.7,83.3
92,49,64,0,1,1,1,0,0,1,1,0,1,0,0,22.7664,8.160000,0.055400,8.210000,523502.5101,17.2500,1.0650,10.650,0.0000,1,279,5896,66.7,33.3,33.3,66.7
92,52,64,1,1,0,1,1,1,1,1,1,0,1,0,24.0777,8.630000,0.055400,8.680000,523502.5101,30.6700,1.0620,10.620,0.0200,1,279,5896,16.7,83.3,33.3,66.7
92,63,64,1,1,0,0,1,1,0,0,1,0,1,0,24.1056,8.640000,0.055400,8.690000,523502.5101,28.6000,1.0640,10.640,0.0000,1,279,5896,33.3,66.7,66.7,33.3
92,68,64,0,1,1,1,1,1,1,1,0,0,0,0,24.1893,8.670000,0.055400,8.720000,523502.5101,19.1800,1.0620,10.620,0.0700,1,279,5896,50.0,50.0,33.3,66.7
92,70,64,1,1,1,1,0,1,0,0,1,0,0,1,23.4360,8.400000,0.055400,8.460000,523502.5101,5.6000,1.0650,10.650,0.0100,1,279,5896,50.0,50.0,33.3,66.7
92,77,64,1,1,0,1,0,0,1,1,1,1,0,0,24.7473,8.870000,0.055400,8.920000,523502.5101,28.6400,1.0660,10.660,0.0300,1,279,5896,50.0,50.0,33.3,66.7
92,80,64,0,1,1,1,0,0,1,1,0,0,0,0,22.7385,8.150000,0.055400,8.200000,523502.5101,27.0600,1.0670,10.670,0.0000,1,279,5896,66.7,33.3,50.0,50.0
92,82,64,1,1,1,1,0,0,1,1,0,0,1,0,24.3009,8.710000,0.055400,8.770000,523502.5101,28.9100,1.0560,10.560,0.1100,1,279,5896,33.3,66.7,50.0,50.0
92,84,64,0,0,0,0,0,0,0,0,0,1,1,0,23.1291,8.290000,0.055400,8.350000,523502.5101,19.8700,1.0680,10.680,0.0300,1,279,5896,83.3,16.7,83.3,16.7
93,7,64,1,1,0,1,1,1,1,0,1,1,0,1,23.2407,8.330000,0.055400,8.390000,523502.5101,6.4100,1.0630,10.630,0.0100,1,279,5896,33.3,66.7,16.7,83.3
93,10,64,0,1,1,0,0,1,1,0,1,1,1,0,24.1335,8.650000,0.055400,8.710000,523502.5101,19.0800,1.0650,10.650,0.0000,1,279,5896,33.3,66.7,50.0,50.0
93,12,64,0,1,1,1,0,0,1,1,0,0,1,1,23.2965,8.350000,0.055400,8.400000,523502.5101,3.8700,1.0650,10.650,0.0000,1,279,5896,50.0,50.0,33.3,66.7
93,13,64,1,1,0,1,0,1,0,1,1,0,0,1,23.3802,8.380000,0.055400,8.430000,523502.5101,4.9100,1.0660,10.660,0.0100,1,279,5896,66.7,33.3,16.7,83.3
93,25,64,1,1,0,0,0,1,1,1,0,0,1,0,23.3802,8.380000,0.055400,8.430000,523502.5101,28.8900,1.0650,10.650,0.0000,1,279,5896,50.0,50.0,50.0,50.0
93,29,64,1,1,1,1,0,0,1,0,0,0,0,0,23.9940,8.600000,0.055400,8.660000,523502.5101,29.0900,1.0650,10.650,0.0500,1,279,5896,50.0,50.0,66.7,33.3
93,31,64,1,1,0,1,0,1,0,1,0,1,0,0,23.3802,8.380000,0.055400,8.440000,523502.5101,9.7600,1.0650,10.650,0.0200,1,279,5896,83.3,16.7,16.7,83.3
93,38,64,1,1,1,1,0,0,0,0,1,1,0,0,24.5520,8.800000,0.055400,8.850000,523502.5101,29.2300,1.0690,10.690,0.0100,1,279,5896,50.0,50.0,50.0,50.0
93,41,64,0,1,1,1,1,1,1,1,0,0,1,0,23.9382,8.580000,0.055400,8.640000,523502.5101,19.2400,1.0690,10.690,0.0100,1,279,5896,33.3,66.7,33.3,66.7
93,44,64,1,1,1,0,0,1,1,0,1,1,0,0,24.1335,8.650000,0.055400,8.710000,523502.5101,29.3100,1.0660,10.660,0.0000,1,279,5896,33.3,66.7,50.0,50.0
93,52,64,0,1,1,1,0,0,0,1,0,0,0,0,23.1012,8.280000,0.055400,8.340000,523502.5101,26.8900,1.0610,10.610,0.0900,1,279,5896,83.3,16.7,50.0,50.0
93,56,64,0,1,0,0,0,0,0,0,1,1,1,0,23.4918,8.420000,0.055400,8.480000,523502.5101,18.3600,1.0670,10.670,0.0100,1,279,5896,66.7,33.3,66.7,33.3
93,67,64,1,1,0,0,0,1,0,0,0,0,0,0,23.9103,8.570000,0.055400,8.630000,523502.5101,28.3300,1.0640,10.640,0.0200,1,279,5896,83.3,16.7,66.7,33.3
93,77,64,0,1,0,1,0,0,1,1,1,1,0,0,24.4962,8.780000,0.055400,8.830000,523502.5101,18.5200,1.0550,10.550,0.0700,1,279,5896,66.7,33.3,33.3,66.7
93,78,64,0,1,0,0,0,1,1,0,0,1,0,1,23.8266,8.540000,0.055400,8.590000,523502.5101,3.5300,1.0630,10.630,0.0200,1,279,5896,83.3,16.7,33.3,66.7
93,84,64,0,1,1,1,0,1,1,0,1,1,0,0,23.7987,8.530000,0.055400,8.590000,523502.5101,27.4500,1.0570,10.570,0.0700,1,279,5896,50.0,50.0,33.3,66.7
94,1,64,0,1,1,0,1,1,1,1,0,1,1,1,23.8266,8.540000,0.055400,8.600000,523502.5101,5.4100,1.0690,10.690,0.0100,1,279,5896,33.3,66.7,16.7,83.3
94,18,64,1,1,1,1,0,0,1,0,0,0,1,0,24.0219,8.610000,0.055400,8.670000,523502.5101,29.2900,1.0640,10.640,0.0000,1,279,5896,33.3,66.7,66.7,33.3
94,31,64,1,1,0,1,1,1,0,0,0,0,1,0,24.3846,8.740000,0.055400,8.790000,523502.5101,29.3300,1.0660,10.660,0.0000,1,279,5896,50.0,50.0,50.0,50.0
94,34,64,1,1,0,1,0,0,1,0,1,0,1,0,24.1893,8.670000,0.055400,8.730000,523502.5101,29.2200,1.0560,10.560,0.0800,1,279,5896,33.3,66.7,66.7,33.3
94,38,64,0,0,1,1,1,1,1,1,1,0,1,0,24.4125,8.750000,0.055400,8.800000,523502.5101,21.1200,1.0680,10.680,0.0200,1,279,5896,16.7,83.3,50.0,50.0
94,64,64,0,0,0,1,1,1,1,1,0,1,1,1,25.5285,9.150000,0.055400,9.200000,523502.5101,13.1000,1.0650,10.650,0.0000,1,279,5896,50.0,50.0,16.7,83.3
94,71,64,1,1,1,0,0,1,1,0,1,0,0,0,24.6636,8.840000,0.055400,8.890000,523502.5101,29.3900,1.0660,10.660,0.0000,1,279,5896,33.3,66.7,66.7,33.3
94,77,64,1,1,1,0,1,1,1,1,1,0,1,0,24.4683,8.770000,0.055400,8.820000,523502.5101,30.4100,1.0670,10.670,0.0200,1,279,5896,0.0,100.0,50.0,50.0
94,94,64,0,0,1,0,0,0,1,0,1,1,1,0,22.6548,8.120000,0.055400,8.170000,523502.5101,20.5500,1.0610,10.610,0.0700,1,279,5896,33.3,66.7,83.3,16.7
